_ID,_Gruppo,_DataOraIncidente,_Localizzazione1,_Localizzazione2,_Strada1,_DaSpecificare,_NaturaIncidente,_ParticolaritaStrade,_TipoStrada,_FondoStradale,_Pavimentazione,_Segnaletica,_CondizioneAtmosferica,_Traffico,_Visibilita,_Illuminazione,_NUM_FERITI,_NUM_RISERVATA,_NUM_MORTI,_NUM_ILLESI,_Longitudine,_Latitudine,_CONFERMATO,__prefix,_Strada02,_Strada2,_Chilometrica
2564887,19,2015-11-02T20:40:00,Strada Urbana,in prossimitíæ,VIA COGOLETO,,Tamponamento,Rettilineo,Una carreggiata a doppio senso,Asciutto,Asfaltata,Verticale ed orizzontale,Sereno,Scarso,Buona,Sufficiente,1,0,0,1,12.42319,41.92779,True,z,del civico n.,,97
2565950,18,2015-11-02T20:45:00,Strada Urbana,all'intersezione con,VIA DI BOCCEA,,Scontro frontale-laterale SX fra veicoli in marcia,Incrocio,Una carreggiata a doppio senso,Asciutto,Asfaltata,Verticale ed orizzontale,Sereno,Normale,Sufficiente,Sufficiente,1,0,0,1,,,False,z,VIA GREGORIO XI,VIA GREGORIO XI,
2564664,20,2015-11-02T20:50:00,Strada Urbana,all'intersezione con,VIA DEI GIUOCHI ISTMICI,,Scontro frontale-laterale SX fra veicoli in marcia,Incrocio,Una carreggiata a senso unico di marcia,Asciutto,Asfaltata,Verticale ed orizzontale,Sereno,Scarso,Buona,Sufficiente,0,0,0,2,12.46221,41.94401,True,z,VIA DEL GOLF,VIA DEL GOLF,
2564627,1,2015-11-02T22:00:00,Strada Urbana,all'intersezione con,VIA DI S. CROCE IN GERUSALEMME,,Scontro laterale fra veicoli in marcia,Intersezione stradale segnalata,Una carreggiata a doppio senso,Asciutto,Asfaltata,Verticale ed orizzontale,Sereno,Scarso,Buona,Sufficiente,0,0,0,2,12.51414,41.88915,True,z,VIA SEBASTIANO GRANDIS,VIA SEBASTIANO GRANDIS,
2564582,6,2015-11-02T22:20:00,Strada Urbana,in corrispondenza,VIA BELMONTE IN SABINA,,Scontro frontale-laterale DX fra veicoli in marcia,Rettilineo,Due carreggiate,Asciutto,Asfaltata,Verticale ed orizzontale,Sereno,Normale,Sufficiente,Sufficiente,0,0,0,3,,,False,z,del civico n.,,260
2564689,20,2015-11-02T22:45:00,Provinciale,in prossimitíæ,VIA TIBERINA,,Fuoriuscita dalla sede stradale,Curva a visuale libera,Una carreggiata a doppio senso,Asciutto,Asfaltata,Verticale ed orizzontale,Sereno,Scarso,Insufficiente,Inesistente,0,0,0,1,12.50211,42.01088,True,z,della chilometrica,,5.6
2564643,15,2015-11-03T00:00:00,Strada Urbana,da specificare,VIA ALBERESE,prossimitíæ cavalcavia Via Isacco Newton,Tamponamento,Rettilineo,Una carreggiata a senso unico alternato,Asciutto,Asfaltata,Verticale ed orizzontale,Sereno,Scarso,Buona,Sufficiente,2,0,0,1,12.44115,41.84823,False,z,,,
2564871,8,2015-11-03T00:10:00,Strada Urbana,all'intersezione con,VIA VILLABATE,,Scontro frontale-laterale DX fra veicoli in marcia,Incrocio,Una carreggiata a doppio senso,Asciutto,Asfaltata,Assente,Sereno,Scarso,Sufficiente,Sufficiente,0,1,0,2,12.65059,41.86871,True,z,VIA RAVANUSA,VIA RAVANUSA,
2564907,13,2015-11-03T00:40:00,,in prossimitíæ,VIA OSTIENSE,,Veicolo in marcia contro ostacolo fisso,,,,,,,,,,0,0,0,2,,,False,z,del civico n.,,2207
2567003,12,2015-11-03T04:30:00,Strada Urbana,da specificare,VIA PONTINA,altezza campo nomadi  dir.ne Pomezia ,Veicolo in marcia contro ostacolo accidentale,Rettilineo,Due carreggiate,Asciutto,Asfaltata,Verticale ed orizzontale,Sereno,Scarso,Buona,Inesistente,0,0,0,1,12.45106,41.79235,True,z,,,
2566181,11,2015-11-03T06:30:00,Strada Urbana,all'intersezione semaforizzata con,VIA OSTIENSE,,Scontro frontale-laterale DX fra veicoli in marcia,Intersezione semaforizzata,Una carreggiata a senso unico di marcia,Asciutto,Asfaltata,Verticale ed orizzontale,Sereno,Normale,Buona,Ore Diurne,3,1,0,0,12.4787,41.86292,True,z,VIA GIULIO ROCCO,VIA GIULIO ROCCO,
2567311,12,2015-11-03T06:40:00,Provinciale entro l'abitato,da specificare,VIA LAURENTINA,rotatoria via Castel di Leva (Dir. Centro),Scontro laterale fra veicoli in marcia,Rotatoria,Una carreggiata a senso unico di marcia,Asciutto,Asfaltata,Verticale ed orizzontale,Sereno,Normale,Buona,Ore Diurne,0,0,0,2,12.48185,41.7882,True,z,,,
2566754,4,2015-11-03T06:50:00,,in prossimitíæ,VIA SALARIA,,Infortunio per sola frenata improvvisa,,,,,,,,,,1,0,0,1,,,False,z,della chilometrica,,16.7
2566547,4,2015-11-03T06:50:00,,all'intersezione con,VIA MONTE BIANCO,,Scontro frontale-laterale DX fra veicoli in marcia,,,,,,,,,,0,0,0,2,,,False,z,VIA ANTELAO,VIA ANTELAO,
2564682,1,2015-11-03T07:34:00,Strada Urbana,all'intersezione con,VIA EMANUELE FILIBERTO,,Scontro frontale-laterale DX fra veicoli in marcia,Incrocio,Una carreggiata a doppio senso,Asciutto,Asfaltata,Verticale ed orizzontale,Sereno,Intenso,Buona,Ore Diurne,0,0,0,2,12.50779,41.88806,True,z,VIA DOMENICO FONTANA,VIA DOMENICO FONTANA,
2566215,8,2015-11-03T08:00:00,Strada Urbana,all'intersezione con,VIA AMARETTA,,Scontro frontale-laterale SX fra veicoli in marcia,Incrocio,Una carreggiata a senso unico di marcia,Asciutto,Asfaltata,Verticale ed orizzontale,Sereno,Normale,Buona,Ore Diurne,0,0,0,4,12.6486,41.86492,True,z,VIA ENRICO DELL'ACQUA,VIA ENRICO DELL'ACQUA,
2566190,8,2015-11-03T08:05:00,,in prossimitíæ,VIALE DEI ROMANISTI,,Veicolo in marcia contro ostacolo accidentale,,,,,,,,,,1,0,0,0,,,False,z,del civico n.,,110
2566664,3,2015-11-03T08:10:00,Strada Urbana,da specificare,VIALE DELL'UNIVERSITA',PROSSIMITA' V.LE R.ELENA DIR. TERMINI,Scontro laterale fra veicoli in marcia,Rettilineo,Una carreggiata a doppio senso,Asciutto,Asfaltata,Verticale ed orizzontale,Sereno,Intenso,Buona,Ore Diurne,0,0,0,3,12.51179,41.90433,True,z,,,
2564793,7,2015-11-03T08:20:00,Strada Urbana,all'intersezione con,VIALE ALESSANDRINO,,Scontro frontale-laterale DX fra veicoli in marcia,Incrocio,Una carreggiata a doppio senso,Asciutto,Asfaltata,Verticale ed orizzontale,Sereno,Normale,Buona,Ore Diurne,0,0,0,3,12.57783,41.87921,True,z,VIA DEGLI OLMI,VIA DEGLI OLMI,
2566184,7,2015-11-03T08:20:00,Strada Urbana,all'intersezione con,VIA MOLFETTA,,Scontro frontale-laterale DX fra veicoli in marcia,Incrocio,Una carreggiata a doppio senso,Asciutto,Asfaltata,Verticale ed orizzontale,Sereno,Normale,Buona,Ore Diurne,0,0,0,3,12.57748,41.89,True,z,VIA LOCOROTONDO,VIA LOCOROTONDO,
2564828,20,2015-11-03T08:30:00,Strada Urbana,all'intersezione semaforizzata con,VIA FLAMINIA NUOVA,,Scontro frontale-laterale DX fra veicoli in marcia,Intersezione semaforizzata,Due carreggiate,Asciutto,Asfaltata,Verticale ed orizzontale,Sereno,Intenso,Buona,Ore Diurne,1,0,0,2,,,False,z,VIA VALDAGNO,VIA VALDAGNO,
2564902,17,2015-11-03T08:30:00,Strada Urbana,all'intersezione semaforizzata con,VIALE GIULIO CESARE,,Investimento di pedone,Intersezione semaforizzata,Una carreggiata a doppio senso,Asciutto,Asfaltata,Verticale ed orizzontale,Sereno,Normale,Buona,Ore Diurne,1,0,0,2,12.46283,41.91073,False,z,VIA LEPANTO,VIA LEPANTO,
2566528,1,2015-11-03T08:30:00,Strada Urbana,in prossimitíæ,VIA DELLO STATUTO,,Scontro laterale fra veicoli in marcia,Rettilineo,Una carreggiata a doppio senso,Asciutto,Acciotolata,Verticale ed orizzontale,Sereno,Normale,Sufficiente,Ore Diurne,1,0,0,1,12.50167,41.89481,True,z,del civico n.,,26
2565231,19,2015-11-03T08:40:00,Strada Urbana,in prossimitíæ,VIA PIETRO MAFFI,,Investimento di pedone,Rettilineo,Una carreggiata a doppio senso,Asciutto,Asfaltata,Orizzontale,Sereno,Normale,Buona,Ore Diurne,1,0,0,2,12.41877,41.92459,True,z,del civico n.,,73
2566780,16,2015-11-03T08:45:00,Strada Urbana,in prossimitíæ,VIA LUIGI ZAMBARELLI,,Tamponamento Multiplo,Rettilineo,Una carreggiata a doppio senso,Asciutto,Asfaltata,Assente,Sereno,Normale,Buona,Ore Diurne,0,0,0,4,12.44644,41.87728,True,z,del civico n.,,36
2566503,1,2015-11-03T08:50:00,Strada Urbana,in prossimitíæ,VIA DI PORTA PINCIANA,,Veicolo in marcia contro ostacolo accidentale,Rettilineo,Una carreggiata a senso unico di marcia,Asciutto,Asfaltata,Verticale ed orizzontale,Sereno,Normale,Buona,Ore Diurne,0,0,0,1,12.48756,41.90861,True,z,del civico n.,,30
2564853,1,2015-11-03T08:50:00,Strada Urbana,all'intersezione semaforizzata con,VIA LEONIDA BISSOLATI,,Scontro laterale fra veicoli in marcia,Intersezione semaforizzata,Una carreggiata a doppio senso,Asciutto,Asfaltata,Verticale ed orizzontale,Sereno,Normale,Buona,Ore Diurne,1,0,0,1,12.49313,41.90504,True,z,LARGO DI S. SUSANNA,LARGO DI S. SUSANNA,
2566198,8,2015-11-03T09:05:00,Strada Urbana,da specificare,VIA DI PASSOLOMBARDO,pross. Via Guido Carli,Scontro laterale fra veicoli in marcia,Rettilineo,Una carreggiata a doppio senso,Asciutto,Asfaltata,Verticale ed orizzontale,Sereno,Normale,Buona,Ore Diurne,0,0,0,1,12.63024,41.84336,True,z,,,
2566230,8,2015-11-03T09:10:00,Strada Urbana,all'intersezione con,VIALE DEI ROMANISTI,,Scontro laterale fra veicoli in marcia,Intersezione semaforizzata,Due carreggiate,Asciutto,Asfaltata,Verticale ed orizzontale,Sereno,Normale,Buona,Ore Diurne,0,0,0,2,12.57754,41.86734,True,z,VIA PIETRO SOMMARIVA,VIA PIETRO SOMMARIVA,
2565941,15,2015-11-03T09:15:00,Strada Urbana,all'intersezione semaforizzata con,VIA POGGIO VERDE,,Veicolo in marcia contro ostacolo accidentale,Intersezione stradale segnalata,Due carreggiate,Asciutto,Asfaltata,Verticale ed orizzontale,Sereno,Normale,Buona,Ore Diurne,0,0,0,1,12.42,41.85693,True,z,VIA DELLA CASETTA MATTEI,VIA DELLA CASETTA MATTEI,
2566518,4,2015-11-03T09:20:00,Strada Urbana,all'intersezione con,VIALE LINA CAVALIERI,,Veicolo in marcia contro ostacolo accidentale,Intersezione semaforizzata,Due carreggiate,Asciutto,Asfaltata,Verticale ed orizzontale,Sereno,Normale,Sufficiente,Ore Diurne,0,0,0,1,12.51578,41.96518,True,z,VIA PIAN DI SCO,VIA PIAN DI SCO,
2566676,3,2015-11-03T09:20:00,Strada Urbana,da specificare,VIALE DELL'UNIVERSITA',prossimitíæ Viale R.Elena dir. Termini,Scontro laterale fra veicoli in marcia,Rettilineo,Una carreggiata a doppio senso,Asciutto,Asfaltata,Verticale ed orizzontale,Sereno,Intenso,Buona,Ore Diurne,0,0,0,2,12.51621,41.90614,True,z,,,
2565713,18,2015-11-03T09:45:00,Strada Urbana,in prossimitíæ,VIA GREGORIO XI,,Scontro laterale fra veicoli in marcia,Rettilineo,Due carreggiate,Asciutto,Asfaltata,Verticale ed orizzontale,Sereno,Normale,Buona,Ore Diurne,0,0,0,3,12.42692,41.90138,True,z,del civico n.,,201
2566356,12,2015-11-03T09:45:00,Strada Urbana,all'intersezione semaforizzata con,VIA CRISTOFORO COLOMBO,,Scontro laterale fra veicoli in marcia,Intersezione semaforizzata,Pií_ di due carreggiate,Asciutto,Asfaltata,Verticale ed orizzontale,Sereno,Normale,Buona,Ore Diurne,1,0,0,1,12.47451,41.83879,True,z,VIALE EUROPA,VIALE EUROPA,
2566735,2,2015-11-03T09:50:00,Strada Urbana,all'intersezione con,VIA SEBINO,,Scontro frontale-laterale SX fra veicoli in marcia,Intersezione stradale segnalata,Una carreggiata a senso unico di marcia,Bagnato (pioggia),Asfaltata,Verticale ed orizzontale,Nebbia,Normale,Buona,Ore Diurne,0,0,0,5,12.50605,41.92237,True,z,VIA TARO,VIA TARO,
2566309,13,2015-11-03T09:55:00,Strada Urbana,all'intersezione con,VIA TELEMACO SIGNORINI,,Tamponamento,Incrocio,Una carreggiata a doppio senso,Asciutto,Asfaltata,Verticale ed orizzontale,Sereno,Normale,Buona,Ore Diurne,0,0,0,2,12.35678,41.77568,True,z,VIA ORAZIO AMATO,VIA ORAZIO AMATO,
2565521,1,2015-11-03T10:00:00,Strada Urbana,in corrispondenza,PIAZZA DEI MERCANTI,,Veicolo in marcia contro veicolo in sosta,Rettilineo,Una carreggiata a senso unico di marcia,Asciutto,In cubetti di porfido,Assente,Sereno,Scarso,Buona,Ore Diurne,0,0,0,0,12.47686,41.88642,True,z,del civico n.,,22
2566210,8,2015-11-03T10:15:00,,da specificare,VIA DI TOR BELLA MONACA,pross. svincolo Torrenova dir. GRA,Veicolo in marcia contro ostacolo accidentale,,,,,,,,,,0,0,0,2,,,False,z,,,
2566281,13,2015-11-03T10:30:00,,da specificare,VIA LITORANEA,altezza Via Transatlantici,Tamponamento,,,,,,,,,,0,0,0,2,,,False,z,,,
2565248,19,2015-11-03T10:30:00,Strada Urbana,da specificare,VIA DELLA PINETA SACCHETTI,prossimitíæ via S. Cleto Papa,Tamponamento Multiplo,Rettilineo,Una carreggiata a senso unico di marcia,Asciutto,Asfaltata,Verticale ed orizzontale,Sereno,Normale,Buona,Ore Diurne,0,0,0,3,12.42419,41.92277,True,z,,,
2566182,11,2015-11-03T10:45:00,Strada Urbana,in corrispondenza,VIA PELLEGRINO MATTEUCCI,,Scontro laterale fra veicoli in marcia,Rettilineo,Una carreggiata a doppio senso,Asciutto,Asfaltata,Verticale ed orizzontale,Sereno,Normale,Buona,Ore Diurne,1,0,0,1,12.48073,41.87235,True,z,del civico n.,,11
2565165,20,2015-11-03T11:00:00,Strada Urbana,in corrispondenza,VIA DEI GIUOCHI ISTMICI,,Veicolo in marcia contro veicolo in sosta,Rettilineo,Una carreggiata a senso unico di marcia,Asciutto,Asfaltata,Verticale ed orizzontale,Sereno,Scarso,Buona,Ore Diurne,0,0,0,1,12.46228,41.94399,True,z,del civico n.,,25
2566157,9,2015-11-03T11:15:00,Strada Urbana,da specificare,PIAZZA LODI,fronte civ. 9,Scontro laterale fra veicoli in marcia,Rotatoria,Una carreggiata a senso unico di marcia,Asciutto,Asfaltata,Verticale ed orizzontale,Sereno,Normale,Buona,Ore Diurne,0,0,0,2,12.52119,41.88714,True,z,,,
2568326,23,2015-11-03T11:20:00,Strada Urbana,all'intersezione semaforizzata con,LUNGOTEVERE IN SASSIA,,Tamponamento,Incrocio,Una carreggiata a senso unico di marcia,Asciutto,Asfaltata,Verticale ed orizzontale,Sereno,Normale,Sufficiente,Ore Diurne,0,0,0,2,12.46312,41.90096,True,z,PIAZZA DELLA ROVERE,PIAZZA DELLA ROVERE,
2566687,3,2015-11-03T11:30:00,Strada Urbana,all'intersezione semaforizzata con,VIA RODOLFO LANCIANI,,Scontro laterale fra veicoli in marcia,Intersezione semaforizzata,Due carreggiate,Asciutto,Asfaltata,Verticale ed orizzontale,Sereno,Normale,Buona,Ore Diurne,0,0,0,2,12.5229,41.92124,True,z,PIAZZA GIOVANNI WINCKELMANN,PIAZZA GIOVANNI WINCKELMANN,
2570016,5,2015-11-03T11:30:00,Strada Urbana,in prossimitíæ,VIA TIBURTINA,,Veicolo in marcia contro ostacolo fisso,Rettilineo,Due carreggiate,Asciutto,Asfaltata,Verticale ed orizzontale,Sereno,Intenso,Buona,Ore Diurne,1,0,0,0,,,False,z,del civico n.,,350
2565286,9,2015-11-03T11:35:00,Strada Urbana,da specificare,VIA APPIA NUOVA,altezza via Torre del Fiscale,Tamponamento,Rettilineo,Due carreggiate,Asciutto,Asfaltata,Verticale ed orizzontale,Sereno,Normale,Buona,Ore Diurne,1,0,0,1,,,False,z,,,
2566221,8,2015-11-03T11:40:00,Strada Urbana,in prossimitíæ,VIA ROCCA FIORITA,,Scontro laterale fra veicoli in marcia,Rettilineo,Una carreggiata a senso unico di marcia,Asciutto,Asfaltata,Assente,Sereno,Scarso,Sufficiente,Ore Diurne,0,0,0,3,12.65147,41.87607,True,z,del civico n.,,158
2568518,12,2015-11-03T11:40:00,Strada Urbana,all'intersezione con,VIALE DELL'OCEANO ATLANTICO,,Scontro frontale-laterale DX fra veicoli in marcia,Intersezione stradale segnalata,Due carreggiate,Asciutto,Asfaltata,Verticale ed orizzontale,Sereno,Normale,Buona,Ore Diurne,0,0,0,3,12.47144,41.8202,True,z,VIA RHODESIA,VIA RHODESIA,
2565234,6,2015-11-03T12:00:00,Provinciale entro l'abitato,all'intersezione semaforizzata con,VIA PRENESTINA,,Scontro frontale-laterale SX fra veicoli in marcia,Intersezione semaforizzata,Pií_ di due carreggiate,Asciutto,Asfaltata,Verticale ed orizzontale,Sereno,Normale,Buona,Ore Diurne,0,0,0,2,12.56308,41.89502,True,z,VIA COLLATINA,VIA COLLATINA,
2565946,15,2015-11-03T12:00:00,Strada Urbana,da specificare,PIAZZA AUGUSTO RIGHI,fronte civ. 23,Scontro laterale fra veicoli in marcia,Rettilineo,Due carreggiate,Asciutto,Asfaltata,Verticale ed orizzontale,Sereno,Normale,Buona,Ore Diurne,0,0,0,2,12.47007,41.86179,True,z,,,
2565384,10,2015-11-03T12:10:00,Strada Urbana,da specificare,VIA ENRICO FERRI,prossimitíæ rotatoria E. Carnevale,Scontro laterale fra veicoli in marcia,Rettilineo,Una carreggiata a senso unico di marcia,Asciutto,Asfaltata,Orizzontale,Sereno,Normale,Buona,Ore Diurne,0,0,0,2,12.60324,41.85066,True,z,,,
2566287,11,2015-11-03T12:10:00,Strada Urbana,all'intersezione semaforizzata con,PIAZZA GIOVANNI DA VERRAZZANO,,Scontro laterale fra veicoli in marcia,Intersezione semaforizzata,Una carreggiata a doppio senso,Asciutto,Asfaltata,Verticale ed orizzontale,Sereno,Normale,Buona,Ore Diurne,0,0,0,2,12.489,41.86891,True,z,VIA DI S. GALLA,VIA DI S. GALLA,
2565917,2,2015-11-03T12:15:00,Strada Urbana,in prossimitíæ,VIA SALARIA,,Tamponamento,Rettilineo,Una carreggiata a doppio senso,Asciutto,Asfaltata,Verticale ed orizzontale,Sereno,Normale,Buona,Ore Diurne,1,0,0,2,12.49837,41.91951,True,z,del civico n.,,211-A
2570011,5,2015-11-03T12:25:00,Strada Urbana,in prossimitíæ,VIA PIER SILVERIO LEICHT,,Veicolo in marcia contro veicolo in sosta,Rettilineo,Una carreggiata a doppio senso,Asciutto,Asfaltata,Orizzontale,Sereno,Normale,Buona,Ore Diurne,0,0,0,3,12.58395,41.94857,True,z,del civico n.,,140
2566379,4,2015-11-03T12:30:00,,in prossimitíæ,VIA SUVERETO,,Scontro laterale fra veicoli in marcia,,,,,,,,,,0,0,0,2,,,False,z,del civico n.,,27
2565496,20,2015-11-03T13:00:00,Strada Urbana,da specificare,VIA FLAMINIA NUOVA,corsia laterale dir. centro altezza civ.229,Veicolo in marcia contro veicoli in sosta,Rettilineo,Due carreggiate,Asciutto,Asfaltata,Orizzontale,Sereno,Normale,Buona,Ore Diurne,0,0,0,2,,,False,z,,,
2566306,20,2015-11-03T13:25:00,Strada Urbana,in prossimitíæ,VIALE DI TOR DI QUINTO,,Veicolo in marcia contro ostacolo accidentale,Rettilineo,Una carreggiata a doppio senso,Asciutto,Asfaltata,Orizzontale,Sereno,Normale,Buona,Ore Diurne,0,0,0,2,12.47765,41.93782,True,z,del civico n.,,60
2566395,18,2015-11-03T13:35:00,Strada Urbana,all'intersezione con,VIA PIO IX,,Scontro laterale fra veicoli in marcia,Incrocio,Una carreggiata a senso unico di marcia,Asciutto,Asfaltata,Verticale ed orizzontale,Sereno,Normale,Buona,Ore Diurne,1,0,0,1,12.42377,41.90654,True,z,VIA MARTINO V,VIA MARTINO V,
2566367,18,2015-11-03T13:45:00,Statale,da specificare,VIA AURELIA,"Alt. Km. 8,550 direzione centro",Tamponamento Multiplo,Rettilineo,Due carreggiate,Asciutto,Asfaltata,Verticale ed orizzontale,Sereno,Intenso,Buona,Ore Diurne,1,0,0,2,12.38183,41.8845,False,z,,,
2565679,1,2015-11-03T13:50:00,Strada Urbana,all'intersezione con,VIA FILIPPO TURATI,,Scontro laterale fra veicoli in marcia,Incrocio,Una carreggiata a senso unico di marcia,Asciutto,Asfaltata,Verticale ed orizzontale,Sereno,Normale,Buona,Ore Diurne,0,0,0,1,12.50363,41.89773,True,z,VIA ALFREDO CAPPELLINI,VIA ALFREDO CAPPELLINI,
2565783,7,2015-11-03T14:10:00,Strada Urbana,in prossimitíæ,VIA DEI CASTANI,,Investimento di pedone,Curva a visuale libera,Una carreggiata a doppio senso,Asciutto,Asfaltata,Orizzontale,Sereno,Normale,Buona,Ore Diurne,1,0,0,1,12.56682,41.88407,True,z,del civico n.,,169-A
2566531,17,2015-11-03T14:20:00,Strada Urbana,in corrispondenza,VIA CRESCENZIO,,Scontro laterale fra veicoli in marcia,Rettilineo,Una carreggiata a doppio senso,Asciutto,In cubetti di porfido,Verticale ed orizzontale,Sereno,Normale,Buona,Ore Diurne,0,0,0,2,12.46842,41.90538,True,z,del civico n.,,91
2565586,10,2015-11-03T14:55:00,Strada Urbana,in prossimitíæ,VIA DEL FOSSO DI S. ANDREA,,Scontro laterale fra veicoli in marcia,Rettilineo,Una carreggiata a doppio senso,Asciutto,Asfaltata,Assente,Sereno,Scarso,Buona,Ore Diurne,0,0,0,3,12.63489,41.8094,True,z,del civico n.,,46
2566509,2,2015-11-03T15:00:00,Strada Urbana,in prossimitíæ,VIALE MARESCIALLO PILSUDSKI,,Veicolo in marcia contro ostacolo fisso,Rettilineo,Una carreggiata a doppio senso,Asciutto,Asfaltata,Verticale ed orizzontale,Sereno,Normale,Buona,Ore Diurne,0,0,0,1,12.47944,41.92851,True,z,del civico n.,,25
2566195,8,2015-11-03T15:00:00,,in corrispondenza,VIA CASILINA,,Tamponamento,,,,,,,,,,0,0,0,1,,,False,z,del civico n.,,1790
2570030,5,2015-11-03T15:30:00,Strada Urbana,all'intersezione con,VIA DEL CASALE DI S. BASILIO,,Scontro frontale-laterale DX fra veicoli in marcia,Incrocio,Una carreggiata a doppio senso,Asciutto,Asfaltata,Orizzontale,Sereno,Normale,Buona,Ore Diurne,0,0,0,2,12.57854,41.93845,True,z,VIA FILOTTRANO,VIA FILOTTRANO,
2566822,1,2015-11-03T15:30:00,Strada Urbana,all'intersezione con,VIA MARSALA,,Scontro laterale fra veicoli in marcia,Incrocio,Una carreggiata a doppio senso,Asciutto,Asfaltata,Verticale ed orizzontale,Sereno,Intenso,Buona,Ore Diurne,0,0,0,3,12.50464,41.90092,True,z, Sottovia Cappellini, Sottovia Cappellini,
2566248,8,2015-11-03T15:50:00,,in prossimitíæ,VIALE DEI ROMANISTI,,Veicolo in marcia contro ostacolo accidentale,,,,,,,,,,0,0,0,1,,,False,z,del civico n.,,217
2566294,11,2015-11-03T16:00:00,Strada Urbana,all'intersezione semaforizzata con,VIA CRISTOFORO COLOMBO,,Scontro frontale-laterale SX fra veicoli in marcia,Intersezione semaforizzata,Pií_ di due carreggiate,Asciutto,Asfaltata,Verticale ed orizzontale,Sereno,Intenso,Buona,Ore Diurne,1,0,0,1,12.49616,41.85892,True,z,VIA GIOVANNI GENOCCHI,VIA GIOVANNI GENOCCHI,
2565755,12,2015-11-03T16:10:00,Strada Urbana,da specificare,VIA DEL FOSSO DEL TORRINO,fronte civico 10,Veicolo in marcia contro veicoli in arresto,Rettilineo,Una carreggiata a doppio senso,Asciutto,Asfaltata,Verticale ed orizzontale,Sereno,Normale,Buona,Ore Diurne,0,0,0,2,12.43315,41.81665,True,z,,,
2566885,12,2015-11-03T16:15:00,Strada Urbana,da specificare,PIAZZA GUGLIELMO MARCONI,direzione GRA,Scontro laterale fra veicoli in marcia,Rotatoria,Due carreggiate,Asciutto,Asfaltata,Verticale ed orizzontale,Sereno,Normale,Buona,Ore Diurne,0,0,0,3,12.46946,41.83398,True,z,,,
2570039,5,2015-11-03T16:20:00,Strada Urbana,in corrispondenza,VIA IGNAZIO PETTINENGO,,Veicolo in marcia contro veicolo in sosta,Rettilineo,Una carreggiata a senso unico di marcia,Asciutto,Asfaltata,Verticale ed orizzontale,Sereno,Scarso,Buona,Ore Diurne,0,0,0,1,12.53881,41.90031,True,z,del civico n.,,80
2566343,20,2015-11-03T16:40:00,Statale entro l'abitato,in corrispondenza,VIA CASSIA,,Scontro frontale-laterale DX fra veicoli in marcia,Rettilineo,Una carreggiata a doppio senso,Asciutto,Asfaltata,Orizzontale,Sereno,Intenso,Buona,Ore Diurne,0,0,0,5,12.44274,41.96561,True,z,del civico n.,,750
2566312,11,2015-11-03T16:50:00,Strada Urbana,da specificare,VIA ALESSIO BALDOVINETTI,altezza fronte  civico 12,Scontro laterale fra veicoli in marcia,Rettilineo,Una carreggiata a doppio senso,Asciutto,Asfaltata,Verticale ed orizzontale,Sereno,Normale,Sufficiente,Sufficiente,0,0,0,5,12.49476,41.83297,True,z,,,
2565861,17,2015-11-03T17:05:00,Strada Urbana,in corrispondenza,VIA GIOVANNI VITELLESCHI,,Scontro laterale fra veicoli in marcia,Rettilineo,Una carreggiata a senso unico di marcia,Asciutto,Asfaltata,Verticale ed orizzontale,Sereno,Normale,Buona,Ore Diurne,0,0,0,3,12.4626,41.90429,True,z,del civico n.,,11-Sep
2566545,1,2015-11-03T17:20:00,Strada Urbana,in prossimitíæ,VIA DEL PLEBISCITO,,Investimento di pedone,Rettilineo,Due carreggiate,Asciutto,Asfaltata,Verticale ed orizzontale,Nuvoloso,Intenso,Buona,Ore Diurne,1,0,0,0,12.48171,41.89666,True,z,del civico n.,,117
2565871,10,2015-11-03T17:30:00,Strada Urbana,in prossimitíæ,VIA MARCO VALERIO CORVO,,Veicolo in marcia contro ostacolo accidentale,Rettilineo,Una carreggiata a senso unico di marcia,Asciutto,Asfaltata,Verticale ed orizzontale,Sereno,Normale,Sufficiente,Sufficiente,0,0,0,1,12.56023,41.85646,True,z,del civico n.,,130
2566253,8,2015-11-03T17:50:00,Strada Urbana,in corrispondenza,VIA DI TORRENOVA,,Veicolo in marcia contro veicolo in sosta,Rettilineo,Una carreggiata a doppio senso,Asciutto,Asfaltata,Verticale ed orizzontale,Sereno,Normale,Sufficiente,Sufficiente,0,0,0,1,12.61843,41.87229,True,z,del civico n.,,132
2566149,15,2015-11-03T18:05:00,Strada Urbana,in prossimitíæ,VIA PORTUENSE,,Scontro laterale fra veicoli in marcia,Curva a visuale libera,Due carreggiate,Asciutto,Asfaltata,Orizzontale,Sereno,Normale,Sufficiente,Sufficiente,0,0,0,4,12.43556,41.85242,True,z,del civico n.,,700