_ID,_Gruppo,_DataOraIncidente,_Localizzazione1,_Localizzazione2,_Strada1,_DaSpecificare,_NaturaIncidente,_ParticolaritaStrade,_TipoStrada,_FondoStradale,_Pavimentazione,_Segnaletica,_CondizioneAtmosferica,_Traffico,_Visibilita,_Illuminazione,_NUM_FERITI,_NUM_RISERVATA,_NUM_MORTI,_NUM_ILLESI,_Longitudine,_Latitudine,_CONFERMATO,__prefix,_Strada02,_Strada2,_Chilometrica
2566240,8,2015-11-03T18:10:00,,in prossimitíæ,VIA ROCCALUMERA,,Veicolo in marcia contro ostacolo accidentale,,,,,,,,,,0,0,0,1,,,False,z,del civico n.,,22
2566394,20,2015-11-03T18:20:00,Strada Urbana,da specificare,VIA DEL FORO ITALICO,rampa per viale di Tor di Quinto direzione centro,Scontro laterale fra veicoli in marcia,Rettilineo,Due carreggiate,Asciutto,Asfaltata,Orizzontale,Sereno,Normale,Buona,Sufficiente,0,0,0,4,12.48104,41.94025,True,z,,,
2570051,5,2015-11-03T18:20:00,Strada Urbana,all'intersezione semaforizzata con,VIALE CARMELO BENE,,Scontro laterale fra veicoli in marcia,Intersezione semaforizzata,Due carreggiate,Asciutto,Asfaltata,Verticale ed orizzontale,Sereno,Normale,Sufficiente,Sufficiente,0,0,0,3,12.53686,41.97211,True,z,VIA MARIO SOLDATI,VIA MARIO SOLDATI,
2566327,7,2015-11-03T18:30:00,Strada Urbana,in prossimitíæ,VIALE DELLA PRIMAVERA,,Scontro laterale fra veicoli in marcia,Rettilineo,Due carreggiate,Asciutto,Asfaltata,Orizzontale,Sereno,Normale,Buona,Ore Diurne,0,0,0,5,12.56113,41.88763,True,z,del civico n.,,16-c
2566272,19,2015-11-03T18:50:00,Strada Urbana,in corrispondenza,VIALE CORTINA D'AMPEZZO,,Veicolo in marcia contro ostacolo fisso,Rettilineo,Una carreggiata a doppio senso,Asciutto,Asfaltata,Verticale ed orizzontale,Nuvoloso,Normale,Sufficiente,Sufficiente,1,0,0,0,12.43576,41.94219,True,z,del civico n.,,379
2566792,1,2015-11-03T18:50:00,Strada Urbana,in prossimitíæ,VIA LEONIDA BISSOLATI,,Veicolo in marcia contro ostacolo accidentale,Rettilineo,Una carreggiata a doppio senso,Asciutto,Asfaltata,Verticale ed orizzontale,Sereno,Normale,Buona,Sufficiente,0,0,0,1,12.4931,41.90519,True,z,del civico n.,,57
2565930,6,2015-11-03T18:55:00,Strada Urbana,da specificare,VIA CASILINA,altezza Via Avellino,Tamponamento,Rettilineo,Una carreggiata a senso unico di marcia,Asciutto,Asfaltata,Orizzontale,Sereno,Normale,Insufficiente,Insufficiente,1,0,0,2,12.52583,41.88735,True,z,,,
2566174,8,2015-11-03T19:00:00,Provinciale entro l'abitato,da specificare,VIA COLLATINA,dir fuori RM 300m prima di via Rosatelli,Scontro laterale fra veicoli in marcia,Rettilineo,Una carreggiata a doppio senso,Asciutto,Asfaltata,Verticale ed orizzontale,Sereno,Normale,Insufficiente,Inesistente,0,0,1,1,,,False,z,,,
2566267,10,2015-11-03T19:20:00,,in corrispondenza,VIA SINOPOLI,,Veicolo in marcia contro ostacolo fisso,,,,,,,,,,0,0,0,0,12.55746,41.83805,False,z,del civico n.,,80
2566602,2,2015-11-03T19:20:00,Strada Urbana,da specificare,VIA DEI CAMPI SPORTIVI,alt. p.le Acqua Acetosa,Scontro frontale-laterale SX fra veicoli in marcia,Rettilineo,Una carreggiata a doppio senso,Asciutto,Asfaltata,Verticale ed orizzontale,Sereno,Normale,Buona,Sufficiente,0,0,0,2,12.48709,41.93229,True,z,,,
2566487,7,2015-11-03T19:25:00,Strada Urbana,da specificare,VIALE PALMIRO TOGLIATTI,altezza palo luce 156- prossimitíæ via Casilina,Scontro laterale fra veicoli in marcia,Rettilineo,Due carreggiate,Asciutto,Asfaltata,Verticale ed orizzontale,Sereno,Normale,Buona,Sufficiente,0,0,0,4,12.56981,41.8736,True,z,,,
2566465,4,2015-11-03T19:50:00,Strada Urbana,da specificare,VIALE KANT,PROSSIMITA' VIA NOMENTANA,Tamponamento,Rettilineo,Due carreggiate,Asciutto,Asfaltata,Verticale ed orizzontale,Sereno,Normale,Buona,Sufficiente,0,0,0,2,12.55345,41.93655,True,z,,,
2566748,1,2015-11-03T20:00:00,Strada Urbana,in prossimitíæ,VIA DELL'AMBA ARADAM,,Scontro laterale fra veicoli in marcia,Rettilineo,Una carreggiata a doppio senso,Asciutto,Asfaltata,Verticale ed orizzontale,Sereno,Intenso,Buona,Sufficiente,0,0,0,2,12.50247,41.88534,True,z,del civico n.,,1
2570046,5,2015-11-03T20:20:00,Strada Urbana,in prossimitíæ,VIA TIBURTINA,,Investimento di pedone,Rettilineo,Due carreggiate,Asciutto,Asfaltata,Temporanea di cantiere,Sereno,Normale,Sufficiente,Sufficiente,2,0,0,0,12.57147,41.92445,True,z,del civico n.,,932
2566364,6,2015-11-03T20:30:00,Strada Urbana,in corrispondenza,VIA FORTEBRACCIO,,Veicolo in marcia contro veicolo in sosta,Rettilineo,Una carreggiata a senso unico di marcia,Asciutto,Asfaltata,Assente,Sereno,Scarso,Sufficiente,Sufficiente,0,0,0,1,12.52995,41.88981,True,z,del civico n.,,56-58
2567034,12,2015-11-03T20:40:00,Strada Urbana,all'intersezione con,VIA DEL FOSSO DEL TORRINO,,Scontro laterale fra veicoli in marcia,Incrocio,Una carreggiata a doppio senso,Asciutto,Asfaltata,Verticale ed orizzontale,Sereno,Scarso,Buona,Sufficiente,0,0,0,2,12.43413,41.81265,True,z,VIA CINA,VIA CINA,
2566354,11,2015-11-03T21:00:00,Strada Urbana,all'intersezione con,VIA DELLE SETTE CHIESE,,Scontro frontale-laterale SX fra veicoli in marcia,Intersezione stradale segnalata,Una carreggiata a doppio senso,Bagnato (umiditíæ in atto),Strada pavimentata dissestata,Verticale ed orizzontale,Sereno,Scarso,Buona,Sufficiente,0,0,0,2,12.4885,41.86066,True,z,VIA ARDEATINA,VIA ARDEATINA,
2566160,9,2015-11-03T21:10:00,Strada Urbana,all'intersezione semaforizzata con,VIA DELL'ARCO DI TRAVERTINO,,Scontro laterale fra veicoli in marcia,Intersezione semaforizzata,Due carreggiate,Asciutto,Asfaltata,Verticale ed orizzontale,Sereno,Normale,Sufficiente,Sufficiente,0,0,0,6,12.53788,41.86906,True,z,VIA TUSCOLANA,VIA TUSCOLANA,
2566383,18,2015-11-03T22:45:00,Strada Urbana,da specificare,VIA NICOLA COVIELLO,fronte civico 32,Veicolo in marcia contro veicolo in sosta,Curva senza visuale libera,Una carreggiata a senso unico di marcia,Asciutto,Asfaltata,Verticale,Sereno,Scarso,Sufficiente,Sufficiente,0,0,0,0,12.41196,41.89151,False,z,,,
2566194,15,2015-11-03T22:50:00,Strada Urbana,all'intersezione con,VIA DELLE VIGNE,,Scontro frontale-laterale SX fra veicoli in marcia,Intersezione stradale segnalata,Una carreggiata a doppio senso,Asciutto,Asfaltata,Verticale ed orizzontale,Sereno,Normale,Sufficiente,Sufficiente,0,0,0,3,12.42195,41.84034,True,z,VIA ADEODATO RESSI,VIA ADEODATO RESSI,
2570057,5,2015-11-03T23:35:00,Strada Urbana,all'intersezione con,VIA CARTESIO,,Veicolo in marcia contro ostacolo accidentale,Incrocio,Una carreggiata a doppio senso,Asciutto,Asfaltata,Verticale,Sereno,Scarso,Buona,Sufficiente,0,0,0,1,12.5612,41.94077,True,z,LARGO BACONE,LARGO BACONE,
2567919,17,2015-11-04T00:00:00,Strada Urbana,in prossimitíæ,VIA VARRONE,,Veicolo in marcia contro veicolo in sosta,Rettilineo,Una carreggiata a senso unico di marcia,Asciutto,Asfaltata,Verticale ed orizzontale,Sereno,Normale,Buona,Ore Diurne,0,0,0,1,12.46029,41.9067,True,z,del civico n.,,7
2566259,8,2015-11-04T00:40:00,Strada Urbana,da specificare,VIA CASILINA,tratto Policlinico Casilino-Caserma,Scontro laterale fra veicoli in marcia,Rettilineo,Una carreggiata a doppio senso,Asciutto,Asfaltata,Verticale ed orizzontale,Sereno,Scarso,Buona,Sufficiente,0,0,0,3,12.60933,41.86405,False,z,,,
2566703,3,2015-11-04T01:20:00,Strada Urbana,da specificare,VIALE REGINA MARGHERITA,F.C.233,Veicolo in marcia contro ostacolo fisso,Rettilineo,Pií_ di due carreggiate,Asciutto,Asfaltata,Verticale ed orizzontale,Sereno,Scarso,Sufficiente,Sufficiente,0,0,0,2,12.50648,41.91299,True,z,,,
2566758,3,2015-11-04T02:00:00,Strada Urbana,in prossimitíæ,VIALE DEL POLICLINICO,,Veicolo in marcia contro ostacolo fisso,Rettilineo,Due carreggiate,Asciutto,Asfaltata,Verticale ed orizzontale,Sereno,Scarso,Sufficiente,Sufficiente,0,0,0,1,12.50347,41.90835,True,z,del civico n.,,2
2566580,4,2015-11-04T03:45:00,,da specificare,VIA SALARIA,IN PROSSIMITA CAVALCAVIA MOTORIZZAZIONE,Ribaltamento senza urto contro ostacolo fisso,,,,,,,,,,1,0,0,0,,,False,z,,,
2566835,1,2015-11-04T04:00:00,Strada Urbana,in prossimitíæ,LUNGOTEVERE RAFFAELLO SANZIO,,Veicolo in marcia contro ostacolo accidentale,Curva a visuale libera,Una carreggiata a senso unico di marcia,Asciutto,Asfaltata,Verticale ed orizzontale,Sereno,Scarso,Sufficiente,Sufficiente,1,0,0,0,12.47184,41.89085,True,z,del civico n.,,9
2568130,18,2015-11-04T06:10:00,Strada Urbana,all'intersezione semaforizzata con,VIA DELLA PINETA SACCHETTI,,Scontro frontale-laterale SX fra veicoli in marcia,Intersezione semaforizzata,Una carreggiata a doppio senso,Asciutto,Asfaltata,Verticale ed orizzontale,Sereno,Scarso,Buona,Ore Diurne,1,0,0,1,12.42339,41.91238,True,z,VIA GIOACCHINO VENTURA,VIA GIOACCHINO VENTURA,
2566350,11,2015-11-04T06:15:00,Strada Urbana,in prossimitíæ,PIAZZA DEI NAVIGATORI,,Veicolo in marcia contro veicolo in sosta,Rettilineo,Due carreggiate,Asciutto,Asfaltata,Verticale ed orizzontale,Nuvoloso,Normale,Buona,Sufficiente,0,0,0,1,12.49914,41.85979,True,z,del civico n.,,46
2566393,10,2015-11-04T06:45:00,Strada Urbana,all'intersezione semaforizzata con,VIA DI PASSOLOMBARDO,,Scontro frontale-laterale SX fra veicoli in marcia,Intersezione semaforizzata,Una carreggiata a doppio senso,Asciutto,Asfaltata,Verticale ed orizzontale,Nuvoloso,Normale,Buona,Ore Diurne,2,0,0,0,12.63221,41.83853,False,z,VIALE JEAN PAUL SARTRE,VIALE JEAN PAUL SARTRE,
2566420,15,2015-11-04T07:50:00,Strada Urbana,da specificare,VIA GUARENE,prossimitíæ  palo luce acea n. 6,Veicolo in marcia contro ostacolo accidentale,Rettilineo,Una carreggiata a doppio senso,Asciutto,Con buche,Assente,Sereno,Scarso,Buona,Ore Diurne,0,0,0,1,12.31743,41.81682,True,z,,,
2568111,4,2015-11-04T08:00:00,,all'intersezione con,VIA NOMENTANA,,Scontro laterale fra veicoli in marcia,,,,,,,,,,0,0,0,3,12.55238,41.94111,False,z,VIA GIACOMO ANTONIO CORTUSO,VIA GIACOMO ANTONIO CORTUSO,
2567864,4,2015-11-04T08:15:00,Strada Urbana,in prossimitíæ,LARGO VALTOURNANCHE,,Tamponamento,Rettilineo,Una carreggiata a senso unico di marcia,Asciutto,Asfaltata,Verticale ed orizzontale,Nuvoloso,Normale,Buona,Ore Diurne,0,0,0,2,12.51624,41.94523,True,z,del civico n.,,16
2566447,6,2015-11-04T08:40:00,Strada Urbana,da specificare,VIA PRENESTINA,fronte civico 77,Scontro laterale fra veicoli in marcia,Rettilineo,Pií_ di due carreggiate,Asciutto,Asfaltata,Verticale ed orizzontale,Sereno,Normale,Buona,Ore Diurne,1,0,0,1,12.53028,41.89187,True,z,,,
2568059,16,2015-11-04T08:40:00,Strada Urbana,da specificare,VIA LEONE XIII,in prossimitíæ del front palo Acea 7,Scontro laterale fra veicoli in marcia,Rettilineo,Due carreggiate,Asciutto,Asfaltata,Orizzontale,Sereno,Normale,Buona,Ore Diurne,1,0,0,1,12.44038,41.88562,False,z,,,
2567776,8,2015-11-04T08:40:00,,da specificare,VIA DI LUNGHEZZINA,in prox. viadotto A24 dir.ne Lunghezza,Veicolo in marcia contro ostacolo accidentale,,,,,,,,,,0,0,0,1,,,False,z,,,
2566392,7,2015-11-04T08:40:00,Strada Urbana,all'intersezione con,VIA DEI CICLAMINI,,Scontro frontale-laterale SX fra veicoli in marcia,Incrocio,Due carreggiate,Asciutto,Asfaltata,Verticale ed orizzontale,Nuvoloso,Normale,Buona,Ore Diurne,0,0,0,2,12.56573,41.89282,True,z,VIA FILIPPO ARENA,VIA FILIPPO ARENA,
2567769,5,2015-11-04T08:45:00,Strada Urbana,all'intersezione con,VIA TIBURTINA,,Scontro frontale-laterale DX fra veicoli in marcia,Incrocio,Due carreggiate,Asciutto,Asfaltata,Verticale ed orizzontale,Sereno,Intenso,Buona,Ore Diurne,0,0,0,3,12.53646,41.90846,True,z,VIA DELLE CAVE DI PIETRALATA,VIA DELLE CAVE DI PIETRALATA,
2566562,15,2015-11-04T08:45:00,Strada Urbana,in corrispondenza,VIA GEROLAMO CARDANO,,Veicolo in marcia contro veicolo in sosta,Rettilineo,Una carreggiata a doppio senso,Asciutto,Asfaltata,Assente,Sereno,Normale,Buona,Ore Diurne,0,0,0,1,12.46542,41.86266,True,z,del civico n.,,136
2567774,8,2015-11-04T09:00:00,,all'intersezione con,VIA GIOVANNA MARMOCHINI CORTESI,,Veicolo in marcia contro ostacolo accidentale,,,,,,,,,,0,0,0,1,,,False,z,VIA GIOVANNI BATTISTA CIGOLA,VIA GIOVANNI BATTISTA CIGOLA,
2567965,4,2015-11-04T09:20:00,Strada Urbana,all'intersezione con,VIA NOMENTANA NUOVA,,Infortunio per sola frenata improvvisa,Incrocio,Una carreggiata a doppio senso,Asciutto,Asfaltata,Verticale ed orizzontale,Sereno,Normale,Buona,Ore Diurne,0,0,0,2,12.53074,41.93402,True,z,VIA VAL D'OSSOLA,VIA VAL D'OSSOLA,
2568169,2,2015-11-04T09:40:00,Strada Urbana,in prossimitíæ,CORSO TRIESTE,,Tamponamento Multiplo,Rettilineo,Due carreggiate,Asciutto,Asfaltata,Verticale ed orizzontale,Sereno,Intenso,Buona,Ore Diurne,1,0,0,2,12.5133,41.92351,True,z,del civico n.,,157
2568149,4,2015-11-04T09:40:00,Strada Urbana,in prossimitíæ,PIAZZA CAPRI,,Scontro laterale fra veicoli in marcia,Rettilineo,Due carreggiate,Asciutto,Asfaltata,Verticale ed orizzontale,Sereno,Normale,Buona,Ore Diurne,0,0,0,2,12.62965,41.80602,True,z,del civico n.,,33
2567386,9,2015-11-04T09:45:00,,all'intersezione con,VIA GALLIA,,Scontro frontale fra veicoli in marcia,,,,,,,,,,0,0,0,0,12.50444,41.88098,False,z,VIA APULIA,VIA APULIA,
2566619,9,2015-11-04T09:45:00,Strada Urbana,all'intersezione con,VIA GALLIA,,Veicolo in marcia contro ostacolo accidentale,Incrocio,Una carreggiata a doppio senso,Asciutto,Asfaltata,Verticale ed orizzontale,Sereno,Intenso,Buona,Ore Diurne,0,0,0,2,12.50443,41.88097,True,z,VIA APULIA,VIA APULIA,
2567783,4,2015-11-04T10:00:00,Strada Urbana,in corrispondenza,VIA SAVOIA,,Veicolo in marcia contro veicolo in sosta,Curva a visuale libera,Una carreggiata a senso unico di marcia,Asciutto,Acciotolata,Verticale ed orizzontale,Sereno,Scarso,Buona,Ore Diurne,0,0,0,2,12.49637,41.90278,True,z,del civico n.,,84-G
2567050,6,2015-11-04T10:00:00,Strada Urbana,in corrispondenza,VIA ARIANO IRPINO,,Veicolo in marcia contro veicolo in sosta,Rettilineo,Una carreggiata a senso unico di marcia,Asciutto,Asfaltata,Verticale ed orizzontale,Sereno,Normale,Buona,Ore Diurne,0,0,0,1,12.54328,41.89209,True,z,del civico n.,,41
2566911,1,2015-11-04T10:15:00,Strada Urbana,in corrispondenza,VIA VENTI SETTEMBRE,,Veicolo in marcia contro veicolo in sosta,Rettilineo,Una carreggiata a senso unico di marcia,Asciutto,Asfaltata,Verticale ed orizzontale,Sereno,Normale,Buona,Ore Diurne,0,0,0,1,,,False,z,del civico n.,,26-B
2567975,23,2015-11-04T10:25:00,Strada Urbana,in corrispondenza,VIA CRISTOFORO COLOMBO,,Tamponamento,Rettilineo,Una carreggiata a senso unico di marcia,Asciutto,Asfaltata,Verticale ed orizzontale,Sereno,Scarso,Buona,Ore Diurne,0,0,0,2,12.44211,41.80113,True,z,del civico n.,,1891
2566671,11,2015-11-04T10:40:00,Strada Urbana,in prossimitíæ,VIA LAURENTINA,,Scontro laterale fra veicoli in marcia,Rettilineo,Due carreggiate,Asciutto,Asfaltata,Verticale ed orizzontale,Sereno,Normale,Buona,Ore Diurne,0,0,0,3,12.48071,41.83353,True,z,del civico n.,,440
2567245,18,2015-11-04T10:50:00,Strada Urbana,in corrispondenza,VIA BALDO DEGLI UBALDI,,Veicolo in marcia contro ostacolo accidentale,Rettilineo,Due carreggiate,Asciutto,Asfaltata,Verticale ed orizzontale,Sereno,Normale,Buona,Ore Diurne,0,0,0,1,12.43339,41.89903,True,z,del civico n.,,91
2572892,18,2015-11-04T11:00:00,Strada Urbana,in prossimitíæ,VIA GREGORIO VII,,Veicolo in marcia contro ostacolo fisso,Rettilineo,Pií_ di due carreggiate,Asciutto,Asfaltata,Verticale ed orizzontale,Sereno,Normale,Buona,Ore Diurne,0,0,0,1,12.4316,41.89453,True,z,del civico n.,,492
2567134,12,2015-11-04T11:00:00,Strada Urbana,in prossimitíæ,VIA DEI CORAZZIERI,,Veicolo in marcia contro veicolo fermo,Pendenza,Una carreggiata a doppio senso,Asciutto,Asfaltata,Verticale ed orizzontale,Sereno,Normale,Buona,Ore Diurne,0,0,0,2,12.48342,41.82379,True,z,del civico n.,,96
2566726,10,2015-11-04T11:05:00,Strada Urbana,da specificare,VIA DI PASSOLOMBARDO,ingresso Autostrada Roma-Napoli,Scontro frontale-laterale DX fra veicoli in marcia,Curva a visuale libera,Una carreggiata a doppio senso,Asciutto,Asfaltata,Verticale ed orizzontale,Nuvoloso,Normale,Buona,Ore Diurne,0,0,0,2,12.62927,41.84867,True,z,,,
2568387,12,2015-11-04T11:45:00,Strada Urbana,da specificare,VIALE CAMILLO SABATINI,pross. ASL RMC,Tamponamento,Rettilineo,Due carreggiate,Asciutto,Asfaltata,Verticale ed orizzontale,Nuvoloso,Normale,Buona,Ore Diurne,0,0,0,2,12.44093,41.81891,True,z,,,
2566900,15,2015-11-04T12:15:00,Strada Urbana,in prossimitíæ,VIA PORTUENSE,,Veicolo in marcia contro veicoli in sosta,Rettilineo,Una carreggiata a doppio senso,Asciutto,Asfaltata,Orizzontale,Nuvoloso,Normale,Buona,Ore Diurne,0,0,0,1,12.43205,41.8515,True,z,del civico n.,,731-A
2566913,10,2015-11-04T12:20:00,Statale entro l'abitato,all'intersezione con,VIA APPIA NUOVA,,Scontro frontale-laterale SX fra veicoli in marcia,Incrocio,Due carreggiate,Asciutto,Asfaltata,Orizzontale,Sereno,Scarso,Buona,Ore Diurne,0,0,0,2,12.57321,41.81213,True,z,VIA GIOVANNI CIAMPINI,VIA GIOVANNI CIAMPINI,
2569121,15,2015-11-04T12:30:00,Strada Urbana,in corrispondenza,VIA DELLA CASETTA MATTEI,,Scontro laterale fra veicoli in marcia,Rettilineo,Una carreggiata a doppio senso,Asciutto,Asfaltata,Orizzontale,Sereno,Normale,Buona,Ore Diurne,1,0,0,1,12.42009,41.85588,False,z,del civico n.,,147-D
2567777,8,2015-11-04T12:30:00,,da specificare,VIA DELLA TENUTA DEL CAVALIERE,30 mt prima ponte Aniene dir.ne Tiburtina,Veicolo in marcia contro ostacolo accidentale,,,,,,,,,,0,0,0,1,,,False,z,,,
2567569,19,2015-11-04T12:30:00,Strada Urbana,in prossimitíæ,VIA VALLOMBROSA,,Veicolo in marcia contro veicolo in sosta,Rettilineo,Una carreggiata a senso unico di marcia,Asciutto,Asfaltata,Assente,Sereno,Scarso,Buona,Ore Diurne,0,0,0,1,12.44486,41.95178,True,z,del civico n.,,18
2567490,3,2015-11-04T13:20:00,Strada Urbana,in prossimitíæ,VIA ANTONIO SCARPA,,Scontro laterale fra veicoli in marcia,Rettilineo,Una carreggiata a doppio senso,Asciutto,Asfaltata,Verticale,Sereno,Normale,Buona,Ore Diurne,0,0,0,2,12.51948,41.90782,True,z,del civico n.,,1
2567800,5,2015-11-04T13:30:00,,all'intersezione con,VIALE RATTO DELLE SABINE,,Tamponamento,,,,,,,,,,1,0,0,0,,,False,z,VIA POPPEA SABINA,VIA POPPEA SABINA,
2568614,1,2015-11-04T13:40:00,Strada Urbana,all'intersezione semaforizzata con,VIALE MARCO POLO,,Tamponamento,Intersezione semaforizzata,Due carreggiate,Asciutto,Asfaltata,Verticale ed orizzontale,Sereno,Normale,Buona,Ore Diurne,2,0,0,0,12.48929,41.87284,True,z,VIA LUIGI RONCINOTTO,VIA LUIGI RONCINOTTO,
2567778,8,2015-11-04T13:45:00,,all'intersezione con,VIA CARLO SARACENI,,Scontro frontale-laterale DX fra veicoli in marcia,,,,,,,,,,0,0,0,4,,,False,z,VIA ALFONSO ALBERGHETTI,VIA ALFONSO ALBERGHETTI,
2568852,1,2015-11-04T13:45:00,Strada Urbana,in prossimitíæ,SALITA DI MONTECAVALLO,,Veicolo in marcia contro ostacolo accidentale,Curva a visuale libera,Una carreggiata a doppio senso,Asciutto,Asfaltata,Verticale ed orizzontale,Sereno,Normale,Buona,Ore Diurne,0,0,0,1,12.48648,41.89964,True,z,del civico n.,,13
2568761,13,2015-11-04T13:55:00,Strada Urbana,in corrispondenza,VIA CAPO SPARTIVENTO,,Veicolo in marcia contro veicolo in sosta,Rettilineo,Due carreggiate,Asciutto,Asfaltata,Assente,Sereno,Normale,Buona,Ore Diurne,0,0,0,1,12.28638,41.7385,True,z,del civico n.,,127
2567881,5,2015-11-04T14:10:00,Strada Urbana,in prossimitíæ,VIALE EGIDIO GALBANI,,Tamponamento,Rettilineo,Due carreggiate,Asciutto,Asfaltata,Verticale ed orizzontale,Sereno,Normale,Buona,Ore Diurne,1,0,0,1,12.56142,41.93106,True,z,del civico n.,,70
2567432,18,2015-11-04T14:10:00,Strada Urbana,da specificare,LARGO S. PIO V,fronte civico 10,Tamponamento,Rettilineo,Una carreggiata a senso unico di marcia,Asciutto,Asfaltata,Verticale ed orizzontale,Sereno,Intenso,Buona,Ore Diurne,1,0,0,1,12.4319,41.89662,False,z,,,
2567993,18,2015-11-04T14:20:00,Strada Urbana,all'intersezione con,VIA DI S. MARIA MEDIATRICE,,Scontro laterale fra veicoli in marcia,Intersezione stradale segnalata,Una carreggiata a doppio senso,Asciutto,Asfaltata,Verticale ed orizzontale,Sereno,Scarso,Buona,Ore Diurne,0,0,0,3,12.44424,41.89997,True,z,VIA AURELIA,VIA AURELIA,
2568723,18,2015-11-04T14:30:00,Strada Urbana,all'intersezione con,VIA AGOSTINO RICHELMY,,Tamponamento,Intersezione stradale segnalata,Una carreggiata a doppio senso,Asciutto,Asfaltata,Verticale ed orizzontale,Sereno,Intenso,Buona,Ore Diurne,1,0,0,2,12.44075,41.89779,True,z,VIA ANASTASIO II,VIA ANASTASIO II,
2567918,17,2015-11-04T14:30:00,Strada Urbana,all'intersezione con,PIAZZA AMERICO CAPPONI,,Scontro laterale fra veicoli in marcia,Incrocio,Una carreggiata a senso unico di marcia,Asciutto,Asfaltata,Verticale ed orizzontale,Sereno,Scarso,Buona,Ore Diurne,0,0,0,2,12.46129,41.90485,True,z,VIA PROPERZIO,VIA PROPERZIO,
2568154,16,2015-11-04T14:30:00,Strada Urbana,in prossimitíæ,VIA DEL CASALETTO,,Scontro frontale-laterale SX fra veicoli in marcia,Rettilineo,Una carreggiata a doppio senso,Asciutto,Asfaltata,Assente,Sereno,Normale,Buona,Ore Diurne,0,0,0,2,12.43968,41.87218,True,z,del civico n.,,163
2567712,15,2015-11-04T14:30:00,Strada Urbana,da specificare,VIA PORTUENSE,FRONTE CIVICO 727-D,Veicolo in marcia contro ostacolo fisso,Rettilineo,Una carreggiata a doppio senso,Asciutto,Asfaltata,Orizzontale,Sereno,Normale,Buona,Ore Diurne,0,0,0,1,12.40939,41.84342,True,z,,,
2567295,17,2015-11-04T15:20:00,Strada Urbana,all'intersezione semaforizzata con,PIAZZALE CLODIO,,Tamponamento,Intersezione semaforizzata,Una carreggiata a senso unico di marcia,Asciutto,Asfaltata,Verticale ed orizzontale,Sereno,Normale,Buona,Ore Diurne,1,0,0,2,12.45517,41.91692,False,z,VIALE GIOVANNI FALCONE E PAOLO BORSELLIN,VIALE GIOVANNI FALCONE E PAOLO BORSELLIN,
2567165,20,2015-11-04T15:30:00,Regionale entro l'abitato,all'intersezione con,VIA FLAMINIA,,Scontro frontale-laterale SX fra veicoli in marcia,Intersezione stradale segnalata,Una carreggiata a doppio senso,Asciutto,Asfaltata,Verticale ed orizzontale,Sereno,Normale,Buona,Ore Diurne,1,0,0,2,,,False,z,VIA BELLAGIO,VIA BELLAGIO,
2567943,19,2015-11-04T15:45:00,Strada Urbana,in prossimitíæ,VIA GIOVANNI ZENATELLO,,Veicolo in marcia contro veicolo in sosta,Rettilineo,Una carreggiata a doppio senso,Asciutto,Asfaltata,Assente,Sereno,Scarso,Buona,Ore Diurne,0,0,0,1,12.42076,41.92534,True,z,del civico n.,,43
2583158,5,2015-11-04T15:50:00,Strada Urbana,da specificare,VIA DELLA TENUTA DEL CAVALIERE,a circa 95 mt da ponte sull'Aniene dir.Tiburtina,Scontro frontale fra veicoli in marcia,Curva senza visuale libera,Una carreggiata a doppio senso,Asciutto,Asfaltata,Orizzontale,Sereno,Normale,Buona,Ore Diurne,0,0,1,2,12.66798,41.92798,True,z,,,
2568581,1,2015-11-04T16:00:00,Strada Urbana,all'intersezione con,VIALE GIOTTO,,Scontro laterale fra veicoli in marcia,Incrocio,Una carreggiata a doppio senso,Asciutto,Asfaltata,Verticale ed orizzontale,Sereno,Normale,Buona,Ore Diurne,1,0,0,1,12.48635,41.87668,True,z,VIA BRAMANTE,VIA BRAMANTE,
2568729,1,2015-11-04T16:00:00,Strada Urbana,all'intersezione semaforizzata con,VIA TORINO,,Scontro laterale fra veicoli in marcia,Intersezione semaforizzata,Una carreggiata a senso unico di marcia,Asciutto,Asfaltata,Verticale ed orizzontale,Sereno,Normale,Buona,Sufficiente,0,0,0,2,12.49574,41.90127,False,z,VIA NAZIONALE,VIA NAZIONALE,
2568913,1,2015-11-04T16:20:00,Strada Urbana,in corrispondenza,VIA GALVANI,,Ribaltamento senza urto contro ostacolo fisso,Rettilineo,Una carreggiata a doppio senso,Asciutto,Asfaltata,Orizzontale,Sereno,Normale,Buona,Ore Diurne,0,0,0,4,12.47799,41.87838,True,z,del civico n.,,31A
2567709,15,2015-11-04T16:30:00,Strada Urbana,in prossimitíæ,VIA MARINO MAZZACURATI,,Tamponamento,Rettilineo,Una carreggiata a doppio senso,Asciutto,Asfaltata,Orizzontale,Nuvoloso,Scarso,Buona,Ore Diurne,1,0,0,1,12.41333,41.85025,True,z,del civico n.,,76