_ID,_Gruppo,_DataOraIncidente,_Localizzazione1,_Localizzazione2,_Strada1,_DaSpecificare,_NaturaIncidente,_ParticolaritaStrade,_TipoStrada,_FondoStradale,_Pavimentazione,_Segnaletica,_CondizioneAtmosferica,_Traffico,_Visibilita,_Illuminazione,_NUM_FERITI,_NUM_RISERVATA,_NUM_MORTI,_NUM_ILLESI,_Longitudine,_Latitudine,_CONFERMATO,__prefix,_Strada02,_Strada2,_Chilometrica
2568029,7,2015-11-04T16:45:00,,all'intersezione con,VIA TOR DE' SCHIAVI,,Investimento di pedone,,,,,,,,,,0,0,0,3,12.56354,41.88114,False,z,VIA DEI PLATANI,VIA DEI PLATANI,
2567908,13,2015-11-04T16:45:00,Strada Urbana,all'intersezione con,VIALE DEI ROMAGNOLI,,Scontro frontale-laterale DX fra veicoli in marcia,Incrocio,Una carreggiata a doppio senso,Asciutto,Asfaltata,Orizzontale,Sereno,Normale,Buona,Sufficiente,0,0,0,4,12.3464,41.77803,True,z,VIALE FRA' ANDREA DI GIOVANNI,VIALE FRA' ANDREA DI GIOVANNI,
2567328,6,2015-11-04T16:50:00,Provinciale entro l'abitato,all'intersezione con,VIA PRENESTINA,,Scontro laterale fra veicoli in marcia,Incrocio,Pií_ di due carreggiate,Asciutto,Asfaltata,Assente,Nuvoloso,Normale,Buona,Ore Diurne,1,0,0,1,12.53285,41.89206,True,z,VIA GUGLIELMO ALBIMONTE,VIA GUGLIELMO ALBIMONTE,
2567575,19,2015-11-04T17:00:00,Strada Urbana,all'intersezione con,VIA TAGGIA,,Scontro frontale-laterale DX fra veicoli in marcia,Incrocio,Una carreggiata a doppio senso,Asciutto,Asfaltata,Verticale ed orizzontale,Sereno,Normale,Buona,Ore Diurne,0,0,0,2,12.42198,41.93088,True,z,VIA COGOLETO,VIA COGOLETO,
2567833,7,2015-11-04T17:15:00,Strada Urbana,in corrispondenza,VIA FILIPPO SMALDONE,,Veicolo in marcia contro veicolo in sosta,Rettilineo,Una carreggiata a senso unico di marcia,Asciutto,Asfaltata,Verticale,Sereno,Scarso,Sufficiente,Ore Diurne,0,0,0,1,12.56038,41.89367,True,z,del civico n.,,32
2567530,9,2015-11-04T17:20:00,,da specificare,VIA ELENIANA,in prossimitíæ arco centrale di PIAZZALE LABICANO,Scontro laterale fra veicoli in marcia,,,,,,,,,,0,0,0,2,12.51459,41.8906,False,z,,,
2567766,6,2015-11-04T17:30:00,Strada Urbana,da specificare,VIA BELMONTE CASTELLO,alt. palo Acea n. 4,Veicolo in marcia contro ostacolo accidentale,Rettilineo,Una carreggiata a senso unico di marcia,Asciutto,Con buche,Assente,Sereno,Scarso,Sufficiente,Sufficiente,0,0,0,1,12.55531,41.8839,True,z,,,
2568860,12,2015-11-04T17:30:00,Strada Urbana,all'intersezione con,VIALE UMBERTO TUPINI,,Scontro laterale fra veicoli in marcia,Incrocio,Una carreggiata a doppio senso,Asciutto,Asfaltata,Verticale ed orizzontale,Sereno,Normale,Buona,Sufficiente,0,0,0,1,12.46195,41.8329,True,z,VIALE EUROPA,VIALE EUROPA,
2567855,15,2015-11-04T17:40:00,Strada Urbana,da specificare,VIA DELLA MAGLIANA,fronte civico 279-H,Scontro laterale fra veicoli in marcia,Rettilineo,Una carreggiata a doppio senso,Asciutto,Asfaltata,Orizzontale,Sereno,Normale,Buona,Sufficiente,1,0,0,1,12.42401,41.83394,True,z,,,
2567935,19,2015-11-04T18:20:00,Strada Urbana,all'intersezione con,VIA DEI MONTI DI PRIMAVALLE,,Scontro laterale fra veicoli in marcia,Incrocio,Una carreggiata a doppio senso,Asciutto,Asfaltata,Orizzontale,Sereno,Normale,Buona,Sufficiente,0,0,0,2,12.41299,41.91179,True,z,VIA CAMILLO MAZZELLA,VIA CAMILLO MAZZELLA,
2567910,4,2015-11-04T18:45:00,Strada Urbana,in prossimitíæ,PIAZZA MONTE BALDO,,Veicolo in marcia contro ostacolo accidentale,Curva a visuale libera,Due carreggiate,Sdrucciolevole (pietrisco),Asfaltata,Verticale,Sereno,Intenso,Buona,Sufficiente,0,0,0,1,12.53418,41.93715,True,z,del civico n.,,5
2567779,8,2015-11-04T19:15:00,Strada Urbana,in prossimitíæ,VIA LUCIO FONTANA,,Tamponamento,Rettilineo,Una carreggiata a senso unico di marcia,Asciutto,Asfaltata,Verticale ed orizzontale,Sereno,Intenso,Buona,Sufficiente,1,0,0,2,12.61813,41.91038,True,z,del palo luce n.,,4
2568964,1,2015-11-04T19:25:00,Strada Urbana,all'intersezione con,VIA MERULANA,,Scontro frontale fra veicoli in marcia,Incrocio,Una carreggiata a doppio senso,Asciutto,Asfaltata,Verticale ed orizzontale,Sereno,Intenso,Buona,Sufficiente,1,0,0,2,,,False,z,VIA ANGELO POLIZIANO,VIA ANGELO POLIZIANO,
2569783,12,2015-11-04T19:30:00,Strada Urbana,da specificare,VIA DEI CORAZZIERI,in corrispondenza via dei Guastatori,Veicolo in marcia contro ostacolo fisso,Rettilineo,Una carreggiata a doppio senso,Asciutto,Asfaltata,Verticale ed orizzontale,Sereno,Scarso,Buona,Ore Diurne,0,0,0,1,12.48396,41.82384,True,z,,,
2569574,4,2015-11-04T19:30:00,,in prossimitíæ,VIA NOMENTANA,,Scontro laterale fra veicoli in marcia,,,,,,,,,,0,0,0,3,,,False,z,del civico n.,,773
2567831,11,2015-11-04T19:30:00,Strada Urbana,in corrispondenza,LUNGOTEVERE DANTE,,Scontro laterale fra veicoli in marcia,Rettilineo,Una carreggiata a doppio senso,Asciutto,Asfaltata,Verticale ed orizzontale,Sereno,Scarso,Insufficiente,Insufficiente,4,0,0,1,12.46303,41.85379,True,z,del civico n.,,311
2567819,5,2015-11-04T19:45:00,Strada Urbana,in prossimitíæ,VIA SALARIA,,Tamponamento Multiplo,Rettilineo,Due carreggiate,Asciutto,Asfaltata,Orizzontale,Sereno,Normale,Sufficiente,Sufficiente,1,0,0,3,,,False,z,del civico n.,,741
2568021,3,2015-11-04T19:50:00,Strada Urbana,da specificare,VIA TIBURTINA,DIREZIONE PORTONACCIO PROSS. FERMATA ATAC 71108,Veicolo in marcia contro ostacolo accidentale,Rettilineo,Una carreggiata a senso unico di marcia,Asciutto,Asfaltata,Verticale ed orizzontale,Sereno,Normale,Sufficiente,Insufficiente,0,0,0,2,12.52914,41.90814,True,z,,,
2567768,6,2015-11-04T20:05:00,Strada Urbana,all'intersezione con,VIA COLLATINA,,Scontro laterale fra veicoli in marcia,Incrocio,Una carreggiata a doppio senso,Asciutto,Asfaltata,Verticale ed orizzontale,Sereno,Scarso,Buona,Sufficiente,0,0,0,2,12.56276,41.89699,True,z,VIA PIETRO SBARBARO,VIA PIETRO SBARBARO,
2567862,15,2015-11-04T20:10:00,Provinciale entro l'abitato,all'intersezione con,VIA PORTUENSE,,Scontro laterale fra veicoli in marcia,Incrocio,Due carreggiate,Asciutto,Asfaltata,Verticale ed orizzontale,Sereno,Normale,Buona,Sufficiente,2,0,0,3,,,False,z,VIA DELL'IMBRECCIATO,VIA DELL'IMBRECCIATO,
2567924,13,2015-11-04T20:15:00,Strada Urbana,all'intersezione con,VIA GIGI CHESSA,,Scontro frontale-laterale DX fra veicoli in marcia,Incrocio,Una carreggiata a doppio senso,Asciutto,Asfaltata,Verticale ed orizzontale,Nuvoloso,Scarso,Buona,Sufficiente,0,0,0,2,12.37934,41.77451,True,z,VIA ANTONIO CALDERARA,VIA ANTONIO CALDERARA,
2568166,2,2015-11-04T20:20:00,Strada Urbana,in prossimitíæ,PIAZZA ACILIA,,Scontro laterale fra veicoli in marcia,Rotatoria,Una carreggiata a doppio senso,Asciutto,Asfaltata,Verticale ed orizzontale,Sereno,Normale,Buona,Sufficiente,1,0,0,1,12.5124,41.92908,True,z,del civico n.,,3B
2568712,1,2015-11-04T20:35:00,Strada Urbana,all'intersezione con,PIAZZALE UGO LA MALFA,,Scontro frontale-laterale SX fra veicoli in marcia,Incrocio,Due carreggiate,Asciutto,Asfaltata,Verticale ed orizzontale,Sereno,Scarso,Buona,Sufficiente,0,0,0,2,12.485,41.88535,True,z,VIA DEL CIRCO MASSIMO,VIA DEL CIRCO MASSIMO,
2567818,5,2015-11-04T21:20:00,Strada Urbana,in corrispondenza,VIA TIBURTINA,,Tamponamento Multiplo,Rettilineo,Due carreggiate,Asciutto,Asfaltata,Verticale ed orizzontale,Sereno,Scarso,Buona,Sufficiente,0,0,0,5,12.5481,41.91,True,z,del civico n.,,650
2573322,18,2015-11-04T21:45:00,Strada Urbana,in prossimitíæ,VIA DOMENICO TARDINI,,Investimento di pedone,Rettilineo,Una carreggiata a senso unico di marcia,Asciutto,Asfaltata,Verticale ed orizzontale,Sereno,Normale,Sufficiente,Sufficiente,1,0,0,3,12.42596,41.9029,False,z,del civico n.,,40
2567955,13,2015-11-04T22:10:00,Strada Urbana,all'intersezione con,VIA DOMENICO BAFFIGO,,Scontro frontale-laterale DX fra veicoli in marcia,Incrocio,Una carreggiata a doppio senso,Bagnato (pioggia),Asfaltata,Verticale ed orizzontale,Nuvoloso,Normale,Buona,Sufficiente,0,0,0,2,12.26191,41.73704,True,z,VIALE DEL SOMMERGIBILE,VIALE DEL SOMMERGIBILE,
2567844,11,2015-11-04T22:30:00,Strada Urbana,all'intersezione con,VIA DI S. SEBASTIANO,,Veicolo in marcia contro ostacolo accidentale,Incrocio,Una carreggiata a senso unico di marcia,Asciutto,Strada pavimentata dissestata,Verticale ed orizzontale,Nuvoloso,Scarso,Sufficiente,Sufficiente,1,0,0,0,12.51637,41.85204,True,z,VIA APPIA ANTICA,VIA APPIA ANTICA,
2567942,17,2015-11-04T23:25:00,Strada Urbana,all'intersezione semaforizzata con,PIAZZALE CLODIO,,Scontro frontale-laterale DX fra veicoli in marcia,Intersezione semaforizzata,Una carreggiata a senso unico di marcia,Asciutto,Asfaltata,Verticale ed orizzontale,Sereno,Normale,Buona,Sufficiente,0,0,0,2,12.45449,41.91699,True,z,VIALE GIOVANNI FALCONE E PAOLO BORSELLIN,VIALE GIOVANNI FALCONE E PAOLO BORSELLIN,
2568213,16,2015-11-05T02:10:00,Strada Urbana,all'intersezione con,VIA DELLA PISANA,,Veicolo in marcia contro veicoli in sosta,Incrocio,Una carreggiata a doppio senso,Asciutto,Asfaltata,Verticale ed orizzontale,Sereno,Scarso,Buona,Sufficiente,0,0,0,1,12.39764,41.85757,True,z,VIA DI BRAVETTA,VIA DI BRAVETTA,
2568787,1,2015-11-05T03:00:00,Strada Urbana,in prossimitíæ,VIA EMANUELE FILIBERTO,,Scontro laterale fra veicoli in marcia,Rettilineo,Una carreggiata a doppio senso,Bagnato (pioggia),Asfaltata,Verticale ed orizzontale,Sereno,Scarso,Buona,Sufficiente,1,0,0,1,,,False,z,del civico n.,,231
2567911,20,2015-11-05T05:00:00,,da specificare,VIA CAMPOSAMPIERO,in corrispondenza rotatoria,Veicolo in marcia contro ostacolo fisso,,,,,,,,,,0,0,0,0,,,False,z,,,
2573607,18,2015-11-05T06:35:00,Strada Urbana,in corrispondenza,VIA MATTIA BATTISTINI,,Scontro laterale fra veicoli in marcia,Rettilineo,Una carreggiata a doppio senso,Asciutto,Asfaltata,Verticale ed orizzontale,Nuvoloso,Normale,Buona,Ore Diurne,0,0,0,2,12.41396,41.9061,True,z,del civico n.,,54
2567952,9,2015-11-05T07:20:00,Strada Urbana,in corrispondenza,VIA CAMERIA,,Veicolo in marcia contro veicoli in sosta,Rettilineo,Una carreggiata a senso unico di marcia,Asciutto,Asfaltata,Verticale ed orizzontale,Sereno,Scarso,Buona,Sufficiente,0,0,0,0,12.50343,41.87575,True,z,del civico n.,,4
2569717,12,2015-11-05T07:40:00,Strada Urbana,da specificare,VIA NAZARENO STRAMPELLI,altezza civico 262,Scontro frontale fra veicoli in marcia,Rettilineo,Una carreggiata a doppio senso,Asciutto,Asfaltata,Verticale ed orizzontale,Sereno,Scarso,Buona,Ore Diurne,0,0,0,2,12.49745,41.71681,False,z,,,
2568531,1,2015-11-05T07:50:00,Strada Urbana,in corrispondenza,PIAZZA ALBANIA,,Scontro laterale fra veicoli in marcia,Rettilineo,Una carreggiata a senso unico di marcia,Bagnato (pioggia),In cubetti di porfido,Orizzontale,Nuvoloso,Normale,Buona,Ore Diurne,1,0,0,2,12.48404,41.88028,True,z,del civico n.,,6
2569360,8,2015-11-05T07:55:00,Strada Urbana,da specificare,VIA DI TOR BELLA MONACA,altezza fermata Cambellotti-GRA,Tamponamento,Rettilineo,Due carreggiate,Asciutto,Asfaltata,Verticale ed orizzontale,Nuvoloso,Intenso,Buona,Ore Diurne,1,0,0,3,,,False,z,,,
2569358,8,2015-11-05T07:55:00,,in corrispondenza,VIA DI TORRENOVA,,Veicolo in marcia contro ostacolo accidentale,,,,,,,,,,0,0,0,1,,,False,z,del civico n.,,421
2568054,2,2015-11-05T07:55:00,Strada Urbana,in corrispondenza,VIA DI NOVELLA,,Scontro laterale fra veicoli in marcia,Rettilineo,Una carreggiata a doppio senso,Asciutto,Asfaltata,Verticale ed orizzontale,Sereno,Normale,Buona,Ore Diurne,0,0,0,3,12.5123,41.92935,True,z,del civico n.,,4
2569363,8,2015-11-05T08:00:00,Statale entro l'abitato,all'intersezione con,VIA CASILINA,,Tamponamento,Rotatoria,Una carreggiata a doppio senso,Asciutto,Asfaltata,Verticale ed orizzontale,Sereno,Intenso,Buona,Ore Diurne,0,0,0,2,12.65568,41.86437,True,z,VIA DEL PONTE DELLA CATENA,VIA DEL PONTE DELLA CATENA,
2568022,10,2015-11-05T08:25:00,Statale entro l'abitato,in corrispondenza,VIA ANAGNINA,,Tamponamento,Rettilineo,Una carreggiata a senso unico di marcia,Asciutto,Asfaltata,Verticale ed orizzontale,Sereno,Normale,Buona,Ore Diurne,2,0,0,1,12.61292,41.81911,False,z,del civico n.,,319
2568025,6,2015-11-05T08:30:00,Strada Urbana,in prossimitíæ,PIAZZA ROBERTO MALATESTA,,Veicolo in marcia contro veicolo in sosta,Curva a visuale libera,Una carreggiata a senso unico di marcia,Asciutto,Asfaltata,Orizzontale,Nuvoloso,Normale,Buona,Ore Diurne,0,0,0,1,12.54118,41.88764,True,z,del civico n.,,70
2569405,4,2015-11-05T08:35:00,Provinciale entro l'abitato,in corrispondenza,VIA NOMENTANA,,Veicolo in marcia contro veicoli in sosta,Rettilineo,Pií_ di due carreggiate,Asciutto,Asfaltata,Verticale ed orizzontale,Nuvoloso,Intenso,Buona,Ore Diurne,0,0,0,3,12.53745,41.93583,True,z,del civico n.,,561
2568050,20,2015-11-05T08:40:00,Strada Urbana,da specificare,VIALE DEL FORO ITALICO,altezza uscita per viale di Tor di Quinto,Tamponamento,Rettilineo,Due carreggiate,Asciutto,Asfaltata,Verticale ed orizzontale,Sereno,Intenso,Buona,Ore Diurne,1,0,0,2,,,False,z,,,
2568064,11,2015-11-05T09:00:00,Strada Urbana,in corrispondenza,VIALE LEONARDO DA VINCI,,Investimento di pedone,Rettilineo,Pií_ di due carreggiate,Asciutto,Asfaltata,Verticale ed orizzontale,Sereno,Normale,Buona,Ore Diurne,1,0,0,2,12.48029,41.85268,True,z,del civico n.,,255
2569709,4,2015-11-05T09:00:00,,all'intersezione con,VIA RENATO FUCINI,,Scontro frontale-laterale SX fra veicoli in marcia,,,,,,,,,,0,0,0,2,12.55175,41.94608,False,z,VIA BERNARDO DAVANZATI,VIA BERNARDO DAVANZATI,
2569365,8,2015-11-05T09:20:00,,in corrispondenza,VIA DI TOR BELLA MONACA,,Veicolo in marcia contro ostacolo accidentale,,,,,,,,,,0,0,0,1,,,False,z,del palo luce n.,,55
2568272,20,2015-11-05T09:30:00,Regionale entro l'abitato,da specificare,VIA FLAMINIA NUOVA,altezza 8 km direzione centro,Tamponamento,Rettilineo,Due carreggiate,Asciutto,Asfaltata,Verticale ed orizzontale,Sereno,Normale,Buona,Ore Diurne,0,0,0,3,12.4872,41.96095,True,z,,,
2569309,20,2015-11-05T09:40:00,Strada Urbana,all'intersezione con,VIALE DI TOR DI QUINTO,,Scontro frontale-laterale DX fra veicoli in marcia,Incrocio,Una carreggiata a doppio senso,Asciutto,Asfaltata,Verticale ed orizzontale,Sereno,Normale,Buona,Ore Diurne,1,0,0,1,,,False,z,VIA FORNACI DI TOR DI QUINTO,VIA FORNACI DI TOR DI QUINTO,
2569435,17,2015-11-05T10:05:00,Strada Urbana,all'intersezione semaforizzata con,VIA DELLA CONCILIAZIONE,,Scontro laterale fra veicoli in marcia,Intersezione semaforizzata,Pií_ di due carreggiate,Asciutto,Lastricata,Verticale ed orizzontale,Sereno,Normale,Buona,Ore Diurne,1,0,0,1,12.46292,41.9025,False,z,VIA DELLA TRASPONTINA,VIA DELLA TRASPONTINA,
2568299,2,2015-11-05T10:20:00,Strada Urbana,in corrispondenza,CORSO TRIESTE,,Investimento di pedone,Rettilineo,Una carreggiata a doppio senso,Asciutto,Asfaltata,Verticale ed orizzontale,Sereno,Normale,Buona,Ore Diurne,1,0,0,1,12.50726,41.91521,False,z,del civico n.,,25-b
2568198,6,2015-11-05T10:30:00,Strada Urbana,in corrispondenza,VIA DI ACQUA BULLICANTE,,Scontro laterale fra veicoli in marcia,Rettilineo,Una carreggiata a doppio senso,Asciutto,Asfaltata,Orizzontale,Sereno,Normale,Buona,Ore Diurne,0,0,0,4,12.54199,41.89054,True,z,del civico n.,,284a
2570265,3,2015-11-05T10:30:00,Strada Urbana,in corrispondenza,VIA NOMENTANA,,Scontro laterale fra veicoli in marcia,Rettilineo,Una carreggiata a senso unico di marcia,Asciutto,Asfaltata,Verticale ed orizzontale,Sereno,Intenso,Buona,Ore Diurne,1,0,0,2,12.53504,41.93499,True,z,del civico n.,,17
2568220,1,2015-11-05T10:30:00,Strada Urbana,all'intersezione con,VIA BARTOLOMEO FILIPPERI,,Tamponamento,Incrocio,Una carreggiata a senso unico di marcia,Asciutto,Asfaltata,Verticale ed orizzontale,Sereno,Intenso,Buona,Ore Diurne,0,0,0,3,12.47311,41.89048,True,z,LUNGOTEVERE RAFFAELLO SANZIO,LUNGOTEVERE RAFFAELLO SANZIO,
2568328,1,2015-11-05T10:45:00,Strada Urbana,all'intersezione con,VIA EMANUELE FILIBERTO,,Scontro laterale fra veicoli in marcia,Incrocio,Una carreggiata a doppio senso,Asciutto,Asfaltata,Assente,Nuvoloso,Normale,Buona,Ore Diurne,0,0,0,2,12.5078,41.8881,True,z,VIA DOMENICO FONTANA,VIA DOMENICO FONTANA,
2569663,16,2015-11-05T11:00:00,Strada Urbana,in prossimitíæ,VIALE DI TRASTEVERE,,Tamponamento,Rettilineo,Pií_ di due carreggiate,Asciutto,Asfaltata,Verticale ed orizzontale,Sereno,Normale,Buona,Ore Diurne,0,0,0,3,12.46632,41.87916,True,z,del civico n.,,205
2569372,8,2015-11-05T11:00:00,Strada Urbana,in prossimitíæ,VIA LENTINI,,Veicolo in marcia contro ostacolo accidentale,Rettilineo,Una carreggiata a senso unico di marcia,Asciutto,Con buche,Orizzontale,Sereno,Normale,Buona,Ore Diurne,1,0,0,0,12.66636,41.85979,True,z,del civico n.,,53
2569313,7,2015-11-05T11:20:00,Strada Urbana,da specificare,VIALE GIORGIO DE CHIRICO,pross. area parcheggio Mercato De Pisis,Scontro laterale fra veicoli in marcia,Rettilineo,Due carreggiate,Asciutto,Asfaltata,Verticale ed orizzontale,Sereno,Normale,Buona,Ore Diurne,1,0,0,1,12.58809,41.89785,True,z,,,
2568296,11,2015-11-05T11:20:00,Strada Urbana,in corrispondenza,VIA EUSEBIO CHINI,,Tamponamento,Rettilineo,Una carreggiata a doppio senso,Asciutto,Asfaltata,Assente,Sereno,Normale,Buona,Ore Diurne,0,0,0,3,12.49968,41.86301,True,z,del civico n.,,8
2570100,16,2015-11-05T11:30:00,Strada Urbana,in prossimitíæ,VIA GIOVANNI BATTISTA GISLENI,,Veicolo in marcia contro ostacolo accidentale,Rettilineo,Una carreggiata a doppio senso,Asciutto,Asfaltata,Temporanea di cantiere,Sereno,Scarso,Buona,Ore Diurne,0,0,0,1,12.42016,41.88118,True,z,del civico n.,,3-B
2568798,13,2015-11-05T11:30:00,Strada Urbana,in corrispondenza,VIALE DEI ROMAGNOLI,,Tamponamento Multiplo,Rettilineo,Una carreggiata a doppio senso,Asciutto,Asfaltata,Orizzontale,Sereno,Normale,Buona,Ore Diurne,0,0,0,3,12.3495,41.77933,True,z,del civico n.,,981
2568297,6,2015-11-05T11:30:00,Strada Urbana,all'intersezione con,VIA RICCARDO PITTERI,,Scontro frontale-laterale DX fra veicoli in marcia,Incrocio,Una carreggiata a senso unico di marcia,Asciutto,Asfaltata,Verticale,Sereno,Normale,Buona,Ore Diurne,0,0,0,2,12.5485,41.89427,True,z,VIA ATTILIO HORTIS,VIA ATTILIO HORTIS,
2568839,13,2015-11-05T11:50:00,Strada Urbana,all'intersezione con,VIA DOMENICO PURIFICATO,,Scontro frontale-laterale DX fra veicoli in marcia,Incrocio,Una carreggiata a doppio senso,Asciutto,Asfaltata,Orizzontale,Sereno,Scarso,Buona,Ore Diurne,1,0,0,2,12.36619,41.77308,False,z,VIA BENEDETTA CAPPA MARINETTI,VIA BENEDETTA CAPPA MARINETTI,
2569228,5,2015-11-05T11:50:00,Strada Urbana,da specificare,VIALE PALMIRO TOGLIATTI,cavalcavia ferrovia direzione VIA PRENESTINA,Tamponamento,Cavalcavia,Due carreggiate,Asciutto,Asfaltata,Verticale ed orizzontale,Sereno,Normale,Buona,Ore Diurne,1,0,0,2,12.57393,41.90321,False,z,,,
2569706,2,2015-11-05T12:00:00,Strada Urbana,da specificare,VIA DEI CAMPI SPORTIVI,alt. campi Sportivi.,Scontro laterale fra veicoli in marcia,Rettilineo,Una carreggiata a senso unico di marcia,Asciutto,Asfaltata,Verticale ed orizzontale,Sereno,Normale,Buona,Ore Diurne,0,0,0,1,,,False,z,,,
2569250,5,2015-11-05T12:30:00,Strada Urbana,in prossimitíæ,VIA TIBURTINA,,Scontro frontale-laterale SX fra veicoli in marcia,Rettilineo,Una carreggiata a doppio senso,Asciutto,Asfaltata,Orizzontale,Sereno,Normale,Buona,Ore Diurne,2,0,0,0,12.58999,41.93302,False,z,del civico n.,,1111
2568887,20,2015-11-05T12:45:00,Strada Urbana,da specificare,CORSO DI FRANCIA,"direzione Parioli, altezza VIA CIVITA CASTELLANA",Ribaltamento senza urto contro ostacolo fisso,Rettilineo,Due carreggiate,Bagnato (umiditíæ in atto),Asfaltata,Verticale ed orizzontale,Nuvoloso,Normale,Buona,Ore Diurne,1,0,0,2,,,False,z,,,
2569370,8,2015-11-05T12:45:00,Strada Urbana,all'intersezione con,VIALE OXFORD,,Scontro laterale fra veicoli in marcia,Rotatoria,Una carreggiata a senso unico di marcia,Asciutto,Asfaltata,Verticale ed orizzontale,Sereno,Normale,Buona,Ore Diurne,0,0,0,2,12.62639,41.85681,True,z,VIALE HEIDELBERG,VIALE HEIDELBERG,
2569374,8,2015-11-05T13:00:00,,in corrispondenza,VIA DELLA TENUTA DI TORRENOVA,,Veicolo in marcia contro ostacolo accidentale,,,,,,,,,,0,0,0,1,,,False,z,del palo luce n.,,10
2568866,13,2015-11-05T13:00:00,Strada Urbana,in corrispondenza,VIALE DEI ROMAGNOLI,,Veicolo in marcia contro ostacolo accidentale,Rettilineo,Una carreggiata a doppio senso,Asciutto,Asfaltata,Verticale ed orizzontale,Sereno,Normale,Buona,Ore Diurne,0,0,0,1,12.34958,41.77936,True,z,del civico n.,,758
2569498,4,2015-11-05T13:05:00,,in prossimitíæ,VIA VAGLIA,,Investimento di pedone,,,,,,,,,,0,0,0,2,12.51495,41.95036,False,z,del civico n.,,49
2570215,16,2015-11-05T13:05:00,Strada Urbana,in prossimitíæ,VIA PIO FOA',,Investimento di pedone,Rettilineo,Una carreggiata a doppio senso,Bagnato (pioggia),Asfaltata,Verticale ed orizzontale,Pioggia in atto,Scarso,Buona,Ore Diurne,1,0,0,3,12.44825,41.87901,False,z,del civico n.,,72
2568924,1,2015-11-05T13:10:00,Strada Urbana,in prossimitíæ,LUNGOTEVERE DEI VALLATI,,Veicolo in marcia contro ostacolo accidentale,Curva a visuale libera,Una carreggiata a senso unico di marcia,Sdrucciolevole (fango),Asfaltata,Verticale ed orizzontale,Pioggia in atto,Normale,Buona,Ore Diurne,1,0,0,0,12.47348,41.89189,True,z,del civico n.,,21
2569485,1,2015-11-05T13:20:00,Strada Urbana,in prossimitíæ,LUNGOTEVERE DEI TEBALDI,,Tamponamento,Rettilineo,Una carreggiata a senso unico di marcia,Viscido da liquidi oleosi,Asfaltata,Verticale ed orizzontale,Pioggia in atto,Intenso,Buona,Ore Diurne,0,0,0,2,12.47041,41.89355,True,z,del civico n.,,5
2568589,10,2015-11-05T13:35:00,Strada Urbana,in prossimitíæ,VIALE MARCO FULVIO NOBILIORE,,Tamponamento,Rettilineo,Due carreggiate,Asciutto,Asfaltata,Assente,Sereno,Normale,Buona,Ore Diurne,0,0,0,2,12.56295,41.85678,True,z,del civico n.,,8
2569497,17,2015-11-05T13:40:00,Strada Urbana,all'intersezione con,VIA EZIO,,Scontro laterale fra veicoli in marcia,Incrocio,Una carreggiata a senso unico di marcia,Asciutto,Asfaltata,Verticale ed orizzontale,Sereno,Normale,Buona,Sufficiente,1,0,0,1,12.46629,41.90891,False,z,VIA DEI GRACCHI,VIA DEI GRACCHI,
2568894,9,2015-11-05T13:45:00,Strada Urbana,in prossimitíæ,VIA APPIA NUOVA,,Tamponamento,Rettilineo,Due carreggiate,Bagnato (pioggia),Asfaltata,Verticale ed orizzontale,Nuvoloso,Normale,Buona,Ore Diurne,0,0,0,2,12.51551,41.88096,True,z,del civico n.,,169
2569286,20,2015-11-05T14:00:00,Regionale entro l'abitato,da specificare,VIA FLAMINIA,altezza stazione la Celsa,Scontro frontale-laterale SX fra veicoli in marcia,Rettilineo,Una carreggiata a doppio senso,Asciutto,Asfaltata,Verticale ed orizzontale,Sereno,Normale,Buona,Ore Diurne,1,0,0,1,,,False,z,,,
2568982,15,2015-11-05T14:05:00,Strada Urbana,in prossimitíæ,VIA DELLA CASETTA MATTEI,,Investimento di pedone,Curva a visuale libera,Una carreggiata a doppio senso,Bagnato (pioggia),Asfaltata,Orizzontale,Nuvoloso,Normale,Buona,Ore Diurne,1,0,0,1,12.41981,41.8611,False,z,del civico n.,,279
2568574,11,2015-11-05T14:15:00,Strada Urbana,all'intersezione semaforizzata con,VIA SILVIO D'AMICO,,Scontro frontale-laterale DX fra veicoli in marcia,Intersezione semaforizzata,Due carreggiate,Bagnato (pioggia),Asfaltata,Verticale ed orizzontale,Nuvoloso,Normale,Buona,Ore Diurne,0,0,0,2,12.47752,41.85203,True,z,VIA GASPARE GOZZI,VIA GASPARE GOZZI,
2569287,5,2015-11-05T14:20:00,Strada Urbana,in prossimitíæ,VIA DI SETTECAMINI,,Tamponamento,Rettilineo,Una carreggiata a senso unico di marcia,Asciutto,Asfaltata,Verticale ed orizzontale,Sereno,Normale,Buona,Ore Diurne,0,0,0,4,12.62371,41.94107,True,z,del civico n.,,71
2569559,1,2015-11-05T14:30:00,Strada Urbana,in prossimitíæ,LUNGOTEVERE DEI TEBALDI,,Tamponamento,Rettilineo,Una carreggiata a senso unico di marcia,Viscido da liquidi oleosi,Asfaltata,Verticale ed orizzontale,Nuvoloso,Normale,Buona,Ore Diurne,0,0,0,3,12.47069,41.89317,True,z,del civico n.,,4