_ID,_Gruppo,_DataOraIncidente,_Localizzazione1,_Localizzazione2,_Strada1,_DaSpecificare,_NaturaIncidente,_ParticolaritaStrade,_TipoStrada,_FondoStradale,_Pavimentazione,_Segnaletica,_CondizioneAtmosferica,_Traffico,_Visibilita,_Illuminazione,_NUM_FERITI,_NUM_RISERVATA,_NUM_MORTI,_NUM_ILLESI,_Longitudine,_Latitudine,_CONFERMATO,__prefix,_Strada02,_Strada2,_Chilometrica
2568706,17,2015-11-05T14:30:00,Strada Urbana,all'intersezione semaforizzata con,VIALE DELLE MILIZIE,,Scontro frontale fra veicoli in marcia,Intersezione semaforizzata,Pií_ di due carreggiate,Bagnato (pioggia),Asfaltata,Verticale ed orizzontale,Pioggia in atto,Normale,Buona,Ore Diurne,0,0,0,1,12.46101,41.91186,True,z,VIA CARLO ALBERTO DALLA CHIESA,VIA CARLO ALBERTO DALLA CHIESA,
2569539,1,2015-11-05T14:45:00,Strada Urbana,in prossimitíæ,LUNGOTEVERE DEI TEBALDI,,Veicolo in marcia contro ostacolo accidentale,Rettilineo,Una carreggiata a senso unico di marcia,Viscido da liquidi oleosi,Asfaltata,Verticale ed orizzontale,Nuvoloso,Normale,Buona,Ore Diurne,0,0,0,2,12.46869,41.89481,True,z,del palo luce n.,,17
2568975,2,2015-11-05T14:50:00,Strada Urbana,da specificare,SOTTOVIA IGNAZIO GUIDI,altezza via Toscana,Veicolo in marcia contro ostacolo fisso,Curva a visuale libera,Due carreggiate,Bagnato (pioggia),Asfaltata,Verticale ed orizzontale,Pioggia in atto,Intenso,Buona,Ore Diurne,0,0,0,1,12.49049,41.91001,True,z,,,
2569273,1,2015-11-05T15:00:00,Strada Urbana,da specificare,PIAZZA DELLA ROVERE,palo luce 18,Infortunio per caduta del veicolo,Rettilineo,Una carreggiata a doppio senso,Bagnato (umiditíæ in atto),Asfaltata,Verticale ed orizzontale,Nuvoloso,Normale,Buona,Ore Diurne,1,0,0,0,12.46195,41.89962,False,z,,,
2569700,4,2015-11-05T15:00:00,Strada Urbana,all'intersezione con,VIA VALFURVA,,Investimento di pedone,Incrocio,Una carreggiata a senso unico di marcia,Asciutto,Asfaltata,Verticale ed orizzontale,Sereno,Normale,Buona,Ore Diurne,1,0,0,0,12.53096,41.93499,True,z,VIA VAL D'OSSOLA,VIA VAL D'OSSOLA,
2568896,9,2015-11-05T15:15:00,Strada Urbana,all'intersezione semaforizzata con,VIA MONZA,,Scontro frontale-laterale SX fra veicoli in marcia,Intersezione semaforizzata,Una carreggiata a doppio senso,Asciutto,Asfaltata,Verticale ed orizzontale,Sereno,Intenso,Buona,Ore Diurne,0,0,0,2,12.51531,41.88541,True,z,VIA TARANTO,VIA TARANTO,
2568956,19,2015-11-05T15:15:00,Strada Urbana,all'intersezione con,VIA DI SELVA CANDIDA,,Scontro frontale-laterale DX fra veicoli in marcia,Incrocio,Una carreggiata a doppio senso,Asciutto,Asfaltata,Verticale ed orizzontale,Sereno,Normale,Buona,Ore Diurne,0,0,0,2,12.37763,41.93593,True,z,VIA PONDERANO,VIA PONDERANO,
2570255,3,2015-11-05T15:15:00,Strada Urbana,all'intersezione semaforizzata con,VIALE DELL'UNIVERSITA',,Scontro frontale-laterale SX fra veicoli in marcia,Intersezione semaforizzata,Una carreggiata a doppio senso,Asciutto,Asfaltata,Verticale ed orizzontale,Nuvoloso,Normale,Buona,Ore Diurne,0,0,0,2,12.51092,41.90407,True,z,VIALE REGINA ELENA,VIALE REGINA ELENA,
2569522,2,2015-11-05T15:35:00,Strada Urbana,da specificare,VIALE DI VILLA GRAZIOLI,pross. via Lisbona ,Scontro laterale fra veicoli in marcia,Rettilineo,Una carreggiata a doppio senso,Asciutto,Asfaltata,Verticale ed orizzontale,Sereno,Normale,Buona,Ore Diurne,1,0,0,2,12.49972,41.9219,False,z,,,
2568992,8,2015-11-05T16:20:00,,da specificare,VIA DI FONTANA CANDIDA,fronte civico 215,Scontro frontale fra veicoli in marcia,,,,,,,,,,0,0,1,0,,,False,z,,,
2568937,1,2015-11-05T16:40:00,Strada Urbana,all'intersezione con,VIA DEI PETTINARI,,Veicolo in marcia contro ostacolo accidentale,Incrocio,Una carreggiata a senso unico di marcia,Sdrucciolevole (fango),In cubetti di porfido,Verticale ed orizzontale,Nuvoloso,Intenso,Buona,Ore Diurne,0,0,0,1,12.47178,41.89304,True,z,LUNGOTEVERE DEI VALLATI,LUNGOTEVERE DEI VALLATI,
2569272,12,2015-11-05T16:45:00,Strada Urbana,all'intersezione semaforizzata con,VIA LAURENTINA,,Scontro laterale fra veicoli in marcia,Intersezione semaforizzata,Due carreggiate,Bagnato (pioggia),Asfaltata,Verticale ed orizzontale,Nuvoloso,Normale,Buona,Ore Diurne,0,0,0,2,12.47886,41.82589,True,z,PIAZZALE GIULIO DOUHET,PIAZZALE GIULIO DOUHET,
2570175,16,2015-11-05T17:00:00,Strada Urbana,in prossimitíæ,VIA DI DONNA OLIMPIA,,Scontro laterale fra veicoli in marcia,Rettilineo,Una carreggiata a doppio senso,Bagnato (umiditíæ in atto),Asfaltata,Verticale ed orizzontale,Nuvoloso,Normale,Sufficiente,Sufficiente,0,0,0,2,12.45358,41.87648,True,z,del civico n.,,94
2569507,2,2015-11-05T17:15:00,Strada Urbana,in prossimitíæ,VIALE DEL VIGNOLA,,Scontro laterale fra veicoli in marcia,Rettilineo,Due carreggiate,Asciutto,Asfaltata,Verticale ed orizzontale,Sereno,Normale,Buona,Ore Diurne,0,0,0,4,12.46554,41.92575,True,z,del civico n.,,58
2569772,2,2015-11-05T17:30:00,Strada Urbana,all'intersezione con,VIA DOMENICO ALBERTO AZUNI,,Scontro laterale fra veicoli in marcia,Incrocio,Una carreggiata a doppio senso,Asciutto,Asfaltata,Verticale ed orizzontale,Sereno,Normale,Buona,Ore Diurne,0,0,0,2,12.47276,41.91479,True,z,VIA GIUSEPPE PISANELLI,VIA GIUSEPPE PISANELLI,
2568993,13,2015-11-05T17:35:00,Strada Urbana,all'intersezione con,VIA ISOLE DEL CAPO VERDE,,Scontro laterale fra veicoli in marcia,Incrocio,Due carreggiate,Asciutto,Asfaltata,Verticale ed orizzontale,Nuvoloso,Normale,Buona,Sufficiente,0,0,0,2,12.27388,41.73787,True,z,VIA DEI VELIERI,VIA DEI VELIERI,
2569465,4,2015-11-05T17:40:00,Provinciale entro l'abitato,in prossimitíæ,VIA NOMENTANA,,Scontro laterale fra veicoli in marcia,Rettilineo,Una carreggiata a doppio senso,Asciutto,Asfaltata,Verticale ed orizzontale,Nuvoloso,Normale,Buona,Sufficiente,0,0,0,6,12.57579,41.95473,True,z,del civico n.,,1091
2569466,1,2015-11-05T17:45:00,Strada Urbana,in prossimitíæ,LUNGOTEVERE RAFFAELLO SANZIO,,Scontro laterale fra veicoli in marcia,Rettilineo,Una carreggiata a senso unico di marcia,Bagnato (umiditíæ in atto),Asfaltata,Verticale ed orizzontale,Nuvoloso,Intenso,Sufficiente,Sufficiente,0,0,0,2,12.47038,41.89166,True,z,del civico n.,,1
2569178,15,2015-11-05T18:00:00,Strada Urbana,da specificare,VIA DELLA MAGLIANA,prox. rampa di imm.Viadotto Magliana ,Scontro laterale fra veicoli in marcia,Rettilineo,Due carreggiate,Bagnato (pioggia),Asfaltata,Verticale ed orizzontale,Nuvoloso,Intenso,Sufficiente,Sufficiente,0,0,0,4,12.42401,41.83394,True,z,,,
2569379,1,2015-11-05T18:10:00,Strada Urbana,all'intersezione con,VIA PRINCIPE EUGENIO,,Investimento di pedone,Incrocio,Una carreggiata a doppio senso,Asciutto,Asfaltata,Verticale ed orizzontale,Nuvoloso,Normale,Sufficiente,Sufficiente,1,0,0,0,12.50871,41.89355,True,z,VIA BIXIO,VIA BIXIO,
2569203,12,2015-11-05T18:15:00,Strada Urbana,all'intersezione con,VIA FIUME GIALLO,,Scontro laterale fra veicoli in marcia,Incrocio,Una carreggiata a doppio senso,Asciutto,Asfaltata,Verticale ed orizzontale,Nuvoloso,Scarso,Buona,Ore Diurne,0,0,0,2,12.42928,41.80966,True,z,VIA PAGODA BIANCA,VIA PAGODA BIANCA,
2569408,1,2015-11-05T18:30:00,Strada Urbana,all'intersezione semaforizzata con,LUNGOTEVERE DEI TEBALDI,,Investimento di pedone,Intersezione semaforizzata,Una carreggiata a doppio senso,Bagnato (umiditíæ in atto),Asfaltata,Temporanea di cantiere,Nuvoloso,Normale,Sufficiente,Insufficiente,1,0,0,1,12.46869,41.89481,False,z,PONTE GIUSEPPE MAZZINI,PONTE GIUSEPPE MAZZINI,
2569375,8,2015-11-05T18:45:00,Strada Urbana,da specificare,VIA DI TOR BELLA MONACA,"rampa imm. dir. GRA, 10 m dopo via Ponte Anderloni",Veicolo in marcia contro ostacolo accidentale,Rettilineo,Una carreggiata a senso unico di marcia,Asciutto,Asfaltata,Orizzontale,Nuvoloso,Normale,Sufficiente,Insufficiente,0,0,0,3,12.62546,41.87778,True,z,,,
2569434,1,2015-11-05T18:50:00,Strada Urbana,all'intersezione con,PIAZZA VENEZIA,,Scontro laterale fra veicoli in marcia,Incrocio,Una carreggiata a doppio senso,Asciutto,In cubetti di porfido,Verticale ed orizzontale,Nuvoloso,Intenso,Sufficiente,Sufficiente,0,0,0,3,12.48263,41.89672,True,z,VIA CESARE BATTISTI,VIA CESARE BATTISTI,
2569462,4,2015-11-05T19:00:00,Statale entro l'abitato,in prossimitíæ,VIA SALARIA,,Tamponamento Multiplo,Rettilineo,Due carreggiate,Asciutto,Asfaltata,Verticale ed orizzontale,Sereno,Normale,Buona,Sufficiente,0,0,0,4,12.50625,41.9506,True,z,del civico n.,,1388
2569210,10,2015-11-05T19:20:00,Strada Urbana,all'intersezione con,VIA ROMBIOLO,,Scontro frontale-laterale DX fra veicoli in marcia,Incrocio,Una carreggiata a doppio senso,Asciutto,Asfaltata,Verticale,Sereno,Scarso,Sufficiente,Sufficiente,0,0,0,2,12.55823,41.84008,True,z,VIA SOVERATO,VIA SOVERATO,
2569293,5,2015-11-05T19:30:00,Strada Urbana,in prossimitíæ,VIA TIBURTINA,,Tamponamento,Rettilineo,Pií_ di due carreggiate,Asciutto,Asfaltata,Verticale ed orizzontale,Sereno,Normale,Buona,Sufficiente,1,0,0,1,12.53918,41.90861,False,z,del civico n.,,483
2569690,12,2015-11-05T19:40:00,Strada Urbana,in corrispondenza,VIALE DELLA CIVILTA' DEL LAVORO,,Investimento di pedone,Rettilineo,Una carreggiata a doppio senso,Asciutto,Asfaltata,Verticale ed orizzontale,Nuvoloso,Normale,Sufficiente,Sufficiente,2,0,0,0,,,False,z,del civico n.,,107
2569508,2,2015-11-05T19:55:00,Strada Urbana,in corrispondenza,VIA ALFONSO RENDANO,,Veicolo in marcia contro veicolo fermo,Rettilineo,Una carreggiata a senso unico di marcia,Bagnato (umiditíæ in atto),Asfaltata,Verticale ed orizzontale,Sereno,Normale,Buona,Sufficiente,0,0,0,2,12.51458,41.93497,True,z,del civico n.,,10
2569305,5,2015-11-05T20:00:00,Strada Urbana,in prossimitíæ,VIA PRENESTINA,,Tamponamento,Rettilineo,Una carreggiata a senso unico di marcia,Asciutto,Asfaltata,Verticale ed orizzontale,Sereno,Scarso,Buona,Sufficiente,1,0,0,2,12.55898,41.89476,True,z,del civico n.,,380
2569256,19,2015-11-05T20:00:00,Strada Urbana,da specificare,VIA TRIONFALE,altezza P.zza Monte Gaudio,Scontro frontale fra veicoli in marcia,Curva senza visuale libera,Una carreggiata a doppio senso,Bagnato (pioggia),Asfaltata,Verticale ed orizzontale,Sereno,Normale,Buona,Sufficiente,1,0,0,0,12.42296,41.94088,False,z,,,
2570248,3,2015-11-05T20:15:00,,in prossimitíæ,PIAZZALE DEL VERANO,,Infortunio per caduta del veicolo,,,,,,,,,,1,0,0,1,,,False,z,del civico n.,,21
2569406,7,2015-11-05T20:15:00,Strada Urbana,in prossimitíæ,VIA DI CENTOCELLE,,Scontro frontale-laterale SX fra veicoli in marcia,Rettilineo,Una carreggiata a doppio senso,Asciutto,Asfaltata,Orizzontale,Sereno,Normale,Buona,Sufficiente,0,0,0,2,12.55188,41.86739,True,z,del civico n.,,251
2569181,15,2015-11-05T20:50:00,Strada Urbana,da specificare,PIAZZA DELLA RADIO,fronte civico 71,Scontro laterale fra veicoli in marcia,Rettilineo,Due carreggiate,Asciutto,Asfaltata,Verticale ed orizzontale,Sereno,Normale,Buona,Sufficiente,0,0,0,3,12.46761,41.86983,True,z,,,
2570247,16,2015-11-05T20:55:00,Strada Urbana,in corrispondenza,VIALE ISACCO NEWTON,,Scontro frontale-laterale SX fra veicoli in marcia,Rettilineo,Due carreggiate,Bagnato (umiditíæ in atto),Asfaltata,Verticale ed orizzontale,Sereno,Normale,Sufficiente,Sufficiente,1,0,0,1,12.44193,41.85825,False,z,del civico n.,,43
2569291,20,2015-11-05T21:30:00,Comunale extraurbana,in corrispondenza,VIA DELLA GIUSTINIANA,,Scontro frontale fra veicoli in marcia,Rettilineo,Una carreggiata a doppio senso,Asciutto,Asfaltata,Assente,Sereno,Scarso,Insufficiente,Insufficiente,0,0,0,2,12.45002,41.99439,True,z,del palo luce n.,,111
2569584,1,2015-11-05T21:40:00,Strada Urbana,all'intersezione semaforizzata con,VIA SAN MARTINO DELLA BATTAGLIA,,Scontro frontale-laterale DX fra veicoli in marcia,Intersezione semaforizzata,Una carreggiata a doppio senso,Bagnato (umiditíæ in atto),Asfaltata,Verticale ed orizzontale,Nuvoloso,Normale,Buona,Sufficiente,2,0,0,1,12.50449,41.90566,True,z,VIA PALESTRO,VIA PALESTRO,
2569204,15,2015-11-05T22:43:00,Strada Urbana,da specificare,VIA DI TORRICOLA,"prov. Ardeatina dir. Staz, di torricola",Investimento di pedone,Rettilineo,Una carreggiata a doppio senso,Asciutto,Asfaltata,Orizzontale,Nuvoloso,Scarso,Insufficiente,Inesistente,0,0,1,1,12.54232,41.8114,True,z,,,
2569832,2,2015-11-06T03:15:00,Strada Urbana,da specificare,VIA DELLA LEGA LOMBARDA,rampa di accesso direz. PZZA DELLE CROCIATE,Veicolo in marcia contro ostacolo accidentale,Curva senza visuale libera,Una carreggiata a senso unico di marcia,Asciutto,Asfaltata,Verticale ed orizzontale,Sereno,Scarso,Sufficiente,Sufficiente,0,0,0,1,12.52353,41.90876,True,z,,,
2569191,15,2015-11-06T03:30:00,Strada Urbana,da specificare,VIA CRISTOFORO COLOMBO,inters.rampa d'uscita Rm-Fiumicino,Scontro laterale fra veicoli in marcia,Curva a visuale libera,Una carreggiata a senso unico di marcia,Bagnato (umiditíæ in atto),Asfaltata,Orizzontale,Nuvoloso,Scarso,Sufficiente,Sufficiente,3,0,0,1,12.44704,41.80373,True,z,,,
2569229,10,2015-11-06T04:00:00,Statale,da specificare,VIA TUSCOLANA,f.c. 1427,Veicolo in marcia contro ostacolo fisso,Rettilineo,Due carreggiate,Bagnato (umiditíæ in atto),Asfaltata,Verticale,Nebbia,Scarso,Insufficiente,Insufficiente,1,0,0,0,12.57887,41.84638,False,z,,,
2570810,20,2015-11-06T06:35:00,Regionale,da specificare,VIA FLAMINIA,altezza via Tiberina,Tamponamento,Rettilineo,Due carreggiate,Bagnato (umiditíæ in atto),Asfaltata,Verticale ed orizzontale,Nebbia,Intenso,Buona,Ore Diurne,2,1,0,0,,,False,z,,,
2569664,20,2015-11-06T06:50:00,Strada Urbana,in corrispondenza,VIA DI VALLE MURICANA,,Tamponamento,Rettilineo,Una carreggiata a doppio senso,Asciutto,Asfaltata,Orizzontale,Sereno,Normale,Buona,Ore Diurne,2,0,0,1,,,False,z,del civico n.,,fronte 599
2569704,13,2015-11-06T07:00:00,Strada Urbana,in corrispondenza,VIA DI PRATO CORNELIO,,Scontro laterale fra veicoli in marcia,Rettilineo,Una carreggiata a doppio senso,Asciutto,Asfaltata,Verticale ed orizzontale,Sereno,Normale,Buona,Ore Diurne,0,0,0,3,12.36373,41.7742,True,z,del civico n.,,81
2569835,13,2015-11-06T07:08:00,Strada Urbana,all'intersezione con,VIA DI DRAGONE,,Scontro frontale-laterale DX fra veicoli in marcia,Incrocio,Una carreggiata a doppio senso,Asciutto,Asfaltata,Verticale,Sereno,Normale,Sufficiente,Ore Diurne,0,0,0,2,12.33093,41.78552,True,z,VIA GIOVANNI SALVATERRA,VIA GIOVANNI SALVATERRA,
2569388,11,2015-11-06T07:15:00,Strada Urbana,in prossimitíæ,VIA DEI MAGAZZINI GENERALI,,Investimento di pedone,Rettilineo,Una carreggiata a senso unico di marcia,Asciutto,Asfaltata,Orizzontale,Sereno,Normale,Buona,Ore Diurne,0,0,0,2,12.47943,41.87205,True,z,del civico n.,,4
2571279,15,2015-11-06T07:15:00,Regionale entro l'abitato,in prossimitíæ,VIA ASCIANO,,Fuoriuscita dalla sede stradale,Rettilineo,Una carreggiata a doppio senso,Asciutto,Strada pavimentata dissestata,Assente,Sereno,Scarso,Buona,Ore Diurne,0,0,0,1,12.45388,41.83773,True,z,del civico n.,,18
2569509,12,2015-11-06T07:30:00,Strada Urbana,in prossimitíæ,VIA DI TOR PAGNOTTA,,Scontro frontale-laterale DX fra veicoli in marcia,Rettilineo,Una carreggiata a doppio senso,Bagnato (umiditíæ in atto),Asfaltata,Verticale ed orizzontale,Sereno,Normale,Buona,Ore Diurne,0,0,0,3,12.51173,41.80345,True,z,del civico n.,,306
2572886,12,2015-11-06T08:00:00,Strada Urbana,da specificare,VIA CRISTOFORO COLOMBO,"direzione Roma centro, pross. AGIP",Scontro laterale fra veicoli in marcia,Rettilineo,Due carreggiate,Bagnato (umiditíæ in atto),Asfaltata,Verticale ed orizzontale,Sereno,Intenso,Buona,Ore Diurne,1,0,0,1,12.46314,41.81848,True,z,,,
2570949,19,2015-11-06T08:30:00,Strada Urbana,in prossimitíæ,VIA DIANO MARINA,,Ribaltamento senza urto contro ostacolo fisso,Rettilineo,Una carreggiata a senso unico di marcia,Asciutto,Asfaltata,Assente,Sereno,Scarso,Buona,Ore Diurne,1,0,0,0,12.42183,41.92751,True,z,del civico n.,,98
2570694,8,2015-11-06T08:30:00,Statale entro l'abitato,da specificare,VIA CASILINA,altezza svincolo GRA uscita carreggiata esterna,Scontro laterale fra veicoli in marcia,Rotatoria,Una carreggiata a senso unico di marcia,Asciutto,Asfaltata,Verticale ed orizzontale,Sereno,Intenso,Sufficiente,Ore Diurne,0,0,0,2,12.60933,41.86405,True,z,,,
2569615,1,2015-11-06T08:30:00,Strada Urbana,all'intersezione con,VIA DEL CASTRO PRETORIO,,Scontro frontale-laterale SX fra veicoli in marcia,Incrocio,Una carreggiata a doppio senso,Asciutto,Asfaltata,Verticale ed orizzontale,Sereno,Intenso,Buona,Ore Diurne,0,0,0,3,12.50569,41.90178,True,z,VIA VARESE,VIA VARESE,
2572875,7,2015-11-06T08:31:00,Strada Urbana,in corrispondenza,VIA CASILINA,,Scontro laterale fra veicoli in marcia,Rettilineo,Una carreggiata a doppio senso,Asciutto,Asfaltata,Verticale ed orizzontale,Nuvoloso,Normale,Buona,Ore Diurne,0,0,0,4,12.68422,41.8627,True,z,del civico n.,,1837
2573149,17,2015-11-06T08:45:00,Strada Urbana,in prossimitíæ,VIA GIORDANO BRUNO,,Veicolo in marcia contro veicolo in sosta,Rettilineo,Una carreggiata a senso unico di marcia,Asciutto,Asfaltata,Verticale ed orizzontale,Sereno,Scarso,Buona,Ore Diurne,0,0,0,1,12.45225,41.91199,True,z,del civico n.,,18
2570864,20,2015-11-06T08:50:00,Strada Urbana,in corrispondenza,VIALE CORTINA D'AMPEZZO,,Scontro frontale fra veicoli in marcia,Rettilineo,Una carreggiata a doppio senso,Bagnato (umiditíæ in atto),Asfaltata,Orizzontale,Sereno,Scarso,Buona,Ore Diurne,1,0,0,1,,,False,z,del civico n.,,64
2570259,3,2015-11-06T08:50:00,,all'intersezione semaforizzata con,PIAZZALE DI PORTA PIA,,Scontro laterale fra veicoli in marcia,,,,,,,,,,1,0,0,1,,,False,z,VIA NOMENTANA,VIA NOMENTANA,
2569477,17,2015-11-06T09:00:00,Strada Urbana,in corrispondenza,VIALE ANGELICO,,Scontro laterale fra veicoli in marcia,Rettilineo,Due carreggiate,,Asfaltata,Verticale ed orizzontale,Sereno,Normale,Buona,Ore Diurne,1,0,0,1,,,False,z,del civico n.,,291
2572697,2,2015-11-06T09:00:00,Strada Urbana,in prossimitíæ,VIA DEL FORO ITALICO,,Tamponamento,Rettilineo,Due carreggiate,Asciutto,Asfaltata,Verticale ed orizzontale,Sereno,Normale,Buona,Ore Diurne,0,0,0,2,12.50088,41.94033,True,z,del civico n.,,605
2573872,18,2015-11-06T09:20:00,Strada Urbana,da specificare,PIAZZA PIO XI,fronte via F. SATOLLI,Scontro laterale fra veicoli in marcia,Rettilineo,Pií_ di due carreggiate,Asciutto,Asfaltata,Verticale ed orizzontale,Sereno,Intenso,Buona,Ore Diurne,0,0,0,2,12.43864,41.89489,True,z,,,
2569712,6,2015-11-06T09:40:00,Strada Urbana,in corrispondenza,VIALE DELLA VENEZIA GIULIA,,Scontro laterale fra veicoli in marcia,Rettilineo,Una carreggiata a doppio senso,Asciutto,Asfaltata,Verticale ed orizzontale,Sereno,Normale,Buona,Ore Diurne,1,0,0,0,,,False,z,del civico n.,,160
2569600,11,2015-11-06T10:00:00,Strada Urbana,da specificare,VIA ROSA GUARNIERI CARDUCCI,all'interno dell'area parcheggio del mercato,Veicolo in marcia contro veicolo fermo,Rettilineo,Una carreggiata a doppio senso,Asciutto,Asfaltata,Assente,Sereno,Scarso,Buona,Ore Diurne,1,0,0,2,12.49152,41.85764,True,z,,,
2570709,11,2015-11-06T10:10:00,Strada Urbana,da specificare,PIAZZALE DEI CADUTI DELLA MONTAGNOLA,prossimitíæ palo luce nŒÁ18 (fronte civ.40),Scontro laterale fra veicoli in marcia,Rettilineo,Due carreggiate,Asciutto,Asfaltata,Verticale ed orizzontale,Sereno,Normale,Buona,Ore Diurne,0,0,0,2,12.48351,41.84531,True,z,,,
2573443,12,2015-11-06T10:40:00,Strada Urbana,in corrispondenza,VIA PIERFRANCO BONETTI,,Scontro frontale-laterale DX fra veicoli in marcia,Curva senza visuale libera,Una carreggiata a senso unico di marcia,Asciutto,Asfaltata,Verticale ed orizzontale,Sereno,Normale,Buona,Ore Diurne,0,0,0,2,12.44761,41.79778,True,z,del civico n.,,55
2573503,12,2015-11-06T10:40:00,Statale entro l'abitato,da specificare,VIA DEL MARE,"direzione ROMA centro altezza Km 6,00",Tamponamento Multiplo,Rettilineo,Una carreggiata a doppio senso,Asciutto,Asfaltata,Verticale ed orizzontale,Sereno,Normale,Buona,Ore Diurne,1,0,0,2,12.42838,41.8139,False,z,,,
2571235,5,2015-11-06T10:50:00,Strada Urbana,all'intersezione con,VIA DEI DURANTINI,,Tamponamento,Intersezione stradale segnalata,Una carreggiata a senso unico di marcia,Asciutto,Asfaltata,Verticale ed orizzontale,Sereno,Intenso,Buona,Ore Diurne,0,0,0,2,12.54244,41.90929,True,z,VIA RENZO ROSSI,VIA RENZO ROSSI,
2570952,23,2015-11-06T10:50:00,,all'intersezione semaforizzata con,VIA CRISTOFORO COLOMBO,,Tamponamento Multiplo,,,,,,,,,,0,0,0,3,,,False,z,VIA DI MALAFEDE,VIA DI MALAFEDE,
2573093,1,2015-11-06T10:55:00,Strada Urbana,in prossimitíæ,LUNGOTEVERE AVENTINO,,Infortunio per sola frenata improvvisa,Rettilineo,Una carreggiata a senso unico di marcia,Asciutto,Asfaltata,Verticale ed orizzontale,Sereno,Normale,Buona,Ore Diurne,1,0,0,2,12.47894,41.88549,True,z,del palo luce n.,,25
2573127,1,2015-11-06T11:05:00,Strada Urbana,in prossimitíæ,LUNGOTEVERE DELLA FARNESINA,,Tamponamento,Rettilineo,Una carreggiata a senso unico di marcia,Asciutto,Asfaltata,Verticale ed orizzontale,Sereno,Normale,Buona,Ore Diurne,2,0,0,1,12.46926,41.89255,True,z,del civico n.,,6
2569844,2,2015-11-06T11:05:00,Strada Urbana,all'intersezione con,CORSO TRIESTE,,Scontro frontale-laterale DX fra veicoli in marcia,Incrocio,Due carreggiate,Asciutto,Asfaltata,Verticale ed orizzontale,Sereno,Normale,Buona,Ore Diurne,1,0,0,1,12.50939,41.92047,True,z,PIAZZA TRENTO,PIAZZA TRENTO,
2570275,16,2015-11-06T11:12:00,Strada Urbana,all'intersezione con,VIA PORTUENSE,,Scontro laterale fra veicoli in marcia,Intersezione semaforizzata,Una carreggiata a doppio senso,Asciutto,Asfaltata,Verticale,Sereno,Intenso,Buona,Ore Diurne,0,0,0,2,12.40939,41.84342,True,z,VIA DEGLI ORTI DI CESARE,VIA DEGLI ORTI DI CESARE,
2569785,18,2015-11-06T11:15:00,Strada Urbana,in corrispondenza,VIA ENRICO BONDI,,Veicolo in marcia contro veicolo in sosta,Rettilineo,Una carreggiata a doppio senso,Asciutto,Asfaltata,Verticale,Sereno,Normale,Buona,Ore Diurne,1,0,0,1,12.38845,41.90257,True,z,del civico n.,,83
2573072,12,2015-11-06T11:20:00,Statale,da specificare,VIA OSTIENSE,sopraelevata alt. rampa dir. Vitinia,Scontro frontale fra veicoli in marcia,Cavalcavia,Una carreggiata a senso unico di marcia,Asciutto,Asfaltata,Verticale ed orizzontale,Sereno,Normale,Buona,Ore Diurne,4,0,0,2,,,False,z,,,
2570704,8,2015-11-06T11:30:00,Strada Urbana,in prossimitíæ,VIA DELLE ALZAVOLE,,Veicolo in marcia contro ostacolo fisso,Rettilineo,Una carreggiata a doppio senso,Asciutto,Con buche,Assente,Sereno,Normale,Sufficiente,Ore Diurne,0,0,0,4,12.60183,41.87392,False,z,del civico n.,,25
2569866,9,2015-11-06T11:45:00,Strada Urbana,in prossimitíæ,LARGO MAGNAGRECIA,,Scontro laterale fra veicoli in marcia,Rettilineo,Una carreggiata a doppio senso,Asciutto,Asfaltata,Verticale ed orizzontale,Sereno,Normale,Buona,Ore Diurne,0,0,0,4,12.50968,41.88516,True,z,del civico n.,,3
2569770,11,2015-11-06T12:00:00,Strada Urbana,da specificare,VIALE GUGLIELMO MARCONI,in prossimitíæ di via S. Pincherle,Tamponamento,Rettilineo,Due carreggiate,Asciutto,Asfaltata,Verticale ed orizzontale,Sereno,Normale,Buona,Ore Diurne,0,0,0,3,12.47297,41.8525,True,z,,,
2570759,20,2015-11-06T12:00:00,Strada Urbana,da specificare,VIA FLAMINIA NUOVA,prossimitíæ via Bomarzo direzione GRA,Tamponamento Multiplo,Rettilineo,Due carreggiate,Asciutto,Asfaltata,Verticale ed orizzontale,Sereno,Intenso,Buona,Ore Diurne,3,0,0,6,,,False,z,,,
2570706,8,2015-11-06T12:30:00,Strada Urbana,all'intersezione con,VIA MESORACA,,Scontro frontale fra veicoli in marcia,Incrocio,Una carreggiata a doppio senso,Asciutto,Asfaltata,Verticale ed orizzontale,Sereno,Normale,Buona,Ore Diurne,1,0,0,0,12.67884,41.8715,False,z,VIA SELLIA,VIA SELLIA,