_ID,_Gruppo,_DataOraIncidente,_Localizzazione1,_Localizzazione2,_Strada1,_DaSpecificare,_NaturaIncidente,_ParticolaritaStrade,_TipoStrada,_FondoStradale,_Pavimentazione,_Segnaletica,_CondizioneAtmosferica,_Traffico,_Visibilita,_Illuminazione,_NUM_FERITI,_NUM_RISERVATA,_NUM_MORTI,_NUM_ILLESI,_Longitudine,_Latitudine,_CONFERMATO,__prefix,_Strada02,_Strada2,_Chilometrica
2571240,5,2015-11-06T12:35:00,Strada Urbana,in corrispondenza,VIA DI PORTONACCIO,,Scontro frontale-laterale SX fra veicoli in marcia,Curva a visuale libera,Due carreggiate,Asciutto,Asfaltata,Orizzontale,Sereno,Normale,Buona,Ore Diurne,0,0,0,2,12.53652,41.90358,True,z,del civico n.,,33
2574871,1,2015-11-06T13:00:00,Strada Urbana,in prossimitíæ,LUNGOTEVERE DELLA FARNESINA,,Scontro laterale fra veicoli in marcia,Rettilineo,Una carreggiata a senso unico di marcia,Asciutto,Asfaltata,Verticale ed orizzontale,Sereno,Intenso,Buona,Ore Diurne,0,0,0,2,12.46926,41.89255,True,z,del civico n.,,6
2570114,2,2015-11-06T13:00:00,Strada Urbana,all'intersezione semaforizzata con,LARGO BENEDETTO MARCELLO,,Investimento di pedone,Intersezione semaforizzata,Una carreggiata a doppio senso,Asciutto,Asfaltata,Verticale ed orizzontale,Sereno,Normale,Buona,Ore Diurne,2,0,0,1,12.49719,41.91831,True,z,VIA ALESSANDRO SCARLATTI,VIA ALESSANDRO SCARLATTI,
2570821,4,2015-11-06T13:35:00,Strada Urbana,in prossimitíæ,VIA FLAVIO ANDO',,Veicolo in marcia contro veicolo fermo,Rettilineo,Una carreggiata a doppio senso,Asciutto,Asfaltata,Orizzontale,Sereno,Normale,Buona,Ore Diurne,0,0,0,2,12.5214,41.9666,True,z,del civico n.,,15
2570028,17,2015-11-06T13:40:00,Strada Urbana,in corrispondenza,VIA ANGELO EMO,,Tamponamento,Rettilineo,Due carreggiate,Asciutto,Asfaltata,Verticale ed orizzontale,Sereno,Normale,Buona,Ore Diurne,0,0,0,2,12.4481,41.90545,True,z,del civico n.,,25-D
2573350,20,2015-11-06T14:00:00,Strada Urbana,in corrispondenza,VIA LOMAZZO,,Veicolo in marcia contro ostacolo fisso,Rettilineo,Una carreggiata a doppio senso,Asciutto,Asfaltata,Assente,Sereno,Scarso,Buona,Ore Diurne,0,0,0,0,12.46814,42.02269,True,z,del civico n.,,29
2573213,7,2015-11-06T14:10:00,Strada Urbana,da specificare,VIALE PALMIRO TOGLIATTI,altezza via delle Abelie,Tamponamento,Rettilineo,Due carreggiate,Asciutto,Asfaltata,Orizzontale,Sereno,Intenso,Sufficiente,Ore Diurne,2,0,0,3,12.57339,41.88769,False,z,,,
2573212,1,2015-11-06T14:30:00,Strada Urbana,all'intersezione con,VIA DELLA MERCEDE,,Scontro frontale-laterale DX fra veicoli in marcia,Incrocio,Una carreggiata a senso unico di marcia,Asciutto,Asfaltata,Verticale,Sereno,Normale,Buona,Ore Diurne,0,0,0,2,12.4822,41.90331,True,z,VIA MARIO DE FIORI,VIA MARIO DE FIORI,
2573521,18,2015-11-06T15:00:00,Strada Urbana,all'intersezione con,VIA SUOR MARIA AGOSTINA,,Scontro frontale-laterale SX fra veicoli in marcia,Intersezione stradale segnalata,Una carreggiata a doppio senso,Asciutto,Asfaltata,Verticale ed orizzontale,Sereno,Normale,Buona,Ore Diurne,0,0,0,1,12.38633,41.9038,True,z,VIA ANTONIO MAGLIO,VIA ANTONIO MAGLIO,
2570878,20,2015-11-06T15:00:00,Strada Urbana,da specificare,VIALE DI TOR DI QUINTO,intersezione rampa Foro Italico,Scontro frontale-laterale DX fra veicoli in marcia,Rettilineo,Pií_ di due carreggiate,Asciutto,Asfaltata,Verticale ed orizzontale,Sereno,Intenso,Buona,Ore Diurne,0,0,0,3,12.48083,41.94056,True,z,,,
2570152,20,2015-11-06T15:15:00,Provinciale,in prossimitíæ,VIA BRACCIANENSE,,Scontro frontale fra veicoli in marcia,Curva senza visuale libera,Una carreggiata a doppio senso,Asciutto,Asfaltata,Orizzontale,Sereno,Normale,Buona,Ore Diurne,1,0,0,1,,,False,z,della chilometrica,,6.3
2570711,8,2015-11-06T15:15:00,,da specificare,VIA DI ROCCA CENCIA,mt 300 prima di via LAGO REGILLO dir. Prenestina,Scontro laterale fra veicoli in marcia,,,,,,,,,,2,0,0,1,,,False,z,,,
2570148,10,2015-11-06T15:25:00,Strada Urbana,da specificare,VIA STEFANO OBERTO,corrispondenza del parco Giraldi dir. v. Gentile,Veicolo in marcia contro veicolo in sosta,Rettilineo,Una carreggiata a senso unico di marcia,Asciutto,Asfaltata,Verticale ed orizzontale,Sereno,Normale,Buona,Ore Diurne,1,0,0,0,12.58823,41.84836,True,z,,,
2570920,23,2015-11-06T15:30:00,Comunale extraurbana,in prossimitíæ,VIA CRISTOFORO COLOMBO,,Scontro laterale fra veicoli in marcia,Rettilineo,Due carreggiate,Asciutto,Asfaltata,Verticale ed orizzontale,Sereno,Normale,Buona,Ore Diurne,1,0,0,1,12.38653,41.76769,True,z,della chilometrica,,19.25
2572742,16,2015-11-06T15:30:00,Strada Urbana,all'intersezione con,VIA DEI MATTEINI,,Tamponamento,Intersezione stradale segnalata,Una carreggiata a doppio senso,Asciutto,Asfaltata,Verticale ed orizzontale,Sereno,Normale,Sufficiente,Ore Diurne,0,0,0,3,12.41391,41.87252,True,z,VIA DEL CASALE NINFEO,VIA DEL CASALE NINFEO,
2574324,18,2015-11-06T15:35:00,Statale,da specificare,VIA AURELIA,in prossimitíæ svincolo per Acquafredda,Tamponamento Multiplo,Rettilineo,Due carreggiate,Asciutto,Asfaltata,Verticale ed orizzontale,Sereno,Normale,Buona,Ore Diurne,1,0,0,3,12.38945,41.88559,False,z,,,
2573737,18,2015-11-06T15:40:00,Strada Urbana,in prossimitíæ,VIA DI TORREVECCHIA,,Scontro frontale-laterale SX fra veicoli in marcia,Rettilineo,Una carreggiata a doppio senso,Asciutto,Asfaltata,Verticale ed orizzontale,Sereno,Normale,Buona,Ore Diurne,0,0,0,1,12.40324,41.91247,True,z,del civico n.,,1066
2573655,18,2015-11-06T15:50:00,Strada Urbana,in prossimitíæ,VIA MATTIA BATTISTINI,,Scontro laterale fra veicoli in marcia,Rettilineo,Una carreggiata a doppio senso,Asciutto,Asfaltata,Orizzontale,Sereno,Normale,Buona,Ore Diurne,0,0,0,3,12.41588,41.90831,True,z,del civico n.,,102
2574918,1,2015-11-06T16:10:00,Strada Urbana,in prossimitíæ,VIA DELLE MURATTE,,Veicolo in marcia contro ostacolo fisso,Rettilineo,Una carreggiata a senso unico di marcia,Asciutto,In cubetti di porfido,Verticale ed orizzontale,Sereno,Scarso,Buona,Ore Diurne,0,0,0,1,,,False,z,del civico n.,,22
2570748,8,2015-11-06T16:15:00,,in corrispondenza,VIA DELLA TENUTA DI TORRENOVA,,Veicolo in marcia contro ostacolo fisso,,,,,,,,,,1,0,0,0,,,False,z,del palo luce n.,,9
2573243,17,2015-11-06T16:15:00,Strada Urbana,all'intersezione con,VIA FABIO MASSIMO,,Tamponamento,Incrocio,Una carreggiata a senso unico di marcia,Asciutto,Asfaltata,Verticale ed orizzontale,Sereno,Normale,Buona,Ore Diurne,0,0,0,4,12.46192,41.90951,True,z,VIA DEGLI SCIPIONI,VIA DEGLI SCIPIONI,
2571277,15,2015-11-06T16:20:00,Strada Urbana,in prossimitíæ,VIA BACCIO BALDINI,,Veicolo in marcia contro veicoli in sosta,Rettilineo,Una carreggiata a senso unico di marcia,Asciutto,Acciotolata,Verticale ed orizzontale,Sereno,Scarso,Buona,Ore Diurne,0,0,0,1,12.46793,41.87205,True,z,del civico n.,,4-B
2570271,2,2015-11-06T16:40:00,Strada Urbana,in corrispondenza,VIA PANAMA,,Scontro frontale-laterale SX fra veicoli in marcia,Rettilineo,Una carreggiata a doppio senso,Asciutto,Asfaltata,Verticale ed orizzontale,Sereno,Normale,Buona,Ore Diurne,1,0,0,1,12.50096,41.92344,True,z,del civico n.,,116-a
2570874,4,2015-11-06T16:55:00,Statale entro l'abitato,in corrispondenza,VIA SALARIA,,Scontro frontale-laterale DX fra veicoli in marcia,Rettilineo,Una carreggiata a doppio senso,Asciutto,Asfaltata,Orizzontale,Sereno,Normale,Buona,Sufficiente,0,0,0,2,12.50625,41.9506,False,z,del civico n.,,1424
2570758,13,2015-11-06T17:00:00,Strada Urbana,in corrispondenza,CORSO DUCA DI GENOVA,,Scontro laterale fra veicoli in marcia,Rettilineo,Una carreggiata a doppio senso,Asciutto,Asfaltata,Verticale ed orizzontale,Sereno,Normale,Sufficiente,Ore Diurne,0,0,0,2,12.27426,41.73307,True,z,del civico n.,,125
2572912,7,2015-11-06T17:10:00,Strada Urbana,all'intersezione con,VIA FERENTINO,,Scontro frontale-laterale SX fra veicoli in marcia,Incrocio,Una carreggiata a senso unico di marcia,Asciutto,Asfaltata,Verticale ed orizzontale,Sereno,Scarso,Buona,Ore Diurne,0,0,0,2,12.56188,41.87771,True,z,VIA PALIANO,VIA PALIANO,
2570989,19,2015-11-06T17:25:00,Strada Urbana,in prossimitíæ,VIA PIETRO MAFFI,,Veicolo in marcia contro veicolo in sosta,Rettilineo,Una carreggiata a doppio senso,Asciutto,Asfaltata,Assente,Sereno,Intenso,Buona,Sufficiente,0,0,0,1,12.41844,41.92435,True,z,del civico n.,,67
2570337,20,2015-11-06T17:30:00,Strada Urbana,in prossimitíæ,CORSO DI FRANCIA,,Tamponamento Multiplo,Rettilineo,Due carreggiate,Asciutto,Asfaltata,Verticale ed orizzontale,Sereno,Intenso,Buona,Sufficiente,0,0,0,4,12.46981,41.94315,True,z,del civico n.,,175
2570279,6,2015-11-06T17:30:00,Strada Urbana,da specificare,VIA FIUGGI,fronte civico 18,Veicolo in marcia contro veicolo in sosta,Rettilineo,Una carreggiata a doppio senso,Asciutto,Con buche,Assente,Sereno,Scarso,Sufficiente,Sufficiente,0,0,0,1,12.56023,41.88942,True,z,,,
2573578,12,2015-11-06T17:50:00,Strada Urbana,da specificare,VIA DI VALLERANO,prossimitíæ rotatoria VIA LAURENTINA,Tamponamento Multiplo,Rettilineo,Due carreggiate,Asciutto,Asfaltata,Verticale ed orizzontale,Sereno,Intenso,Buona,Sufficiente,0,0,0,4,12.47814,41.78566,True,z,,,
2570315,11,2015-11-06T17:50:00,Strada Urbana,in corrispondenza,VIA ANDREA MANTEGNA,,Scontro laterale fra veicoli in marcia,Rettilineo,Due carreggiate,Asciutto,Asfaltata,Verticale ed orizzontale,Sereno,Intenso,Buona,Sufficiente,2,0,0,3,12.49337,41.85162,True,z,del civico n.,,17
2572834,7,2015-11-06T18:00:00,Strada Urbana,in prossimitíæ,VIA COLLATINA,,Tamponamento Multiplo,Rettilineo,Una carreggiata a doppio senso,Asciutto,Asfaltata,Verticale ed orizzontale,Sereno,Intenso,Buona,Sufficiente,1,0,0,3,12.60549,41.90484,True,z,del civico n.,,396
2570897,4,2015-11-06T18:00:00,,all'intersezione con,VIA VAGLIA,,Investimento di pedone,,,,,,,,,,0,0,0,2,12.51553,41.95129,False,z,VIA MONTAIONE,VIA MONTAIONE,
2570995,19,2015-11-06T18:15:00,Strada Urbana,da specificare,VIA TRIONFALE,altezza pier paolo pasolini,Tamponamento,Rettilineo,Una carreggiata a doppio senso,Asciutto,Asfaltata,Orizzontale,Sereno,Intenso,Buona,Sufficiente,0,0,0,2,12.42296,41.94088,True,z,,,
2570909,23,2015-11-06T18:30:00,,da specificare,VIA DELL'AMBA ARADAM,ingresso Ospedale S. Giovanni,Scontro frontale-laterale SX fra veicoli in marcia,,,,,,,,,,0,0,0,6,,,False,z,,,
2572772,3,2015-11-06T18:50:00,,all'intersezione semaforizzata con,VIA NOMENTANA,,Investimento di pedone,,,,,,,,,,1,0,0,1,,,False,z,VIALE GORIZIA,VIALE GORIZIA,
2571734,10,2015-11-06T19:00:00,,all'intersezione con,VIA FILIPPO SERAFINI,,Investimento di pedone,,,,,,,,,,1,0,0,1,12.57477,41.86139,False,z,VIA FRANCESCO BUONAMICI,VIA FRANCESCO BUONAMICI,
2570929,19,2015-11-06T19:00:00,Strada Urbana,in prossimitíæ,VIA ALESSANDRO SOLIVETTI,,Veicolo in marcia contro veicoli in sosta,Rettilineo,Una carreggiata a senso unico di marcia,Asciutto,Asfaltata,Assente,Sereno,Scarso,Buona,Sufficiente,0,0,0,1,12.42051,41.93546,True,z,del civico n.,,14-Dec
2570751,8,2015-11-06T19:15:00,,in prossimitíæ,VIA SILICELLA,,Veicolo in marcia contro ostacolo accidentale,,,,,,,,,,0,0,0,1,,,False,z,del civico n.,,107
2571243,5,2015-11-06T19:20:00,Strada Urbana,in prossimitíæ,VIA TIBURTINA,,Tamponamento Multiplo,Rettilineo,Pií_ di due carreggiate,Asciutto,Asfaltata,Orizzontale,Sereno,Normale,Sufficiente,Sufficiente,2,0,0,6,12.57059,41.92413,False,z,del civico n.,,912
2572723,2,2015-11-06T19:30:00,Strada Urbana,da specificare,VIALE ETIOPIA,prossimitíæ piazza Gondar,Scontro laterale fra veicoli in marcia,Rettilineo,Una carreggiata a doppio senso,Asciutto,Asfaltata,Verticale ed orizzontale,Sereno,Normale,Sufficiente,Sufficiente,0,0,0,2,12.52094,41.93324,True,z,,,
2570734,20,2015-11-06T20:10:00,Strada Urbana,all'intersezione semaforizzata con,CORSO DI FRANCIA,,Tamponamento,Incrocio,Pií_ di due carreggiate,Asciutto,Asfaltata,Verticale ed orizzontale,Sereno,Intenso,Buona,Sufficiente,0,0,0,4,12.47154,41.93683,True,z,VIA LUIGI BODIO,VIA LUIGI BODIO,
2570942,19,2015-11-06T20:15:00,Strada Urbana,in prossimitíæ,VIA DELLA STORTA,,Veicolo in marcia contro ostacolo fisso,Curva senza visuale libera,Una carreggiata a doppio senso,Asciutto,Asfaltata,Orizzontale,Sereno,Scarso,Buona,Sufficiente,0,0,0,1,12.37651,42.02137,True,z,del civico n.,,591
2573166,1,2015-11-06T20:20:00,Strada Urbana,in prossimitíæ,VIA LIBERIANA,,Scontro laterale fra veicoli in marcia,Rettilineo,Una carreggiata a senso unico di marcia,Asciutto,Asfaltata,Verticale ed orizzontale,Sereno,Scarso,Buona,Ore Diurne,1,0,0,1,12.49787,41.89723,True,z,del civico n.,,19
2570720,11,2015-11-06T21:00:00,Strada Urbana,all'intersezione con,VIA DI GROTTA PERFETTA,,Scontro frontale-laterale DX fra veicoli in marcia,Incrocio,Una carreggiata a doppio senso,Asciutto,Asfaltata,Verticale ed orizzontale,Sereno,Scarso,Buona,Sufficiente,0,0,0,4,12.48691,41.84545,True,z,VIA SALVATORE DI GIACOMO,VIA SALVATORE DI GIACOMO,
2573666,12,2015-11-06T21:10:00,Regionale,da specificare,VIA PONTINA,"direzione POMEZIA KM 14,200",Scontro laterale fra veicoli in marcia,Rettilineo,Due carreggiate,Asciutto,Asfaltata,Verticale ed orizzontale,Sereno,Normale,Sufficiente,Inesistente,0,0,0,4,12.45106,41.79235,True,z,,,
2571742,10,2015-11-06T21:20:00,Strada Urbana,all'intersezione con,VIA LUCIO SESTIO,,Scontro frontale-laterale SX fra veicoli in marcia,Intersezione stradale segnalata,Una carreggiata a senso unico di marcia,Asciutto,Asfaltata,Verticale ed orizzontale,Sereno,Normale,Sufficiente,Sufficiente,0,0,0,3,12.55615,41.85884,True,z,VIA MARCO VALERIO CORVO,VIA MARCO VALERIO CORVO,
2572732,2,2015-11-06T21:55:00,Strada Urbana,all'intersezione con,VIALE REGINA MARGHERITA,,Scontro laterale fra veicoli in marcia,Intersezione semaforizzata,Una carreggiata a doppio senso,Asciutto,Asfaltata,Verticale ed orizzontale,Sereno,Normale,Buona,Sufficiente,0,0,0,4,12.50453,41.91472,True,z,VIA DALMAZIA,VIA DALMAZIA,
2573012,1,2015-11-06T22:30:00,Strada Urbana,all'intersezione con,LARGO GIOVANNI BATTISTA MARZI,,Scontro frontale fra veicoli in marcia,Incrocio,Una carreggiata a doppio senso,Asciutto,Asfaltata,Verticale ed orizzontale,Sereno,Normale,Sufficiente,Sufficiente,1,0,0,1,12.49637,41.90278,True,z,LUNGOTEVERE TESTACCIO,LUNGOTEVERE TESTACCIO,
2571776,10,2015-11-06T22:40:00,Strada Urbana,all'intersezione con,VIA FEDERICO DELPINO,,Veicolo in marcia contro veicolo in sosta,Incrocio,Due carreggiate,Asciutto,Asfaltata,Verticale ed orizzontale,Sereno,Scarso,Buona,Sufficiente,0,0,0,5,12.56615,41.8918,True,z,VIA DEI CICLAMINI,VIA DEI CICLAMINI,
2571264,15,2015-11-06T23:00:00,Strada Urbana,all'intersezione con,VIA TULLIO LEVI CIVITA,,Scontro frontale-laterale DX fra veicoli in marcia,Intersezione stradale segnalata,Due carreggiate,Asciutto,Asfaltata,Verticale ed orizzontale,Sereno,Scarso,Buona,Sufficiente,2,0,0,0,12.47335,41.85612,False,z,VIA LEOPOLDO NOBILI,VIA LEOPOLDO NOBILI,
2570753,8,2015-11-06T23:25:00,Strada Urbana,all'intersezione con,VIA DI TOR CERVARA,,Scontro frontale-laterale SX fra veicoli in marcia,Incrocio,Una carreggiata a doppio senso,Asciutto,Asfaltata,Orizzontale,Sereno,Normale,Buona,Sufficiente,2,0,0,0,12.5895,41.91848,True,z,VIA ALESSANDRO MAGNASCO,VIA ALESSANDRO MAGNASCO,
2573203,17,2015-11-07T00:00:00,Strada Urbana,in prossimitíæ,VIA PIETRO CAVALLINI,,Veicolo in marcia contro veicoli in sosta,Rettilineo,Una carreggiata a senso unico di marcia,Asciutto,Acciotolata,Verticale ed orizzontale,Sereno,Scarso,Buona,Ore Diurne,0,0,0,1,12.4481,41.90545,True,z,del civico n.,,40
2574924,1,2015-11-07T00:05:00,Strada Urbana,all'intersezione semaforizzata con,VIA DEI VERBITI,,Veicolo in marcia contro ostacolo accidentale,Intersezione semaforizzata,Una carreggiata a senso unico di marcia,Asciutto,Asfaltata,Verticale ed orizzontale,Sereno,Normale,Buona,Sufficiente,0,0,0,1,12.48599,41.87448,True,z,VIALE MARCO POLO,VIALE MARCO POLO,
2572736,2,2015-11-07T00:30:00,Strada Urbana,da specificare,VIA DELLE ISOLE CURZOLANE,altezza via Monte Epomeo,Scontro frontale-laterale SX fra veicoli in marcia,Rettilineo,Una carreggiata a senso unico di marcia,Asciutto,Asfaltata,Verticale ed orizzontale,Sereno,Scarso,Sufficiente,Sufficiente,4,0,0,0,12.53097,41.94907,False,z,,,
2570841,20,2015-11-07T00:30:00,Strada Urbana,da specificare,VIALE DI TOR DI QUINTO,prossimuitíæ rampavia del Foro Italico dir. centro,Tamponamento,Rettilineo,Due carreggiate,Asciutto,Asfaltata,Verticale ed orizzontale,Sereno,Normale,Buona,Sufficiente,0,0,0,4,12.4813,41.9406,True,z,,,
2573797,18,2015-11-07T01:05:00,Strada Urbana,in prossimitíæ,VIA DELLA MAGLIANELLA,,Scontro laterale fra veicoli in marcia,Curva senza visuale libera,Una carreggiata a senso unico di marcia,Asciutto,Asfaltata,Verticale ed orizzontale,Sereno,Scarso,Sufficiente,Sufficiente,0,0,0,2,12.38406,41.91404,True,z,del civico n.,,375
2570756,8,2015-11-07T02:19:00,Strada Urbana,in corrispondenza,PIAZZALE DELLA STAZIONE TIBURTINA,,Investimento di pedone,Rettilineo,Una carreggiata a senso unico di marcia,Asciutto,Asfaltata,Verticale ed orizzontale,Sereno,Scarso,Buona,Sufficiente,1,0,0,1,12.53078,41.90968,False,z,del civico n.,,495
2571783,20,2015-11-07T03:00:00,Strada Urbana,in corrispondenza,VIA DEGLI ORTI DELLA FARNESINA,,Veicolo in marcia contro veicoli in sosta,Rettilineo,Una carreggiata a doppio senso,Asciutto,Asfaltata,Verticale ed orizzontale,Sereno,Scarso,Buona,,0,0,0,1,,,False,z,del civico n.,,87
2572729,12,2015-11-07T04:00:00,Strada Urbana,in corrispondenza,VIALE DELLA TECNICA,,Veicolo in marcia contro veicoli in sosta,Curva a visuale libera,Una carreggiata a doppio senso,Asciutto,Asfaltata,Verticale ed orizzontale,Sereno,Scarso,Buona,Sufficiente,0,0,0,1,12.45978,41.82803,True,z,del civico n.,,245
2571824,10,2015-11-07T04:45:00,Autostrada,da specificare,VIA DI TOR BELLA MONACA,Rampa GRA usc. TORBELLAMONACA prov. Via Prenestina,Veicolo in marcia contro ostacolo fisso,Cavalcavia,Una carreggiata a senso unico di marcia,Asciutto,Con buche,Verticale ed orizzontale,Sereno,Scarso,Sufficiente,Inesistente,0,0,0,1,12.61395,41.89069,True,z,,,
2574384,18,2015-11-07T05:00:00,Strada Urbana,in prossimitíæ,VIA SIMONE SIMONI,,Veicolo in marcia contro veicoli in sosta,Rettilineo,Una carreggiata a senso unico di marcia,Asciutto,Asfaltata,Orizzontale,Sereno,Scarso,Buona,Sufficiente,0,0,0,1,12.44475,41.91004,True,z,del civico n.,,7
2572673,7,2015-11-07T05:15:00,Strada Urbana,all'intersezione con,VIA DEI MONTI TIBURTINI,,Tamponamento,Incrocio,Due carreggiate,Asciutto,Asfaltata,Verticale ed orizzontale,Sereno,Scarso,Sufficiente,Sufficiente,0,0,0,2,12.54294,41.91714,True,z,VIA DEI DURANTINI,VIA DEI DURANTINI,
2572685,4,2015-11-07T06:00:00,Strada Urbana,in prossimitíæ,VIA ROBERTO ROSSELLINI,,Veicolo in marcia contro ostacolo fisso,Rettilineo,Una carreggiata a doppio senso,Asciutto,Asfaltata,Verticale ed orizzontale,Sereno,Scarso,Buona,Sufficiente,0,0,0,1,12.56633,41.94923,False,z,del civico n.,,30
2570746,20,2015-11-07T06:55:00,Strada Urbana,in prossimitíæ,VIA DELLA STAZIONE DI CESANO,,Veicolo in marcia contro ostacolo accidentale,Curva a visuale libera,Una carreggiata a doppio senso,Asciutto,Asfaltata,Verticale ed orizzontale,Sereno,Scarso,Buona,Ore Diurne,0,0,0,1,12.32734,42.06248,True,z,del palo luce n.,,225
2572170,9,2015-11-07T07:40:00,Strada Urbana,in prossimitíæ,VIA APPIA NUOVA,,Veicolo in marcia contro ostacolo fisso,Rettilineo,Due carreggiate,Asciutto,Asfaltata,Verticale ed orizzontale,Sereno,Scarso,Buona,Ore Diurne,0,0,0,1,12.54346,41.85394,True,z,del civico n.,,803
2571652,13,2015-11-07T07:50:00,Strada Urbana,all'intersezione con,VIALE DELLE REPUBBLICHE MARINARE,,Scontro frontale-laterale DX fra veicoli in marcia,Incrocio,Due carreggiate,Asciutto,Asfaltata,Verticale ed orizzontale,Sereno,Normale,Buona,Ore Diurne,1,0,0,1,12.26909,41.7355,False,z,VIA GIOVANNI GARAU,VIA GIOVANNI GARAU,
2574834,1,2015-11-07T08:00:00,Strada Urbana,all'intersezione semaforizzata con,PIAZZA DELLE FINANZE,,Veicolo in marcia contro veicolo in sosta,Intersezione semaforizzata,Una carreggiata a senso unico di marcia,Asciutto,Asfaltata,Verticale ed orizzontale,Sereno,Scarso,Buona,Ore Diurne,0,0,0,1,,,False,z,VIA CERNAIA,VIA CERNAIA,
2574290,18,2015-11-07T08:25:00,Strada Urbana,da specificare,VIA ODOARDO GIOVE,IN PROSSIMITA'  DI VIA DI TORREVECCHIA,Investimento di pedone,Rettilineo,Una carreggiata a doppio senso,Asciutto,Asfaltata,Verticale ed orizzontale,Sereno,Normale,Buona,Ore Diurne,2,0,0,1,12.40526,41.91341,False,z,,,
2571172,13,2015-11-07T08:30:00,Strada Urbana,in prossimitíæ,VIA DI CASAL PALOCCO,,Scontro laterale fra veicoli in marcia,Rettilineo,Due carreggiate,Asciutto,Asfaltata,Orizzontale,Sereno,Normale,Buona,Ore Diurne,0,0,0,2,12.35263,41.75034,True,z,del civico n.,,130
2574278,18,2015-11-07T09:10:00,Strada Urbana,in corrispondenza,VIA BALDO DEGLI UBALDI,,Scontro frontale-laterale SX fra veicoli in marcia,Rettilineo,Due carreggiate,Asciutto,Asfaltata,Verticale ed orizzontale,Sereno,Normale,Buona,Ore Diurne,0,0,0,2,12.43386,41.89898,True,z,del civico n.,,116
2574579,18,2015-11-07T09:30:00,Strada Urbana,all'intersezione con,VIA DI BOCCEA,,Ribaltamento senza urto contro ostacolo fisso,Intersezione stradale segnalata,Una carreggiata a senso unico di marcia,Asciutto,Asfaltata,Verticale ed orizzontale,Sereno,Intenso,Buona,Ore Diurne,1,0,0,0,12.4273,41.9012,False,z,LARGO DI BOCCEA,LARGO DI BOCCEA,
2575446,1,2015-11-07T09:50:00,Strada Urbana,da specificare,VIALE DEL MONTE OPPIO,INGRESSO CAMPI SPORTIVI,Investimento di pedone,Rettilineo,Una carreggiata a doppio senso,Asciutto,Asfaltata,Verticale ed orizzontale,Sereno,Normale,Buona,Ore Diurne,1,0,0,1,12.49637,41.89284,False,z,,,
2572551,11,2015-11-07T10:00:00,Strada Urbana,all'intersezione con,VIALE CARLO TOMMASO ODESCALCHI,,Scontro frontale-laterale DX fra veicoli in marcia,Intersezione stradale segnalata,Due carreggiate,Asciutto,Asfaltata,Verticale ed orizzontale,Sereno,Normale,Buona,Ore Diurne,1,0,0,2,12.50122,41.8571,True,z,PIAZZALE ANTONIO TOSTI,PIAZZALE ANTONIO TOSTI,
2571653,13,2015-11-07T10:15:00,Strada Urbana,all'intersezione con,VIALE DEL SOMMERGIBILE,,Scontro frontale-laterale DX fra veicoli in marcia,Incrocio,Una carreggiata a doppio senso,Asciutto,Asfaltata,Verticale ed orizzontale,Sereno,Intenso,Buona,Ore Diurne,0,0,0,3,12.26193,41.73702,True,z,VIA DELLA CORAZZATA,VIA DELLA CORAZZATA,
2571023,9,2015-11-07T10:40:00,Strada Urbana,all'intersezione con,VIA GALLIA,,Scontro frontale-laterale DX fra veicoli in marcia,Intersezione stradale segnalata,Una carreggiata a doppio senso,Asciutto,Asfaltata,Orizzontale,Sereno,Normale,Buona,Ore Diurne,0,0,0,3,12.50505,41.88088,True,z,VIA METAPONTO,VIA METAPONTO,
2572895,16,2015-11-07T10:45:00,Strada Urbana,da specificare,VIA AURELIA ANTICA,TRA V. DELLA NOCETTA ED IL CIVICO 591 DI AURELIA A,Veicolo in marcia contro ostacolo fisso,Rettilineo,Una carreggiata a doppio senso,Asciutto,Asfaltata,Orizzontale,Sereno,Normale,Buona,Ore Diurne,1,0,0,0,12.43494,41.89015,False,z,,,
2573049,1,2015-11-07T10:50:00,Strada Urbana,all'intersezione con,VIA GARIBALDI,,Infortunio per sola frenata improvvisa,Incrocio,Una carreggiata a doppio senso,Bagnato (umiditíæ in atto),Asfaltata,Verticale ed orizzontale,Sereno,Normale,Buona,Ore Diurne,1,0,0,0,12.46435,41.88898,True,z,VIA GOFFREDO MAMELI,VIA GOFFREDO MAMELI,
2572997,4,2015-11-07T11:15:00,Strada Urbana,in corrispondenza,VIA RENATO FUCINI,,Veicolo in marcia contro veicoli in sosta,Rettilineo,Due carreggiate,Asciutto,Asfaltata,Verticale ed orizzontale,Sereno,Normale,Buona,Ore Diurne,0,0,0,3,12.54715,41.95203,True,z,del civico n.,,65