_ID,_Gruppo,_DataOraIncidente,_Localizzazione1,_Localizzazione2,_Strada1,_DaSpecificare,_NaturaIncidente,_ParticolaritaStrade,_TipoStrada,_FondoStradale,_Pavimentazione,_Segnaletica,_CondizioneAtmosferica,_Traffico,_Visibilita,_Illuminazione,_NUM_FERITI,_NUM_RISERVATA,_NUM_MORTI,_NUM_ILLESI,_Longitudine,_Latitudine,_CONFERMATO,__prefix,_Strada02,_Strada2,_Chilometrica
2571269,15,2015-11-07T11:15:00,Strada Urbana,da specificare,PIAZZA ENRICO FERMI,fronte civico 17,Veicolo in marcia contro veicolo in sosta,Rettilineo,Una carreggiata a senso unico di marcia,Asciutto,Asfaltata,Orizzontale,Sereno,Normale,Buona,Ore Diurne,0,0,0,1,12.46963,41.86413,True,z,,,
2571835,10,2015-11-07T11:20:00,Statale,da specificare,VIA APPIA NUOVA,fronte Chiesa S. Ignazio di Antiochia,Fuoriuscita dalla sede stradale,Rettilineo,Pií_ di due carreggiate,Asciutto,Asfaltata,Verticale ed orizzontale,Sereno,Normale,Buona,Ore Diurne,0,0,0,1,12.55386,41.83286,True,z,,,
2572634,8,2015-11-07T12:30:00,Strada Urbana,da specificare,VIA DELLA TENUTA DEL CAVALIERE,prossimitíæ ponte sul fiume Aniene,Veicolo in marcia contro ostacolo accidentale,Rettilineo,Una carreggiata a doppio senso,Asciutto,Asfaltata,Assente,Sereno,Scarso,Buona,Ore Diurne,0,0,0,2,12.66723,41.92711,True,z,,,
2572764,4,2015-11-07T12:40:00,Strada Urbana,all'intersezione con,VIA FRANCESCO D'OVIDIO,,Scontro frontale-laterale SX fra veicoli in marcia,Intersezione stradale segnalata,Una carreggiata a doppio senso,Asciutto,Asfaltata,Assente,Grandine in atto,Intenso,Sufficiente,Ore Diurne,0,0,0,3,12.55405,41.94412,True,z,VIA CARLO LORENZINI,VIA CARLO LORENZINI,
2573698,12,2015-11-07T12:45:00,Strada Urbana,da specificare,VIA CRISTOFORO COLOMBO,altezza LARGO PELLA,Scontro laterale fra veicoli in marcia,Curva a visuale libera,Pií_ di due carreggiate,Asciutto,Asfaltata,Verticale ed orizzontale,Sereno,Normale,Buona,Ore Diurne,0,0,0,2,12.46837,41.82982,True,z,,,
2572790,3,2015-11-07T12:50:00,Strada Urbana,in prossimitíæ,VIALE IPPOCRATE,,Veicolo in marcia contro veicolo in sosta,Rettilineo,Due carreggiate,Asciutto,Asfaltata,Verticale ed orizzontale,Sereno,Normale,Buona,Ore Diurne,0,0,0,1,12.5177,41.90686,False,z,del civico n.,,93
2571618,15,2015-11-07T12:50:00,Strada Urbana,all'intersezione con,VIA DELLA MAGLIANA,,Scontro frontale-laterale SX fra veicoli in marcia,Incrocio,Una carreggiata a doppio senso,Asciutto,Asfaltata,Verticale ed orizzontale,Sereno,Normale,Buona,Ore Diurne,0,0,0,2,12.42401,41.83394,True,z,VIA MONDOLFO,VIA MONDOLFO,
2573097,2,2015-11-07T13:00:00,Strada Urbana,da specificare,PIAZZA GIMMA,in prossimitíæ di viale Libia,Tamponamento,Rotatoria,Due carreggiate,Asciutto,Asfaltata,Verticale ed orizzontale,Sereno,Scarso,Buona,Ore Diurne,0,0,0,2,12.51811,41.93064,True,z,,,
2571720,6,2015-11-07T13:05:00,,all'intersezione con,VIALE DELLA PRIMAVERA,,Scontro frontale-laterale DX fra veicoli in marcia,,,,,,,,,,0,0,0,3,,,False,z,VIA OBERDAN PETRINI,VIA OBERDAN PETRINI,
2572701,4,2015-11-07T13:20:00,Strada Urbana,all'intersezione semaforizzata con,VIA UGO OJETTI,,Scontro laterale fra veicoli in marcia,Intersezione semaforizzata,Due carreggiate,Asciutto,Asfaltata,Verticale ed orizzontale,Sereno,Intenso,Buona,Ore Diurne,0,0,0,2,12.55461,41.94712,True,z,VIA NOMENTANA,VIA NOMENTANA,
2571809,20,2015-11-07T13:30:00,Strada Urbana,all'intersezione con,VIA STEFANO JACINI,,Scontro frontale-laterale SX fra veicoli in marcia,Intersezione stradale segnalata,Una carreggiata a doppio senso,Asciutto,Asfaltata,Verticale,Nebbia,Intenso,Buona,Ore Diurne,0,0,0,4,12.46915,41.9486,True,z,VIA CESARE FERRERO DI CAMBIANO,VIA CESARE FERRERO DI CAMBIANO,
2577573,2,2015-11-07T13:30:00,Strada Urbana,da specificare,PIAZZA CRATI,pross. civ. 22,Tamponamento,Rettilineo,Una carreggiata a doppio senso,Asciutto,Asfaltata,Verticale ed orizzontale,Sereno,Normale,Buona,Ore Diurne,0,0,0,4,12.51037,41.92684,True,z,,,
2571402,13,2015-11-07T13:30:00,Strada Urbana,da specificare,VIALE DEI ROMAGNOLI,in prossimitíæ del bivio ROMA-OSTIA,Scontro laterale fra veicoli in marcia,Rettilineo,Una carreggiata a senso unico di marcia,Asciutto,Asfaltata,Verticale ed orizzontale,Sereno,Normale,Buona,Ore Diurne,0,0,0,4,12.28867,41.7483,True,z,,,
2575466,1,2015-11-07T14:00:00,Strada Urbana,da specificare,VIA BENIAMINO FRANKLIN,IN PROSS. VIA FERRARIS,Veicolo in marcia contro veicoli in sosta,Rettilineo,Una carreggiata a doppio senso,Asciutto,Asfaltata,Verticale ed orizzontale,Sereno,Scarso,Buona,Ore Diurne,0,0,0,1,12.47262,41.87822,True,z,,,
2572644,8,2015-11-07T14:00:00,Strada Urbana,all'intersezione con,VIA COLLATINA,,Veicolo in marcia contro ostacolo accidentale,Rotatoria,Una carreggiata a doppio senso,Asciutto,Asfaltata,Orizzontale,Sereno,Normale,Buona,Ore Diurne,0,0,0,2,12.61098,41.90564,True,z,VIA DI SALONE,VIA DI SALONE,
2574404,18,2015-11-07T14:10:00,Strada Urbana,in prossimitíæ,VIA GAETANO MAZZONI,,Scontro laterale fra veicoli in marcia,Rettilineo,Una carreggiata a senso unico di marcia,Asciutto,Asfaltata,Verticale ed orizzontale,Sereno,Normale,Buona,Ore Diurne,1,0,0,2,12.39489,41.90836,False,z,del civico n.,,50-B
2572651,8,2015-11-07T14:15:00,Strada Urbana,all'intersezione con,VIA ALBERTO LUTHULI,,Scontro frontale-laterale DX fra veicoli in marcia,Incrocio,Una carreggiata a doppio senso,Asciutto,Asfaltata,Verticale ed orizzontale,Sereno,Scarso,Buona,Ore Diurne,2,0,0,1,12.67623,41.89381,True,z,VIA RAOUL FOLLEREAU,VIA RAOUL FOLLEREAU,
2572996,3,2015-11-07T14:25:00,,in prossimitíæ,VIA CATANIA,,Scontro frontale-laterale SX fra veicoli in marcia,,,,,,,,,,1,0,0,1,,,False,z,del civico n.,,46
2572321,9,2015-11-07T14:30:00,Strada Urbana,in corrispondenza,VIA SIRIA,,Veicolo in marcia contro veicoli in sosta,Rettilineo,Una carreggiata a doppio senso,Asciutto,Asfaltata,Verticale ed orizzontale,Sereno,Normale,Buona,Ore Diurne,0,0,0,1,12.51133,41.87497,True,z,del civico n.,,46
2572657,8,2015-11-07T14:40:00,,all'intersezione con,VIA COLLATINA,,Veicolo in marcia contro ostacolo fisso,,,,,,,,,,2,0,0,0,,,False,z,VIA ENRICO FORLANINI,VIA ENRICO FORLANINI,
2571730,13,2015-11-07T14:50:00,Strada Urbana,all'intersezione con,VIA DELLE CAROLINE,,Scontro frontale-laterale DX fra veicoli in marcia,Incrocio,Una carreggiata a doppio senso,Asciutto,Asfaltata,Verticale ed orizzontale,Sereno,Normale,Buona,Ore Diurne,0,0,0,2,12.27649,41.74017,True,z,VIA ISOLE SALOMONE,VIA ISOLE SALOMONE,
2572664,8,2015-11-07T14:50:00,,in corrispondenza,VIALE DEI ROMANISTI,,Veicolo in marcia contro ostacolo fisso,,,,,,,,,,0,0,0,2,,,False,z,del civico n.,,10
2572671,4,2015-11-07T15:00:00,,da specificare,VIA CAVRIGLIA,prossimitíæ via Prati Fiscali,Infortunio per sola frenata improvvisa,,,,,,,,,,0,0,0,1,12.51588,41.94744,False,z,,,
2572757,16,2015-11-07T15:50:00,Strada Urbana,in prossimitíæ,VIALE ISACCO NEWTON,,Tamponamento,Rettilineo,Una carreggiata a senso unico di marcia,Asciutto,Asfaltata,Orizzontale,Sereno,Normale,Buona,Ore Diurne,0,0,0,2,12.44082,41.85769,True,z,del civico n.,,86-A
2571616,15,2015-11-07T16:00:00,Strada Urbana,all'intersezione con,VIA ARTURO MERCANTI,,Veicolo in marcia contro ostacolo accidentale,Intersezione non regolata-non segnalata,Una carreggiata a doppio senso,Asciutto,Asfaltata,Orizzontale,Sereno,Scarso,Buona,Ore Diurne,0,0,0,1,12.3951,41.8225,False,z,VIALE GAETANO ARTURO CROCCO,VIALE GAETANO ARTURO CROCCO,
2573086,17,2015-11-07T16:30:00,Strada Urbana,all'intersezione con,VIA FABIO MASSIMO,,Scontro laterale fra veicoli in marcia,Incrocio,Una carreggiata a senso unico di marcia,Asciutto,Asfaltata,Verticale ed orizzontale,Sereno,Normale,Buona,Ore Diurne,0,0,0,2,12.46305,41.90979,True,z,VIA DEGLI SCIPIONI,VIA DEGLI SCIPIONI,
2574219,18,2015-11-07T16:30:00,Strada Urbana,da specificare,RAMPA GRA CARREGGIATA ESTERNA,BOCCEA-CASALOTTI,Tamponamento Multiplo,Rettilineo,Una carreggiata a senso unico di marcia,Asciutto,Asfaltata,Verticale ed orizzontale,Sereno,Intenso,Buona,Ore Diurne,0,0,0,3,12.49637,41.90278,True,z,,,
2571871,10,2015-11-07T17:30:00,Strada Urbana,da specificare,VIALE PALMIRO TOGLIATTI,F.C. 207 DIREZIONE VIA CASILINA,Investimento di pedone,Rettilineo,Pií_ di due carreggiate,Asciutto,Asfaltata,Verticale ed orizzontale,Sereno,Normale,Buona,Sufficiente,1,0,0,1,12.56962,41.86174,False,z,,,
2572727,16,2015-11-07T18:00:00,Strada Urbana,all'intersezione con,VIA VIRGINIA AGNELLI,,Scontro laterale fra veicoli in marcia,Incrocio,Una carreggiata a senso unico di marcia,Asciutto,Asfaltata,Verticale,Sereno,Normale,Sufficiente,Sufficiente,2,0,0,2,,,False,z,VIA RAFFAELE BATTISTINI,VIA RAFFAELE BATTISTINI,
2572545,11,2015-11-07T18:05:00,Strada Urbana,all'intersezione con,VIA ARDEATINA,,Scontro laterale fra veicoli in marcia,Rotatoria,Una carreggiata a doppio senso,Asciutto,Asfaltata,Verticale ed orizzontale,Sereno,Normale,Buona,Sufficiente,0,0,0,2,12.51824,41.82697,True,z,VIA DI VIGNA MURATA,VIA DI VIGNA MURATA,
2574568,18,2015-11-07T18:20:00,Strada Urbana,all'intersezione con,RAMPA AURELIA,,Scontro laterale fra veicoli in marcia,Intersezione stradale segnalata,Una carreggiata a senso unico di marcia,Asciutto,Asfaltata,Verticale ed orizzontale,Sereno,Scarso,Buona,Sufficiente,0,0,0,5,12.45162,41.90006,True,z,VIA PASQUALE PASQUINI,VIA PASQUALE PASQUINI,
2571617,15,2015-11-07T18:50:00,Strada Urbana,in corrispondenza,VIA DELLA MAGLIANA,,Scontro frontale fra veicoli in marcia,Rettilineo,Una carreggiata a doppio senso,Asciutto,Asfaltata,Verticale ed orizzontale,Sereno,Intenso,Sufficiente,Sufficiente,0,0,0,2,12.45693,41.84584,True,z,del civico n.,,265
2571740,13,2015-11-07T19:00:00,Strada Urbana,all'intersezione semaforizzata con,VIA DEL MARE,,Investimento di pedone,Intersezione semaforizzata,Una carreggiata a doppio senso,Asciutto,Asfaltata,Verticale ed orizzontale,Sereno,Normale,Buona,Sufficiente,1,0,0,1,12.2797,41.73432,False,z,VIA DELLE GONDOLE,VIA DELLE GONDOLE,
2572869,17,2015-11-07T19:00:00,Strada Urbana,all'intersezione semaforizzata con,VIA CIPRO,,Investimento di pedone,Intersezione semaforizzata,Due carreggiate,Asciutto,Asfaltata,Verticale ed orizzontale,Sereno,Normale,Buona,Sufficiente,1,0,0,1,,,False,z,VIALE DEGLI AMMIRAGLI,VIALE DEGLI AMMIRAGLI,
2571620,15,2015-11-07T20:00:00,Strada Urbana,all'intersezione semaforizzata con,VIA PORTUENSE,,Scontro laterale fra veicoli in marcia,Intersezione semaforizzata,Una carreggiata a doppio senso,Asciutto,Asfaltata,Verticale ed orizzontale,Sereno,Normale,Buona,Sufficiente,1,0,0,1,12.40939,41.84342,False,z,VIA GIACOMO FOLCHI,VIA GIACOMO FOLCHI,
2571891,10,2015-11-07T20:10:00,Strada Urbana,da specificare,VIA TUSCOLANA,in prossimitíæ di via Scribonio Curione,Infortunio per sola frenata improvvisa,Rettilineo,Due carreggiate,Asciutto,Asfaltata,Verticale ed orizzontale,Sereno,Normale,Buona,Sufficiente,1,0,0,0,12.55293,41.86212,True,z,,,
2571831,20,2015-11-07T20:50:00,Strada Urbana,in corrispondenza,VIA CASSIA,,Scontro frontale fra veicoli in marcia,Rettilineo,Una carreggiata a doppio senso,Asciutto,Asfaltata,Verticale ed orizzontale,Sereno,Normale,Sufficiente,Insufficiente,0,0,0,7,12.41717,41.98004,True,z,del civico n.,,1171
2573088,2,2015-11-07T21:00:00,Strada Urbana,all'intersezione con,VIALE SOMALIA,,Scontro laterale fra veicoli in marcia,Incrocio,Una carreggiata a doppio senso,Asciutto,Asfaltata,Verticale ed orizzontale,Sereno,Scarso,Buona,Sufficiente,0,0,0,3,12.51581,41.93589,True,z,VIA FARA SABINA,VIA FARA SABINA,
2573349,17,2015-11-07T21:15:00,Strada Urbana,all'intersezione con,VIA VIRGINIO ORSINI,,Scontro frontale-laterale SX fra veicoli in marcia,Incrocio,Una carreggiata a senso unico di marcia,Asciutto,Asfaltata,Verticale ed orizzontale,Sereno,Normale,Sufficiente,Sufficiente,1,0,0,2,12.46911,41.91127,False,z,VIA DEGLI SCIPIONI,VIA DEGLI SCIPIONI,
2572726,5,2015-11-07T21:45:00,Strada Urbana,all'intersezione con,VIA DI CASA CALDA,,Scontro frontale-laterale DX fra veicoli in marcia,Intersezione non regolata-non segnalata,Una carreggiata a doppio senso,Asciutto,Asfaltata,Orizzontale,Sereno,Scarso,Sufficiente,Sufficiente,1,0,1,0,12.58914,41.87324,False,z,VIA DEI FIORRANCINI,VIA DEI FIORRANCINI,
2573079,13,2015-11-07T22:50:00,Strada Urbana,all'intersezione con,VIA DELLA CORAZZATA,,Scontro laterale fra veicoli in marcia,Incrocio,,Asciutto,Asfaltata,Verticale ed orizzontale,Sereno,Scarso,Sufficiente,Sufficiente,5,0,0,3,12.26545,41.73597,False,z,VIA DELLE TRIREMI,VIA DELLE TRIREMI,
2572746,2,2015-11-07T23:00:00,Strada Urbana,da specificare,VIALE JONIO,fronte civico 207,Veicolo in marcia contro veicoli in sosta,Rettilineo,Una carreggiata a doppio senso,Asciutto,Asfaltata,Verticale ed orizzontale,Sereno,Normale,Sufficiente,Sufficiente,0,0,0,1,12.53666,41.94396,True,z,,,
2571769,20,2015-11-07T23:10:00,Strada Urbana,all'intersezione con,VIA COLA DI RIENZO,,Veicolo in marcia contro ostacolo fisso,Incrocio,Una carreggiata a doppio senso,Asciutto,Asfaltata,Verticale ed orizzontale,Sereno,Normale,Buona,Sufficiente,0,0,0,3,12.46778,41.9086,False,z,VIA CICERONE,VIA CICERONE,
2572978,16,2015-11-08T00:00:00,Strada Urbana,all'intersezione con,PIAZZA S. GIOVANNI DI DIO,,Scontro frontale-laterale SX fra veicoli in marcia,Incrocio,Due carreggiate,Asciutto,Asfaltata,Verticale ed orizzontale,Sereno,Scarso,Buona,Sufficiente,1,0,0,2,12.44703,41.87547,True,z,VIA FEDERICO OZANAM,VIA FEDERICO OZANAM,
2573099,2,2015-11-08T00:30:00,Strada Urbana,da specificare,VIALE DEL MURO TORTO,in prossimitíæ del civico 5,Veicolo in marcia contro veicoli in sosta,Pendenza,Due carreggiate,Asciutto,Asfaltata,Orizzontale,Sereno,Scarso,Buona,Sufficiente,0,0,0,1,12.48575,41.90865,True,z,,,
2573040,17,2015-11-08T00:45:00,Strada Urbana,all'intersezione semaforizzata con,VIA GREGORIO VII,,Scontro frontale-laterale DX fra veicoli in marcia,Intersezione semaforizzata,Pií_ di due carreggiate,Asciutto,Asfaltata,Verticale ed orizzontale,Sereno,Scarso,Sufficiente,Sufficiente,0,0,0,2,,,False,z,VIA S. DAMASO,VIA S. DAMASO,
2575825,1,2015-11-08T01:10:00,Strada Urbana,all'intersezione semaforizzata con,VIA NAPOLEONE III,,Scontro frontale-laterale DX fra veicoli in marcia,Incrocio,Una carreggiata a doppio senso,Asciutto,Asfaltata,Verticale ed orizzontale,Sereno,Scarso,Sufficiente,Sufficiente,0,0,0,2,12.50179,41.897,True,z,VIA GIOBERTI,VIA GIOBERTI,
2572740,19,2015-11-08T01:15:00,Strada Urbana,in prossimitíæ,VIA DI BOCCEA,,Tamponamento,Rettilineo,Due carreggiate,Asciutto,Asfaltata,Verticale ed orizzontale,Sereno,Scarso,Sufficiente,Sufficiente,1,0,0,2,12.4018,41.90936,True,z,del civico n.,,472
2572988,13,2015-11-08T01:20:00,Strada Urbana,in prossimitíæ,VIALE DEI ROMAGNOLI,,Investimento di pedone,Rettilineo,Una carreggiata a doppio senso,Asciutto,Asfaltata,Orizzontale,Sereno,Scarso,Insufficiente,Inesistente,0,1,0,2,12.3494,41.7793,False,z,del civico n.,,1265
2571806,1,2015-11-08T02:00:00,Strada Urbana,all'intersezione con,VIALE DEL MONTE OPPIO,,Veicolo in marcia contro veicoli in sosta,Incrocio,Una carreggiata a senso unico di marcia,Asciutto,Asfaltata,Verticale ed orizzontale,Sereno,Scarso,Sufficiente,Sufficiente,0,0,0,1,12.49279,41.89189,True,z,VIA EQUIZIA,VIA EQUIZIA,
2571741,20,2015-11-08T02:50:00,Strada Urbana,all'intersezione con,VIA ANGELO EMO,,Scontro frontale-laterale SX fra veicoli in marcia,Intersezione non regolata-non segnalata,Due carreggiate,Asciutto,Asfaltata,Verticale ed orizzontale,Sereno,Scarso,Buona,Sufficiente,2,0,0,2,,,False,z,VIA DOMENICO MILLELIRE,VIA DOMENICO MILLELIRE,
2572623,5,2015-11-08T03:00:00,Strada Urbana,in prossimitíæ,VIA LUIGI VITTORIO BERTARELLI,,Veicolo in marcia contro veicoli in sosta,Rettilineo,Una carreggiata a doppio senso,Asciutto,Asfaltata,Temporanea di cantiere,Sereno,Scarso,Buona,Sufficiente,0,0,0,0,12.53486,41.90794,True,z,del civico n.,,3
2572767,16,2015-11-08T03:10:00,Strada Urbana,in prossimitíæ,VIALE DEI COLLI PORTUENSI,,Veicolo in marcia contro veicolo in sosta,Rettilineo,Due carreggiate,Asciutto,Asfaltata,Verticale ed orizzontale,Sereno,Scarso,Sufficiente,Sufficiente,0,0,0,1,12.44393,41.86743,True,z,del civico n.,,275
2573731,12,2015-11-08T03:30:00,Strada Urbana,in prossimitíæ,VIALE PARCO DE' MEDICI,,Scontro laterale fra veicoli in marcia,Rettilineo,Una carreggiata a doppio senso,Asciutto,Asfaltata,Verticale ed orizzontale,Sereno,Scarso,Buona,Sufficiente,0,0,0,2,12.41355,41.81846,True,z,del civico n.,,85
2572629,5,2015-11-08T03:40:00,Strada Urbana,in prossimitíæ,VIA TINO BUAZZELLI,,Veicolo in marcia contro veicoli in sosta,Rettilineo,Una carreggiata a doppio senso,Asciutto,Asfaltata,Verticale ed orizzontale,Sereno,Scarso,Sufficiente,Sufficiente,0,0,0,1,12.56852,41.9441,True,z,del civico n.,,7
2573104,2,2015-11-08T06:30:00,Strada Urbana,in prossimitíæ,VIA SALARIA,,Veicolo in marcia contro veicolo in sosta,Rettilineo,Una carreggiata a doppio senso,Asciutto,Asfaltata,Verticale ed orizzontale,Sereno,Scarso,Buona,Ore Diurne,1,0,0,0,12.50926,41.93347,False,z,del civico n.,,460
2572570,15,2015-11-08T06:35:00,Strada Urbana,da specificare,VIADOTTO DELLA MAGLIANA,fronte Via del Cappellaccio dir Fiumicino,Veicolo in marcia contro ostacolo fisso,Curva a visuale libera,Una carreggiata a senso unico di marcia,Asciutto,Asfaltata,Verticale,Sereno,Scarso,Buona,Ore Diurne,0,0,0,1,12.46221,41.84062,True,z,,,
2572885,19,2015-11-08T07:40:00,Strada Urbana,in prossimitíæ,VIA DEI MONTI DI PRIMAVALLE,,Veicolo in marcia contro veicoli in sosta,Rettilineo,Una carreggiata a doppio senso,Asciutto,Asfaltata,Verticale ed orizzontale,Sereno,Scarso,Buona,Ore Diurne,0,0,0,0,12.41293,41.9102,True,z,del civico n.,,113
2574516,18,2015-11-08T09:50:00,Strada Urbana,all'intersezione con,VIA DI BOCCEA,,Scontro frontale-laterale SX fra veicoli in marcia,Intersezione stradale segnalata,Due carreggiate,Asciutto,Asfaltata,Verticale ed orizzontale,Sereno,Scarso,Buona,Ore Diurne,5,0,0,1,12.39188,41.91186,False,z,VIA DI PANTAN MONASTERO,VIA DI PANTAN MONASTERO,
2572341,9,2015-11-08T10:00:00,Strada Urbana,all'intersezione con,VIA APPIA NUOVA,,Scontro frontale-laterale DX fra veicoli in marcia,Incrocio,Due carreggiate,Asciutto,Asfaltata,Verticale ed orizzontale,Sereno,Normale,Buona,Ore Diurne,0,0,0,2,12.52602,41.87209,True,z,VIA CARLO DENINA,VIA CARLO DENINA,
2572774,4,2015-11-08T10:20:00,Strada Urbana,da specificare,VIA DELLE VIGNE NUOVE,in corrisp. F.lli Lumiere,Veicolo in marcia contro veicoli fermi,Rettilineo,Due carreggiate,Asciutto,Asfaltata,Verticale ed orizzontale,Sereno,Normale,Buona,Ore Diurne,0,0,0,3,12.53579,41.95549,True,z,,,
2575477,1,2015-11-08T10:30:00,Strada Urbana,in prossimitíæ,PIAZZA DI PORTA S. GIOVANNI,,Scontro laterale fra veicoli in marcia,Rettilineo,Una carreggiata a doppio senso,Asciutto,Asfaltata,Verticale ed orizzontale,Sereno,Normale,Buona,Ore Diurne,1,0,0,3,12.5064,41.887,True,z,del civico n.,,54
2572668,8,2015-11-08T10:30:00,Strada Urbana,in corrispondenza,VIA GAGLIANO DEL CAPO,,Veicolo in marcia contro ostacolo accidentale,Rettilineo,Una carreggiata a doppio senso,Asciutto,Con buche,Assente,Sereno,Scarso,Buona,Ore Diurne,0,0,0,1,12.65102,41.85439,True,z,del civico n.,,119
2572565,15,2015-11-08T10:30:00,Strada Urbana,all'intersezione con,VIA DELLA MAGLIANA,,Scontro laterale fra veicoli in marcia,Incrocio,Una carreggiata a senso unico di marcia,Asciutto,Asfaltata,Verticale ed orizzontale,Sereno,Normale,Buona,Ore Diurne,0,0,0,3,12.42401,41.83394,True,z,PIAZZA ANTONIO MEUCCI,PIAZZA ANTONIO MEUCCI,
2573747,12,2015-11-08T11:00:00,Provinciale,da specificare,VIA ARDEATINA,altezza VIA SPREGAMORE,Tamponamento Multiplo,Rettilineo,Una carreggiata a doppio senso,Asciutto,Asfaltata,Verticale ed orizzontale,Sereno,Scarso,Buona,Ore Diurne,1,0,0,2,12.52822,41.80219,False,z,,,
2572011,6,2015-11-08T11:30:00,Strada Urbana,all'intersezione con,VIALE DELL'ACQUEDOTTO ALESSANDRINO,,Scontro frontale-laterale DX fra veicoli in marcia,Intersezione stradale segnalata,Una carreggiata a senso unico di marcia,Asciutto,Asfaltata,Verticale,Sereno,Normale,Buona,Ore Diurne,3,0,0,1,12.5436,41.87606,True,z,VIA CARLO DELLA ROCCA,VIA CARLO DELLA ROCCA,
2572763,12,2015-11-08T11:55:00,Comunale extraurbana,da specificare,VIA CRISTOFORO COLOMBO,laterale alt. km 13.500 circa,Veicolo in marcia contro ostacolo fisso,Rettilineo,Due carreggiate,Asciutto,Asfaltata,Verticale ed orizzontale,Sereno,Scarso,Buona,Ore Diurne,4,0,0,0,12.43125,41.79119,True,z,,,
2573138,18,2015-11-08T12:15:00,,in prossimitíæ,VIA DELLA PINETA SACCHETTI,,Tamponamento,,,,,,,,,,3,0,0,0,,,False,z,del civico n.,,53
2574387,12,2015-11-08T12:30:00,Strada Urbana,in prossimitíæ,VIA SARSINA,,Veicolo in marcia contro ostacolo accidentale,Rettilineo,Una carreggiata a doppio senso,Asciutto,Asfaltata,Verticale ed orizzontale,Sereno,Normale,Buona,Ore Diurne,0,0,0,1,12.40858,41.79064,True,z,del civico n.,,158
2572558,11,2015-11-08T12:30:00,Strada Urbana,all'intersezione con,VIALE CARLO TOMMASO ODESCALCHI,,Scontro frontale-laterale DX fra veicoli in marcia,Incrocio,Due carreggiate,Asciutto,Asfaltata,Verticale ed orizzontale,Sereno,Scarso,Buona,Ore Diurne,1,0,0,3,12.5012,41.8574,True,z,VIA FLAVIA TIZIANA,VIA FLAVIA TIZIANA,
2572711,16,2015-11-08T12:38:00,Strada Urbana,in prossimitíæ,VIA EDOARDO JENNER,,Investimento di pedone,Rettilineo,Una carreggiata a doppio senso,Asciutto,Asfaltata,Verticale ed orizzontale,Sereno,Normale,Buona,Ore Diurne,0,0,0,3,12.44489,41.8725,True,z,del civico n.,,79
2574319,16,2015-11-08T12:45:00,Strada Urbana,all'intersezione con,VIA PIETRO STERBINI,,Veicolo in marcia contro veicoli in sosta,Incrocio,Una carreggiata a doppio senso,Asciutto,Asfaltata,Verticale ed orizzontale,Sereno,Scarso,Buona,Ore Diurne,0,0,0,1,12.46609,41.88058,True,z,PIAZZA IPPOLITO NIEVO,PIAZZA IPPOLITO NIEVO,
2572731,7,2015-11-08T13:00:00,Strada Urbana,all'intersezione con,VIA DELLE PALME,,Scontro frontale-laterale SX fra veicoli in marcia,Incrocio,Una carreggiata a doppio senso,Asciutto,Asfaltata,Verticale ed orizzontale,Sereno,Scarso,Buona,Ore Diurne,0,0,0,2,12.5669,41.8897,True,z,VIA DEI CICLAMINI,VIA DEI CICLAMINI,
2573021,13,2015-11-08T13:00:00,Strada Urbana,in corrispondenza,VIA CONONE,,Veicolo in marcia contro veicolo in sosta,Rettilineo,Una carreggiata a doppio senso,Asciutto,Asfaltata,Assente,Sereno,Scarso,Sufficiente,Ore Diurne,0,0,0,1,12.33862,41.73909,True,z,del civico n.,,63
2573228,2,2015-11-08T13:00:00,Strada Urbana,da specificare,LUNGOTEVERE ARNALDO DA BRESCIA,pross. VIA D. AZUNI,Tamponamento,Rettilineo,Pií_ di due carreggiate,Asciutto,Asfaltata,Verticale ed orizzontale,Sereno,Normale,Buona,Ore Diurne,1,0,0,2,12.47261,41.9123,False,z,,,
2575161,18,2015-11-08T13:45:00,Strada Urbana,all'intersezione con,VIA DI TORRE ROSSA,,Scontro frontale-laterale DX fra veicoli in marcia,Intersezione stradale segnalata,Una carreggiata a doppio senso,Asciutto,Asfaltata,Verticale ed orizzontale,Sereno,Scarso,Buona,Ore Diurne,1,0,0,1,12.42654,41.89077,True,z,VIA AURELIA ANTICA,VIA AURELIA ANTICA,
2601284,23,2015-11-08T13:50:00,Strada Urbana,in prossimitíæ,VIA DARDANELLI,,Veicolo in marcia contro veicolo in sosta,Rettilineo,Una carreggiata a senso unico di marcia,Asciutto,Asfaltata,Verticale ed orizzontale,Sereno,Normale,Buona,Ore Diurne,0,0,0,1,12.45794,41.9174,True,z,del civico n.,,11
2572669,8,2015-11-08T14:20:00,Strada Urbana,in prossimitíæ,VIA MASSA DI SAN GIULIANO,,Scontro frontale-laterale DX fra veicoli in marcia,Rettilineo,Una carreggiata a doppio senso,Asciutto,Asfaltata,Verticale ed orizzontale,Sereno,Normale,Buona,Ore Diurne,1,0,0,1,12.69419,41.90406,True,z,del civico n.,,224-226