_ID,_Gruppo,_DataOraIncidente,_Localizzazione1,_Localizzazione2,_Strada1,_DaSpecificare,_NaturaIncidente,_ParticolaritaStrade,_TipoStrada,_FondoStradale,_Pavimentazione,_Segnaletica,_CondizioneAtmosferica,_Traffico,_Visibilita,_Illuminazione,_NUM_FERITI,_NUM_RISERVATA,_NUM_MORTI,_NUM_ILLESI,_Longitudine,_Latitudine,_CONFERMATO,__prefix,_Strada02,_Strada2,_Chilometrica
2574274,7,2015-11-09T14:40:00,Strada Urbana,da specificare,VIA PRENESTINA,ROTATORIA PRENESTINA BIS,Scontro laterale fra veicoli in marcia,Rotatoria,Due carreggiate,Asciutto,Asfaltata,Verticale ed orizzontale,Sereno,Normale,Buona,Ore Diurne,0,0,0,2,12.6031,41.89299,True,z,,,
2574233,19,2015-11-09T14:45:00,Strada Urbana,in prossimitíæ,VIA TRIONFALE,,Scontro laterale fra veicoli in marcia,Curva senza visuale libera,Una carreggiata a doppio senso,Asciutto,Asfaltata,Orizzontale,Sereno,Normale,Buona,Ore Diurne,0,0,0,1,12.41231,41.95124,True,z,del civico n.,,10255
2573422,15,2015-11-09T14:45:00,Strada Urbana,da specificare,VIA DELLA MAGLIANA,altezza intersezione Via Pescaglia,Investimento di pedone,Rettilineo,Una carreggiata a doppio senso,Asciutto,Asfaltata,Orizzontale,Sereno,Normale,Buona,Ore Diurne,2,0,0,1,12.458,41.84826,False,z,,,
2574441,8,2015-11-09T15:00:00,Strada Urbana,da specificare,VIALE OXFORD,a 200m intersezione con v. Casilina dir.ne via TBM,Veicolo in marcia contro ostacolo accidentale,Curva senza visuale libera,Due carreggiate,Asciutto,Asfaltata,Orizzontale,Sereno,Normale,Buona,Ore Diurne,1,0,0,0,12.62788,41.86018,True,z,,,
2574477,13,2015-11-09T15:00:00,Strada Urbana,all'intersezione con,VIALE PAOLO ORLANDO,,Scontro laterale fra veicoli in marcia,Incrocio,Due carreggiate,Asciutto,Asfaltata,Assente,Sereno,Normale,Buona,Ore Diurne,0,0,0,2,12.28577,41.73104,True,z,VIA LUIGI BORSARI,VIA LUIGI BORSARI,
2573518,10,2015-11-09T15:35:00,Statale entro l'abitato,in corrispondenza,VIA TUSCOLANA,,Veicolo in marcia contro veicolo in sosta,Rettilineo,Due carreggiate,Asciutto,Asfaltata,Verticale,Sereno,Normale,Buona,Ore Diurne,0,0,0,0,12.56214,41.85679,False,z,del civico n.,,1244
2573738,9,2015-11-09T15:45:00,Strada Urbana,da specificare,PIAZZA S. GASPARE DEL BUFALO,IN PROSSIMITA' VIA SERMONETA,Investimento di pedone,Rettilineo,Una carreggiata a doppio senso,Asciutto,Asfaltata,Orizzontale,Sereno,Normale,Buona,Ore Diurne,1,0,0,1,12.53178,41.86675,True,z,,,
2573526,11,2015-11-09T15:45:00,Strada Urbana,all'intersezione con,VIA LAURENTINA,,Scontro frontale-laterale SX fra veicoli in marcia,Intersezione stradale segnalata,Due carreggiate,Asciutto,Asfaltata,Verticale ed orizzontale,Sereno,Normale,Buona,Ore Diurne,1,0,0,1,12.47987,41.84492,True,z,VIA LUIGI PERNA,VIA LUIGI PERNA,
2574574,16,2015-11-09T16:00:00,Strada Urbana,in corrispondenza,VIA DI S. PANCRAZIO,,Tamponamento,Rettilineo,Una carreggiata a senso unico di marcia,Asciutto,Asfaltata,Orizzontale,Sereno,Normale,Buona,Ore Diurne,1,0,0,1,12.46095,41.88825,False,z,del civico n.,,3
2574451,8,2015-11-09T16:00:00,,da specificare,VIA DI PASSOLOMBARDO,50m dopo svincolo RM-NA dir.ne via Tuscolana,Veicolo in marcia contro ostacolo accidentale,,,,,,,,,,0,0,0,1,,,False,z,,,
2574216,20,2015-11-09T16:20:00,Strada Urbana,in corrispondenza,VIA AL SESTO MIGLIO,,Scontro frontale-laterale SX fra veicoli in marcia,Rettilineo,Una carreggiata a senso unico di marcia,Asciutto,Asfaltata,Orizzontale,Sereno,Scarso,Buona,Ore Diurne,0,0,0,2,12.44004,41.96738,True,z,del civico n.,,16
2576275,1,2015-11-09T16:20:00,Strada Urbana,in corrispondenza,VIALE MANZONI,,Scontro laterale fra veicoli in marcia,Rettilineo,Una carreggiata a doppio senso,Asciutto,Asfaltata,Verticale ed orizzontale,Sereno,Intenso,Buona,Ore Diurne,0,0,0,2,9.644,45.397,True,z,del civico n.,,47
2574469,3,2015-11-09T16:25:00,Strada Urbana,all'intersezione con,VIA GIOVANNI BATTISTA MORGAGNI,,Fuoriuscita dalla sede stradale,Intersezione semaforizzata,Una carreggiata a doppio senso,Asciutto,Asfaltata,Verticale ed orizzontale,Sole radente,Normale,Buona,Ore Diurne,0,0,0,3,12.51061,41.90982,True,z,VIALE REGINA MARGHERITA,VIALE REGINA MARGHERITA,
2574446,13,2015-11-09T16:30:00,Strada Urbana,da specificare,VIA DI DRAGONE,"altezza scuola ""Mario Ulpiano""",Veicolo in marcia contro veicolo fermo,Rettilineo,Una carreggiata a doppio senso,Asciutto,Asfaltata,Orizzontale,Sereno,Scarso,Buona,Ore Diurne,0,0,0,2,12.3326,41.78344,True,z,,,
2573827,2,2015-11-09T16:30:00,Strada Urbana,da specificare,LUNGOTEVERE GRANDE A.GLIO THAON DI REVEL,altezza via Perugino.,Scontro laterale fra veicoli in marcia,Rettilineo,Una carreggiata a doppio senso,Asciutto,Asfaltata,Verticale ed orizzontale,Sereno,Intenso,Sufficiente,Sufficiente,0,0,0,3,12.46545,41.93366,True,z,,,
2574410,8,2015-11-09T16:35:00,,in prossimitíæ,VIA CASILINA,,Tamponamento Multiplo,,,,,,,,,,2,0,0,5,,,False,z,del palo luce n.,,827
2574537,4,2015-11-09T16:40:00,,in prossimitíæ,VIA DI SETTEBAGNI,,Scontro laterale fra veicoli in marcia,,,,,,,,,,1,0,0,1,12.51987,41.98741,False,z,del civico n.,,702
2574253,13,2015-11-09T16:45:00,Strada Urbana,in corrispondenza,VIA ANGELO ZOTTOLI,,Tamponamento,Rettilineo,Una carreggiata a senso unico di marcia,Asciutto,Asfaltata,Assente,Sereno,Normale,Buona,Ore Diurne,0,0,0,4,12.36366,41.78401,True,z,del civico n.,,11B
2576324,1,2015-11-09T16:55:00,Strada Urbana,in corrispondenza,LARGO DI S. SUSANNA,,Scontro laterale fra veicoli in marcia,Rettilineo,Una carreggiata a senso unico di marcia,Asciutto,Asfaltata,Verticale ed orizzontale,Sereno,Normale,Buona,Ore Diurne,1,0,0,1,12.49372,41.90464,True,z,del civico n.,,120
2574157,5,2015-11-09T17:00:00,Strada Urbana,da specificare,VIA BELMONTE IN SABINA,in prossimitíæ svincolo direzione S. Basilio,Scontro laterale fra veicoli in marcia,Rettilineo,Due carreggiate,Asciutto,Asfaltata,Verticale ed orizzontale,Sereno,Intenso,Sufficiente,Sufficiente,0,0,0,2,12.59979,41.95052,True,z,,,
2573778,17,2015-11-09T17:00:00,Strada Urbana,all'intersezione con,PIAZZALE DEGLI EROI,,Scontro frontale-laterale DX fra veicoli in marcia,Rotatoria,Una carreggiata a senso unico di marcia,Asciutto,Asfaltata,Verticale ed orizzontale,Sereno,Normale,Buona,Sufficiente,0,0,0,2,12.44859,41.90865,True,z,VIA VITTOR PISANI,VIA VITTOR PISANI,
2574603,13,2015-11-09T17:10:00,Strada Urbana,in corrispondenza,VIA DI SAPONARA,,Scontro laterale fra veicoli in marcia,Rettilineo,Una carreggiata a doppio senso,Asciutto,Asfaltata,Verticale ed orizzontale,Sereno,Intenso,Buona,Ore Diurne,0,0,0,2,12.35463,41.77763,True,z,del civico n.,,159E
2573744,15,2015-11-09T17:15:00,Strada Urbana,in prossimitíæ,VIA DELLA CASETTA MATTEI,,Scontro frontale-laterale SX fra veicoli in marcia,Rettilineo,Una carreggiata a doppio senso,Asciutto,Asfaltata,Orizzontale,Sereno,Normale,Buona,Sufficiente,1,0,0,1,12.42044,41.86227,False,z,del civico n.,,339
2574149,5,2015-11-09T17:30:00,Strada Urbana,da specificare,VIA TIBURTINA,altezza VIA DEI CLUNIACENSI,Tamponamento,Rettilineo,Due carreggiate,Asciutto,Asfaltata,Verticale ed orizzontale,Sereno,Intenso,Sufficiente,Sufficiente,1,0,0,1,12.54426,41.90857,True,z,,,
2574143,8,2015-11-09T17:30:00,Provinciale entro l'abitato,in corrispondenza,VIA PRENESTINA,,Scontro frontale-laterale DX fra veicoli in marcia,Rettilineo,Una carreggiata a doppio senso,Asciutto,Asfaltata,Verticale ed orizzontale,Sereno,Intenso,Sufficiente,Ore Diurne,0,0,1,1,12.62484,41.89279,False,z,del civico n.,,1150
2573841,15,2015-11-09T17:30:00,Strada Urbana,in corrispondenza,VIA PORTUENSE,,Scontro frontale-laterale DX fra veicoli in marcia,Rettilineo,Una carreggiata a doppio senso,Asciutto,Asfaltata,Orizzontale,Sereno,Normale,Buona,Sufficiente,0,0,0,2,12.46054,41.86597,True,z,del civico n.,,240
2574582,4,2015-11-09T17:45:00,,in prossimitíæ,VIA SALARIA,,Veicolo in marcia contro ostacolo accidentale,,,,,,,,,,0,0,0,1,12.50651,41.9491,False,z,del civico n.,,750-a
2574536,12,2015-11-09T17:55:00,Strada Urbana,all'intersezione con,VIA CRISTOFORO COLOMBO,,Scontro laterale fra veicoli in marcia,Incrocio,Una carreggiata a senso unico di marcia,Asciutto,Asfaltata,Verticale ed orizzontale,Sereno,Intenso,Buona,Sufficiente,0,0,0,4,12.47053,41.83317,True,z,PIAZZA GUGLIELMO MARCONI,PIAZZA GUGLIELMO MARCONI,
2574876,23,2015-11-09T18:00:00,Strada Urbana,all'intersezione semaforizzata con,PIAZZA DELL'EMPORIO,,Scontro frontale-laterale DX fra veicoli in marcia,Intersezione semaforizzata,Una carreggiata a senso unico di marcia,Asciutto,Asfaltata,Verticale ed orizzontale,Sereno,Normale,Buona,Sufficiente,0,0,0,2,12.4757,41.88288,False,z,LUNGOTEVERE TESTACCIO,LUNGOTEVERE TESTACCIO,
2573773,10,2015-11-09T18:00:00,Strada Urbana,in corrispondenza,VIA LUCIO ELIO SEIANO,,Veicolo in marcia contro veicolo in sosta,Rettilineo,Una carreggiata a senso unico di marcia,Asciutto,Asfaltata,Assente,Sereno,Normale,Sufficiente,Sufficiente,0,0,0,1,12.55925,41.85509,True,z,del civico n.,,50
2574184,20,2015-11-09T18:30:00,Strada Urbana,da specificare,LUNGOTEVERE MARESCIALLO CADORNA,prossimitíæ  via Morra di Lavriano,Tamponamento Multiplo,Rettilineo,Una carreggiata a doppio senso,Asciutto,Asfaltata,Verticale ed orizzontale,Sereno,Normale,Buona,Sufficiente,0,0,0,4,12.4583,41.92641,True,z,,,
2574334,19,2015-11-09T18:40:00,Strada Urbana,da specificare,PIAZZA DELLA BALDUINA,fronte civ. 55,Scontro laterale fra veicoli in marcia,Rettilineo,Una carreggiata a senso unico di marcia,Asciutto,Asfaltata,Verticale ed orizzontale,Sereno,Normale,Buona,Sufficiente,0,0,0,2,12.44151,41.91934,True,z,,,
2574263,20,2015-11-09T18:40:00,Strada Urbana,in corrispondenza,PIAZZA DEI GIUOCHI DELFICI,,Scontro frontale-laterale DX fra veicoli in marcia,Rettilineo,Due carreggiate,Asciutto,Asfaltata,Orizzontale,Sereno,Normale,Buona,Sufficiente,0,0,0,3,12.46328,41.94673,True,z,del civico n.,,26
2574564,4,2015-11-09T18:40:00,,all'intersezione con,VIA DARIO NICCODEMI,,Scontro frontale-laterale DX fra veicoli in marcia,,,,,,,,,,0,0,0,5,12.54867,41.95485,False,z,VIA RICCARDO BACCHELLI,VIA RICCARDO BACCHELLI,
2574545,2,2015-11-09T18:45:00,Strada Urbana,da specificare,CIRCONVALLAZIONE SALARIA,altezza Ponte delle Valli direzione stadio,Tamponamento Multiplo,Rettilineo,Due carreggiate,Asciutto,Asfaltata,Orizzontale,Sereno,Normale,Buona,Sufficiente,0,0,0,3,12.52168,41.93373,True,z,,,
2575512,6,2015-11-09T18:45:00,Strada Urbana,in prossimitíæ,VIA CONTE DI CARMAGNOLA,,Scontro laterale fra veicoli in marcia,Rettilineo,Una carreggiata a senso unico di marcia,Asciutto,Asfaltata,Assente,Sereno,Scarso,Buona,Sufficiente,0,0,0,3,12.53444,41.89032,True,z,del civico n.,,32
2615430,2,2015-11-09T19:00:00,,da specificare,CIRCONVALLAZIONE NOMENTANA,rampa per Via delle Valli,Tamponamento,,,,,,,,,,1,0,0,0,,,False,z,,,
2574527,13,2015-11-09T19:00:00,Strada Urbana,da specificare,VIALE DEI ROMAGNOLI,PROX VIA DELLA MACCHIARELLA,Tamponamento Multiplo,Rettilineo,Una carreggiata a doppio senso,Asciutto,Asfaltata,Verticale ed orizzontale,Sereno,Normale,Insufficiente,Insufficiente,2,0,0,1,12.32484,41.77007,False,z,,,
2574225,7,2015-11-09T19:00:00,Strada Urbana,in prossimitíæ,VIALE GIORGIO DE CHIRICO,,Scontro laterale fra veicoli in marcia,Rettilineo,Due carreggiate,Asciutto,Asfaltata,Verticale ed orizzontale,Sereno,Scarso,Buona,Sufficiente,0,0,0,7,12.58478,41.90166,True,z,del civico n.,,115
2574645,2,2015-11-09T19:00:00,Strada Urbana,all'intersezione semaforizzata con,VIALE MARESCIALLO PILSUDSKI,,Tamponamento,Intersezione semaforizzata,Una carreggiata a doppio senso,Asciutto,Asfaltata,Verticale ed orizzontale,Sereno,Normale,Buona,Sufficiente,0,0,0,4,12.47578,41.928,True,z,VIA DEL SACRO CUORE DI MARIA,VIA DEL SACRO CUORE DI MARIA,
2574090,11,2015-11-09T19:00:00,Strada Urbana,all'intersezione con,VICOLO DELLA BASILICA,,Scontro laterale fra veicoli in marcia,Incrocio,Una carreggiata a senso unico di marcia,Asciutto,Asfaltata,Verticale ed orizzontale,Sereno,Intenso,Sufficiente,Sufficiente,0,0,0,3,12.51827,41.85774,True,z,VIA APPIA PIGNATELLI,VIA APPIA PIGNATELLI,
2576297,1,2015-11-09T19:10:00,Strada Urbana,da specificare,VIA QUATTRO NOVEMBRE,IN PROSSIMITA' FERMATA ATAC 82195,Scontro laterale fra veicoli in marcia,Rotatoria,Una carreggiata a senso unico di marcia,Asciutto,In cubetti di porfido,Verticale ed orizzontale,Sereno,Normale,Sufficiente,Sufficiente,0,0,0,2,12.48673,41.89616,True,z,,,
2574444,8,2015-11-09T19:15:00,Strada Urbana,da specificare,VIA DI PASSOLOMBARDO,50m dopo svincolo RM-NA dir.ne via Tuscolana,Veicolo in marcia contro ostacolo accidentale,Rettilineo,Una carreggiata a doppio senso,Asciutto,Asfaltata,Verticale ed orizzontale,Sereno,Normale,Insufficiente,Inesistente,0,0,0,1,12.6305,41.84311,True,z,,,
2574301,18,2015-11-09T19:30:00,Strada Urbana,da specificare,PIAZZA PIO XI,direzione Gregorio VII - Carpegna,Tamponamento,Rettilineo,Una carreggiata a senso unico di marcia,Asciutto,Asfaltata,Verticale ed orizzontale,Sereno,Normale,Buona,Sufficiente,0,0,0,3,12.43711,41.8941,True,z,,,
2574006,15,2015-11-09T20:00:00,Strada Urbana,all'intersezione con,VIALE GUGLIELMO MARCONI,,Scontro laterale fra veicoli in marcia,Intersezione semaforizzata,Due carreggiate,Asciutto,Asfaltata,Verticale ed orizzontale,Sereno,Normale,Sufficiente,Sufficiente,0,0,0,2,12.47148,41.85669,True,z,VIA PIETRO BLASERNA,VIA PIETRO BLASERNA,
2574609,16,2015-11-09T20:30:00,Strada Urbana,in prossimitíæ,VIA GIORGIONE,,Scontro frontale-laterale SX fra veicoli in marcia,Rettilineo,Una carreggiata a doppio senso,Asciutto,Asfaltata,Orizzontale,Sereno,Normale,Insufficiente,Insufficiente,3,0,0,0,12.49372,41.84999,True,z,del civico n.,,81
2574838,4,2015-11-09T20:40:00,Strada Urbana,in prossimitíæ,VIA DELLA BUFALOTTA,,Scontro laterale fra veicoli in marcia,Rettilineo,Una carreggiata a doppio senso,Asciutto,Asfaltata,Verticale ed orizzontale,Sereno,Normale,Sufficiente,Sufficiente,0,0,0,2,12.54605,41.95865,True,z,del civico n.,,451
2575912,12,2015-11-09T20:45:00,Strada Urbana,da specificare,VIA DI ACQUA ACETOSA OSTIENSE,ALTEZZA COLLE PARNASO,Scontro laterale fra veicoli in marcia,Rettilineo,Una carreggiata a doppio senso,Asciutto,Asfaltata,Orizzontale,Sereno,Scarso,Buona,Inesistente,0,0,0,2,12.47402,41.8032,True,z,,,
2574251,20,2015-11-09T21:30:00,Strada Urbana,all'intersezione con,VIA BRACCIANENSE,,Scontro frontale-laterale SX fra veicoli in marcia,Incrocio,Una carreggiata a doppio senso,Asciutto,Asfaltata,Verticale ed orizzontale,Sereno,Scarso,Insufficiente,Insufficiente,0,0,0,2,12.31516,42.03635,True,z,VIA DI S. MARIA DI GALERIA,VIA DI S. MARIA DI GALERIA,
2574497,10,2015-11-09T22:10:00,Strada Urbana,all'intersezione con,VIA DEI CASTANI,,Scontro laterale fra veicoli in marcia,Incrocio,Una carreggiata a senso unico di marcia,Asciutto,Asfaltata,Verticale ed orizzontale,Sereno,Normale,Buona,Sufficiente,0,0,0,2,12.56684,41.88401,True,z,VIA DEI FAGGI,VIA DEI FAGGI,
2574156,13,2015-11-09T23:10:00,Strada Urbana,all'intersezione con,VIA DOMENICO BAFFIGO,,Scontro frontale-laterale DX fra veicoli in marcia,Incrocio,Una carreggiata a doppio senso,Asciutto,Asfaltata,Verticale ed orizzontale,Sereno,Scarso,Buona,Sufficiente,0,0,0,4,12.26189,41.73701,True,z,VIALE DEL SOMMERGIBILE,VIALE DEL SOMMERGIBILE,
2575483,18,2015-11-10T00:00:00,Strada Urbana,in prossimitíæ,VIA DI BOCCEA,,Veicolo in marcia contro ostacolo accidentale,Rettilineo,Una carreggiata a doppio senso,Asciutto,Asfaltata,Verticale ed orizzontale,Sereno,Normale,Buona,Ore Diurne,1,0,0,0,12.43942,41.89838,True,z,del civico n.,,419
2574520,10,2015-11-10T01:30:00,Strada Urbana,all'intersezione con,VIALE PALMIRO TOGLIATTI,,Scontro laterale fra veicoli in marcia,Incrocio,Due carreggiate,Asciutto,Asfaltata,Verticale ed orizzontale,Sereno,Scarso,Sufficiente,Sufficiente,0,0,0,2,12.57339,41.88461,True,z,VIA DEL PERGOLATO,VIA DEL PERGOLATO,
2578350,9,2015-11-10T03:00:00,Strada Urbana,in prossimitíæ,VIA DEL MANDRIONE,,Veicolo in marcia contro ostacolo fisso,Rettilineo,Una carreggiata a doppio senso,Asciutto,Asfaltata,Assente,Sereno,Scarso,Sufficiente,Sufficiente,0,0,0,1,12.53684,41.87662,True,z,del civico n.,,190
2576884,1,2015-11-10T06:10:00,Strada Urbana,all'intersezione con,VIALE AVENTINO,,Veicolo in marcia contro ostacolo fisso,Incrocio,Pií_ di due carreggiate,Asciutto,In cubetti di porfido,Verticale ed orizzontale,Sereno,Scarso,Buona,Ore Diurne,0,0,0,2,12.48711,41.88266,True,z,VIA DI S. PRISCA,VIA DI S. PRISCA,
2575504,15,2015-11-10T07:35:00,Strada Urbana,all'intersezione con,VIA ANTONIO PACINOTTI,,Scontro frontale-laterale SX fra veicoli in marcia,Incrocio,Una carreggiata a doppio senso,Asciutto,Asfaltata,Verticale ed orizzontale,Sereno,Normale,Buona,Ore Diurne,3,0,0,0,12.46589,41.87029,False,z,VIA DI PIETRA PAPA,VIA DI PIETRA PAPA,
2575836,13,2015-11-10T07:40:00,Strada Urbana,da specificare,VIA DI TOR BOACCIANA,prossimitíæ Ponte della Scafa,Scontro laterale fra veicoli in marcia,Rettilineo,Una carreggiata a doppio senso,Asciutto,Asfaltata,Assente,Sereno,Intenso,Buona,Ore Diurne,0,0,0,3,12.27897,41.75296,True,z,,,
2575556,15,2015-11-10T08:00:00,Strada Urbana,all'intersezione semaforizzata con,VIA DELLA CASETTA MATTEI,,Infortunio per sola frenata improvvisa,Incrocio,Una carreggiata a doppio senso,Asciutto,Asfaltata,Verticale ed orizzontale,Sereno,Normale,Buona,Ore Diurne,1,0,0,3,12.41945,41.85836,False,z,VIA POGGIO VERDE,VIA POGGIO VERDE,
2575961,4,2015-11-10T08:15:00,Strada Urbana,all'intersezione semaforizzata con,VIA DEL CASALE DI S. BASILIO,,Scontro laterale fra veicoli in marcia,Intersezione semaforizzata,Una carreggiata a doppio senso,Asciutto,Asfaltata,Verticale ed orizzontale,Sereno,Intenso,Sufficiente,Ore Diurne,0,0,0,2,12.58452,41.93248,True,z,VIA TIBURTINA,VIA TIBURTINA,
2574692,4,2015-11-10T08:20:00,Strada Urbana,in corrispondenza,VIA VAGLIA,,Scontro frontale-laterale DX fra veicoli in marcia,Rettilineo,Una carreggiata a doppio senso,Asciutto,Asfaltata,Verticale ed orizzontale,Sereno,Normale,Buona,Ore Diurne,1,0,0,1,,,False,z,del civico n.,,41
2575510,16,2015-11-10T08:25:00,Strada Urbana,in corrispondenza,VIA FEDERICO OZANAM,,Tamponamento,Rettilineo,Una carreggiata a doppio senso,Asciutto,Asfaltata,Orizzontale,Sereno,Normale,Buona,Ore Diurne,1,0,0,1,12.45139,41.87757,False,z,del civico n.,,125
2576054,4,2015-11-10T08:30:00,Strada Urbana,in corrispondenza,VIA NOMENTANA,,Scontro laterale fra veicoli in marcia,Rettilineo,Una carreggiata a doppio senso,Asciutto,Asfaltata,Verticale ed orizzontale,Sereno,Normale,Sufficiente,Ore Diurne,0,0,0,2,12.54289,41.93763,True,z,del civico n.,,745
2575802,8,2015-11-10T08:35:00,Strada Urbana,in corrispondenza,VIA MASSA DI SAN GIULIANO,,Scontro frontale-laterale SX fra veicoli in marcia,Rettilineo,Una carreggiata a doppio senso,Asciutto,Asfaltata,Orizzontale,Sereno,Normale,Buona,Ore Diurne,1,0,0,1,12.69599,41.90295,True,z,del civico n.,,174
2574420,10,2015-11-10T08:45:00,Strada Urbana,in prossimitíæ,VIA PIZZO DI CALABRIA,,Tamponamento,Rettilineo,Una carreggiata a senso unico di marcia,Asciutto,Asfaltata,Assente,Nuvoloso,Normale,Buona,Ore Diurne,2,0,0,0,,,False,z,del civico n.,,0
2576084,10,2015-11-10T08:45:00,Strada Urbana,in prossimitíæ,VIA TUSCOLANA,,Tamponamento Multiplo,Rettilineo,Due carreggiate,Asciutto,Asfaltata,Verticale ed orizzontale,Sereno,Normale,Buona,Ore Diurne,0,0,0,4,12.57287,41.85012,True,z,del civico n.,,1558
2574596,18,2015-11-10T08:50:00,Strada Urbana,in prossimitíæ,VIA PIEDICAVALLO,,Scontro laterale fra veicoli in marcia,Rettilineo,Una carreggiata a doppio senso,Asciutto,Asfaltata,Verticale,Sereno,Scarso,Buona,Ore Diurne,0,0,0,2,12.36018,41.92454,True,z,del civico n.,,41
2574396,20,2015-11-10T08:50:00,Strada Urbana,da specificare,VIA DI GROTTAROSSA,dir Flaminia fronte civ. 1345,Veicolo in marcia contro ostacolo accidentale,Rettilineo,Una carreggiata a doppio senso,Asciutto,Asfaltata,Verticale ed orizzontale,Sereno,Normale,Buona,Ore Diurne,0,0,0,1,12.48459,41.97503,True,z,,,
2576116,20,2015-11-10T08:50:00,Strada Urbana,in corrispondenza,VIA DI BACCANELLO,,Veicolo in marcia contro veicolo fermo,Rettilineo,Una carreggiata a doppio senso,Asciutto,Asfaltata,Assente,Nuvoloso,Normale,Buona,Ore Diurne,0,0,0,2,,,False,z,del civico n.,,275
2576993,1,2015-11-10T08:50:00,Strada Urbana,in corrispondenza,PIAZZA DELL'ARA COELI,,Investimento di pedone,Rettilineo,Una carreggiata a senso unico di marcia,Asciutto,In cubetti di porfido,Assente,Sereno,Intenso,Buona,Ore Diurne,1,0,0,1,12.49637,41.90278,True,z,del palo luce n.,,8
2576969,1,2015-11-10T08:50:00,Strada Urbana,in corrispondenza,VIALE CASTRO PRETORIO,,Veicolo in marcia contro ostacolo accidentale,Rettilineo,Una carreggiata a doppio senso,Asciutto,Asfaltata,Verticale ed orizzontale,Sereno,Normale,Buona,Ore Diurne,0,0,0,1,12.5056,41.90581,True,z,del civico n.,,104
2574581,12,2015-11-10T09:00:00,Strada Urbana,da specificare,VIA DI DECIMA,rotatoria altezza Via delle Comete,Veicolo in marcia contro ostacolo accidentale,Rotatoria,Una carreggiata a senso unico di marcia,Asciutto,Fondo naturale,Verticale ed orizzontale,Sereno,Normale,Buona,Ore Diurne,1,0,0,0,12.45323,41.8102,False,z,,,
2575852,5,2015-11-10T09:00:00,Strada Urbana,in prossimitíæ,VIALE MARX,,Scontro frontale-laterale DX fra veicoli in marcia,Rettilineo,Una carreggiata a senso unico di marcia,Asciutto,Asfaltata,Verticale ed orizzontale,Sereno,Normale,Buona,Ore Diurne,1,0,0,1,12.56335,41.93909,False,z,del civico n.,,220
2576295,2,2015-11-10T09:10:00,Strada Urbana,da specificare,VIA PINCIANA,fronte cov. 31-d,Investimento di pedone,Rettilineo,Una carreggiata a doppio senso,Asciutto,Asfaltata,Verticale ed orizzontale,Sereno,Normale,Buona,Ore Diurne,2,0,0,0,12.49235,41.91222,False,z,,,
2576142,4,2015-11-10T09:20:00,Strada Urbana,in prossimitíæ,VIA DI SETTEBAGNI,,Scontro laterale fra veicoli in marcia,Rettilineo,Una carreggiata a doppio senso,Asciutto,Asfaltata,Verticale ed orizzontale,Sereno,Normale,Buona,Ore Diurne,0,0,0,2,12.54577,41.96735,True,z,del civico n.,,340
2574539,17,2015-11-10T09:30:00,Strada Urbana,all'intersezione con,VIA OSTIA,,Scontro frontale-laterale DX fra veicoli in marcia,Intersezione stradale segnalata,Una carreggiata a senso unico di marcia,Asciutto,Asfaltata,Verticale ed orizzontale,Nuvoloso,Scarso,Buona,Ore Diurne,0,0,0,2,12.45418,41.90932,True,z,VIA SANTAMAURA,VIA SANTAMAURA,
2574510,11,2015-11-10T09:35:00,Strada Urbana,in prossimitíæ,VIALE GUGLIELMO MARCONI,,Tamponamento,Rettilineo,Due carreggiate,Asciutto,Asfaltata,Verticale ed orizzontale,Nuvoloso,Normale,Buona,Ore Diurne,1,0,0,2,12.47508,41.84876,True,z,del palo luce n.,,96
2575806,8,2015-11-10T10:00:00,Provinciale entro l'abitato,in prossimitíæ,VIA DI TORRE SPACCATA,,Tamponamento,Rettilineo,Una carreggiata a doppio senso,Asciutto,Asfaltata,Orizzontale,Sereno,Normale,Buona,Ore Diurne,2,0,0,1,12.58575,41.86243,False,z,del civico n.,,153
2574651,11,2015-11-10T10:15:00,Strada Urbana,in prossimitíæ,VIA DEL PORTO FLUVIALE,,Scontro laterale fra veicoli in marcia,Rettilineo,Una carreggiata a doppio senso,Asciutto,Asfaltata,Verticale ed orizzontale,Nuvoloso,Normale,Buona,Ore Diurne,1,0,0,2,12.47812,41.8723,True,z,del civico n.,,7
2576028,7,2015-11-10T10:40:00,Strada Urbana,in prossimitíæ,VIALE PALMIRO TOGLIATTI,,Scontro laterale fra veicoli in marcia,Rettilineo,Due carreggiate,Asciutto,Asfaltata,Verticale ed orizzontale,Sereno,Normale,Buona,Ore Diurne,0,0,0,3,12.57082,41.87498,True,z,del civico n.,,524