_ID,_Gruppo,_DataOraIncidente,_Localizzazione1,_Localizzazione2,_Strada1,_DaSpecificare,_NaturaIncidente,_ParticolaritaStrade,_TipoStrada,_FondoStradale,_Pavimentazione,_Segnaletica,_CondizioneAtmosferica,_Traffico,_Visibilita,_Illuminazione,_NUM_FERITI,_NUM_RISERVATA,_NUM_MORTI,_NUM_ILLESI,_Longitudine,_Latitudine,_CONFERMATO,__prefix,_Strada02,_Strada2,_Chilometrica
2574640,7,2015-11-10T10:45:00,Strada Urbana,all'intersezione con,VIA DEI CASTANI,,Scontro frontale-laterale SX fra veicoli in marcia,Incrocio,Due carreggiate,Asciutto,Asfaltata,Verticale ed orizzontale,Sereno,Normale,Buona,Ore Diurne,0,0,0,2,12.56639,41.8782,True,z,VIA DEGLI ACERI,VIA DEGLI ACERI,
2576762,17,2015-11-10T11:00:00,Strada Urbana,all'intersezione con,LUNGOTEVERE DELLA VITTORIA,,Investimento di pedone,Incrocio,Una carreggiata a doppio senso,Asciutto,Strada pavimentata dissestata,Verticale ed orizzontale,Sereno,Scarso,Buona,Ore Diurne,0,0,0,2,12.46464,41.92174,True,z,VIA ORTIGARA,VIA ORTIGARA,
2576170,4,2015-11-10T11:10:00,Strada Urbana,da specificare,VIADOTTO ANTONIO SEGNI,rampa immissione da via Monte Cervialto,Veicolo in marcia contro ostacolo accidentale,Rettilineo,Due carreggiate,Asciutto,Asfaltata,Verticale ed orizzontale,Sereno,Scarso,Buona,Ore Diurne,0,0,0,1,13.02203,41.69124,True,z,,,
2576161,2,2015-11-10T11:10:00,Strada Urbana,da specificare,VIA LUIGI MANCINELLI,fronte civ. 80-a,Veicolo in marcia contro veicoli in sosta,Rettilineo,Una carreggiata a senso unico di marcia,Asciutto,Asfaltata,Verticale ed orizzontale,Sereno,Scarso,Buona,Ore Diurne,0,0,0,0,12.51431,41.93792,True,z,,,
2575871,5,2015-11-10T11:20:00,Strada Urbana,in prossimitíæ,VIA TIBURTINA,,Tamponamento,Rettilineo,Due carreggiate,Asciutto,Asfaltata,Temporanea di cantiere,Sereno,Intenso,Buona,Ore Diurne,0,0,0,2,12.59461,41.93267,True,z,del civico n.,,1144
2576278,4,2015-11-10T12:10:00,Strada Urbana,da specificare,PIAZZA OTTAVIANO VIMERCATI,area di parcheggio,Scontro laterale fra veicoli in marcia,Rettilineo,Una carreggiata a doppio senso,Asciutto,Asfaltata,Orizzontale,Sereno,Scarso,Buona,Ore Diurne,0,0,0,2,12.52455,41.95903,True,z,,,
2576700,17,2015-11-10T12:15:00,,da specificare,PIAZZA DEL RISORGIMENTO,in prossimitíæ di via Catone,Infortunio per caduta del veicolo,,,,,,,,,,0,0,0,2,12.45875,41.90578,False,z,,,
2575841,19,2015-11-10T12:40:00,Strada Urbana,in prossimitíæ,VIA PASQUALE II,,Scontro laterale fra veicoli in marcia,Curva senza visuale libera,Una carreggiata a doppio senso,Asciutto,Asfaltata,Assente,Sereno,Scarso,Buona,Ore Diurne,0,0,0,4,12.40875,41.90894,True,z,del civico n.,,225
2575026,9,2015-11-10T13:20:00,Strada Urbana,da specificare,VIA MAGNAGRECIA,altezza p.le Appio,Scontro laterale fra veicoli in marcia,Rettilineo,Una carreggiata a doppio senso,Asciutto,Asfaltata,Verticale ed orizzontale,Sereno,Normale,Buona,Ore Diurne,0,0,0,2,,,False,z,,,
2576681,18,2015-11-10T13:30:00,Strada Urbana,in prossimitíæ,VIA LUDOVICO MICARA,,Infortunio per caduta del veicolo,Rettilineo,Una carreggiata a senso unico di marcia,Asciutto,Asfaltata,Verticale ed orizzontale,Sereno,Scarso,Buona,Ore Diurne,0,0,0,2,,,False,z,del civico n.,,2
2575867,19,2015-11-10T13:35:00,Strada Urbana,all'intersezione con,VIA DI TORREVECCHIA,,Scontro frontale-laterale DX fra veicoli in marcia,Incrocio,Una carreggiata a doppio senso,Asciutto,Asfaltata,Verticale ed orizzontale,Sereno,Normale,Buona,Ore Diurne,0,0,0,3,12.4123,41.92339,True,z,VIA SIMONE MOSCA,VIA SIMONE MOSCA,
2576304,2,2015-11-10T13:45:00,Strada Urbana,all'intersezione con,VIA DI VILLA ADA,,Scontro frontale-laterale DX fra veicoli in marcia,Incrocio,Due carreggiate,Asciutto,Asfaltata,Verticale,Sereno,Normale,Buona,Ore Diurne,0,0,0,2,12.50515,41.92447,True,z,VIA LARIANA,VIA LARIANA,
2575815,8,2015-11-10T13:55:00,Statale entro l'abitato,da specificare,VIA CASILINA,in prox. Via Silicella,Tamponamento Multiplo,Rettilineo,Una carreggiata a doppio senso,Asciutto,Asfaltata,Verticale ed orizzontale,Sereno,Intenso,Buona,Ore Diurne,0,0,0,7,12.60933,41.86405,True,z,,,
2575875,5,2015-11-10T14:15:00,Strada Urbana,in prossimitíæ,VIA CAGLI,,Veicolo in marcia contro veicolo in sosta,Rettilineo,Una carreggiata a doppio senso,Asciutto,Asfaltata,Verticale,Sereno,Normale,Buona,Ore Diurne,0,0,0,1,12.58416,41.93762,True,z,del civico n.,,37
2575318,7,2015-11-10T14:25:00,Strada Urbana,all'intersezione con,VIA RENATO GUTTUSO,,Scontro frontale-laterale SX fra veicoli in marcia,Incrocio,Una carreggiata a doppio senso,Asciutto,Asfaltata,Verticale ed orizzontale,Nuvoloso,Normale,Buona,Ore Diurne,1,0,0,1,12.60426,41.91016,False,z,VIA ARETUSA,VIA ARETUSA,
2576124,16,2015-11-10T15:00:00,Strada Urbana,all'intersezione con,VIA DI VIGNA RIGACCI,,Scontro frontale-laterale DX fra veicoli in marcia,Incrocio,Una carreggiata a doppio senso,Asciutto,Asfaltata,Verticale ed orizzontale,Sereno,Normale,Buona,Ore Diurne,1,0,0,2,12.42793,41.87837,False,z,VIA CAMILLO SERAFINI,VIA CAMILLO SERAFINI,
2577909,12,2015-11-10T15:15:00,Strada Urbana,in prossimitíæ,VIA ILDEBRANDO VIVANTI,,Scontro frontale-laterale DX fra veicoli in marcia,Rettilineo,Una carreggiata a doppio senso,Asciutto,Asfaltata,Verticale ed orizzontale,Sereno,Scarso,Buona,Ore Diurne,0,0,0,3,12.44141,41.80435,True,z,del civico n.,,119
2575380,11,2015-11-10T15:15:00,Strada Urbana,da specificare,VIA LAURENTINA,altezza palo luce 457,Tamponamento,Rettilineo,Due carreggiate,Asciutto,Asfaltata,Verticale ed orizzontale,Sereno,Normale,Buona,Ore Diurne,1,0,0,2,12.4809,41.83817,False,z,,,
2575895,3,2015-11-10T15:20:00,Strada Urbana,da specificare,CIRCONVALLAZIONE TIBURTINA,dir. San Giovanni altezza largo Passamonti,Tamponamento Multiplo,Pendenza,Due carreggiate,Asciutto,Asfaltata,Verticale ed orizzontale,Sereno,Normale,Buona,Ore Diurne,0,0,0,3,12.52804,41.89941,True,z,,,
2575301,17,2015-11-10T15:35:00,Strada Urbana,in prossimitíæ,PIAZZALE DEGLI EROI,,Scontro laterale fra veicoli in marcia,Curva a visuale libera,Una carreggiata a senso unico di marcia,Asciutto,Asfaltata,Verticale ed orizzontale,Sereno,Normale,Buona,Ore Diurne,0,0,0,1,12.44852,41.9091,True,z,del civico n.,,14
2575288,20,2015-11-10T15:35:00,Statale entro l'abitato,in prossimitíæ,VIA CASSIA,,Scontro laterale fra veicoli in marcia,Rettilineo,Una carreggiata a doppio senso,Asciutto,Asfaltata,Orizzontale,Nuvoloso,Intenso,Buona,Ore Diurne,1,0,0,2,,,False,z,del civico n.,,700
2576087,10,2015-11-10T15:35:00,Strada Urbana,all'intersezione semaforizzata con,VIA QUINTO PUBLICIO,,Scontro laterale fra veicoli in marcia,Intersezione semaforizzata,Due carreggiate,Asciutto,Asfaltata,Verticale ed orizzontale,Sereno,Intenso,Buona,Ore Diurne,0,0,0,2,12.57089,41.85606,True,z,VIALE PALMIRO TOGLIATTI,VIALE PALMIRO TOGLIATTI,
2582462,12,2015-11-10T16:00:00,Strada Urbana,all'intersezione con,PIAZZALE DELL'UMANESIMO,,Scontro laterale fra veicoli in marcia,Intersezione semaforizzata,Una carreggiata a doppio senso,Asciutto,Asfaltata,Verticale ed orizzontale,Sereno,Intenso,Buona,Sufficiente,0,0,0,2,12.47167,41.82268,True,z,VIA NAIROBI,VIA NAIROBI,
2576836,1,2015-11-10T16:00:00,Strada Urbana,da specificare,LARGO CHIGI,.,Scontro laterale fra veicoli in marcia,Curva a visuale libera,Una carreggiata a doppio senso,Asciutto,Asfaltata,Verticale ed orizzontale,Sereno,Intenso,Buona,Ore Diurne,0,0,0,4,12.48076,41.90155,False,z,,,
2575870,13,2015-11-10T17:00:00,Strada Urbana,da specificare,VIA POSIDIPPO,altezza Via di Acilia,Scontro laterale fra veicoli in marcia,Rettilineo,Due carreggiate,Asciutto,Asfaltata,Verticale ed orizzontale,Sereno,Normale,Sufficiente,Insufficiente,0,0,0,2,12.3744,41.76983,True,z,,,
2575444,2,2015-11-10T17:00:00,Strada Urbana,da specificare,VIALE TIZIANO,prossimitíæ Via Chiaradia,Investimento di pedone,Rettilineo,Una carreggiata a senso unico di marcia,Asciutto,Asfaltata,Verticale ed orizzontale,Sereno,Normale,Buona,Ore Diurne,1,0,0,1,12.4707,41.92648,False,z,,,
2575842,5,2015-11-10T17:15:00,Strada Urbana,da specificare,VIALE EGIDIO GALBANI,prossimitíæ viale KANT,Scontro laterale fra veicoli in marcia,Rotatoria,Una carreggiata a senso unico di marcia,Asciutto,Asfaltata,Verticale ed orizzontale,Sereno,Normale,Buona,Sufficiente,0,0,0,3,12.55771,41.93282,True,z,,,
2576472,2,2015-11-10T17:25:00,Strada Urbana,in prossimitíæ,CORSO TRIESTE,,Veicolo in marcia contro veicolo fermo,Rettilineo,Due carreggiate,Asciutto,Asfaltata,Verticale ed orizzontale,Sereno,Normale,Sufficiente,Sufficiente,0,0,0,2,12.51032,41.92106,True,z,del civico n.,,112
2576076,16,2015-11-10T17:50:00,Strada Urbana,in corrispondenza,VIA OTTAVIO GASPARRI,,Tamponamento,Rettilineo,Una carreggiata a senso unico di marcia,Asciutto,Asfaltata,Verticale,Sereno,Intenso,Sufficiente,Sufficiente,0,0,0,2,12.44199,41.87796,True,z,del civico n.,,13
2575545,20,2015-11-10T18:00:00,Strada Urbana,in prossimitíæ,PIAZZA LAURO DE BOSIS,,Veicolo in marcia contro ostacolo accidentale,Rettilineo,Una carreggiata a doppio senso,Asciutto,Asfaltata,Verticale,Sereno,Scarso,Buona,Sufficiente,0,0,0,2,12.45866,41.93144,True,z,del civico n.,,6
2575509,1,2015-11-10T18:00:00,Strada Urbana,all'intersezione semaforizzata con,VIA LABICANA,,Scontro frontale-laterale DX fra veicoli in marcia,Intersezione semaforizzata,Pií_ di due carreggiate,Asciutto,Asfaltata,Verticale ed orizzontale,Sereno,Normale,Sufficiente,Sufficiente,1,0,0,1,12.49842,41.88986,True,z,VIA TOMMASO GROSSI,VIA TOMMASO GROSSI,
2577672,12,2015-11-10T18:05:00,Strada Urbana,all'intersezione semaforizzata con,VIALE DELL'OCEANO ATLANTICO,,Scontro laterale fra veicoli in marcia,Intersezione semaforizzata,Una carreggiata a senso unico di marcia,Asciutto,Asfaltata,Verticale ed orizzontale,Sereno,Intenso,Buona,Sufficiente,0,0,0,3,12.46374,41.81835,True,z,PIAZZALE VENTICINQUE MARZO 1957,PIAZZALE VENTICINQUE MARZO 1957,
2575623,2,2015-11-10T18:30:00,Strada Urbana,all'intersezione semaforizzata con,VIALE DELLE BELLE ARTI,,Investimento di pedone,Intersezione semaforizzata,Una carreggiata a doppio senso,Asciutto,Asfaltata,Verticale ed orizzontale,Sereno,Intenso,Sufficiente,Sufficiente,1,0,0,1,12.47498,41.91908,False,z,VIALE BRUNO BUOZZI,VIALE BRUNO BUOZZI,
2575819,8,2015-11-10T18:30:00,Strada Urbana,da specificare,VIALE DELLA SORBONA,50 mt prima di V. Stanford dir. PTV,Tamponamento Multiplo,Rettilineo,Due carreggiate,Asciutto,Asfaltata,Verticale ed orizzontale,Sereno,Normale,Buona,Sufficiente,0,0,0,4,12.60805,41.85445,True,z,,,
2576189,4,2015-11-10T18:35:00,,in corrispondenza,VIA DI VALLE MELAINA,,Investimento di pedone,,,,,,,,,,0,0,0,2,,,False,z,del civico n.,,28
2575958,3,2015-11-10T18:35:00,Strada Urbana,da specificare,VIA TIBURTINA,altezza Ponte di Portonaccio dir. Rebibbia,Scontro laterale fra veicoli in marcia,Rettilineo,Una carreggiata a doppio senso,Asciutto,Asfaltata,Verticale ed orizzontale,Sereno,Intenso,Buona,Sufficiente,0,0,0,3,,,False,z,,,
2576208,4,2015-11-10T19:00:00,Strada Urbana,all'intersezione con,VIA ADRIANO TILGHER,,Scontro laterale fra veicoli in marcia,Rotatoria,Una carreggiata a senso unico di marcia,Asciutto,Asfaltata,Verticale ed orizzontale,Sereno,Normale,Sufficiente,Sufficiente,0,0,0,2,12.55862,41.94874,True,z,VIA UGO OJETTI,VIA UGO OJETTI,
2577878,12,2015-11-10T19:05:00,Strada Urbana,da specificare,VIALE DELL'OCEANO PACIFICO,Altezza Piazzale 25 marzo 1957 ,Scontro laterale fra veicoli in marcia,Curva a visuale libera,Due carreggiate,Asciutto,Asfaltata,Assente,Sereno,Intenso,Buona,Sufficiente,0,0,0,3,12.46227,41.81866,True,z,,,
2575824,8,2015-11-10T19:15:00,Strada Urbana,all'intersezione con,VIA AMICO ASPERTINI,,Veicolo in marcia contro ostacolo accidentale,Incrocio,Due carreggiate,Asciutto,Asfaltata,Verticale ed orizzontale,Sereno,Normale,Sufficiente,Ore Diurne,1,0,0,0,12.62401,41.87814,False,z,VIA DI TOR BELLA MONACA,VIA DI TOR BELLA MONACA,
2575883,19,2015-11-10T20:00:00,Strada Urbana,in prossimitíæ,VIA BERNARDO DA BIBBIENA,,Infortunio per caduta del veicolo,Curva senza visuale libera,Una carreggiata a senso unico di marcia,Asciutto,Asfaltata,Orizzontale,Sereno,Normale,Buona,Sufficiente,1,0,0,0,12.41213,41.9166,True,z,del civico n.,,28
2576615,17,2015-11-10T20:15:00,Strada Urbana,in corrispondenza,LUNGOTEVERE DELLE ARMI,,Scontro laterale fra veicoli in marcia,Rettilineo,Una carreggiata a senso unico di marcia,Asciutto,Asfaltata,Assente,Sereno,Normale,Sufficiente,Sufficiente,0,0,0,2,12.46935,41.91547,False,z,del civico n.,,19
2575889,20,2015-11-10T20:15:00,Strada Urbana,all'intersezione con,VIA CIVITELLA D'AGLIANO,,Scontro frontale fra veicoli in marcia,Intersezione stradale segnalata,Una carreggiata a doppio senso,Asciutto,Asfaltata,Verticale ed orizzontale,Sereno,Scarso,Buona,Sufficiente,1,0,0,1,12.47237,41.94798,True,z,VIA MONTEROSI,VIA MONTEROSI,
2576643,17,2015-11-10T20:18:00,,da specificare,VIA GREGORIO VII,sottopasso prossimitíæ palo luce 247,Veicolo in marcia contro ostacolo fisso,,,,,,,,,,1,0,0,0,12.4499,41.89674,False,z,,,
2576194,16,2015-11-10T20:20:00,Strada Urbana,in prossimitíæ,VIALE DEI QUATTRO VENTI,,Scontro laterale fra veicoli in marcia,Rettilineo,Una carreggiata a doppio senso,Bagnato (pioggia),Asfaltata,Orizzontale,Sereno,Normale,Sufficiente,Sufficiente,0,0,0,2,12.45775,41.87505,True,z,del civico n.,,216
2576215,20,2015-11-10T20:30:00,Strada Urbana,all'intersezione con,VIA DELLA GIUSTINIANA,,Scontro frontale-laterale DX fra veicoli in marcia,Incrocio,Una carreggiata a doppio senso,Asciutto,Asfaltata,Verticale ed orizzontale,Sereno,Scarso,Buona,Sufficiente,0,0,0,4,12.45002,41.99439,True,z,VIA DELLA VILLA DI LIVIA,VIA DELLA VILLA DI LIVIA,
2575859,9,2015-11-10T22:30:00,Strada Urbana,all'intersezione con,VIA TERNI,,Scontro frontale-laterale SX fra veicoli in marcia,Incrocio,Una carreggiata a doppio senso,Asciutto,Asfaltata,Verticale ed orizzontale,Sereno,Scarso,Buona,Sufficiente,1,0,0,0,12.51873,41.88518,False,z,VIA FOLIGNO,VIA FOLIGNO,
2575823,5,2015-11-11T00:15:00,,all'intersezione semaforizzata con,VIA DI ACQUA BULLICANTE,,Scontro frontale-laterale SX fra veicoli in marcia,,,,,,,,,,0,0,0,0,,,False,z,VIA LUCHINO DAL VERME,VIA LUCHINO DAL VERME,
2577031,1,2015-11-11T00:15:00,Strada Urbana,da specificare,PIAZZA VENEZIA,fronte VITTORIANO,Scontro laterale fra veicoli in marcia,Rotatoria,Una carreggiata a senso unico di marcia,Asciutto,In cubetti di porfido,Verticale ed orizzontale,Sereno,Scarso,Sufficiente,Sufficiente,0,0,0,3,12.48387,41.89394,True,z,,,
2577054,1,2015-11-11T00:20:00,Strada Urbana,all'intersezione semaforizzata con,PIAZZA DI PORTA S. GIOVANNI,,Scontro frontale-laterale SX fra veicoli in marcia,Intersezione semaforizzata,Pií_ di due carreggiate,Asciutto,Asfaltata,Verticale ed orizzontale,Sereno,Scarso,Sufficiente,Sufficiente,1,0,0,2,12.50875,41.88659,True,z,VIALE CARLO FELICE,VIALE CARLO FELICE,
2575884,11,2015-11-11T01:20:00,Strada Urbana,in prossimitíæ,VIA CRISTOFORO COLOMBO,,Ribaltamento senza urto contro ostacolo fisso,Curva a visuale libera,Pií_ di due carreggiate,Asciutto,Asfaltata,Orizzontale,Sereno,Scarso,Sufficiente,Sufficiente,0,0,0,1,12.49848,41.86109,True,z,del palo luce n.,,112
2576225,4,2015-11-11T04:00:00,Strada Urbana,all'intersezione con,VIA DELLA CESARINA,,Scontro frontale fra veicoli in marcia,Incrocio,Una carreggiata a doppio senso,Asciutto,Asfaltata,Orizzontale,Sereno,Scarso,Insufficiente,Inesistente,0,0,0,2,12.58407,41.95858,True,z,VIA NOMENTANA,VIA NOMENTANA,
2576091,7,2015-11-11T05:30:00,Provinciale entro l'abitato,da specificare,VIA PRENESTINA,altezza rotatoria Prenestina bis,Veicolo in marcia contro ostacolo fisso,Rotatoria,Due carreggiate,Asciutto,Asfaltata,Verticale ed orizzontale,Sereno,Normale,Buona,Sufficiente,0,0,0,1,12.60346,41.89293,True,z,,,
2577469,8,2015-11-11T06:50:00,Strada Urbana,da specificare,VIA DI TORRENOVA,fronte civico 108,Veicolo in marcia contro veicolo in sosta,Rettilineo,Una carreggiata a doppio senso,Asciutto,Asfaltata,Verticale ed orizzontale,Sereno,Normale,Buona,Ore Diurne,0,0,0,1,12.6185,41.8775,True,z,,,
2577696,4,2015-11-11T07:20:00,,all'intersezione con,VIA NOMENTANA,,Scontro frontale-laterale SX fra veicoli in marcia,,,,,,,,,,0,0,0,2,,,False,z,VIA JACOPO SANNAZZARO,VIA JACOPO SANNAZZARO,
2575926,18,2015-11-11T07:40:00,Strada Urbana,all'intersezione con,VIA INNOCENZO XI,,Scontro frontale-laterale SX fra veicoli in marcia,Intersezione stradale segnalata,Una carreggiata a doppio senso,Asciutto,Asfaltata,Verticale ed orizzontale,Sereno,Normale,Buona,Ore Diurne,0,0,0,2,12.44032,41.89545,True,z,VIA DOMENICO BARONE,VIA DOMENICO BARONE,
2577677,16,2015-11-11T08:00:00,Strada Urbana,in corrispondenza,VIA ROBERTO ALESSANDRI,,Veicolo in marcia contro veicolo in sosta,Rettilineo,Una carreggiata a senso unico di marcia,Asciutto,Asfaltata,Verticale ed orizzontale,Sereno,Normale,Buona,Ore Diurne,1,0,0,0,12.44242,41.86686,False,z,del civico n.,,31
2577529,19,2015-11-11T08:05:00,Strada Urbana,in corrispondenza,VIA MARIO FANI,,Scontro frontale-laterale SX fra veicoli in marcia,Rettilineo,Una carreggiata a doppio senso,Asciutto,Asfaltata,Verticale ed orizzontale,Nuvoloso,Normale,Buona,Ore Diurne,0,0,0,2,12.43989,41.93584,True,z,del civico n.,,48
2576319,9,2015-11-11T08:05:00,,da specificare,VIA AOSTA,fronte VIA FIDENZA,Scontro frontale-laterale SX fra veicoli in marcia,,,,,,,,,,1,0,0,1,12.51465,41.88347,False,z,,,
2577888,4,2015-11-11T08:15:00,Statale entro l'abitato,in prossimitíæ,VIA SALARIA,,Scontro laterale fra veicoli in marcia,Rettilineo,Due carreggiate,Asciutto,Asfaltata,Verticale ed orizzontale,Sereno,Intenso,Buona,Ore Diurne,0,0,0,2,12.50625,41.9677,True,z,del civico n.,,971
2577476,8,2015-11-11T08:15:00,,all'intersezione con,VIA ALBEROBELLO,,Veicolo in marcia contro veicolo fermo,,,,,,,,,,0,0,0,1,12.61891,41.88452,False,z,VIA DI TORRENOVA,VIA DI TORRENOVA,
2579178,23,2015-11-11T08:20:00,Comunale extraurbana,in prossimitíæ,VIA CRISTOFORO COLOMBO,,Tamponamento Multiplo,Rettilineo,Pií_ di due carreggiate,Asciutto,Asfaltata,Verticale ed orizzontale,Sereno,Intenso,Buona,Ore Diurne,2,0,0,3,12.44704,41.80373,True,z,della chilometrica,,19
2577901,4,2015-11-11T08:30:00,Strada Urbana,in prossimitíæ,VIA MONTE RUGGERO,,Veicolo in marcia contro veicolo arresto,Rettilineo,Una carreggiata a doppio senso,Asciutto,Asfaltata,Verticale ed orizzontale,Sereno,Scarso,Buona,Ore Diurne,0,0,0,3,12.5282,41.94835,True,z,del civico n.,,64
2577489,8,2015-11-11T08:30:00,Provinciale entro l'abitato,in prossimitíæ,VIA PRENESTINA,,Tamponamento Multiplo,Rettilineo,Una carreggiata a doppio senso,Asciutto,Asfaltata,Verticale ed orizzontale,Sereno,Intenso,Buona,Ore Diurne,1,0,0,2,12.6069,41.89378,True,z,del palo luce n.,,646
2577484,8,2015-11-11T08:30:00,Strada Urbana,in prossimitíæ,VIA POLENSE,,Tamponamento Multiplo,Dosso,Una carreggiata a doppio senso,Asciutto,Asfaltata,Orizzontale,Sereno,Normale,Buona,Ore Diurne,0,0,0,3,12.71772,41.90682,True,z,del civico n.,,270
2577146,9,2015-11-11T08:30:00,,da specificare,VIA DELLE CAVE,fronte civ.79,Tamponamento,,,,,,,,,,0,0,0,2,,,False,z,,,
2577038,15,2015-11-11T08:30:00,Strada Urbana,in prossimitíæ,VIA PORTUENSE,,Scontro frontale-laterale SX fra veicoli in marcia,Pendenza,Una carreggiata a doppio senso,Asciutto,Asfaltata,Orizzontale,Sereno,Intenso,Buona,Ore Diurne,1,0,0,1,12.42962,41.85121,False,z,del civico n.,,739
2577645,13,2015-11-11T08:40:00,Strada Urbana,da specificare,VIA CRISTOFORO COLOMBO,in prossimitíæ di Via Tirteo,Scontro laterale fra veicoli in marcia,Rettilineo,Due carreggiate,Asciutto,Asfaltata,Verticale ed orizzontale,Sereno,Scarso,Buona,Ore Diurne,1,0,0,1,12.36576,41.75204,False,z,,,
2576246,19,2015-11-11T08:45:00,Strada Urbana,all'intersezione con,VIA FRANCESCO MARCONI,,Scontro frontale-laterale DX fra veicoli in marcia,Incrocio,Una carreggiata a doppio senso,Asciutto,Asfaltata,Verticale ed orizzontale,Sereno,Intenso,Buona,Ore Diurne,1,0,0,1,12.42363,41.9239,True,z,VIA ALESSANDRO VII,VIA ALESSANDRO VII,
2576154,2,2015-11-11T08:50:00,Strada Urbana,da specificare,CIRCONVALLAZIONE SALARIA,dir. Nomentana prossimitíæ svincolo V.le Somalia,Veicolo in marcia contro ostacolo fisso,Curva a visuale libera,Due carreggiate,Asciutto,Asfaltata,Orizzontale,Sereno,Normale,Buona,Ore Diurne,1,0,0,0,12.52086,41.93447,False,z,,,
2576885,12,2015-11-11T09:00:00,Strada Urbana,in prossimitíæ,VIALE DON PASQUINO BORGHI,,Tamponamento,Rettilineo,Una carreggiata a doppio senso,Asciutto,Asfaltata,Verticale ed orizzontale,Sereno,Intenso,Buona,Ore Diurne,1,0,0,1,12.44291,41.8118,False,z,del civico n.,,192
2576125,6,2015-11-11T09:00:00,Strada Urbana,all'intersezione con,VIALE DELLA VENEZIA GIULIA,,Scontro frontale fra veicoli in marcia,Incrocio,Una carreggiata a doppio senso,Asciutto,Asfaltata,Orizzontale,Sereno,Normale,Buona,Ore Diurne,1,0,0,2,12.54955,41.89591,True,z,VIA TEODORO MAYER,VIA TEODORO MAYER,
2577481,20,2015-11-11T09:10:00,,in corrispondenza,VIA ORIOLO ROMANO,,Scontro laterale fra veicoli in marcia,,,,,,,,,,1,0,0,2,,,False,z,del civico n.,,f.c. 8
2577379,11,2015-11-11T09:15:00,Strada Urbana,da specificare,VIA DI VIGNA MURATA,prossimitíæ civico 90,Scontro laterale fra veicoli in marcia,Curva a visuale libera,Una carreggiata a doppio senso,Asciutto,Asfaltata,Verticale ed orizzontale,Sereno,Normale,Buona,Ore Diurne,0,0,0,3,12.49872,41.82626,True,z,,,
2578053,3,2015-11-11T09:20:00,Strada Urbana,da specificare,CIRCONVALLAZIONE NOMENTANA,direzione san giovanni altezza Caserma Amione,Scontro laterale fra veicoli in marcia,Curva a visuale libera,Due carreggiate,Asciutto,Asfaltata,Verticale ed orizzontale,Sereno,Normale,Buona,Ore Diurne,0,0,0,2,12.5264,41.92058,True,z,,,
2577493,8,2015-11-11T09:20:00,Provinciale entro l'abitato,in prossimitíæ,VIA PRENESTINA,,Scontro laterale fra veicoli in marcia,Rettilineo,Una carreggiata a doppio senso,Asciutto,Asfaltata,Orizzontale,Sereno,Normale,Sufficiente,Ore Diurne,1,0,0,1,12.61645,41.89324,True,z,del civico n.,,1112
2576863,10,2015-11-11T09:30:00,Strada Urbana,in prossimitíæ,VIA TORRE DI MEZZAVIA,,Veicolo in marcia contro veicolo in sosta,Rettilineo,Una carreggiata a doppio senso,Asciutto,Asfaltata,Verticale ed orizzontale,Sereno,Scarso,Buona,Ore Diurne,0,0,0,1,12.59356,41.83681,True,z,del civico n.,,95
2576421,6,2015-11-11T09:30:00,Strada Urbana,all'intersezione semaforizzata con,PIAZZA DEL PIGNETO,,Tamponamento,Intersezione semaforizzata,Due carreggiate,Asciutto,Asfaltata,Verticale ed orizzontale,Sereno,Normale,Buona,Ore Diurne,0,0,0,4,12.52281,41.88938,True,z,VIA CASILINA,VIA CASILINA,
2577015,1,2015-11-11T09:50:00,Strada Urbana,in corrispondenza,VIA DI PIETRA,,Veicolo in marcia contro ostacolo fisso,Rettilineo,Una carreggiata a senso unico di marcia,Asciutto,In cubetti di porfido,Assente,Sereno,Scarso,Buona,Ore Diurne,0,0,0,1,12.48069,41.90003,True,z,del civico n.,,80
2577392,7,2015-11-11T10:10:00,Provinciale entro l'abitato,da specificare,VIA PRENESTINA,altezza ponte del G.R.A.,Scontro laterale fra veicoli in marcia,Rettilineo,Una carreggiata a doppio senso,Asciutto,Asfaltata,Verticale ed orizzontale,Sereno,Normale,Buona,Ore Diurne,0,0,0,3,12.61497,41.89337,True,z,,,
2577427,15,2015-11-11T10:30:00,Strada Urbana,all'intersezione con,VIA PORTUENSE,,Tamponamento,Incrocio,Una carreggiata a doppio senso,Asciutto,Asfaltata,Orizzontale,Sereno,Normale,Buona,Ore Diurne,1,0,0,1,12.40939,41.84342,False,z,VIA BARTOLOMEO CRISTOFORI,VIA BARTOLOMEO CRISTOFORI,
2577471,7,2015-11-11T10:35:00,Strada Urbana,all'intersezione con,VIA GUGLIELMO SANSONI,,Tamponamento,Incrocio,Una carreggiata a doppio senso,Asciutto,Asfaltata,Verticale ed orizzontale,Sereno,Normale,Buona,Ore Diurne,0,0,0,4,12.58398,41.90341,True,z,VIA COLLATINA,VIA COLLATINA,