_ID,_Gruppo,_DataOraIncidente,_Localizzazione1,_Localizzazione2,_Strada1,_DaSpecificare,_NaturaIncidente,_ParticolaritaStrade,_TipoStrada,_FondoStradale,_Pavimentazione,_Segnaletica,_CondizioneAtmosferica,_Traffico,_Visibilita,_Illuminazione,_NUM_FERITI,_NUM_RISERVATA,_NUM_MORTI,_NUM_ILLESI,_Longitudine,_Latitudine,_CONFERMATO,__prefix,_Strada02,_Strada2,_Chilometrica
2577644,11,2015-11-12T08:30:00,Strada Urbana,in prossimitíæ,VIALE ALDO BALLARIN,,Scontro laterale fra veicoli in marcia,Curva a visuale libera,Una carreggiata a doppio senso,Asciutto,Asfaltata,Verticale ed orizzontale,Sereno,Normale,Buona,Ore Diurne,0,0,0,2,12.48642,41.83837,True,z,del civico n.,,1
2577885,1,2015-11-12T08:40:00,Strada Urbana,all'intersezione semaforizzata con,VIA NICOLA SALVI,,Tamponamento,Intersezione semaforizzata,Una carreggiata a senso unico di marcia,Asciutto,Asfaltata,Verticale ed orizzontale,Sereno,Normale,Buona,Ore Diurne,0,0,0,2,12.49284,41.89134,True,z,PIAZZA DEL COLOSSEO,PIAZZA DEL COLOSSEO,
2578957,8,2015-11-12T09:00:00,Strada Urbana,in prossimitíæ,VIA BORGHESIANA,,Tamponamento Multiplo,Rettilineo,Una carreggiata a doppio senso,Asciutto,Asfaltata,Verticale ed orizzontale,Sereno,Intenso,Buona,Ore Diurne,0,0,0,2,12.67235,41.87821,False,z,del palo luce n.,,70
2577827,2,2015-11-12T09:20:00,Strada Urbana,da specificare,VIA SALARIA,direzione centro altezza svincolo Prati Fiscali.,Scontro laterale fra veicoli in marcia,Rettilineo,Due carreggiate,Asciutto,Asfaltata,Verticale ed orizzontale,Sereno,Normale,Buona,Ore Diurne,0,0,0,3,12.50856,41.93889,True,z,,,
2577719,10,2015-11-12T09:20:00,Strada Urbana,da specificare,VIA TUSCOLANA,prossimitíæ Via Lamaro,Scontro laterale fra veicoli in marcia,Rettilineo,Pií_ di due carreggiate,Asciutto,Asfaltata,Verticale ed orizzontale,Sereno,Normale,Buona,Ore Diurne,0,0,0,4,12.57216,41.85088,True,z,,,
2578325,12,2015-11-12T09:30:00,Strada Urbana,in prossimitíæ,VIA ANDREA MELDOLA,,Veicolo in marcia contro veicolo in sosta,Rettilineo,Una carreggiata a doppio senso,Asciutto,Asfaltata,Verticale ed orizzontale,Sereno,Normale,Buona,Ore Diurne,0,0,0,1,12.50552,41.82352,True,z,del civico n.,,94
2579218,4,2015-11-12T09:45:00,Strada Urbana,in prossimitíæ,VIA RINO GAETANO,,Tamponamento,Rettilineo,Due carreggiate,Asciutto,Asfaltata,Verticale ed orizzontale,Sereno,Scarso,Buona,Ore Diurne,0,0,0,2,12.53223,41.9702,True,z,del civico n.,,27
2577985,6,2015-11-12T09:50:00,Strada Urbana,in corrispondenza,VIALE DELLA VENEZIA GIULIA,,Investimento di pedone,Rettilineo,Una carreggiata a doppio senso,Asciutto,Asfaltata,Verticale ed orizzontale,Sereno,Normale,Buona,Ore Diurne,1,0,0,1,,,False,z,del civico n.,,129
2579059,19,2015-11-12T09:50:00,Strada Urbana,all'intersezione con,VIA DI S. CLETO PAPA,,Scontro frontale-laterale DX fra veicoli in marcia,Incrocio,Una carreggiata a doppio senso,Asciutto,Asfaltata,Verticale ed orizzontale,Sereno,Normale,Buona,Ore Diurne,1,0,0,1,12.42294,41.92261,True,z,VIA ALESSANDRO VII,VIA ALESSANDRO VII,
2578497,15,2015-11-12T10:15:00,Strada Urbana,in corrispondenza,LUNGOTEVERE DI PIETRA PAPA,,Scontro laterale fra veicoli in marcia,Rettilineo,Due carreggiate,Asciutto,Asfaltata,Assente,Sereno,Normale,Buona,Ore Diurne,0,0,0,3,12.47417,41.86283,True,z,del civico n.,,105
2579280,4,2015-11-12T10:20:00,Strada Urbana,da specificare,VIA AMALIA BETTINI,prossimitíæ VIA TALLI,Scontro laterale fra veicoli in marcia,Curva a visuale libera,Una carreggiata a senso unico di marcia,Asciutto,Asfaltata,Assente,Sereno,Normale,Buona,Ore Diurne,0,0,0,3,12.52694,41.96484,True,z,,,
2578940,5,2015-11-12T10:30:00,Strada Urbana,all'intersezione con,VIA DEI DURANTINI,,Investimento di pedone,Incrocio,Una carreggiata a senso unico di marcia,Asciutto,Asfaltata,Orizzontale,Sereno,Scarso,Buona,Ore Diurne,1,0,0,1,12.54224,41.91038,True,z,VIA LUIGI LODI,VIA LUIGI LODI,
2577850,17,2015-11-12T10:30:00,Strada Urbana,all'intersezione con,VIALE GIUSEPPE MAZZINI,,Scontro laterale fra veicoli in marcia,Intersezione non regolata-non segnalata,Due carreggiate,Asciutto,Asfaltata,Verticale ed orizzontale,Sereno,Normale,Buona,Ore Diurne,1,0,0,1,12.46713,41.91767,False,z,VIA PASUBIO,VIA PASUBIO,
2579754,23,2015-11-12T11:00:00,Comunale extraurbana,all'intersezione con,VIA CRISTOFORO COLOMBO,,Scontro frontale-laterale DX fra veicoli in marcia,Intersezione stradale segnalata,Pií_ di due carreggiate,Asciutto,Asfaltata,Verticale ed orizzontale,Sereno,Normale,Buona,Ore Diurne,0,0,0,4,12.38069,41.76365,True,z,VIA DI ACILIA,VIA DI ACILIA,
2578016,9,2015-11-12T11:00:00,Strada Urbana,da specificare,VIA MONSELICE,"altezza ingresso stazione F.S. ""TUSCOLANA""",Scontro frontale-laterale SX fra veicoli in marcia,Rettilineo,Una carreggiata a doppio senso,Asciutto,Asfaltata,Verticale ed orizzontale,Sereno,Normale,Buona,Ore Diurne,0,0,0,2,12.52232,41.87982,True,z,,,
2579036,19,2015-11-12T11:10:00,Strada Urbana,in prossimitíæ,VIALE DELLE MEDAGLIE D'ORO,,Scontro frontale-laterale SX fra veicoli in marcia,Rettilineo,Una carreggiata a doppio senso,Asciutto,Asfaltata,Orizzontale,Sereno,Normale,Buona,Ore Diurne,1,0,0,1,12.44399,41.91132,True,z,del civico n.,,105
2578040,6,2015-11-12T11:20:00,Strada Urbana,all'intersezione semaforizzata con,VIA DI PORTONACCIO,,Scontro laterale fra veicoli in marcia,Incrocio,Due carreggiate,Asciutto,Asfaltata,Verticale ed orizzontale,Sereno,Normale,Buona,Ore Diurne,0,0,0,2,12.54185,41.89276,True,z,LARGO PRENESTE,LARGO PRENESTE,
2577910,1,2015-11-12T11:30:00,Strada Urbana,all'intersezione con,VIA CIMARRA,,Veicolo in marcia contro veicoli in arresto,Incrocio,Una carreggiata a senso unico di marcia,Asciutto,Asfaltata,Verticale ed orizzontale,Sereno,Normale,Buona,Ore Diurne,0,0,0,3,,,False,z,VIA DEI SERPENTI,VIA DEI SERPENTI,
2583992,12,2015-11-12T11:30:00,Statale,da specificare,VIA OSTIENSE,altezza Via Sarsina,Veicolo in marcia contro ostacolo accidentale,Rettilineo,Una carreggiata a doppio senso,Asciutto,Asfaltata,Verticale ed orizzontale,Sereno,Normale,Buona,Ore Diurne,0,0,0,6,12.40776,41.79648,True,z,,,
2583092,12,2015-11-12T11:30:00,Strada Urbana,da specificare,VIALE CARLO LEVI,50 mt dopo Piazza Piovene direz. Via F.T.Marinetti,Veicolo in marcia contro veicolo in sosta,Rettilineo,Due carreggiate,Asciutto,Asfaltata,Verticale,Sereno,Scarso,Buona,Ore Diurne,0,0,0,1,12.46666,41.81166,True,z,,,
2578945,8,2015-11-12T11:30:00,,in prossimitíæ,VIA COLLATINA,,Veicolo in marcia contro ostacolo accidentale,,,,,,,,,,0,0,0,1,,,False,z,del civico n.,,962
2578967,8,2015-11-12T11:40:00,Strada Urbana,in corrispondenza,VIA MESORACA,,Veicolo in marcia contro veicolo in sosta,Rettilineo,Una carreggiata a doppio senso,Asciutto,Asfaltata,Verticale ed orizzontale,Sereno,Scarso,Buona,Ore Diurne,0,0,0,2,12.67513,41.87006,True,z,del civico n.,,35
2579024,13,2015-11-12T11:50:00,Strada Urbana,in prossimitíæ,VIA DI ACILIA,,Tamponamento,Rettilineo,Una carreggiata a doppio senso,Asciutto,Asfaltata,Verticale ed orizzontale,Sereno,Intenso,Buona,Ore Diurne,0,0,0,4,12.36944,41.77607,True,z,del civico n.,,236
2582569,2,2015-11-12T12:00:00,Strada Urbana,in corrispondenza,VIA DI S. COSTANZA,,Scontro frontale-laterale DX fra veicoli in marcia,Rettilineo,Una carreggiata a doppio senso,Asciutto,Asfaltata,Verticale ed orizzontale,Sereno,Normale,Buona,Ore Diurne,0,0,0,2,12.51477,41.92219,True,z,del civico n.,,46
2579141,7,2015-11-12T12:00:00,Strada Urbana,da specificare,VIA ROLANDO LANARI,alt. palo luce nŒÁ1 pross. inter. Via Walter Tobagi,Scontro laterale fra veicoli in marcia,Rettilineo,Una carreggiata a doppio senso,Asciutto,Asfaltata,Verticale ed orizzontale,Sereno,Scarso,Buona,Ore Diurne,0,0,0,2,12.5957,41.88088,True,z,,,
2579131,7,2015-11-12T12:00:00,Strada Urbana,all'intersezione con,VIA DI TOR SAPIENZA,,Scontro laterale fra veicoli in marcia,Incrocio,Una carreggiata a doppio senso,Asciutto,Asfaltata,Verticale ed orizzontale,Sereno,Normale,Buona,Ore Diurne,0,0,0,2,12.59032,41.9021,True,z,VIA ADRIANO CECIONI,VIA ADRIANO CECIONI,
2578338,2,2015-11-12T12:10:00,Strada Urbana,in prossimitíæ,VIA FLAMINIA,,Veicolo in marcia contro ostacolo accidentale,Rettilineo,Due carreggiate,Asciutto,Asfaltata,Verticale ed orizzontale,Sereno,Normale,Buona,Ore Diurne,1,0,0,1,12.46744,41.93218,False,z,del civico n.,,415
2579729,18,2015-11-12T12:15:00,Strada Urbana,in corrispondenza,VIA DELLA MAGLIANELLA,,Tamponamento Multiplo,Rettilineo,Una carreggiata a doppio senso,Asciutto,Asfaltata,Verticale ed orizzontale,Sereno,Normale,Buona,Ore Diurne,1,0,0,4,12.38228,41.90668,False,z,del civico n.,,248
2579690,18,2015-11-12T12:30:00,Statale entro l'abitato,da specificare,VIA AURELIA,"km. 8,00 (cavalcavia fronte via A. Ruiz)",Scontro laterale fra veicoli in marcia,Cavalcavia,Una carreggiata a senso unico di marcia,Asciutto,Asfaltata,Verticale ed orizzontale,Sereno,Normale,Buona,Ore Diurne,1,0,0,1,12.41273,41.89051,True,z,,,
2578246,6,2015-11-12T12:55:00,Strada Urbana,in prossimitíæ,VIA TOR DE' SCHIAVI,,Veicolo in marcia contro veicolo fermo,Rettilineo,Due carreggiate,Asciutto,Asfaltata,Orizzontale,Sereno,Scarso,Buona,Ore Diurne,0,0,0,2,12.56012,41.89142,True,z,del civico n.,,301
2582719,12,2015-11-12T13:00:00,Strada Urbana,all'intersezione con,VIALE DON PASQUINO BORGHI,,Scontro laterale fra veicoli in marcia,Incrocio,Due carreggiate,Asciutto,Asfaltata,Verticale ed orizzontale,Sereno,Normale,Buona,Ore Diurne,0,0,0,2,12.44517,41.80967,True,z,VIA DOMENICO JACHINO,VIA DOMENICO JACHINO,
2579156,2,2015-11-12T13:15:00,Strada Urbana,in prossimitíæ,VIA DEI CAMPI SPORTIVI,,Scontro frontale-laterale DX fra veicoli in marcia,Rettilineo,Una carreggiata a doppio senso,Asciutto,Asfaltata,Verticale ed orizzontale,Sereno,Normale,Buona,Ore Diurne,1,0,0,1,12.49025,41.93584,False,z,del palo luce n.,,E7
2578937,8,2015-11-12T13:30:00,Strada Urbana,in prossimitíæ,VIA DI TORRENOVA,,Scontro laterale fra veicoli in marcia,Rettilineo,Una carreggiata a doppio senso,Asciutto,Asfaltata,Orizzontale,Sereno,Normale,Buona,Ore Diurne,0,0,0,2,12.61965,41.88576,True,z,del civico n.,,455
2578306,20,2015-11-12T13:35:00,Strada Urbana,da specificare,PIAZZA DEI GIUOCHI DELFICI,alt. intersezione con via Cassia,Scontro laterale fra veicoli in marcia,Rotatoria,Una carreggiata a senso unico di marcia,Asciutto,Asfaltata,Verticale ed orizzontale,Sereno,Intenso,Buona,Ore Diurne,0,0,0,2,,,False,z,,,
2578216,1,2015-11-12T13:45:00,Strada Urbana,all'intersezione con,LARGO DEGLI SCHIAVONI,,Scontro frontale-laterale SX fra veicoli in marcia,Incrocio,Una carreggiata a doppio senso,Asciutto,Asfaltata,Verticale ed orizzontale,Sereno,Normale,Buona,Ore Diurne,0,0,0,2,12.47693,41.90486,False,z,VIA TOMACELLI,VIA TOMACELLI,
2579026,19,2015-11-12T14:00:00,Strada Urbana,da specificare,VIA DEL FORO ITALICO,rampa uscita Farnesina,Ribaltamento senza urto contro ostacolo fisso,Curva senza visuale libera,Una carreggiata a senso unico di marcia,Asciutto,Asfaltata,Orizzontale,Sereno,Normale,Buona,Ore Diurne,0,0,0,1,12.45942,41.93898,True,z,,,
2578215,9,2015-11-12T14:05:00,Strada Urbana,all'intersezione con,VIA GENZANO,,Scontro frontale-laterale DX fra veicoli in marcia,Incrocio,Una carreggiata a senso unico di marcia,Asciutto,Asfaltata,Verticale,Sereno,Normale,Buona,Ore Diurne,1,0,0,1,,,False,z,VIA POGGI D'ORO,VIA POGGI D'ORO,
2578440,20,2015-11-12T14:15:00,Provinciale,in prossimitíæ,VIA TIBERINA,,Veicolo in marcia contro ostacolo accidentale,Rettilineo,Una carreggiata a doppio senso,Asciutto,Strada pavimentata dissestata,Orizzontale,Sereno,Normale,Buona,Ore Diurne,0,0,0,2,12.4998,42.0054,True,z,del civico n.,,88
2582734,12,2015-11-12T14:15:00,Strada Urbana,da specificare,VIA TOR DE' CENCI,altezza largo Lido Duranti,Infortunio per sola frenata improvvisa,Rettilineo,Una carreggiata a doppio senso,Asciutto,Asfaltata,Verticale ed orizzontale,Sereno,Scarso,Buona,Ore Diurne,0,0,0,0,12.43453,41.77867,True,z,,,
2578513,15,2015-11-12T14:20:00,Strada Urbana,in prossimitíæ,VIALE CASTELLO DELLA MAGLIANA,,Tamponamento,Rettilineo,Due carreggiate,Asciutto,Asfaltata,Verticale ed orizzontale,Sereno,Normale,Buona,Ore Diurne,0,0,0,6,12.41208,41.82302,True,z,del civico n.,,65
2578541,17,2015-11-12T14:20:00,Strada Urbana,all'intersezione con,VIA COLA DI RIENZO,,Veicolo in marcia contro veicolo in sosta,Intersezione stradale segnalata,Una carreggiata a doppio senso,Asciutto,Asfaltata,Verticale ed orizzontale,Sereno,Normale,Buona,Ore Diurne,0,0,0,3,12.4614,41.90703,True,z,VIA PROPERZIO,VIA PROPERZIO,
2578253,11,2015-11-12T14:40:00,Strada Urbana,in corrispondenza,VIA DEL SERAFICO,,Scontro frontale-laterale SX fra veicoli in marcia,Rettilineo,Una carreggiata a doppio senso,Asciutto,Asfaltata,Verticale ed orizzontale,Sereno,Normale,Buona,Ore Diurne,0,0,0,2,12.48348,41.82959,True,z,del civico n.,,29
2578486,7,2015-11-12T15:00:00,Strada Urbana,in prossimitíæ,VIA DELLA CISTERNOLA,,Scontro frontale-laterale SX fra veicoli in marcia,Rettilineo,Una carreggiata a senso unico di marcia,Asciutto,Asfaltata,Verticale ed orizzontale,Sereno,Normale,Buona,Ore Diurne,0,0,0,2,12.60827,41.88802,True,z,del civico n.,,50
2579823,18,2015-11-12T15:00:00,Strada Urbana,da specificare,VIA DI BOCCEA,in prossimitíæ della RAMPA del GRA,Tamponamento,Rettilineo,Una carreggiata a senso unico di marcia,Asciutto,Asfaltata,Verticale ed orizzontale,Sereno,Normale,Buona,Ore Diurne,0,0,0,3,12.39188,41.91186,True,z,,,
2578942,11,2015-11-12T15:00:00,Strada Urbana,in corrispondenza,VIA S. LORENZO DA BRINDISI,,Veicolo in marcia contro veicolo in sosta,Rettilineo,Una carreggiata a senso unico di marcia,Asciutto,Asfaltata,Verticale,Sereno,Scarso,Buona,Ore Diurne,0,0,0,1,12.49176,41.86095,True,z,del civico n.,,2-A
2578953,8,2015-11-12T15:15:00,Strada Urbana,da specificare,VIALE OXFORD,dir. Tor Bella Monaca pross. palo luce n. 31,Veicolo in marcia contro ostacolo accidentale,Galleria illuminata,Due carreggiate,Asciutto,Asfaltata,Verticale ed orizzontale,Sereno,Normale,Buona,Ore Diurne,0,0,0,2,12.62817,41.8599,True,z,,,
2579485,12,2015-11-12T15:20:00,Strada Urbana,da specificare,VIA DEI CORAZZIERI,prossimitíæ via di Vigna Murata,Ribaltamento senza urto contro ostacolo fisso,Rettilineo,Una carreggiata a doppio senso,Asciutto,Asfaltata,Verticale ed orizzontale,Sereno,Normale,Buona,Ore Diurne,0,0,0,1,12.48605,41.82582,True,z,,,
2578515,1,2015-11-12T15:30:00,Strada Urbana,in prossimitíæ,PIAZZA GRAZIOLI,,Investimento di pedone,Rettilineo,Una carreggiata a doppio senso,Asciutto,In cubetti di porfido,Assente,Sereno,Scarso,Buona,Ore Diurne,1,0,0,1,12.48047,41.89719,True,z,del civico n.,,fc 4
2578962,8,2015-11-12T15:30:00,Statale entro l'abitato,in corrispondenza,VIA CASILINA,,Tamponamento Multiplo,Rettilineo,Una carreggiata a doppio senso,Asciutto,Asfaltata,Orizzontale,Sereno,Intenso,Buona,Ore Diurne,0,0,0,4,12.6074,41.86397,True,z,del civico n.,,1290
2579083,19,2015-11-12T16:20:00,Strada Urbana,in prossimitíæ,VIA DEI MONTI DI PRIMAVALLE,,Scontro laterale fra veicoli in marcia,Rettilineo,Una carreggiata a doppio senso,Asciutto,Asfaltata,Assente,Sereno,Normale,Buona,Ore Diurne,1,0,0,1,12.41366,41.90827,True,z,del civico n.,,183
2579853,18,2015-11-12T16:45:00,Statale,da specificare,VIA LA MONACHINA,"cavalcavia pross. v. Aurelia km. 11, 700",Scontro frontale-laterale SX fra veicoli in marcia,Cavalcavia,Due carreggiate,Asciutto,Asfaltata,Verticale ed orizzontale,Sereno,Scarso,Buona,Ore Diurne,1,0,0,3,12.36066,41.89382,True,z,,,
2578958,8,2015-11-12T17:00:00,Strada Urbana,in prossimitíæ,VIA DELL'ARCHEOLOGIA,,Investimento di pedone,Rettilineo,Una carreggiata a doppio senso,Asciutto,Asfaltata,Orizzontale,Sereno,Normale,Buona,Sufficiente,1,0,0,0,12.62937,41.87944,False,z,del civico n.,,106
2578939,13,2015-11-12T17:00:00,Strada Urbana,all'intersezione con,VIA GINO BONICHI,,Scontro frontale-laterale DX fra veicoli in marcia,Incrocio,Una carreggiata a doppio senso,Asciutto,Asfaltata,Verticale ed orizzontale,Sereno,Normale,Buona,Ore Diurne,2,0,0,2,12.35837,41.77731,False,z,VIA ALBERTO GALLI,VIA ALBERTO GALLI,
2587767,9,2015-11-12T17:10:00,Strada Urbana,da specificare,VIA PIEGARO,snc,Veicolo in marcia contro veicolo arresto,Rettilineo,Una carreggiata a senso unico di marcia,Asciutto,Asfaltata,Assente,Sereno,Normale,Buona,Ore Diurne,0,0,0,1,12.53314,41.87838,True,z,,,
2579018,10,2015-11-12T17:15:00,Strada Urbana,in prossimitíæ,VIA DELLA STAZIONE DI CIAMPINO,,Scontro frontale fra veicoli in marcia,Rettilineo,Una carreggiata a doppio senso,Asciutto,Asfaltata,Orizzontale,Sereno,Intenso,Buona,Sufficiente,1,0,0,1,,,False,z,del civico n.,,25
2578944,8,2015-11-12T17:15:00,Strada Urbana,da specificare,VIALE DELLA SORBONA,rotatoria altezza Via Stanford,Scontro laterale fra veicoli in marcia,Rotatoria,Due carreggiate,Asciutto,Asfaltata,Verticale ed orizzontale,Sereno,Normale,Sufficiente,Sufficiente,0,0,0,2,12.61006,41.85409,True,z,,,
2583029,12,2015-11-12T17:20:00,Strada Urbana,da specificare,VIA LAURENTINA,"direzione Roma centro Km 9,600",Scontro laterale fra veicoli in marcia,Rettilineo,Una carreggiata a senso unico di marcia,Asciutto,Asfaltata,Verticale ed orizzontale,Sereno,Normale,Sufficiente,Sufficiente,0,0,0,4,12.47927,41.82458,True,z,,,
2579196,2,2015-11-12T17:20:00,Strada Urbana,da specificare,PIAZZALE BRASILE,altezza Corso d'Italia,Scontro laterale fra veicoli in marcia,Curva a visuale libera,Una carreggiata a senso unico di marcia,Asciutto,Asfaltata,Verticale ed orizzontale,Sereno,Normale,Buona,Ore Diurne,1,0,0,2,12.48828,41.90955,False,z,,,
2579148,13,2015-11-12T17:20:00,Strada Urbana,all'intersezione con,VIA DOMENICO MORELLI,,Tamponamento,Incrocio,Una carreggiata a doppio senso,Asciutto,Asfaltata,Verticale ed orizzontale,Sereno,Normale,Buona,Sufficiente,0,0,0,6,12.35734,41.7719,False,z,VIA DI PRATO CORNELIO,VIA DI PRATO CORNELIO,
2578645,2,2015-11-12T17:25:00,Strada Urbana,all'intersezione semaforizzata con,VIALE DELLE BELLE ARTI,,Investimento di pedone,Intersezione semaforizzata,Una carreggiata a doppio senso,Asciutto,Asfaltata,Verticale ed orizzontale,Sereno,Normale,Buona,Sufficiente,1,0,0,1,12.47475,41.91904,False,z,VIALE BRUNO BUOZZI,VIALE BRUNO BUOZZI,
2579955,18,2015-11-12T17:25:00,,in prossimitíæ,VIA BALDO DEGLI UBALDI,,Investimento di pedone,,,,,,,,,,1,0,0,1,12.49637,41.90278,False,z,del civico n.,,fr. 354
2578948,5,2015-11-12T17:45:00,Strada Urbana,all'intersezione con,VIA TIBURTINA,,Scontro laterale fra veicoli in marcia,Incrocio,Una carreggiata a doppio senso,Asciutto,Asfaltata,Verticale ed orizzontale,Sereno,Normale,Buona,Ore Diurne,0,0,0,4,12.56188,41.91591,True,z,VIA DELLE MESSI D'ORO,VIA DELLE MESSI D'ORO,
2578933,20,2015-11-12T18:45:00,Strada Urbana,da specificare,VIA DI QUARTO PEPERINO,"dir. VIA DI GROTTAROSSA, a mt.200 da VIA J.E. SALK",Veicolo in marcia contro ostacolo accidentale,Rettilineo,Una carreggiata a doppio senso,Asciutto,Asfaltata,Verticale ed orizzontale,Sereno,Normale,Insufficiente,Insufficiente,0,0,0,3,12.4922,41.97715,True,z,,,
2579389,12,2015-11-12T18:50:00,Strada Urbana,in corrispondenza,PIAZZALE DELL'INDUSTRIA,,Scontro laterale fra veicoli in marcia,Rettilineo,Una carreggiata a doppio senso,Asciutto,Asfaltata,Verticale ed orizzontale,Sereno,Scarso,Buona,Sufficiente,2,0,0,1,12.47313,41.83586,False,z,del civico n.,,8
2578884,6,2015-11-12T18:50:00,Strada Urbana,in corrispondenza,VIA DI TOR PIGNATTARA,,Scontro laterale fra veicoli in marcia,Rettilineo,Una carreggiata a doppio senso,Asciutto,Asfaltata,Orizzontale,Sereno,Normale,Buona,Sufficiente,0,0,0,2,12.54201,41.87934,True,z,del civico n.,,38 E
2578893,9,2015-11-12T18:55:00,Strada Urbana,da specificare,VIA TUSCOLANA,fr. civ. 283,Scontro laterale fra veicoli in marcia,Rettilineo,Una carreggiata a doppio senso,Asciutto,Asfaltata,Verticale ed orizzontale,Sereno,Normale,Buona,Sufficiente,0,0,0,2,12.57887,41.84638,True,z,,,
2579011,10,2015-11-12T19:00:00,Strada Urbana,in prossimitíæ,VIA BERNARDINO ALIMENA,,Investimento di pedone,Rettilineo,Una carreggiata a doppio senso,Asciutto,Asfaltata,Verticale ed orizzontale,Sereno,Scarso,Sufficiente,Insufficiente,1,0,0,1,12.60021,41.8483,False,z,del civico n.,,31
2578646,7,2015-11-12T19:00:00,Provinciale entro l'abitato,da specificare,VIA PRENESTINA,atezza rotatoria via longoni,Scontro laterale fra veicoli in marcia,Rotatoria,Una carreggiata a senso unico di marcia,Asciutto,Asfaltata,Verticale ed orizzontale,Sereno,Intenso,Sufficiente,Sufficiente,0,0,0,3,12.6069,41.89378,True,z,,,
2579750,23,2015-11-12T19:15:00,Strada Urbana,da specificare,VIA DI ACILIA,fronte civico 77,Tamponamento,Rettilineo,Una carreggiata a doppio senso,Asciutto,Asfaltata,Verticale ed orizzontale,Sereno,Scarso,Sufficiente,Sufficiente,0,0,0,3,12.36662,41.78113,True,z,,,
2578951,11,2015-11-12T19:20:00,Strada Urbana,da specificare,VIA APPIA ANTICA,prossimitíæ civ.110,Veicolo in marcia contro ostacolo accidentale,Rettilineo,Una carreggiata a doppio senso,Asciutto,In cubetti di porfido,Verticale ed orizzontale,Sereno,Intenso,Buona,Sufficiente,0,0,0,1,12.51211,41.85965,True,z,,,
2579843,17,2015-11-12T19:20:00,Strada Urbana,in corrispondenza,CIRCONVALLAZIONE TRIONFALE,,Scontro laterale fra veicoli in marcia,Rettilineo,Due carreggiate,Asciutto,Asfaltata,Verticale ed orizzontale,Sereno,Intenso,Buona,Sufficiente,0,0,0,3,12.45132,41.91367,True,z,del civico n.,,120
2579783,17,2015-11-12T19:20:00,,in prossimitíæ,VIALE ANGELICO,,Tamponamento Multiplo,,,,,,,,,,0,0,0,2,12.45864,41.92121,False,z,del civico n.,,229
2582863,12,2015-11-12T19:20:00,Strada Urbana,in corrispondenza,VIA DEL FOSSO DEL TORRINO,,Scontro frontale-laterale SX fra veicoli in marcia,Rettilineo,Una carreggiata a senso unico di marcia,Asciutto,Asfaltata,Orizzontale,Sereno,Scarso,Sufficiente,Sufficiente,0,0,0,2,12.43415,41.81577,True,z,del civico n.,,19
2580895,1,2015-11-12T19:20:00,Strada Urbana,all'intersezione semaforizzata con,PIAZZA DI PORTA S. GIOVANNI,,Tamponamento,Intersezione semaforizzata,Una carreggiata a senso unico di marcia,Asciutto,Asfaltata,Verticale ed orizzontale,Sereno,Intenso,Buona,Sufficiente,1,0,0,1,12.50914,41.88658,True,z,VIALE CARLO FELICE,VIALE CARLO FELICE,
2579008,13,2015-11-12T19:20:00,Strada Urbana,all'intersezione con,VIA LIDO DI CASTEL PORZIANO,,Scontro frontale-laterale DX fra veicoli in marcia,Incrocio,Una carreggiata a doppio senso,Asciutto,Asfaltata,Verticale ed orizzontale,Sereno,Scarso,Insufficiente,Insufficiente,0,0,0,2,12.33985,41.72701,True,z,VIALE DI CASTEL PORZIANO,VIALE DI CASTEL PORZIANO,
2578956,11,2015-11-12T19:30:00,Strada Urbana,in prossimitíæ,VIA APPIA ANTICA,,Veicolo in marcia contro ostacolo accidentale,Rettilineo,Una carreggiata a doppio senso,Asciutto,Acciotolata,Verticale ed orizzontale,Sereno,Normale,Sufficiente,Sufficiente,0,0,0,1,12.51211,41.85965,True,z,del civico n.,,110
2578970,11,2015-11-12T19:35:00,Strada Urbana,da specificare,VIA APPIA ANTICA,in prossimitíæ del civico 110,Veicolo in marcia contro ostacolo accidentale,Rettilineo,Una carreggiata a doppio senso,Asciutto,Acciotolata,Verticale ed orizzontale,Sereno,Normale,Sufficiente,Sufficiente,1,0,0,0,12.51633,41.85591,True,z,,,
2579260,4,2015-11-12T19:40:00,Provinciale entro l'abitato,in corrispondenza,VIA NOMENTANA,,Scontro laterale fra veicoli in marcia,Curva senza visuale libera,Una carreggiata a doppio senso,Asciutto,Asfaltata,Orizzontale,Sereno,Normale,Buona,Sufficiente,0,0,0,2,12.55103,41.94023,True,z,del civico n.,,858
2588514,23,2015-11-12T19:55:00,Strada Urbana,in prossimitíæ,VIALE BRUNO BUOZZI,,Scontro laterale fra veicoli in marcia,Rettilineo,Una carreggiata a doppio senso,Asciutto,Asfaltata,Verticale ed orizzontale,Sereno,Scarso,Sufficiente,Sufficiente,1,0,0,1,12.4858,41.92176,True,z,del civico n.,,32