_ID,_Gruppo,_DataOraIncidente,_Localizzazione1,_Localizzazione2,_Strada1,_DaSpecificare,_NaturaIncidente,_ParticolaritaStrade,_TipoStrada,_FondoStradale,_Pavimentazione,_Segnaletica,_CondizioneAtmosferica,_Traffico,_Visibilita,_Illuminazione,_NUM_FERITI,_NUM_RISERVATA,_NUM_MORTI,_NUM_ILLESI,_Longitudine,_Latitudine,_CONFERMATO,__prefix,_Strada02,_Strada2,_Chilometrica
2584222,18,2015-11-12T20:00:00,Strada Urbana,da specificare,VIA DI BOCCEA,fronte via Leone Magno,Investimento di pedone,Rettilineo,Una carreggiata a doppio senso,Asciutto,Asfaltata,Verticale ed orizzontale,Sereno,Normale,Sufficiente,Sufficiente,2,0,0,0,12.4203,41.9035,False,z,,,
2578972,19,2015-11-12T20:00:00,Strada Urbana,in prossimitíæ,VIA DI TORREVECCHIA,,Investimento di pedone,Rettilineo,Una carreggiata a doppio senso,Asciutto,Asfaltata,Verticale ed orizzontale,Sereno,Normale,Buona,Sufficiente,1,0,0,1,12.41544,41.92689,True,z,del civico n.,,310-308
2579895,18,2015-11-12T20:15:00,Strada Urbana,all'intersezione semaforizzata con,VIA DELLA CELLULOSA,,Scontro laterale fra veicoli in marcia,Intersezione semaforizzata,Una carreggiata a doppio senso,Asciutto,Asfaltata,Verticale ed orizzontale,Sereno,Normale,Sufficiente,Sufficiente,2,0,0,1,12.36392,41.9207,True,z,VIA DI BOCCEA,VIA DI BOCCEA,
2579102,13,2015-11-12T20:40:00,Strada Urbana,all'intersezione con,VIA DI PONTE LADRONE,,Scontro frontale-laterale SX fra veicoli in marcia,Incrocio,Una carreggiata a doppio senso,Bagnato (pioggia),Asfaltata,Verticale ed orizzontale,Sereno,Normale,Sufficiente,Sufficiente,0,0,0,2,12.3783,41.78552,True,z,VIA PADRE ANTONIO COCCHI,VIA PADRE ANTONIO COCCHI,
2579121,3,2015-11-12T20:45:00,,da specificare,VIA NOMENTANA,fronte civ. 94,Investimento di pedone,,,,,,,,,,1,0,0,1,,,False,z,,,
2579375,7,2015-11-12T21:00:00,Strada Urbana,in corrispondenza,VIA ONORATO CARLANDI,,Scontro laterale fra veicoli in marcia,Rettilineo,Una carreggiata a doppio senso,Asciutto,Asfaltata,Assente,Sereno,Scarso,Buona,Sufficiente,0,0,0,3,12.59354,41.89962,True,z,del civico n.,,8
2579101,16,2015-11-12T21:00:00,Strada Urbana,da specificare,VIALE ISACCO NEWTON,imbocco rampa Via Arese,Veicolo in marcia contro ostacolo accidentale,Rettilineo,Una carreggiata a senso unico di marcia,Asciutto,Asfaltata,Verticale ed orizzontale,Sereno,Normale,Buona,Sufficiente,0,0,0,2,12.44279,41.84792,True,z,,,
2578935,20,2015-11-12T21:50:00,Strada Urbana,in prossimitíæ,VIA CASSIA,,Tamponamento Multiplo,Rettilineo,Una carreggiata a doppio senso,Bagnato (umiditíæ in atto),Asfaltata,Verticale ed orizzontale,Sereno,Normale,Buona,Sufficiente,0,0,0,4,12.42681,41.97444,True,z,del civico n.,,1043
2579214,2,2015-11-12T22:00:00,Strada Urbana,in prossimitíæ,VIA ULISSE ALDROVANDI,,Veicolo in marcia contro veicolo in sosta,Rettilineo,Una carreggiata a doppio senso,Asciutto,Asfaltata,Verticale ed orizzontale,Sereno,Scarso,Sufficiente,Sufficiente,0,0,0,1,12.48906,41.91919,True,z,del civico n.,,24
2579781,17,2015-11-12T22:00:00,Strada Urbana,all'intersezione con,VIA TOMMASO CAMPANELLA,,Veicolo in marcia contro veicolo in sosta,Incrocio,Una carreggiata a senso unico di marcia,Asciutto,Asfaltata,Verticale ed orizzontale,Sereno,Scarso,Buona,Sufficiente,0,0,0,3,12.45052,41.91028,True,z,VIA PIETRO GIANNONE,VIA PIETRO GIANNONE,
2578965,20,2015-11-12T22:20:00,Strada Urbana,in corrispondenza,VIA DELLA STAZIONE DI PRIMA PORTA,,Scontro laterale fra veicoli in marcia,Rettilineo,Una carreggiata a doppio senso,Asciutto,Asfaltata,Verticale,Sereno,Scarso,Sufficiente,Sufficiente,0,0,0,5,12.49175,42.00037,True,z,del palo luce n.,,1
2579074,3,2015-11-12T22:30:00,Strada Urbana,all'intersezione con,VIA SIMETO,,Scontro frontale-laterale DX fra veicoli in marcia,Intersezione stradale segnalata,Una carreggiata a senso unico di marcia,Asciutto,Asfaltata,Verticale ed orizzontale,Sereno,Scarso,Buona,Sufficiente,1,0,0,2,12.49778,41.91758,False,z,VIA METAURO,VIA METAURO,
2578899,9,2015-11-12T22:50:00,,all'intersezione con,VIA APPIA NUOVA,,Scontro laterale fra veicoli in marcia,,,,,,,,,,1,0,0,1,12.5516,41.83656,False,z,VIA SALUZZO,VIA SALUZZO,
2579471,12,2015-11-12T23:00:00,Provinciale,da specificare,VIA ARDEATINA,km 23.100 direzione Valle Caia,Scontro frontale fra veicoli in marcia,Rotatoria,Una carreggiata a doppio senso,Asciutto,Asfaltata,Assente,Sereno,Scarso,Insufficiente,Inesistente,0,0,0,2,12.58453,41.70205,True,z,,,
2579134,16,2015-11-12T23:20:00,Strada Urbana,all'intersezione semaforizzata con,VIA PORTUENSE,,Veicolo in marcia contro veicolo in sosta,Incrocio,Due carreggiate,Asciutto,Asfaltata,Verticale ed orizzontale,Sereno,Normale,Buona,Sufficiente,0,0,0,1,12.40939,41.84342,True,z,VIA DEGLI IRLANDESI,VIA DEGLI IRLANDESI,
2579760,1,2015-11-12T23:20:00,Strada Urbana,all'intersezione semaforizzata con,VIALE DI TRASTEVERE,,Veicolo in marcia contro ostacolo accidentale,Intersezione semaforizzata,Una carreggiata a doppio senso,Asciutto,Asfaltata,Verticale ed orizzontale,Sereno,Scarso,Sufficiente,Sufficiente,1,0,0,0,12.46804,41.88183,True,z,VIA CARLO PORTA,VIA CARLO PORTA,
2578986,11,2015-11-13T00:00:00,Strada Urbana,in prossimitíæ,VIA DI TOR CARBONE,,Fuoriuscita dalla sede stradale,Curva senza visuale libera,Una carreggiata a doppio senso,Bagnato (umiditíæ in atto),Asfaltata,Orizzontale,Nuvoloso,Scarso,Buona,Sufficiente,0,0,0,1,12.5276,41.82508,True,z,del palo luce n.,,69
2578963,8,2015-11-13T00:20:00,Strada Urbana,da specificare,VIALE DEI ROMANISTI,in prossimitíæ di Via Adolfo Giaquinto,Fuoriuscita dalla sede stradale,Rettilineo,Due carreggiate,Asciutto,Asfaltata,Verticale ed orizzontale,Sereno,Scarso,Sufficiente,Sufficiente,1,0,0,0,,,False,z,,,
2579311,4,2015-11-13T00:30:00,Strada Urbana,da specificare,Tangenziale Est direzione S. Giovanni,alt. rampa per Via Salaria,Veicolo in marcia contro ostacolo fisso,Rettilineo,Due carreggiate,Bagnato (umiditíæ in atto),Asfaltata,Verticale ed orizzontale,Sereno,Scarso,Buona,Sufficiente,0,0,0,1,12.49637,41.90278,True,z,,,
2578920,15,2015-11-13T01:15:00,Strada Urbana,in prossimitíæ,VIALE DELLA CIVILTA' DEL LAVORO,,Veicolo in marcia contro ostacolo fisso,Rettilineo,Due carreggiate,Asciutto,Asfaltata,Verticale ed orizzontale,Sereno,Scarso,Buona,Sufficiente,0,0,0,2,12.46812,41.83578,True,z,del civico n.,,23
2578908,9,2015-11-13T02:40:00,Strada Urbana,all'intersezione con,PIAZZALE LABICANO,,Scontro laterale fra veicoli in marcia,Intersezione stradale segnalata,Una carreggiata a senso unico di marcia,Asciutto,Asfaltata,Orizzontale,Sereno,Scarso,Sufficiente,Sufficiente,0,0,0,7,12.51556,41.89126,False,z,VIA CASILINA,VIA CASILINA,
2579401,4,2015-11-13T03:45:00,Strada Urbana,da specificare,VIA NOMENTANA,direzione RM prossimitíæ V. GIOVANNINI,Scontro frontale-laterale SX fra veicoli in marcia,Rettilineo,Una carreggiata a doppio senso,Bagnato (umiditíæ in atto),Asfaltata,Verticale ed orizzontale,Sereno,Scarso,Buona,Sufficiente,0,0,0,2,12.55238,41.94111,True,z,,,
2578891,6,2015-11-13T04:15:00,Strada Urbana,all'intersezione semaforizzata con,VIA PRENESTINA,,Scontro laterale fra veicoli in marcia,Intersezione semaforizzata,Pií_ di due carreggiate,,,,,,,,0,0,0,4,,,False,z,VIA TOR DE' SCHIAVI,VIA TOR DE' SCHIAVI,
2579701,1,2015-11-13T04:45:00,Strada Urbana,in prossimitíæ,VIALE TRENTA APRILE,,Veicolo in marcia contro ostacolo fisso,Curva a visuale libera,Una carreggiata a senso unico di marcia,Asciutto,Asfaltata,Verticale ed orizzontale,Sereno,Scarso,Sufficiente,Sufficiente,1,0,0,0,12.463,41.88592,True,z,del civico n.,,16
2580409,11,2015-11-13T07:45:00,Strada Urbana,all'intersezione con,VIA ARDEATINA,,Scontro frontale-laterale DX fra veicoli in marcia,Intersezione stradale segnalata,Pií_ di due carreggiate,Asciutto,Asfaltata,Verticale ed orizzontale,Sereno,Intenso,Buona,Ore Diurne,1,0,0,1,12.53487,41.79768,True,z,RAMPA GRA CARREGGIATA ESTERNA,RAMPA GRA CARREGGIATA ESTERNA,
2583337,12,2015-11-13T08:10:00,Strada Urbana,all'intersezione con,VIALE DEGLI EROI DI CEFALONIA,,Scontro frontale-laterale SX fra veicoli in marcia,Incrocio,Una carreggiata a senso unico di marcia,Asciutto,Asfaltata,Verticale ed orizzontale,Sereno,Normale,Buona,Ore Diurne,0,0,0,3,12.43931,41.78044,False,z,VIA ALDO ELUISI,VIA ALDO ELUISI,
2581633,2,2015-11-13T08:10:00,Strada Urbana,da specificare,PIAZZA TRENTO,fronte civico 9,Scontro laterale fra veicoli in marcia,Rettilineo,Una carreggiata a doppio senso,Asciutto,Asfaltata,Verticale ed orizzontale,Sereno,Normale,Buona,Ore Diurne,0,0,0,4,12.50558,41.91717,True,z,,,
2579785,1,2015-11-13T08:15:00,Strada Urbana,in corrispondenza,VIA VENTIQUATTRO MAGGIO,,Scontro laterale fra veicoli in marcia,Rettilineo,Una carreggiata a doppio senso,Asciutto,In cubetti di porfido,Verticale ed orizzontale,Sereno,Normale,Buona,Ore Diurne,0,0,0,2,12.487,41.89693,True,z,del civico n.,,52
2584685,18,2015-11-13T08:30:00,Strada Urbana,in corrispondenza,VIA DI BOCCEA,,Veicolo in marcia contro veicolo in sosta,Curva a visuale libera,Una carreggiata a doppio senso,Asciutto,Asfaltata,Verticale ed orizzontale,Sereno,Normale,Buona,Ore Diurne,1,0,0,1,12.37799,41.91821,True,z,del civico n.,,587
2579249,20,2015-11-13T08:30:00,Strada Urbana,in prossimitíæ,VIA CASSIA,,Tamponamento Multiplo,Rettilineo,Una carreggiata a doppio senso,Asciutto,Asfaltata,Orizzontale,Sereno,Intenso,Buona,Ore Diurne,0,0,0,4,12.40686,41.98509,True,z,del civico n.,,1298
2582466,4,2015-11-13T08:30:00,Strada Urbana,all'intersezione con,VIA DELLA BUFALOTTA,,Scontro laterale fra veicoli in marcia,Incrocio,Una carreggiata a doppio senso,Asciutto,Asfaltata,Verticale ed orizzontale,Sereno,Normale,Buona,Ore Diurne,0,0,0,2,12.54958,41.96665,False,z,VIA ITALO SVEVO,VIA ITALO SVEVO,
2582276,10,2015-11-13T08:35:00,Statale entro l'abitato,in prossimitíæ,VIA ANAGNINA,,Tamponamento Multiplo,Rettilineo,Due carreggiate,Asciutto,Asfaltata,Verticale ed orizzontale,Sereno,Normale,Buona,Ore Diurne,1,0,0,2,12.60501,41.82463,True,z,del civico n.,,229
2580444,8,2015-11-13T08:50:00,,in prossimitíæ,VIA DI PRATOLUNGO CASILINO,,Veicolo in marcia contro ostacolo accidentale,,,,,,,,,,0,0,0,1,,,False,z,del civico n.,,138
2582260,10,2015-11-13T09:00:00,Strada Urbana,in corrispondenza,VIALE ANTONIO CIAMARRA,,Tamponamento,Rettilineo,Due carreggiate,Asciutto,Asfaltata,Verticale ed orizzontale,Sereno,Normale,Buona,Ore Diurne,0,0,0,2,12.59058,41.85288,True,z,del civico n.,,243
2583668,23,2015-11-13T09:00:00,,in prossimitíæ,VIA CRISTOFORO COLOMBO,,Scontro laterale fra veicoli in marcia,,,,,,,,,,1,0,0,2,,,False,z,della chilometrica,,18.2
2582526,4,2015-11-13T09:00:00,Strada Urbana,all'intersezione con,VIA DELLE VIGNE NUOVE,,Scontro frontale-laterale DX fra veicoli in marcia,Incrocio,Una carreggiata a doppio senso,Asciutto,Asfaltata,Verticale ed orizzontale,Sereno,Intenso,Buona,Ore Diurne,0,0,0,2,12.53579,41.95549,True,z,VIA MONTE RESEGONE,VIA MONTE RESEGONE,
2579651,16,2015-11-13T09:00:00,Strada Urbana,all'intersezione con,VIA DEL CASALETTO,,Scontro laterale fra veicoli in marcia,Incrocio,Una carreggiata a doppio senso,Asciutto,Asfaltata,Assente,Sereno,Normale,Sufficiente,Ore Diurne,0,0,0,2,12.43803,41.86674,True,z,VIA DI AFFOGALASINO,VIA DI AFFOGALASINO,
2580451,8,2015-11-13T09:20:00,Strada Urbana,all'intersezione con,VIA DEL FOSSO DI S. MAURA,,Scontro laterale fra veicoli in marcia,Rotatoria,Una carreggiata a senso unico di marcia,Asciutto,Asfaltata,Verticale ed orizzontale,Sereno,Normale,Sufficiente,Ore Diurne,0,0,0,1,12.59727,41.85697,False,z,VIALE DELLA SORBONA,VIALE DELLA SORBONA,
2580087,15,2015-11-13T09:40:00,Strada Urbana,da specificare,VIA PORTUENSE,fronte civico 718-E,Scontro laterale fra veicoli in marcia,Rettilineo,Una carreggiata a senso unico alternato,Asciutto,Asfaltata,Verticale ed orizzontale,Sereno,Normale,Buona,Ore Diurne,0,0,0,6,12.40939,41.84342,True,z,,,
2580448,8,2015-11-13T09:55:00,Provinciale entro l'abitato,all'intersezione con,VIA PRENESTINA,,Veicolo in marcia contro ostacolo fisso,Incrocio,Una carreggiata a doppio senso,Asciutto,Asfaltata,Verticale ed orizzontale,Sereno,Normale,Buona,Ore Diurne,0,0,0,1,12.68585,41.89025,False,z,VIA MODOLO,VIA MODOLO,
2581665,5,2015-11-13T10:00:00,,in prossimitíæ,VIA DEI MONTI TIBURTINI,,Tamponamento,,,,,,,,,,1,0,0,0,12.53339,41.92003,False,z,del civico n.,,165
2582534,17,2015-11-13T10:45:00,Strada Urbana,all'intersezione semaforizzata con,VIALE DELLE MEDAGLIE D'ORO,,Scontro frontale-laterale DX fra veicoli in marcia,Intersezione semaforizzata,Una carreggiata a doppio senso,Asciutto,Asfaltata,Verticale ed orizzontale,Sereno,Normale,Buona,Ore Diurne,0,0,0,3,12.44573,41.91092,False,z,VIA ANTONIO LABRIOLA,VIA ANTONIO LABRIOLA,
2579551,13,2015-11-13T11:00:00,Strada Urbana,all'intersezione con,VIA ISOLE DEL CAPO VERDE,,Scontro laterale fra veicoli in marcia,Intersezione stradale segnalata,Una carreggiata a doppio senso,Asciutto,Asfaltata,Verticale ed orizzontale,Sereno,Normale,Buona,Ore Diurne,0,0,0,5,12.27594,41.73819,True,z,VIA DEI VELIERI,VIA DEI VELIERI,
2581113,2,2015-11-13T11:00:00,,in corrispondenza,VIA DEL FORO ITALICO,,Scontro laterale fra veicoli in marcia,,,,,,,,,,1,0,0,1,,,False,z,del civico n.,,501
2580062,3,2015-11-13T11:00:00,Strada Urbana,da specificare,LARGO GUIDO MAZZONI,corrispondenza capolinea cotral,Scontro laterale fra veicoli in marcia,Rettilineo,Una carreggiata a senso unico di marcia,Asciutto,Asfaltata,Verticale ed orizzontale,Sereno,Normale,Buona,Ore Diurne,0,0,0,2,12.52773,41.90993,True,z,,,
2579656,16,2015-11-13T11:00:00,Strada Urbana,da specificare,PIAZZALE ENRICO DUNANT,prossimitíæ fronte civico 30,Investimento di pedone,Rettilineo,Una carreggiata a doppio senso,Asciutto,Asfaltata,Orizzontale,Sereno,Normale,Buona,Ore Diurne,2,0,0,0,,,False,z,,,
2582591,19,2015-11-13T11:40:00,Strada Urbana,da specificare,VIA DI VALLE AURELIA,alt. ingresso Balduina FS,Scontro frontale-laterale SX fra veicoli in marcia,Rettilineo,Una carreggiata a doppio senso,Asciutto,Asfaltata,Assente,Sereno,Normale,Buona,Ore Diurne,0,0,0,3,12.4367,41.9079,True,z,,,
2582524,4,2015-11-13T11:40:00,Strada Urbana,in corrispondenza,VIA GIUSEPPE DE NAVA,,Scontro laterale fra veicoli in marcia,Rettilineo,Una carreggiata a senso unico di marcia,Asciutto,Asfaltata,Verticale ed orizzontale,Sereno,Scarso,Buona,Ore Diurne,0,0,0,2,12.51795,41.95098,True,z,del civico n.,,20
2582507,4,2015-11-13T11:40:00,Provinciale entro l'abitato,in prossimitíæ,VIA NOMENTANA,,Tamponamento,Rettilineo,Una carreggiata a doppio senso,Asciutto,Asfaltata,Verticale ed orizzontale,Sereno,Normale,Buona,Ore Diurne,0,0,0,2,12.54269,41.93775,True,z,del civico n.,,749
2580452,8,2015-11-13T12:00:00,Strada Urbana,da specificare,PIAZZALE VAN GOGH,altezza parcheggio ex OBI,Veicolo in marcia contro veicolo fermo,Rettilineo,Una carreggiata a senso unico di marcia,Asciutto,Lastricata,Orizzontale,Sereno,Scarso,Buona,Ore Diurne,0,0,0,3,12.65207,41.86264,True,z,,,
2580098,15,2015-11-13T12:00:00,Strada Urbana,all'intersezione con,VIA QUIRINO MAJORANA,,Scontro laterale fra veicoli in marcia,Intersezione semaforizzata,Una carreggiata a doppio senso,Asciutto,Asfaltata,Verticale ed orizzontale,Sereno,Intenso,Buona,Ore Diurne,0,0,0,3,12.46208,41.86846,True,z,VIA ODERISI DA GUBBIO,VIA ODERISI DA GUBBIO,
2580425,8,2015-11-13T12:20:00,Provinciale entro l'abitato,in prossimitíæ,VIA BUSACHI,,Scontro frontale-laterale DX fra veicoli in marcia,Rettilineo,Una carreggiata a senso unico di marcia,Asciutto,Asfaltata,Verticale ed orizzontale,Sereno,Normale,Buona,Ore Diurne,1,0,0,1,12.68843,41.8899,True,z,del civico n.,,128
2579811,1,2015-11-13T12:20:00,Strada Urbana,in prossimitíæ,LUNGOTEVERE DE' CENCI,,Tamponamento,Rettilineo,Una carreggiata a senso unico di marcia,Asciutto,Asfaltata,Verticale ed orizzontale,Nuvoloso,Intenso,Buona,Ore Diurne,0,0,0,2,12.47512,41.89196,True,z,del civico n.,,3A
2580440,8,2015-11-13T12:30:00,,in prossimitíæ,VIA COLLATINA,,Veicolo in marcia contro ostacolo accidentale,,,,,,,,,,0,0,0,1,,,False,z,del palo luce n.,,585-586
2580439,8,2015-11-13T12:45:00,,in prossimitíæ,VIA COLLATINA,,Veicolo in marcia contro ostacolo accidentale,,,,,,,,,,0,0,0,1,,,False,z,del civico n.,,960
2582522,4,2015-11-13T13:00:00,,da specificare,VIA DI VILLA SPADA,prossimitíæ circolo il sagittario,Scontro laterale fra veicoli in marcia,,,,,,,,,,0,0,0,2,,,False,z,,,
2580949,1,2015-11-13T13:25:00,Strada Urbana,in corrispondenza,VIA DELL'AMBA ARADAM,,Scontro laterale fra veicoli in marcia,Rettilineo,Una carreggiata a doppio senso,Asciutto,Asfaltata,Verticale ed orizzontale,Sereno,Normale,Buona,Ore Diurne,1,0,0,2,12.5002,41.88374,True,z,del civico n.,,31-A
2579873,6,2015-11-13T13:30:00,Strada Urbana,da specificare,VIALE DELLA SERENISSIMA,all'incrocio con Via Cherso civico68,Tamponamento Multiplo,Rettilineo,Due carreggiate,Asciutto,Asfaltata,Verticale ed orizzontale,Sereno,Normale,Buona,Ore Diurne,1,0,0,3,12.55873,41.89592,True,z,,,
2581060,2,2015-11-13T13:45:00,Strada Urbana,in prossimitíæ,PIAZZALE BRASILE,,Veicolo in marcia contro veicoli in sosta,Rettilineo,Una carreggiata a senso unico di marcia,Asciutto,Asfaltata,Verticale ed orizzontale,Sereno,Normale,Buona,Ore Diurne,0,0,0,1,12.48901,41.9096,True,z,del civico n.,,1
2581667,5,2015-11-13T13:55:00,Strada Urbana,in prossimitíæ,VIA DEI MONTI TIBURTINI,,Veicolo in marcia contro ostacolo accidentale,Rettilineo,Una carreggiata a senso unico di marcia,Asciutto,Asfaltata,Verticale ed orizzontale,Sereno,Normale,Buona,Ore Diurne,0,0,0,2,12.55227,41.91376,True,z,del civico n.,,720
2581668,5,2015-11-13T14:00:00,Strada Urbana,all'intersezione con,VIA TIBURTINA,,Scontro laterale fra veicoli in marcia,Incrocio,Due carreggiate,Asciutto,Asfaltata,Verticale ed orizzontale,Sereno,Normale,Buona,Ore Diurne,1,0,0,1,12.62118,41.93789,False,z,VIA DI SALONE,VIA DI SALONE,
2580430,11,2015-11-13T14:30:00,Strada Urbana,all'intersezione con,VIA SALVATORE DI GIACOMO,,Scontro frontale-laterale DX fra veicoli in marcia,Incrocio,Pií_ di due carreggiate,Asciutto,Asfaltata,Verticale ed orizzontale,Nuvoloso,Normale,Buona,Ore Diurne,0,0,0,2,12.48691,41.84545,True,z,VIA AUGUSTO VERA,VIA AUGUSTO VERA,
2580073,2,2015-11-13T14:30:00,Strada Urbana,all'intersezione semaforizzata con,VIALE PINTURICCHIO,,Scontro frontale-laterale DX fra veicoli in marcia,Intersezione semaforizzata,Una carreggiata a doppio senso,Asciutto,Asfaltata,Verticale ed orizzontale,Sereno,Normale,Buona,Ore Diurne,0,0,0,2,12.46461,41.9303,True,z,VIA FRANCESCO GAI,VIA FRANCESCO GAI,
2579989,15,2015-11-13T14:30:00,Strada Urbana,da specificare,VIA DELLA PISANA,intersezione GRA (corsia interna),Scontro frontale fra veicoli in marcia,Curva a visuale libera,Una carreggiata a doppio senso,Asciutto,Asfaltata,Verticale ed orizzontale,Sereno,Normale,Buona,Ore Diurne,2,0,0,1,12.38043,41.85276,False,z,,,
2579905,1,2015-11-13T14:40:00,Strada Urbana,all'intersezione con,VIA STATILIA,,Scontro frontale-laterale SX fra veicoli in marcia,Incrocio,Una carreggiata a senso unico di marcia,Asciutto,Asfaltata,Verticale ed orizzontale,Sereno,Normale,Buona,Ore Diurne,1,0,0,1,,,False,z,VIA PRINCIPE AIMONE,VIA PRINCIPE AIMONE,
2581672,5,2015-11-13T14:45:00,Strada Urbana,da specificare,VIALE PALMIRO TOGLIATTI,altezza SVINCOLO PER VIA TIBURTINA,Tamponamento,Rettilineo,Una carreggiata a senso unico di marcia,Asciutto,Asfaltata,Verticale ed orizzontale,Sereno,Normale,Buona,Ore Diurne,1,0,0,1,12.56753,41.91935,True,z,,,
2583374,12,2015-11-13T15:30:00,Strada Urbana,in prossimitíæ,VIALE DELL'OCEANO PACIFICO,,Scontro frontale-laterale SX fra veicoli in marcia,Rettilineo,Una carreggiata a doppio senso,Asciutto,Asfaltata,Verticale ed orizzontale,Sereno,Intenso,Buona,Ore Diurne,1,0,0,1,12.46191,41.81904,False,z,del civico n.,,9
2582616,17,2015-11-13T15:45:00,Strada Urbana,da specificare,VIA TRIBONIANO,piazza adriana,Scontro frontale-laterale SX fra veicoli in marcia,Rettilineo,Una carreggiata a senso unico di marcia,Asciutto,Asfaltata,Verticale ed orizzontale,Sereno,Normale,Buona,Ore Diurne,0,0,0,2,12.46914,41.90414,False,z,,,
2580920,1,2015-11-13T15:55:00,Strada Urbana,in prossimitíæ,VIA SALLUSTIANA,,Veicolo in marcia contro veicolo in sosta,Rettilineo,Una carreggiata a senso unico di marcia,Asciutto,In cubetti di porfido,Verticale,Sereno,Normale,Buona,Ore Diurne,1,0,0,0,12.49135,41.90608,True,z,del civico n.,,49
2584456,18,2015-11-13T16:10:00,Strada Urbana,in prossimitíæ,PIAZZA PIO XI,,Scontro laterale fra veicoli in marcia,Rettilineo,Due carreggiate,Asciutto,Asfaltata,Verticale ed orizzontale,Sereno,Normale,Buona,Ore Diurne,0,0,0,2,12.43809,41.89444,True,z,del civico n.,,29
2583274,12,2015-11-13T16:15:00,Strada Urbana,da specificare,VIA CRISTOFORO COLOMBO,PROX. V.LE EUROPA DIR.NE ROMA,Investimento di pedone,Rettilineo,Una carreggiata a senso unico di marcia,Asciutto,Asfaltata,Verticale ed orizzontale,Nuvoloso,Normale,Buona,Ore Diurne,1,0,0,1,12.44704,41.80373,False,z,,,
2582562,4,2015-11-13T16:30:00,,da specificare,VIA SALARIA,(dir. Roma centro) a circa mt 300 dopo Urbe,Tamponamento,,,,,,,,,,0,0,0,1,12.50624,41.96289,False,z,,,
2580033,9,2015-11-13T16:30:00,Strada Urbana,in prossimitíæ,VIA ACAIA,,Veicolo in marcia contro veicolo in sosta,Rettilineo,Una carreggiata a doppio senso,Asciutto,Asfaltata,Verticale ed orizzontale,Sereno,Normale,Buona,Sufficiente,0,0,0,1,12.50844,41.87756,True,z,del civico n.,,9
2581000,1,2015-11-13T16:45:00,Strada Urbana,all'intersezione con,VIA ALESSANDRO VOLTA,,Scontro frontale-laterale DX fra veicoli in marcia,Incrocio,Una carreggiata a senso unico di marcia,Asciutto,Asfaltata,Verticale ed orizzontale,Sereno,Normale,Buona,Ore Diurne,0,0,0,5,12.47561,41.87799,True,z,VIA LUCA DELLA ROBBIA,VIA LUCA DELLA ROBBIA,
2580477,6,2015-11-13T16:50:00,Strada Urbana,all'intersezione con,VIA OLEVANO ROMANO,,Scontro frontale-laterale SX fra veicoli in marcia,Incrocio,Due carreggiate,Asciutto,Asfaltata,Verticale ed orizzontale,Sereno,Normale,Buona,Ore Diurne,0,0,0,2,12.55556,41.89121,True,z,VIA FILETTINO,VIA FILETTINO,
2580041,6,2015-11-13T16:55:00,Strada Urbana,all'intersezione con,VIA PRENESTINA,,Scontro frontale-laterale DX fra veicoli in marcia,Incrocio,Pií_ di due carreggiate,Asciutto,Asfaltata,Verticale ed orizzontale,Sereno,Normale,Sufficiente,Sufficiente,1,0,0,2,12.55096,41.89365,True,z,VIALE IRPINIA,VIALE IRPINIA,
2580436,8,2015-11-13T17:05:00,Strada Urbana,all'intersezione con,VIA DEL TORRACCIO,,Scontro laterale fra veicoli in marcia,Intersezione stradale segnalata,Una carreggiata a doppio senso,Asciutto,Asfaltata,Verticale,Sereno,Scarso,Buona,Ore Diurne,0,0,0,3,12.65061,41.85377,True,z,VIA MAMMIANA,VIA MAMMIANA,
2580464,20,2015-11-13T17:30:00,Regionale entro l'abitato,all'intersezione con,VIA FLAMINIA,,Veicolo in marcia contro veicolo fermo,Incrocio,Una carreggiata a doppio senso,Asciutto,Asfaltata,Verticale ed orizzontale,Sereno,Normale,Buona,Sufficiente,0,0,0,4,12.47185,41.94192,True,z,VIA CITTA' DI CASCIA,VIA CITTA' DI CASCIA,
2580483,13,2015-11-13T17:30:00,Strada Urbana,all'intersezione con,VIA DEL MARE,,Scontro frontale-laterale SX fra veicoli in marcia,Intersezione semaforizzata,Una carreggiata a doppio senso,Asciutto,Asfaltata,Verticale ed orizzontale,Sereno,Normale,Buona,Sufficiente,3,0,0,2,12.28311,41.73896,False,z,VIA DELLE CANARIE,VIA DELLE CANARIE,
2580473,13,2015-11-13T17:40:00,Strada Urbana,all'intersezione con,VIALE DI CASTEL PORZIANO,,Scontro frontale fra veicoli in marcia,Incrocio,Una carreggiata a doppio senso,Asciutto,Asfaltata,Verticale ed orizzontale,Nuvoloso,Normale,Sufficiente,Sufficiente,0,0,0,5,12.36577,41.73579,True,z,VIA SALORNO,VIA SALORNO,