_ID,_Gruppo,_DataOraIncidente,_Localizzazione1,_Localizzazione2,_Strada1,_DaSpecificare,_NaturaIncidente,_ParticolaritaStrade,_TipoStrada,_FondoStradale,_Pavimentazione,_Segnaletica,_CondizioneAtmosferica,_Traffico,_Visibilita,_Illuminazione,_NUM_FERITI,_NUM_RISERVATA,_NUM_MORTI,_NUM_ILLESI,_Longitudine,_Latitudine,_CONFERMATO,__prefix,_Strada02,_Strada2,_Chilometrica
2580138,20,2015-11-13T17:40:00,Strada Urbana,in corrispondenza,VIA CASSIA,,Investimento di pedone,Pianeggiante,Una carreggiata a doppio senso,Asciutto,Asfaltata,Assente,Sereno,Scarso,Sufficiente,Insufficiente,1,0,0,1,,,False,z,del civico n.,,1778
2580036,2,2015-11-13T17:45:00,Strada Urbana,da specificare,PIAZZALE DEL PARCO DELLA RIMEMBRANZA,pross. v.le Parioli dir. P.zza Santiago del Cile,Scontro frontale fra veicoli in marcia,Rettilineo,Una carreggiata a doppio senso,Asciutto,Asfaltata,Verticale ed orizzontale,Sereno,Intenso,Sufficiente,Sufficiente,0,0,0,1,12.48346,41.92934,True,z,,,
2583232,12,2015-11-13T17:45:00,Strada Urbana,in prossimitíæ,VIA CINA,,Scontro frontale-laterale SX fra veicoli in marcia,Rettilineo,Una carreggiata a doppio senso,Asciutto,Asfaltata,Verticale ed orizzontale,Nuvoloso,Intenso,Buona,Sufficiente,0,0,0,5,12.43535,41.81368,True,z,del civico n.,,91
2580079,2,2015-11-13T17:45:00,Strada Urbana,all'intersezione con,VIA FLAMINIA,,Veicolo in marcia contro veicolo fermo,Incrocio,Una carreggiata a doppio senso,Asciutto,Asfaltata,Verticale ed orizzontale,Sereno,Normale,Buona,Sufficiente,0,0,0,2,12.47185,41.94192,True,z,VIA FRANCESCO CARRARA,VIA FRANCESCO CARRARA,
2581942,7,2015-11-13T18:00:00,Strada Urbana,in corrispondenza,VIALE PALMIRO TOGLIATTI,,Veicolo in marcia contro ostacolo accidentale,Rettilineo,Due carreggiate,Asciutto,Asfaltata,Orizzontale,Sereno,Normale,Sufficiente,Sufficiente,0,0,0,2,12.5738,41.89003,True,z,del civico n.,,887
2582879,3,2015-11-13T18:00:00,Strada Urbana,da specificare,PIAZZALE DEL VERANO,fronte civ. 41,Scontro laterale fra veicoli in marcia,Rettilineo,Una carreggiata a senso unico di marcia,Asciutto,Asfaltata,Verticale ed orizzontale,Sereno,Normale,Sufficiente,Sufficiente,0,0,0,2,12.51862,41.90119,True,z,,,
2582631,4,2015-11-13T18:00:00,Strada Urbana,in corrispondenza,VIA MAIELLA,,Veicolo in marcia contro veicolo fermo,Rettilineo,Una carreggiata a senso unico di marcia,Asciutto,Asfaltata,Verticale ed orizzontale,Sereno,Normale,Buona,Sufficiente,0,0,0,3,12.53445,41.93521,True,z,del civico n.,,17
2583259,12,2015-11-13T18:20:00,Strada Urbana,da specificare,VIA CRISTOFORO COLOMBO,direzione Roma prossimitíæ P.le Marconi,Investimento di pedone,Rettilineo,Due carreggiate,Asciutto,Asfaltata,Verticale ed orizzontale,Sereno,Normale,Buona,Sufficiente,1,0,0,1,12.47041,41.8322,False,z,,,
2583307,12,2015-11-13T18:20:00,Strada Urbana,all'intersezione semaforizzata con,VIA CRISTOFORO COLOMBO,,Tamponamento Multiplo,Intersezione semaforizzata,Due carreggiate,Asciutto,Asfaltata,Verticale ed orizzontale,Sereno,Intenso,Buona,Sufficiente,0,0,0,4,12.44704,41.80373,True,z,PIAZZALE VENTICINQUE MARZO 1957,PIAZZALE VENTICINQUE MARZO 1957,
2582470,19,2015-11-13T18:40:00,Strada Urbana,in corrispondenza,VIA MORSASCO,,Veicolo in marcia contro veicoli in sosta,Rettilineo,Una carreggiata a doppio senso,Asciutto,Asfaltata,Assente,Sereno,Scarso,Sufficiente,Ore Diurne,1,0,0,0,12.36361,41.93033,True,z,del civico n.,,72
2581644,2,2015-11-13T19:05:00,,da specificare,VIA PINCIANA,FRONTE CIVICO 47,Scontro frontale-laterale DX fra veicoli in marcia,,,,,,,,,,1,0,0,2,12.49235,41.91222,False,z,,,
2584236,1,2015-11-13T19:10:00,Strada Urbana,da specificare,PIAZZA DI S. GIOVANNI IN LATERANO,ALTEZZA BATTISTERO,Scontro laterale fra veicoli in marcia,Rettilineo,Una carreggiata a doppio senso,Asciutto,Asfaltata,Verticale ed orizzontale,Sereno,Intenso,Sufficiente,Sufficiente,0,0,0,3,12.50472,41.887,False,z,,,
2582288,10,2015-11-13T19:20:00,Strada Urbana,da specificare,PIAZZA ARULENO CELIO SABINO,fronte civico 32,Veicolo in marcia contro veicolo fermo,Rettilineo,Due carreggiate,Asciutto,Asfaltata,Verticale ed orizzontale,Nuvoloso,Normale,Sufficiente,Sufficiente,0,0,0,2,12.55903,41.85335,True,z,,,
2580506,20,2015-11-13T19:20:00,,da specificare,VIA DEL FORO ITALICO,per la rampa dir. Stadio Olimpico Ponte Milvio,Veicolo in marcia contro ostacolo fisso,,,,,,,,,,4,0,0,0,,,False,z,,,
2580520,20,2015-11-13T19:20:00,Strada Urbana,da specificare,CORSO DI FRANCIA,altezza rampa Tangenziale,Scontro laterale fra veicoli in marcia,Rettilineo,Due carreggiate,Asciutto,Asfaltata,Verticale ed orizzontale,Sereno,Intenso,Buona,Sufficiente,0,0,0,3,12.4809,41.94021,True,z,,,
2583161,12,2015-11-13T19:45:00,Strada Urbana,in corrispondenza,VIALE DELLA GRANDE MURAGLIA,,Tamponamento Multiplo,Rettilineo,Due carreggiate,Asciutto,Asfaltata,Verticale,Nuvoloso,Normale,Buona,Sufficiente,1,0,0,2,12.45249,41.81952,True,z,del civico n.,,116
2582240,9,2015-11-13T20:05:00,Strada Urbana,in corrispondenza,VIA TUSCOLANA,,Veicolo in marcia contro veicoli in arresto,Rettilineo,Due carreggiate,Asciutto,Asfaltata,Verticale ed orizzontale,Sereno,Normale,Buona,Sufficiente,0,0,0,2,12.52881,41.87467,True,z,del civico n.,,392
2582658,4,2015-11-13T20:50:00,,in corrispondenza,PIAZZA MONTE GENNARO,,Scontro frontale-laterale DX fra veicoli in marcia,,,,,,,,,,0,0,0,3,12.53787,41.94523,False,z,del civico n.,,19
2580982,1,2015-11-13T21:40:00,Strada Urbana,in corrispondenza,VIA PAOLA,,Infortunio per caduta del veicolo,Rettilineo,Una carreggiata a senso unico di marcia,Sdrucciolevole (sabbia),Asfaltata,Verticale ed orizzontale,Sereno,Scarso,Sufficiente,Sufficiente,1,0,0,0,,,False,z,del civico n.,,17
2583281,12,2015-11-13T22:15:00,Strada Urbana,all'intersezione con,VIALE DELLA TECNICA,,Scontro frontale-laterale SX fra veicoli in marcia,Incrocio,Una carreggiata a doppio senso,Asciutto,Asfaltata,Verticale ed orizzontale,Sereno,Scarso,Buona,Sufficiente,1,0,0,1,12.45909,41.82695,False,z,VIALE DEL CICLISMO,VIALE DEL CICLISMO,
2580431,8,2015-11-13T22:30:00,Strada Urbana,in prossimitíæ,VIA STAFFOLO,,Veicolo in marcia contro veicolo in sosta,Rettilineo,Una carreggiata a doppio senso,Sdrucciolevole (fango),Strada pavimentata dissestata,Assente,Sereno,Scarso,Sufficiente,Sufficiente,1,0,0,1,12.72662,41.91742,False,z,del civico n.,,41
2580518,6,2015-11-13T23:30:00,,all'intersezione con,VIA FEDERICO DELPINO,,Scontro frontale-laterale SX fra veicoli in marcia,,,,,,,,,,0,0,0,2,,,False,z,PIAZZA TEOFRASTO,PIAZZA TEOFRASTO,
2580426,8,2015-11-13T23:50:00,Strada Urbana,all'intersezione con,VIA CALPURNIO FIAMMA,,Scontro frontale-laterale DX fra veicoli in marcia,Incrocio,Due carreggiate,Asciutto,Asfaltata,Verticale ed orizzontale,Sereno,Scarso,Sufficiente,Sufficiente,1,0,0,3,12.56085,41.86083,False,z,VIALE S. GIOVANNI BOSCO,VIALE S. GIOVANNI BOSCO,
2581021,1,2015-11-14T00:30:00,Strada Urbana,in prossimitíæ,LUNGOTEVERE AVENTINO,,Veicolo in marcia contro ostacolo accidentale,Rettilineo,Una carreggiata a senso unico di marcia,Asciutto,Asfaltata,Verticale ed orizzontale,Sereno,Scarso,Buona,Insufficiente,0,0,0,2,12.47894,41.88549,True,z,del palo luce n.,,20
2582241,9,2015-11-14T00:40:00,Strada Urbana,all'intersezione semaforizzata con,VIA TUSCOLANA,,Scontro frontale-laterale SX fra veicoli in marcia,Incrocio,Una carreggiata a doppio senso,Asciutto,Asfaltata,Verticale ed orizzontale,Sereno,Scarso,Sufficiente,Sufficiente,0,0,0,2,12.52179,41.87947,True,z,VIA GELA,VIA GELA,
2581080,1,2015-11-14T00:40:00,Strada Urbana,all'intersezione semaforizzata con,VIA EMANUELE FILIBERTO,,Scontro frontale-laterale DX fra veicoli in marcia,Intersezione semaforizzata,Una carreggiata a doppio senso,Asciutto,Asfaltata,Verticale ed orizzontale,Sereno,Normale,Buona,Sufficiente,0,0,0,2,12.50773,41.889,True,z,VIA STATILIA,VIA STATILIA,
2580716,6,2015-11-14T01:00:00,,all'intersezione con,VIA DELLE CAVE,,Tamponamento Multiplo,,,,,,,,,,0,0,0,3,,,False,z,VIA NUMITORE,VIA NUMITORE,
2580322,15,2015-11-14T01:15:00,Strada Urbana,all'intersezione con,VIA FEDERICO OZANAM,,Scontro frontale-laterale DX fra veicoli in marcia,Incrocio,Una carreggiata a doppio senso,Asciutto,Asfaltata,Verticale ed orizzontale,Sereno,Scarso,Buona,Sufficiente,1,1,0,4,12.44921,41.87683,False,z,VIA FRANCESCO CATEL,VIA FRANCESCO CATEL,
2581031,1,2015-11-14T01:30:00,Strada Urbana,in corrispondenza,LUNGOTEVERE GIANICOLENSE,,Veicolo in marcia contro veicoli in sosta,Rettilineo,Una carreggiata a senso unico di marcia,Asciutto,Asfaltata,Verticale ed orizzontale,Nuvoloso,Normale,Buona,Sufficiente,0,0,0,1,12.46411,41.89718,True,z,del palo luce n.,,9
2582590,4,2015-11-14T01:30:00,Strada Urbana,in prossimitíæ,VIA SALARIA,,Veicolo in marcia contro ostacolo fisso,Rettilineo,Pií_ di due carreggiate,Asciutto,Asfaltata,Verticale ed orizzontale,Sereno,Scarso,Buona,Sufficiente,0,0,0,3,12.50471,41.97245,True,z,del civico n.,,1041
2581677,5,2015-11-14T02:00:00,Strada Urbana,in prossimitíæ,VIA GIORGIO BONELLI,,Veicolo in marcia contro veicoli in sosta,Rettilineo,Una carreggiata a senso unico di marcia,Asciutto,Asfaltata,Verticale,Sereno,Scarso,Buona,Sufficiente,0,0,0,1,12.57499,41.8735,True,z,del civico n.,,12
2585255,18,2015-11-14T02:05:00,Strada Urbana,in corrispondenza,VIALE DELLE MILIZIE,,Veicolo in marcia contro veicoli in sosta,Rettilineo,Una carreggiata a senso unico di marcia,Asciutto,Asfaltata,Verticale,Sereno,Scarso,Buona,Sufficiente,0,0,0,1,12.45684,41.91108,True,z,del civico n.,,116
2582431,12,2015-11-14T04:00:00,Strada Urbana,in prossimitíæ,VIALE DEGLI EROI DI CEFALONIA,,Veicolo in marcia contro veicolo in sosta,Rettilineo,Una carreggiata a senso unico di marcia,Asciutto,Asfaltata,Verticale ed orizzontale,Sereno,Normale,Sufficiente,Sufficiente,0,0,0,1,12.4364,41.78403,True,z,del civico n.,,250
2580434,8,2015-11-14T04:40:00,Strada Urbana,all'intersezione con,VIA FEDERICO DELPINO,,Scontro frontale-laterale DX fra veicoli in marcia,Incrocio,Due carreggiate,Asciutto,Asfaltata,Verticale ed orizzontale,Sereno,Scarso,Buona,Sufficiente,1,0,0,1,,,False,z,VIA TOR DE' SCHIAVI,VIA TOR DE' SCHIAVI,
2581832,6,2015-11-14T04:45:00,Strada Urbana,in prossimitíæ,VIA FRANCESCO VITALINI,,Veicolo in marcia contro veicolo in sosta,Rettilineo,Una carreggiata a senso unico di marcia,Asciutto,Asfaltata,Assente,Sereno,Scarso,Buona,Sufficiente,0,0,0,1,12.60964,41.90979,True,z,del civico n.,,46-48
2583116,12,2015-11-14T05:30:00,Provinciale,da specificare,VIA OSTIENSE,100 metri dopo svincolo G.R.A.,Scontro frontale-laterale SX fra veicoli in marcia,Rettilineo,Una carreggiata a doppio senso,Asciutto,Asfaltata,Verticale ed orizzontale,Sereno,Scarso,Insufficiente,Inesistente,1,0,0,3,12.45895,41.83686,False,z,,,
2581589,20,2015-11-14T05:50:00,Strada Urbana,all'intersezione semaforizzata con,PIAZZALE MARESCIALLO GIARDINO,,Scontro laterale fra veicoli in marcia,Intersezione semaforizzata,Una carreggiata a senso unico di marcia,Asciutto,Asfaltata,Verticale ed orizzontale,Nuvoloso,Intenso,Buona,Sufficiente,0,0,0,2,,,False,z,LUNGOTEVERE DELLA VITTORIA,LUNGOTEVERE DELLA VITTORIA,
2580620,19,2015-11-14T07:20:00,Strada Urbana,all'intersezione con,VIA DELLA PINETA SACCHETTI,,Scontro laterale fra veicoli in marcia,Incrocio,Una carreggiata a senso unico di marcia,Asciutto,Asfaltata,Verticale ed orizzontale,Sereno,Scarso,Buona,Ore Diurne,1,0,0,1,12.4263,41.93134,True,z,VIA DI VILLA MAGGIORANI,VIA DI VILLA MAGGIORANI,
2581715,15,2015-11-14T07:20:00,,da specificare,VIA PORTUENSE,fronte Via Pozzo Pantaleo,Veicolo in marcia contro veicolo arresto,,,,,,,,,,0,0,0,2,12.40939,41.84342,False,z,,,
2582303,10,2015-11-14T07:55:00,,all'intersezione con,VIA CAIO CANULEIO,,Scontro frontale-laterale SX fra veicoli in marcia,,,,,,,,,,1,0,0,4,12.56261,41.85155,False,z,VIALE TITO LABIENO,VIALE TITO LABIENO,
2582404,8,2015-11-14T08:40:00,Strada Urbana,da specificare,VIA BRONTE,altezza Via San Pier Niceto,Veicolo in marcia contro ostacolo accidentale,Rettilineo,Una carreggiata a doppio senso,Asciutto,Asfaltata,Verticale,Nuvoloso,Scarso,Buona,Ore Diurne,0,0,0,1,12.66868,41.8556,True,z,,,
2582875,3,2015-11-14T08:45:00,,in prossimitíæ,VIALE DELLO SCALO S. LORENZO,,Veicolo in marcia contro veicolo fermo,,,,,,,,,,1,0,0,0,,,False,z,del civico n.,,33
2582341,6,2015-11-14T09:00:00,Strada Urbana,all'intersezione con,VIA TOR DE' SCHIAVI,,Scontro frontale-laterale SX fra veicoli in marcia,Incrocio,Una carreggiata a senso unico di marcia,Asciutto,Asfaltata,Verticale ed orizzontale,Sereno,Normale,Buona,Ore Diurne,0,0,0,4,12.56043,41.89072,True,z,VIA ANAGNI,VIA ANAGNI,
2582656,12,2015-11-14T09:20:00,,da specificare,VIA CRISTOFORO COLOMBO,100 mt prima del GRA direzione Ostia,Infortunio per caduta del veicolo,,,,,,,,,,1,0,0,1,12.44704,41.80373,False,z,,,
2582667,4,2015-11-14T09:35:00,,all'intersezione semaforizzata con,VIA DELLA BUFALOTTA,,Veicolo in marcia contro ostacolo fisso,,,,,,,,,,1,0,0,1,12.54945,41.96585,False,z,VIA DI CASAL BOCCONE,VIA DI CASAL BOCCONE,
2580750,9,2015-11-14T10:00:00,Strada Urbana,da specificare,VIALE CASTRENSE,ALT. VIA CALTAGIRONE,Scontro laterale fra veicoli in marcia,Rettilineo,Due carreggiate,Asciutto,Asfaltata,Orizzontale,Nuvoloso,Normale,Buona,Ore Diurne,0,0,0,2,12.51553,41.88727,True,z,,,
2580765,2,2015-11-14T10:20:00,Strada Urbana,all'intersezione semaforizzata con,VIALE TIZIANO,,Scontro frontale-laterale SX fra veicoli in marcia,Intersezione semaforizzata,Pií_ di due carreggiate,Asciutto,Asfaltata,Verticale ed orizzontale,Nuvoloso,Normale,Buona,Ore Diurne,1,0,0,1,12.4707,41.92648,False,z,PIAZZA APOLLODORO,PIAZZA APOLLODORO,
2581682,5,2015-11-14T10:30:00,Strada Urbana,in prossimitíæ,VIA TIBURTINA,,Investimento di pedone,Rettilineo,Due carreggiate,Asciutto,Asfaltata,Temporanea di cantiere,Nuvoloso,Normale,Buona,Ore Diurne,1,0,0,1,12.57925,41.93152,False,z,del civico n.,,1020
2582342,6,2015-11-14T10:45:00,Strada Urbana,in corrispondenza,VIA DI ACQUA BULLICANTE,,Scontro frontale-laterale SX fra veicoli in marcia,Rettilineo,Una carreggiata a doppio senso,Asciutto,Asfaltata,Orizzontale,Sereno,Normale,Buona,Ore Diurne,1,0,0,1,12.54287,41.8879,True,z,del civico n.,,220
2585638,18,2015-11-14T10:45:00,Strada Urbana,all'intersezione con,VIA CARDINALE CAPRARA,,Scontro laterale fra veicoli in marcia,Intersezione stradale segnalata,Una carreggiata a senso unico di marcia,Asciutto,Asfaltata,Verticale ed orizzontale,Nuvoloso,Normale,Buona,Ore Diurne,0,0,0,2,12.4249,41.90375,True,z,CIRCONVALLAZIONE CORNELIA,CIRCONVALLAZIONE CORNELIA,
2583327,12,2015-11-14T10:50:00,Strada Urbana,in corrispondenza,VIALE DEI CADUTI NELLA GUERRA DI LIBERAZIONE,,Veicolo in marcia contro ostacolo accidentale,Rettilineo,Una carreggiata a senso unico di marcia,Asciutto,Asfaltata,Verticale ed orizzontale,Nuvoloso,Normale,Buona,Ore Diurne,0,0,0,2,12.44183,41.78166,True,z,del civico n.,,566
2582006,7,2015-11-14T11:10:00,Strada Urbana,in prossimitíæ,VIALE PALMIRO TOGLIATTI,,Scontro laterale fra veicoli in marcia,Rettilineo,Una carreggiata a senso unico di marcia,Asciutto,Asfaltata,Verticale ed orizzontale,Nuvoloso,Intenso,Buona,Ore Diurne,0,0,0,3,12.57339,41.88769,True,z,del palo luce n.,,269
2581835,6,2015-11-14T11:30:00,Strada Urbana,da specificare,VIA DI PORTONACCIO,altezza Via Latino Silvio,Scontro laterale fra veicoli in marcia,Rettilineo,Due carreggiate,Asciutto,Asfaltata,Verticale ed orizzontale,Sereno,Normale,Buona,Sufficiente,0,0,0,2,12.54146,41.89546,True,z,,,
2581737,15,2015-11-14T11:30:00,Strada Urbana,in prossimitíæ,VIA GAETANO ROSELLI LORENZINI,,Veicolo in marcia contro ostacolo fisso,Rettilineo,Una carreggiata a senso unico di marcia,Asciutto,Asfaltata,Orizzontale,Nuvoloso,Scarso,Buona,Ore Diurne,1,0,0,0,12.31491,41.80779,False,z,del civico n.,,23
2581430,13,2015-11-14T11:30:00,Strada Urbana,in corrispondenza,VIALE DI CASTEL PORZIANO,,Veicolo in marcia contro ostacolo fisso,Rettilineo,Una carreggiata a doppio senso,Asciutto,Asfaltata,Orizzontale,Nuvoloso,Normale,Sufficiente,Ore Diurne,0,0,0,1,12.38048,41.73958,True,z,del civico n.,,357
2580991,2,2015-11-14T11:30:00,Strada Urbana,da specificare,VIALE DELLA MOSCHEA,alt. park Stazione Monte Antenne,Scontro laterale fra veicoli in marcia,Rettilineo,Una carreggiata a senso unico di marcia,Asciutto,Asfaltata,Verticale ed orizzontale,Nuvoloso,Normale,Buona,Ore Diurne,1,0,0,1,,,False,z,,,
2581724,15,2015-11-14T11:30:00,Strada Urbana,all'intersezione con,VIA PORTUENSE,,Scontro frontale fra veicoli in marcia,Intersezione semaforizzata,Una carreggiata a doppio senso,Asciutto,Asfaltata,Verticale ed orizzontale,Nuvoloso,Normale,Buona,Ore Diurne,1,0,0,1,12.40939,41.84342,False,z,VIA GIACOMO FOLCHI,VIA GIACOMO FOLCHI,
2581617,20,2015-11-14T11:50:00,Strada Urbana,in prossimitíæ,VIA FLAMINIA,,Scontro frontale-laterale SX fra veicoli in marcia,Curva a visuale libera,Una carreggiata a doppio senso,Asciutto,Asfaltata,Verticale ed orizzontale,Nuvoloso,Normale,Buona,Ore Diurne,1,0,0,1,12.47536,41.94766,False,z,del civico n.,,798
2581718,15,2015-11-14T11:55:00,Strada Urbana,in corrispondenza,VIA DELLA CASETTA MATTEI,,Tamponamento,Rettilineo,Una carreggiata a doppio senso,Asciutto,Asfaltata,Assente,Sereno,Intenso,Buona,Ore Diurne,0,0,0,3,12.42,41.85617,True,z,del civico n.,,153-H
2581754,15,2015-11-14T12:00:00,Strada Urbana,da specificare,VIALE ISACCO NEWTON,DIR.COLLI PORT.DOPO RAMPA USC.DIR.TRULLO-IMBRECC.,Tamponamento,Rettilineo,Due carreggiate,Asciutto,Asfaltata,Verticale ed orizzontale,Sereno,Normale,Buona,Ore Diurne,2,0,0,0,12.44279,41.84792,False,z,,,
2580768,19,2015-11-14T12:05:00,Strada Urbana,in corrispondenza,VIA PIETRO BEMBO,,Scontro frontale-laterale SX fra veicoli in marcia,Rettilineo,Una carreggiata a doppio senso,Asciutto,Asfaltata,Orizzontale,Sereno,Normale,Buona,Ore Diurne,0,0,0,2,12.41066,41.91596,True,z,del civico n.,,191
2583194,16,2015-11-14T12:25:00,Strada Urbana,in corrispondenza,VIA PORTUENSE,,Veicolo in marcia contro veicolo arresto,Rettilineo,Due carreggiate,Asciutto,Asfaltata,Verticale ed orizzontale,Sereno,Normale,Sufficiente,Ore Diurne,1,0,0,2,,,False,z,del civico n.,,96
2582249,9,2015-11-14T13:15:00,,in prossimitíæ,CIRCONVALLAZIONE APPIA,,Investimento di pedone,,,,,,,,,,1,0,0,1,,,False,z,del civico n.,,144
2581464,20,2015-11-14T13:30:00,Strada Urbana,da specificare,VIA TIBERINA,rampa  viadotto Giubileo 2000 direzione centro,Scontro frontale-laterale SX fra veicoli in marcia,Curva a visuale libera,Una carreggiata a doppio senso,Asciutto,Asfaltata,Verticale ed orizzontale,Nuvoloso,Normale,Buona,Ore Diurne,1,0,0,2,,,False,z,,,
2581093,1,2015-11-14T13:30:00,Strada Urbana,in corrispondenza,PIAZZALE OSTIENSE,,Scontro laterale fra veicoli in marcia,Rotatoria,Una carreggiata a senso unico di marcia,Asciutto,Asfaltata,Assente,Nuvoloso,Scarso,Buona,Ore Diurne,0,0,0,7,12.48248,41.87581,True,z,del civico n.,,5
2582660,4,2015-11-14T13:30:00,Provinciale entro l'abitato,in corrispondenza,VIA NOMENTANA,,Scontro laterale fra veicoli in marcia,Rettilineo,Una carreggiata a doppio senso,Asciutto,Asfaltata,Orizzontale,Nuvoloso,Normale,Buona,Ore Diurne,0,0,0,1,,,False,z,del civico n.,,1105
2582372,1,2015-11-14T13:40:00,Strada Urbana,in prossimitíæ,LUNGOTEVERE DEI TEBALDI,,Veicolo in marcia contro veicolo in sosta,Rettilineo,Una carreggiata a senso unico di marcia,Asciutto,Asfaltata,Verticale,Nuvoloso,Normale,Buona,Ore Diurne,0,0,0,0,12.46869,41.89481,True,z,del palo luce n.,,12
2581121,1,2015-11-14T14:00:00,Strada Urbana,in prossimitíæ,VIA DEI CERCHI,,Tamponamento Multiplo,Rettilineo,Una carreggiata a senso unico di marcia,Asciutto,In cubetti di porfido,Verticale,Nuvoloso,Scarso,Buona,Ore Diurne,0,0,0,4,12.4878,41.88566,True,z,del palo luce n.,,31
2582502,17,2015-11-14T14:05:00,Strada Urbana,all'intersezione con,VIA VESPASIANO,,Scontro laterale fra veicoli in marcia,Intersezione non regolata-non segnalata,Una carreggiata a senso unico di marcia,Asciutto,Asfaltata,Verticale ed orizzontale,Sereno,Scarso,Buona,Ore Diurne,0,0,0,3,12.45673,41.90651,True,z,PIAZZA DEL RISORGIMENTO,PIAZZA DEL RISORGIMENTO,
2582290,11,2015-11-14T14:40:00,Strada Urbana,all'intersezione semaforizzata con,VIA DI GROTTA PERFETTA,,Scontro frontale-laterale DX fra veicoli in marcia,Intersezione semaforizzata,Una carreggiata a doppio senso,Asciutto,Asfaltata,Verticale ed orizzontale,Nuvoloso,Normale,Buona,Ore Diurne,0,0,0,5,12.49008,41.84567,True,z,LARGO SANTI MARTIRI DELL'UGANDA,LARGO SANTI MARTIRI DELL'UGANDA,
2581431,13,2015-11-14T14:45:00,Strada Urbana,in corrispondenza,VIALE DELLA PINETA DI OSTIA,,Veicolo in marcia contro veicoli in sosta,Rettilineo,Una carreggiata a doppio senso,Asciutto,Asfaltata,Verticale ed orizzontale,Nuvoloso,Scarso,Buona,Ore Diurne,0,0,0,2,12.28652,41.72744,True,z,del civico n.,,78
2582357,10,2015-11-14T14:50:00,Strada Urbana,in prossimitíæ,VIA DEL QUADRARO,,Veicolo in marcia contro veicolo fermo,Rettilineo,Una carreggiata a senso unico di marcia,Asciutto,Asfaltata,Verticale,Sereno,Scarso,Buona,Ore Diurne,0,0,0,3,12.55413,41.85988,True,z,del civico n.,,13
2581699,5,2015-11-14T15:00:00,Strada Urbana,all'intersezione con,VIA DEI DURANTINI,,Scontro laterale fra veicoli in marcia,Incrocio,Una carreggiata a doppio senso,Asciutto,Asfaltata,Verticale,Nuvoloso,Normale,Buona,Ore Diurne,0,0,0,3,12.54389,41.9176,True,z,VIA MICHELE STEFANO DE ROSSI,VIA MICHELE STEFANO DE ROSSI,
2582267,11,2015-11-14T15:10:00,Strada Urbana,all'intersezione con,CIRCONVALLAZIONE OSTIENSE,,Tamponamento,Intersezione stradale segnalata,Pií_ di due carreggiate,Asciutto,Asfaltata,Verticale ed orizzontale,Nuvoloso,Normale,Buona,Ore Diurne,0,0,0,3,12.48585,41.86714,True,z,VIA CAFFARO,VIA CAFFARO,
2582390,8,2015-11-14T15:30:00,,in prossimitíæ,VIA DELLA TENUTA DEL CAVALIERE,,Veicolo in marcia contro ostacolo accidentale,,,,,,,,,,0,0,0,1,,,False,z,del civico n.,,122
2582400,8,2015-11-14T15:35:00,Strada Urbana,da specificare,VIA DI TOR BELLA MONACA,altzza inversione di marcia,Tamponamento,Curva a visuale libera,Due carreggiate,Asciutto,Asfaltata,Verticale ed orizzontale,Sereno,Normale,Buona,Ore Diurne,1,0,0,2,12.62546,41.87778,True,z,,,
2582689,4,2015-11-14T15:50:00,Strada Urbana,all'intersezione con,VIALE GINO CERVI,,Scontro laterale fra veicoli in marcia,Incrocio,Due carreggiate,Asciutto,Asfaltata,Verticale ed orizzontale,Nuvoloso,Normale,Buona,Ore Diurne,0,0,0,4,,,False,z,VIA TERESA BOETTI VALVASSURA,VIA TERESA BOETTI VALVASSURA,
2582509,8,2015-11-14T15:50:00,Statale entro l'abitato,all'intersezione con,VIA CASILINA,,Scontro frontale fra veicoli in marcia,Incrocio,Una carreggiata a doppio senso,Asciutto,Asfaltata,Verticale ed orizzontale,Sereno,Normale,Buona,Ore Diurne,1,0,0,6,12.66028,41.86602,False,z,VIA SICULIANA,VIA SICULIANA,
2582394,8,2015-11-14T16:15:00,,in prossimitíæ,VIA COLLATINA,,Veicolo in marcia contro ostacolo accidentale,,,,,,,,,,0,0,0,1,,,False,z,del palo luce n.,,586
2582568,12,2015-11-14T16:30:00,Provinciale entro l'abitato,da specificare,VIA PONTINA,direzione Rm centro alt. P.le 25-3-1957,Tamponamento Multiplo,Rettilineo,Due carreggiate,Asciutto,Asfaltata,Verticale ed orizzontale,Sereno,Intenso,Buona,Ore Diurne,1,0,0,9,12.45346,41.79734,False,z,,,
2582510,19,2015-11-14T16:45:00,Strada Urbana,in prossimitíæ,VIA TRIONFALE,,Scontro laterale fra veicoli in marcia,Rettilineo,Una carreggiata a doppio senso,Asciutto,Asfaltata,Orizzontale,Sereno,Intenso,Buona,Ore Diurne,0,0,0,2,12.41243,41.95759,True,z,del civico n.,,10942