_ID,_Gruppo,_DataOraIncidente,_Localizzazione1,_Localizzazione2,_Strada1,_DaSpecificare,_NaturaIncidente,_ParticolaritaStrade,_TipoStrada,_FondoStradale,_Pavimentazione,_Segnaletica,_CondizioneAtmosferica,_Traffico,_Visibilita,_Illuminazione,_NUM_FERITI,_NUM_RISERVATA,_NUM_MORTI,_NUM_ILLESI,_Longitudine,_Latitudine,_CONFERMATO,__prefix,_Strada02,_Strada2,_Chilometrica
2581701,5,2015-11-14T17:15:00,Strada Urbana,da specificare,VIA DI MARCO SIMONE,all'intersezione con VIA VALLE DELL'ANIENE,Veicolo in marcia contro ostacolo fisso,Rettilineo,Una carreggiata a doppio senso,Asciutto,Asfaltata,Orizzontale,Sereno,Normale,Insufficiente,Inesistente,0,0,0,1,12.64313,41.95436,True,z,,,
2587829,9,2015-11-14T17:35:00,Strada Urbana,in corrispondenza,VIA ACIREALE,,Veicolo in marcia contro veicolo in sosta,Rettilineo,Una carreggiata a senso unico di marcia,Asciutto,Asfaltata,Verticale ed orizzontale,Sereno,Normale,Buona,Sufficiente,0,0,0,0,12.52068,41.88731,True,z,del civico n.,,3
2582496,16,2015-11-14T17:45:00,Strada Urbana,in corrispondenza,VIALE ISACCO NEWTON,,Scontro frontale-laterale SX fra veicoli in marcia,Rettilineo,Due carreggiate,Asciutto,Asfaltata,Verticale ed orizzontale,Sereno,Normale,Sufficiente,Sufficiente,0,0,0,4,12.44215,41.85878,True,z,del civico n.,,40
2581561,20,2015-11-14T17:45:00,Strada Urbana,all'intersezione con,VIA FRASSINETO,,Scontro laterale fra veicoli in marcia,Incrocio,Una carreggiata a doppio senso,Asciutto,Asfaltata,Verticale ed orizzontale,Nuvoloso,Normale,Buona,Sufficiente,0,0,0,2,12.48678,41.99992,True,z,VIA INVERIGO,VIA INVERIGO,
2582398,8,2015-11-14T17:50:00,,in prossimitíæ,VIA SILICELLA,,Veicolo in marcia contro ostacolo accidentale,,,,,,,,,,0,0,0,1,,,False,z,del civico n.,,136
2581847,6,2015-11-14T17:50:00,Strada Urbana,da specificare,VIA DI PORTA FURBA,altezza Ponte Ferrovia,Scontro laterale fra veicoli in marcia,Rettilineo,Una carreggiata a doppio senso,Asciutto,Asfaltata,Orizzontale,Sereno,Normale,Sufficiente,Insufficiente,1,0,0,2,,,False,z,,,
2581434,13,2015-11-14T18:10:00,Strada Urbana,all'intersezione semaforizzata con,VIA OSTIENSE,,Scontro frontale fra veicoli in marcia,Incrocio,Una carreggiata a doppio senso,Asciutto,Asfaltata,Verticale ed orizzontale,Sereno,Normale,Buona,Sufficiente,2,0,0,3,12.30398,41.75884,False,z,VIA DI CASTEL FUSANO,VIA DI CASTEL FUSANO,
2582387,10,2015-11-14T18:40:00,,da specificare,VIA TUSCOLANA,rampa uscita gra carr. esterna,Tamponamento Multiplo,,,,,,,,,,0,0,0,6,12.57887,41.84638,False,z,,,
2581773,15,2015-11-14T18:40:00,Strada Urbana,in prossimitíæ,VIA LORENZO ALLIEVI,,Veicolo in marcia contro veicolo fermo,Rettilineo,Una carreggiata a doppio senso,Asciutto,Asfaltata,Verticale ed orizzontale,Nuvoloso,Scarso,Buona,Ore Diurne,0,0,0,6,12.34516,41.81743,True,z,del civico n.,,8
2585700,18,2015-11-14T18:45:00,Strada Urbana,all'intersezione con,VIA ALBERTO BOLOGNETTI,,Scontro laterale fra veicoli in marcia,Intersezione non regolata-non segnalata,Due carreggiate,Asciutto,Asfaltata,Verticale ed orizzontale,Sereno,Normale,Sufficiente,Sufficiente,0,0,0,3,12.42292,41.91536,True,z,VIA DELLA PINETA SACCHETTI,VIA DELLA PINETA SACCHETTI,
2582947,3,2015-11-14T18:50:00,Strada Urbana,all'intersezione semaforizzata con,VIA NOMENTANA,,Scontro frontale-laterale SX fra veicoli in marcia,Intersezione semaforizzata,Pií_ di due carreggiate,Asciutto,Asfaltata,Verticale ed orizzontale,Sereno,Normale,Sufficiente,Sufficiente,2,0,0,1,12.50861,41.91424,False,z,VIA LAZZARO SPALLANZANI,VIA LAZZARO SPALLANZANI,
2582321,11,2015-11-14T19:10:00,Strada Urbana,da specificare,LUNGOTEVERE DI S. PAOLO,fronte civico 8,Investimento di pedone,Rettilineo,Una carreggiata a doppio senso,Asciutto,Asfaltata,Verticale ed orizzontale,Sereno,Normale,Sufficiente,Sufficiente,1,0,0,1,12.4751,41.86018,False,z,,,
2582361,2,2015-11-14T19:40:00,Strada Urbana,da specificare,VIA DEL FORO ITALICO,dir. Stadio alt. Campi Sportivi.,Tamponamento Multiplo,Rettilineo,Due carreggiate,Asciutto,Asfaltata,Verticale ed orizzontale,Sereno,Intenso,Buona,Sufficiente,0,0,0,8,12.48593,41.93891,True,z,,,
2581703,5,2015-11-14T19:50:00,Strada Urbana,in corrispondenza,VIA DELLE CAVE DI PIETRALATA,,Scontro laterale fra veicoli in marcia,Rettilineo,Una carreggiata a senso unico di marcia,Asciutto,Asfaltata,Verticale,Sereno,Scarso,Sufficiente,Sufficiente,0,0,0,4,12.53992,41.91306,True,z,del civico n.,,91
2582248,9,2015-11-14T20:20:00,Strada Urbana,da specificare,VIA NOLA,ALTEZZA VIALE CASTRENSE,Tamponamento,Rettilineo,Una carreggiata a doppio senso,Asciutto,Asfaltata,Orizzontale,Sereno,Intenso,Sufficiente,Sufficiente,0,0,0,3,12.51519,41.88707,True,z,,,
2582779,17,2015-11-14T20:20:00,Strada Urbana,all'intersezione semaforizzata con,VIALE DELLE MILIZIE,,Scontro frontale fra veicoli in marcia,Intersezione semaforizzata,Pií_ di due carreggiate,Asciutto,Asfaltata,Verticale ed orizzontale,Sereno,Scarso,Buona,Sufficiente,1,0,0,2,12.46526,41.91293,False,z,VIA LEPANTO,VIA LEPANTO,
2582381,8,2015-11-14T20:40:00,Strada Urbana,all'intersezione con,VIA VILLABATE,,Veicolo in marcia contro ostacolo accidentale,Intersezione non regolata-non segnalata,Una carreggiata a doppio senso,Asciutto,Con buche,Verticale ed orizzontale,Sereno,Scarso,Insufficiente,Insufficiente,0,0,0,1,12.65139,41.86925,True,z,VIA TRAPPETO,VIA TRAPPETO,
2581437,13,2015-11-14T21:00:00,Strada Urbana,da specificare,VIA OSTIENSE,in prossimitíæ svincolo Viadotto Zelia Nuttal,Scontro frontale-laterale SX fra veicoli in marcia,Rettilineo,Una carreggiata a doppio senso,Asciutto,Asfaltata,Orizzontale,Sereno,Normale,Sufficiente,Inesistente,5,0,0,0,12.33663,41.77441,False,z,,,
2582383,8,2015-11-14T21:15:00,,in prossimitíæ,VIA SICULIANA,,Veicolo in marcia contro ostacolo accidentale,,,,,,,,,,0,0,0,1,,,False,z,del civico n.,,60
2582340,1,2015-11-14T21:30:00,Strada Urbana,all'intersezione semaforizzata con,VICO JUGARIO,,Investimento di pedone,Intersezione semaforizzata,Una carreggiata a doppio senso,Asciutto,In cubetti di porfido,Verticale ed orizzontale,Sereno,Scarso,Sufficiente,Sufficiente,1,0,0,1,12.48113,41.89099,True,z,VIA DELLA CONSOLAZIONE,VIA DELLA CONSOLAZIONE,
2582542,19,2015-11-14T21:35:00,Strada Urbana,all'intersezione con,VIA DI TORREVECCHIA,,Scontro frontale-laterale SX fra veicoli in marcia,Incrocio,Una carreggiata a senso unico di marcia,Asciutto,Asfaltata,Verticale ed orizzontale,Sereno,Scarso,Sufficiente,Sufficiente,1,0,0,1,12.4123,41.92339,True,z,VIA SIMONE MOSCA,VIA SIMONE MOSCA,
2582308,9,2015-11-14T21:40:00,,all'intersezione con,VIA EMANUELE FILIBERTO,,Veicolo in marcia contro ostacolo fisso,,,,,,,,,,0,0,0,1,12.5063,41.89124,False,z,VIA BIXIO,VIA BIXIO,
2581601,20,2015-11-14T21:45:00,Regionale entro l'abitato,in corrispondenza,VIA CASSIA,,Tamponamento,Rettilineo,Una carreggiata a doppio senso,Asciutto,Asfaltata,Verticale ed orizzontale,Nuvoloso,Scarso,Buona,Sufficiente,2,0,0,1,,,False,z,del civico n.,,1081
2582337,2,2015-11-14T23:20:00,Strada Urbana,all'intersezione semaforizzata con,VIALE PARIOLI,,Investimento di pedone,Incrocio,Una carreggiata a doppio senso,Asciutto,Asfaltata,Verticale ed orizzontale,Sereno,Normale,Sufficiente,Sufficiente,1,0,0,1,12.48616,41.92721,False,z,VIA UMBERTO BOCCIONI,VIA UMBERTO BOCCIONI,
2582787,3,2015-11-14T23:45:00,Strada Urbana,in prossimitíæ,VIALE TIRRENO,,Scontro frontale-laterale DX fra veicoli in marcia,Rettilineo,Una carreggiata a doppio senso,Asciutto,Asfaltata,Verticale ed orizzontale,Sereno,Scarso,Buona,Sufficiente,0,0,0,3,12.52664,41.94519,True,z,del civico n.,,21
2582434,7,2015-11-15T00:15:00,,all'intersezione con,VIA TEODORO MOMMSEN,,Scontro frontale-laterale SX fra veicoli in marcia,,,,,,,,,,1,0,0,3,12.52646,41.86788,False,z,VIA MARIO MENGHINI,VIA MARIO MENGHINI,
2582402,1,2015-11-15T01:55:00,Strada Urbana,all'intersezione semaforizzata con,VIA GIOBERTI,,Scontro frontale-laterale DX fra veicoli in marcia,Intersezione semaforizzata,Una carreggiata a doppio senso,Asciutto,Asfaltata,Verticale ed orizzontale,Sereno,Scarso,Buona,Sufficiente,0,0,0,3,12.49978,41.89814,True,z,VIA NAPOLEONE III,VIA NAPOLEONE III,
2581777,15,2015-11-15T02:35:00,Strada Urbana,all'intersezione con,VIA DEL PORTO FLUVIALE,,Scontro frontale-laterale DX fra veicoli in marcia,Intersezione semaforizzata,Pií_ di due carreggiate,Asciutto,Asfaltata,Verticale ed orizzontale,Sereno,Scarso,Buona,Sufficiente,2,0,0,5,12.4763,41.87236,True,z,VIA OSTIENSE,VIA OSTIENSE,
2581628,20,2015-11-15T03:20:00,Strada Urbana,in corrispondenza,CORSO DI FRANCIA,,Veicolo in marcia contro veicolo in sosta,Rettilineo,Due carreggiate,Asciutto,Asfaltata,Verticale ed orizzontale,Sereno,Scarso,Buona,Sufficiente,0,0,0,1,,,False,z,del civico n.,,154
2582318,9,2015-11-15T03:30:00,,in corrispondenza,VIA APPIA NUOVA,,Scontro laterale fra veicoli in marcia,,,,,,,,,,1,0,0,2,12.53945,41.85533,False,z,del palo luce n.,,230
2581567,13,2015-11-15T04:00:00,Strada Urbana,in prossimitíæ,LUNGOMARE PAOLO TOSCANELLI,,Veicolo in marcia contro veicolo in sosta,Rettilineo,Due carreggiate,Asciutto,Asfaltata,Verticale ed orizzontale,Sereno,Scarso,Buona,Sufficiente,0,0,0,2,12.28431,41.72732,True,z,del civico n.,,24
2582458,7,2015-11-15T04:00:00,Strada Urbana,all'intersezione con,VIALE PALMIRO TOGLIATTI,,Scontro laterale fra veicoli in marcia,Incrocio,Due carreggiate,Asciutto,Asfaltata,Verticale ed orizzontale,Nuvoloso,Scarso,Sufficiente,Sufficiente,1,0,0,3,12.56791,41.86964,True,z,VIALE DEI ROMANISTI,VIALE DEI ROMANISTI,
2581705,5,2015-11-15T04:15:00,Strada Urbana,in prossimitíæ,VIA TIBURTINA,,Veicolo in marcia contro veicoli in sosta,Rettilineo,Due carreggiate,Asciutto,Asfaltata,Verticale ed orizzontale,Sereno,Scarso,Buona,Ore Diurne,0,0,0,1,12.54561,41.90873,True,z,del civico n.,,608
2581919,13,2015-11-15T04:15:00,Strada Urbana,da specificare,LUNGOMARE AMERIGO VESPUCCI,altezza stabilimento V Lounge,Veicolo in marcia contro ostacolo fisso,Rettilineo,Una carreggiata a doppio senso,Asciutto,Asfaltata,Verticale ed orizzontale,Sereno,Scarso,Sufficiente,Sufficiente,1,0,0,0,12.33402,41.70723,False,z,,,
2582703,4,2015-11-15T06:30:00,Strada Urbana,in prossimitíæ,VIA CAMERATA PICENA,,Veicolo in marcia contro veicoli in sosta,Rettilineo,Una carreggiata a doppio senso,Asciutto,Asfaltata,Orizzontale,Sereno,Scarso,Buona,Ore Diurne,0,0,0,1,12.51321,41.98603,True,z,del civico n.,,355
2582494,17,2015-11-15T07:15:00,Strada Urbana,all'intersezione con,VIA SABOTINO,,Scontro frontale-laterale DX fra veicoli in marcia,Incrocio,Due carreggiate,Asciutto,Asfaltata,Verticale ed orizzontale,Sereno,Scarso,Buona,Ore Diurne,0,0,0,2,12.46019,41.91694,True,z,VIA MONTE SANTO,VIA MONTE SANTO,
2581708,5,2015-11-15T08:30:00,,da specificare,VIA TIBURTINA,ponte di Portonaccio alt. palo ACEA 92,Tamponamento,,,,,,,,,,1,0,0,0,12.53081,41.90845,False,z,,,
2582370,11,2015-11-15T08:50:00,Strada Urbana,all'intersezione semaforizzata con,VIA CRISTOFORO COLOMBO,,Scontro laterale fra veicoli in marcia,Intersezione semaforizzata,Pií_ di due carreggiate,Asciutto,Asfaltata,Verticale ed orizzontale,Sereno,Scarso,Buona,Ore Diurne,0,0,0,3,12.49848,41.86109,True,z,PIAZZA DEI NAVIGATORI,PIAZZA DEI NAVIGATORI,
2582708,4,2015-11-15T09:00:00,Statale,da specificare,VIA SALARIA,civico 825 altezza ingresso aeroporto Urbe,Tamponamento Multiplo,Rettilineo,Due carreggiate,Asciutto,Asfaltata,Verticale ed orizzontale,Sereno,Normale,Buona,Ore Diurne,0,0,0,3,12.50577,41.95443,True,z,,,
2582403,10,2015-11-15T09:15:00,Strada Urbana,all'intersezione con,VIA BIAGIO PETROCELLI,,Scontro frontale-laterale SX fra veicoli in marcia,Incrocio,Una carreggiata a doppio senso,Asciutto,Asfaltata,Verticale ed orizzontale,Sereno,Normale,Buona,Ore Diurne,0,0,0,2,12.60895,41.83932,True,z,VIA EGIDIO TOSATO,VIA EGIDIO TOSATO,
2581679,2,2015-11-15T09:25:00,Strada Urbana,all'intersezione con,VIA COLLALTO SABINO,,Scontro frontale-laterale SX fra veicoli in marcia,Intersezione stradale segnalata,Una carreggiata a senso unico di marcia,Asciutto,Asfaltata,Verticale ed orizzontale,Sereno,Scarso,Buona,Ore Diurne,1,0,0,4,,,False,z,VIA POGGIO CATINO,VIA POGGIO CATINO,
2582686,4,2015-11-15T09:50:00,,all'intersezione con,VIA DELLA BUFALOTTA,,Scontro laterale fra veicoli in marcia,,,,,,,,,,0,0,0,3,12.54958,41.96665,False,z,VIA PIETRO MIGNOSI,VIA PIETRO MIGNOSI,
2582519,8,2015-11-15T12:00:00,,in prossimitíæ,VIA ACQUAVIVA D'ISERNIA,,Scontro laterale fra veicoli in marcia,,,,,,,,,,1,0,0,1,,,False,z,del civico n.,,85-87
2581926,13,2015-11-15T12:30:00,Strada Urbana,all'intersezione con,VIA CARLO CASINI,,Scontro laterale fra veicoli in marcia,Incrocio,Una carreggiata a senso unico di marcia,Asciutto,Asfaltata,Verticale,Sereno,Normale,Buona,Ore Diurne,1,0,0,1,12.33742,41.78232,False,z,VIA PIETRO BENEDETTI,VIA PIETRO BENEDETTI,
2582516,8,2015-11-15T14:30:00,,da specificare,VIA DI PASSOLOMBARDO,alt. cavalcavia Roma-Napoli,Veicolo in marcia contro ostacolo accidentale,,,,,,,,,,0,0,0,1,12.62927,41.84867,False,z,,,
2582688,4,2015-11-15T15:00:00,Strada Urbana,all'intersezione con,VIA RENATO FUCINI,,Scontro frontale-laterale DX fra veicoli in marcia,Intersezione semaforizzata,Due carreggiate,Asciutto,Asfaltata,Verticale ed orizzontale,Sereno,Scarso,Sufficiente,Ore Diurne,0,0,0,2,12.54914,41.95034,True,z,VIA UMBERTO FRACCHIA,VIA UMBERTO FRACCHIA,
2582559,8,2015-11-15T15:30:00,Statale,all'intersezione con,VIA CASILINA,,Scontro laterale fra veicoli in marcia,Incrocio,Una carreggiata a doppio senso,Asciutto,Asfaltata,Verticale ed orizzontale,Sereno,Scarso,Buona,Ore Diurne,0,0,0,3,12.61903,41.86301,True,z,VIA DI TORRENOVA,VIA DI TORRENOVA,
2582254,9,2015-11-15T15:50:00,Strada Urbana,all'intersezione con,VIA FOLIGNO,,Scontro frontale-laterale SX fra veicoli in marcia,Incrocio,Due carreggiate,Asciutto,Asfaltata,Verticale ed orizzontale,Sereno,Normale,Buona,Ore Diurne,1,0,0,1,12.51873,41.88518,False,z,VIA TERNI,VIA TERNI,
2582413,10,2015-11-15T16:30:00,Strada Urbana,in prossimitíæ,VIA LICINIO STOLONE,,Scontro frontale-laterale DX fra veicoli in marcia,Rettilineo,Una carreggiata a senso unico di marcia,Asciutto,Asfaltata,Assente,Sereno,Normale,Buona,Ore Diurne,0,0,0,6,12.56448,41.85741,True,z,del civico n.,,180
2582278,5,2015-11-15T17:30:00,Strada Urbana,all'intersezione con,VIA DEI DURANTINI,,Infortunio per sola frenata improvvisa,Incrocio,Una carreggiata a doppio senso,Asciutto,Asfaltata,Verticale ed orizzontale,Sereno,Scarso,Sufficiente,Sufficiente,1,0,0,1,12.54595,41.91979,True,z,VIA ALESSANDRO MALLADRA,VIA ALESSANDRO MALLADRA,
2582531,8,2015-11-15T17:35:00,Strada Urbana,all'intersezione con,VIA DELL'ARCHEOLOGIA,,Veicolo in marcia contro veicoli in sosta,Incrocio,Una carreggiata a doppio senso,Asciutto,Con buche,Orizzontale,Sereno,Normale,Buona,Sufficiente,0,0,0,1,12.62657,41.88073,True,z,VIA DEI COCHI,VIA DEI COCHI,
2585817,18,2015-11-15T17:45:00,Strada Urbana,in corrispondenza,VIA EMILIO ALBERTARIO,,Veicolo in marcia contro veicoli in sosta,Rettilineo,Una carreggiata a senso unico di marcia,Asciutto,Asfaltata,Verticale,Sereno,Scarso,Buona,Sufficiente,1,0,0,3,12.42244,41.90222,False,z,del civico n.,,22
2582441,18,2015-11-15T18:15:00,Strada Urbana,all'intersezione con,VIA CORNELIA,,Scontro frontale-laterale DX fra veicoli in marcia,Incrocio,Due carreggiate,Asciutto,Asfaltata,Verticale ed orizzontale,Sereno,Normale,Buona,Sufficiente,4,0,0,0,12.39921,41.91077,False,z,VIA DI BOCCEA,VIA DI BOCCEA,
2582424,10,2015-11-15T18:36:00,Altra strada,in prossimitíæ,VIALE LUIGI SCHIAVONETTI,,Veicolo in marcia contro ostacolo fisso,Curva senza visuale libera,Due carreggiate,Asciutto,Strada pavimentata dissestata,Verticale,Sereno,Scarso,Insufficiente,Inesistente,0,0,0,1,12.61642,41.84566,True,z,del palo luce n.,,90
2582472,13,2015-11-15T19:00:00,Strada Urbana,da specificare,VIALE DI CASTEL PORZIANO,ALTEZZA CONAD,Scontro laterale fra veicoli in marcia,Rettilineo,Una carreggiata a doppio senso,Asciutto,Asfaltata,Verticale ed orizzontale,Sereno,Normale,Sufficiente,Sufficiente,0,0,0,4,12.34914,41.73083,True,z,,,
2582552,19,2015-11-15T19:00:00,Strada Urbana,all'intersezione con,VIA DI CASAL DEL MARMO,,Scontro frontale-laterale SX fra veicoli in marcia,Incrocio,Una carreggiata a doppio senso,Asciutto,Asfaltata,Verticale ed orizzontale,Sereno,Normale,Buona,Sufficiente,1,0,0,1,12.38894,41.9421,True,z,VIA PIETRO MAZZUCCHELLI,VIA PIETRO MAZZUCCHELLI,
2582287,5,2015-11-15T19:40:00,Strada Urbana,da specificare,VIA BELMONTE IN SABINA,INVERSIONE DI MARCIA per Torraccia direz. Nomentan,Fuoriuscita dalla sede stradale,Rettilineo,Due carreggiate,Asciutto,Asfaltata,Verticale ed orizzontale,Sereno,Normale,Sufficiente,Sufficiente,0,0,0,2,12.59362,41.94644,True,z,,,
2582436,1,2015-11-15T19:45:00,Strada Urbana,in prossimitíæ,VIA SOLFERINO,,Veicolo in marcia contro veicoli in sosta,Rettilineo,Una carreggiata a doppio senso,Asciutto,Asfaltata,Verticale ed orizzontale,Sereno,Scarso,Buona,Sufficiente,0,0,0,1,12.50129,41.90379,True,z,del civico n.,,12
2585780,18,2015-11-15T20:20:00,Strada Urbana,in prossimitíæ,VIA DI ACQUAFREDDA,,Veicolo in marcia contro ostacolo accidentale,Rettilineo,Una carreggiata a doppio senso,Asciutto,Asfaltata,Orizzontale,Sereno,Normale,Sufficiente,Sufficiente,0,0,0,2,12.39198,41.88975,True,z,del civico n.,,110
2582418,8,2015-11-15T20:35:00,,in prossimitíæ,VIALE FRANCESCO CALTAGIRONE,,Veicolo in marcia contro ostacolo accidentale,,,,,,,,,,0,0,0,1,,,False,z,del civico n.,,273
2582415,8,2015-11-15T20:45:00,,da specificare,VIA COLLATINA,tratto Via di Salone-V. A. Vergine,Veicolo in marcia contro ostacolo accidentale,,,,,,,,,,0,0,0,1,,,False,z,,,
2582492,8,2015-11-15T21:00:00,,in prossimitíæ,VIA DI PASSOLOMBARDO,,Veicolo in marcia contro ostacolo accidentale,,,,,,,,,,0,0,0,1,,,False,z,del civico n.,,320
2582505,2,2015-11-15T21:00:00,Strada Urbana,all'intersezione semaforizzata con,VIA SALARIA,,Scontro frontale-laterale DX fra veicoli in marcia,Incrocio,Una carreggiata a doppio senso,Asciutto,Asfaltata,Verticale ed orizzontale,Sereno,Scarso,Buona,Sufficiente,0,0,0,4,12.49854,41.91945,True,z,VIALE REGINA MARGHERITA,VIALE REGINA MARGHERITA,
2582808,3,2015-11-15T21:00:00,Strada Urbana,all'intersezione semaforizzata con,PIAZZA LECCE,,Scontro laterale fra veicoli in marcia,Intersezione semaforizzata,Una carreggiata a senso unico di marcia,Asciutto,Asfaltata,Verticale ed orizzontale,Sereno,Normale,Sufficiente,Sufficiente,0,0,0,2,12.51607,41.9109,True,z,VIA BARI,VIA BARI,
2582814,17,2015-11-15T21:20:00,Strada Urbana,in prossimitíæ,LUNGOTEVERE MARESCIALLO CADORNA,,Investimento di pedone,Rettilineo,Una carreggiata a doppio senso,Asciutto,Asfaltata,Verticale ed orizzontale,Sereno,Scarso,Sufficiente,Sufficiente,2,0,0,0,12.45815,41.92733,False,z,del civico n.,,9
2582396,11,2015-11-15T22:20:00,Strada Urbana,all'intersezione con,VIA ARDEATINA,,Scontro frontale-laterale DX fra veicoli in marcia,Intersezione stradale segnalata,Una carreggiata a doppio senso,Asciutto,Asfaltata,Verticale ed orizzontale,Sereno,Scarso,Sufficiente,Sufficiente,2,0,0,2,12.51803,41.82949,False,z,VIA DI GROTTA PERFETTA,VIA DI GROTTA PERFETTA,
2582293,5,2015-11-15T22:30:00,Strada Urbana,all'intersezione con,VIA DEI GLICINI,,Scontro frontale-laterale DX fra veicoli in marcia,Incrocio,Una carreggiata a doppio senso,Asciutto,Asfaltata,Verticale ed orizzontale,Nuvoloso,Scarso,Buona,Sufficiente,1,0,0,1,12.56382,41.87969,False,z,VIA TOR DE' SCHIAVI,VIA TOR DE' SCHIAVI,
2583631,5,2015-11-15T23:00:00,Strada Urbana,da specificare,VIALE PALMIRO TOGLIATTI,RAMPA IMMISSIONE DIREZIONE TIBURTINA G.R.A.,Veicolo in marcia contro ostacolo accidentale,Curva a visuale libera,Una carreggiata a senso unico di marcia,Asciutto,Asfaltata,Verticale ed orizzontale,Sereno,Scarso,Sufficiente,Sufficiente,0,0,0,1,12.57335,41.90724,True,z,,,
2582525,8,2015-11-15T23:15:00,Strada Urbana,all'intersezione con,VIALE DEI SALESIANI,,Tamponamento Multiplo,Intersezione semaforizzata,Due carreggiate,Asciutto,Asfaltata,Verticale ed orizzontale,Sereno,Scarso,Sufficiente,Sufficiente,2,0,0,2,12.56677,41.85715,True,z,VIA PUBLIO VALERIO,VIA PUBLIO VALERIO,
2582410,11,2015-11-15T23:40:00,Strada Urbana,all'intersezione semaforizzata con,VIA CRISTOFORO COLOMBO,,Infortunio per caduta del veicolo,Intersezione semaforizzata,Pií_ di due carreggiate,Asciutto,Asfaltata,Verticale ed orizzontale,Sereno,Scarso,Sufficiente,Sufficiente,1,0,0,2,12.49642,41.85864,False,z,VIA GIOVANNI GENOCCHI,VIA GIOVANNI GENOCCHI,
2582597,19,2015-11-16T00:10:00,Strada Urbana,all'intersezione semaforizzata con,VIA DELLE CAVE,,Scontro frontale-laterale SX fra veicoli in marcia,Incrocio,Due carreggiate,Asciutto,Asfaltata,Verticale ed orizzontale,Sereno,Scarso,Sufficiente,Sufficiente,1,0,0,1,12.53144,41.87175,True,z,VIA ROCCA PRIORA,VIA ROCCA PRIORA,
2583047,23,2015-11-16T00:40:00,Strada Urbana,all'intersezione semaforizzata con,LUNGOTEVERE DI S. PAOLO,,Scontro laterale fra veicoli in marcia,Intersezione semaforizzata,Una carreggiata a doppio senso,Asciutto,Asfaltata,Verticale ed orizzontale,Sereno,Scarso,Sufficiente,Sufficiente,0,0,0,3,12.47594,41.86056,True,z,VIALE DI S. PAOLO,VIALE DI S. PAOLO,
2582858,3,2015-11-16T01:10:00,Strada Urbana,all'intersezione con,VIALE DELLO SCALO S. LORENZO,,Veicolo in marcia contro veicoli in arresto,Incrocio,Pií_ di due carreggiate,Asciutto,Asfaltata,Verticale ed orizzontale,Sereno,Scarso,Buona,Sufficiente,0,0,0,3,12.51689,41.89432,True,z,LARGO EDUARDO TALAMO,LARGO EDUARDO TALAMO,
2582409,8,2015-11-16T01:10:00,,da specificare,VIA COLLATINA,50 mt dalla rotatoria Via di Salone,Veicolo in marcia contro ostacolo accidentale,,,,,,,,,,0,0,0,1,,,False,z,,,
2582406,8,2015-11-16T01:15:00,,da specificare,VIA COLLATINA,50 mt dalla rotonda con Via di Salone,Veicolo in marcia contro ostacolo accidentale,,,,,,,,,,0,0,0,1,,,False,z,,,
2587004,18,2015-11-16T01:40:00,Strada Urbana,all'intersezione semaforizzata con,PIAZZA PIO XI,,Scontro frontale-laterale DX fra veicoli in marcia,Intersezione semaforizzata,Pií_ di due carreggiate,Asciutto,Asfaltata,Verticale ed orizzontale,Sereno,Scarso,Sufficiente,Sufficiente,0,0,0,2,12.43733,41.89408,True,z,VIA GREGORIO VII,VIA GREGORIO VII,
2582818,3,2015-11-16T02:00:00,Strada Urbana,all'intersezione semaforizzata con,VIALE DELL'UNIVERSITA',,Scontro frontale-laterale DX fra veicoli in marcia,Incrocio,Due carreggiate,Asciutto,Asfaltata,Verticale ed orizzontale,Sereno,Scarso,Buona,Sufficiente,0,0,0,2,12.51087,41.90407,True,z,VIALE DEL POLICLINICO,VIALE DEL POLICLINICO,
2582541,13,2015-11-16T03:15:00,Strada Urbana,all'intersezione con,VIA ERMANNO CARLOTTO,,Scontro frontale-laterale DX fra veicoli in marcia,Incrocio,Due carreggiate,Asciutto,Asfaltata,Verticale ed orizzontale,Sereno,Scarso,Buona,Sufficiente,0,0,0,2,12.28813,41.73293,True,z,PIAZZA GREGORIO RONCA,PIAZZA GREGORIO RONCA,
2582588,8,2015-11-16T05:30:00,Strada Urbana,all'intersezione con,VIALE S. RITA DA CASCIA,,Scontro frontale-laterale DX fra veicoli in marcia,Incrocio,Una carreggiata a senso unico di marcia,Asciutto,Asfaltata,Verticale ed orizzontale,Sereno,Scarso,Buona,Sufficiente,1,0,0,0,12.64447,41.86902,False,z,VIA FRANCESCO MERLINI,VIA FRANCESCO MERLINI,
2583942,19,2015-11-16T07:30:00,Strada Urbana,all'intersezione con,VIA COGOLETO,,Scontro frontale-laterale DX fra veicoli in marcia,Intersezione stradale segnalata,Una carreggiata a doppio senso,Asciutto,Asfaltata,Verticale ed orizzontale,Sereno,Normale,Buona,Ore Diurne,0,0,0,1,12.42314,41.92876,True,z,VIA STELLANELLO,VIA STELLANELLO,