_ID,_Gruppo,_DataOraIncidente,_Localizzazione1,_Localizzazione2,_Strada1,_DaSpecificare,_NaturaIncidente,_ParticolaritaStrade,_TipoStrada,_FondoStradale,_Pavimentazione,_Segnaletica,_CondizioneAtmosferica,_Traffico,_Visibilita,_Illuminazione,_NUM_FERITI,_NUM_RISERVATA,_NUM_MORTI,_NUM_ILLESI,_Longitudine,_Latitudine,_CONFERMATO,__prefix,_Strada02,_Strada2,_Chilometrica
2582954,3,2015-11-16T07:40:00,Strada Urbana,da specificare,CIRCONVALLAZIONE TIBURTINA,dir. Staz. Tiburtina alt. uscita P.le del Verano,Scontro laterale fra veicoli in marcia,Rettilineo,Pií_ di due carreggiate,Asciutto,Asfaltata,Verticale ed orizzontale,Sereno,Normale,Buona,Ore Diurne,0,0,0,2,12.52804,41.89941,True,z,,,
2583373,5,2015-11-16T07:50:00,Strada Urbana,da specificare,VIALE PALMIRO TOGLIATTI,prossimitíæ intersezione via Franceschini,Tamponamento,Rettilineo,Due carreggiate,Asciutto,Asfaltata,Verticale ed orizzontale,Sereno,Intenso,Buona,Ore Diurne,0,0,0,6,12.57245,41.91028,True,z,,,
2582741,4,2015-11-16T08:10:00,Strada Urbana,in prossimitíæ,VIA CAVRIGLIA,,Investimento di pedone,Rettilineo,Una carreggiata a doppio senso,Asciutto,Asfaltata,Verticale ed orizzontale,Sereno,Normale,Buona,Ore Diurne,1,0,0,1,,,False,z,del civico n.,,8
2583377,5,2015-11-16T08:15:00,Strada Urbana,da specificare,VIA DELLA TENUTA DEL CAVALIERE,fronte Dual Car,Scontro frontale-laterale DX fra veicoli in marcia,Rettilineo,Una carreggiata a doppio senso,Asciutto,Asfaltata,Orizzontale,Sereno,Normale,Buona,Ore Diurne,1,0,0,1,,,False,z,,,
2583358,19,2015-11-16T08:20:00,Strada Urbana,in prossimitíæ,VIALE DELLE MEDAGLIE D'ORO,,Scontro frontale-laterale SX fra veicoli in marcia,Rettilineo,Una carreggiata a doppio senso,Asciutto,Asfaltata,Orizzontale,Sereno,Normale,Buona,Ore Diurne,0,0,0,3,12.44265,41.91779,True,z,del civico n.,,234
2582630,12,2015-11-16T08:35:00,Strada Urbana,in prossimitíæ,VIA DI ACQUA ACETOSA OSTIENSE,,Tamponamento,Rettilineo,Una carreggiata a doppio senso,Asciutto,Asfaltata,Verticale ed orizzontale,Sereno,Intenso,Buona,Ore Diurne,0,0,0,2,12.47402,41.8032,True,z,del palo luce n.,,28
2582758,7,2015-11-16T08:45:00,Strada Urbana,in prossimitíæ,VIA GIACOMO BRESADOLA,,Veicolo in marcia contro veicolo arresto,Rettilineo,Una carreggiata a doppio senso,Asciutto,Asfaltata,Orizzontale,Sereno,Normale,Buona,Ore Diurne,0,0,0,2,12.56154,41.8925,True,z,del civico n.,,37
2583772,10,2015-11-16T08:45:00,Strada Urbana,all'intersezione semaforizzata con,VIA TUSCOLANA,,Infortunio per caduta del veicolo,Intersezione semaforizzata,Due carreggiate,Asciutto,Asfaltata,Verticale ed orizzontale,Sereno,Normale,Buona,Ore Diurne,1,0,0,0,12.57613,41.84893,False,z,VIA DELLE CAPANNELLE,VIA DELLE CAPANNELLE,
2583306,16,2015-11-16T09:05:00,Strada Urbana,in prossimitíæ,VIA EDOARDO JENNER,,Tamponamento,Curva a visuale libera,Una carreggiata a doppio senso,Asciutto,Asfaltata,Verticale ed orizzontale,Sereno,Normale,Buona,Ore Diurne,0,0,0,2,12.44592,41.86998,True,z,del civico n.,,28
2583652,11,2015-11-16T09:15:00,Strada Urbana,da specificare,VIALE DEL CARAVAGGIO,in prossimitíæ del fronte civico 101,Ribaltamento senza urto contro ostacolo fisso,Rettilineo,Una carreggiata a doppio senso,Asciutto,Asfaltata,Verticale ed orizzontale,Sereno,Normale,Buona,Ore Diurne,1,0,0,1,12.49579,41.85128,True,z,,,
2583928,2,2015-11-16T09:20:00,Strada Urbana,all'intersezione con,VIA TRIPOLI,,Scontro frontale-laterale SX fra veicoli in marcia,Incrocio,Due carreggiate,Asciutto,Asfaltata,Verticale ed orizzontale,Sereno,Normale,Buona,Ore Diurne,0,0,0,2,12.52209,41.92773,True,z,VIA MAKALLE',VIA MAKALLE',
2583985,1,2015-11-16T09:25:00,Strada Urbana,in corrispondenza,VIA DI S. CROCE IN GERUSALEMME,,Veicolo in marcia contro veicoli fermi,Rettilineo,Una carreggiata a doppio senso,Asciutto,Asfaltata,Verticale ed orizzontale,Sereno,Normale,Buona,Ore Diurne,0,0,0,4,12.50978,41.89158,True,z,del civico n.,,96-a
2584043,17,2015-11-16T10:00:00,Strada Urbana,in prossimitíæ,VIA MARCELLO PRESTINARI,,Investimento di pedone,Rettilineo,Due carreggiate,Asciutto,Asfaltata,Verticale ed orizzontale,Sereno,Scarso,Buona,Ore Diurne,0,0,0,2,12.46863,41.91905,True,z,del civico n.,,8
2585565,18,2015-11-16T10:00:00,Strada Urbana,all'intersezione semaforizzata con,PIAZZA DEI GIURECONSULTI,,Scontro laterale fra veicoli in marcia,Intersezione semaforizzata,Due carreggiate,Asciutto,Asfaltata,Verticale ed orizzontale,Sereno,Normale,Buona,Ore Diurne,1,0,0,1,12.42564,41.90212,True,z,VIA DI BOCCEA,VIA DI BOCCEA,
2583623,11,2015-11-16T10:20:00,Strada Urbana,all'intersezione semaforizzata con,VIA CRISTOFORO COLOMBO,,Scontro laterale fra veicoli in marcia,Intersezione semaforizzata,Pií_ di due carreggiate,Asciutto,Asfaltata,Verticale ed orizzontale,Sereno,Normale,Buona,Ore Diurne,0,0,0,2,12.48079,41.84748,True,z,VIA OROPA,VIA OROPA,
2583973,3,2015-11-16T10:40:00,Strada Urbana,in prossimitíæ,PIAZZALE ALDO MORO,,Scontro laterale fra veicoli in marcia,Rettilineo,Due carreggiate,Asciutto,Asfaltata,Verticale ed orizzontale,Sereno,Normale,Buona,Ore Diurne,1,0,0,3,,,False,z,del civico n.,,5
2583350,13,2015-11-16T10:40:00,Strada Urbana,in prossimitíæ,VIA OSTIENSE,,Scontro frontale fra veicoli in marcia,Rettilineo,Una carreggiata a doppio senso,Asciutto,Asfaltata,Verticale ed orizzontale,Sereno,Normale,Buona,Ore Diurne,0,0,0,1,12.32274,41.76887,False,z,del civico n.,,2189
2585652,23,2015-11-16T11:00:00,Strada Urbana,all'intersezione semaforizzata con,VIA CRISTOFORO COLOMBO,,Scontro frontale-laterale DX fra veicoli in marcia,Intersezione semaforizzata,Pií_ di due carreggiate,Asciutto,Asfaltata,Verticale ed orizzontale,Sereno,Normale,Buona,Ore Diurne,1,0,0,2,12.35747,41.74569,True,z,VIA DI CASAL PALOCCO,VIA DI CASAL PALOCCO,
2584063,2,2015-11-16T11:10:00,Strada Urbana,all'intersezione semaforizzata con,PIAZZA GONDAR,,Tamponamento,Intersezione semaforizzata,Due carreggiate,Asciutto,Asfaltata,Verticale ed orizzontale,Sereno,Normale,Buona,Ore Diurne,0,0,0,2,12.52106,41.93322,True,z,VIA DELLE VALLI,VIA DELLE VALLI,
2582890,12,2015-11-16T11:12:00,Strada Urbana,all'intersezione con,PIAZZA MONTE DI TAI,,Infortunio per sola frenata improvvisa,Rotatoria,Una carreggiata a senso unico di marcia,Asciutto,Asfaltata,Verticale ed orizzontale,Sereno,Normale,Buona,Ore Diurne,1,0,0,1,12.43539,41.80736,False,z,VIALE PECHINO,VIALE PECHINO,
2583459,15,2015-11-16T11:15:00,Strada Urbana,in prossimitíæ,VIA DELLA MAGLIANA,,Tamponamento Multiplo,Rettilineo,Una carreggiata a doppio senso,Asciutto,Asfaltata,Verticale ed orizzontale,Sereno,Normale,Buona,Ore Diurne,0,0,0,5,12.42401,41.83394,True,z,del palo luce n.,,295
2584087,17,2015-11-16T11:40:00,Strada Urbana,da specificare,PIAZZA PIO XII,prossimitíæ area taxi,Scontro frontale-laterale DX fra veicoli in marcia,Curva a visuale libera,Una carreggiata a doppio senso,Asciutto,Acciotolata,Orizzontale,Sereno,Normale,Buona,Ore Diurne,0,0,0,4,12.45876,41.90232,True,z,,,
2583754,8,2015-11-16T11:40:00,Strada Urbana,da specificare,VIA COLLATINA,in prossimitíæ via E. Forlanini,Tamponamento Multiplo,Curva senza visuale libera,Una carreggiata a doppio senso,Asciutto,Asfaltata,Verticale ed orizzontale,Sereno,Scarso,Buona,Ore Diurne,0,0,0,3,12.61053,41.90604,True,z,,,
2583237,13,2015-11-16T11:50:00,Regionale entro l'abitato,da specificare,VIA GUIDO CALZA,altezza Viale dei Romagnoli direzione Fiumicino,Tamponamento,Rettilineo,Pií_ di due carreggiate,Asciutto,Asfaltata,Verticale ed orizzontale,Sereno,Normale,Buona,Ore Diurne,0,0,0,5,12.49637,41.90278,True,z,,,
2583736,8,2015-11-16T11:55:00,Statale entro l'abitato,all'intersezione con,VIA CASILINA,,Veicolo in marcia contro ostacolo accidentale,Incrocio,Due carreggiate,Asciutto,Asfaltata,Verticale ed orizzontale,Sereno,Normale,Buona,Ore Diurne,0,0,0,1,12.60933,41.86405,True,z,VIA DI GROTTE CELONI,VIA DI GROTTE CELONI,
2583273,13,2015-11-16T12:00:00,,all'intersezione con,VIA ISOLE DEL CAPO VERDE,,Scontro frontale-laterale DX fra veicoli in marcia,,,,,,,,,,0,0,0,3,12.27388,41.73787,False,z,VIALE DELLE REPUBBLICHE MARINARE,VIALE DELLE REPUBBLICHE MARINARE,
2584201,17,2015-11-16T12:00:00,Strada Urbana,in corrispondenza,VIA ANASTASIO II,,Tamponamento Multiplo,Rettilineo,Due carreggiate,Asciutto,Asfaltata,Verticale ed orizzontale,Sereno,,Buona,Ore Diurne,1,0,0,3,,,False,z,del civico n.,,355-351
2583721,13,2015-11-16T12:20:00,Strada Urbana,all'intersezione con,VIA ALESSANDRO STRADELLA,,Scontro frontale-laterale DX fra veicoli in marcia,Incrocio,Una carreggiata a doppio senso,Asciutto,Strada pavimentata dissestata,Verticale,Sereno,Normale,Sufficiente,Ore Diurne,0,0,0,4,12.34914,41.73083,True,z,VIALE DI CASTEL PORZIANO,VIALE DI CASTEL PORZIANO,
2583059,2,2015-11-16T12:30:00,Strada Urbana,in prossimitíæ,VIA TICINO,,Scontro frontale-laterale SX fra veicoli in marcia,Rettilineo,Una carreggiata a senso unico di marcia,Asciutto,Asfaltata,Verticale ed orizzontale,Sereno,Normale,Buona,Ore Diurne,0,0,0,3,12.50434,41.91801,True,z,del civico n.,,1
2583343,19,2015-11-16T13:00:00,Strada Urbana,in prossimitíæ,VIALE MONFORTANI,,Investimento di pedone,Curva a visuale libera,Una carreggiata a senso unico di marcia,Asciutto,Asfaltata,Verticale ed orizzontale,Sereno,Scarso,Buona,Ore Diurne,1,0,0,1,12.42552,41.938,True,z,del civico n.,,2
2584858,3,2015-11-16T13:10:00,Strada Urbana,da specificare,VIA ANTONIO NIBBY,prossimitíæ fronte civico 4,Veicolo in marcia contro ostacolo accidentale,Rettilineo,Una carreggiata a senso unico di marcia,Asciutto,Asfaltata,Verticale ed orizzontale,Sereno,Normale,Buona,Ore Diurne,0,0,0,1,12.51531,41.9182,True,z,,,
2583742,20,2015-11-16T13:10:00,Strada Urbana,in corrispondenza,VIA DELLA CAMILLUCCIA,,Tamponamento,Rettilineo,Una carreggiata a doppio senso,Asciutto,Asfaltata,Verticale ed orizzontale,Sereno,Normale,Buona,Ore Diurne,0,0,0,2,12.44689,41.94185,True,z,del civico n.,,480
2583619,11,2015-11-16T13:25:00,Strada Urbana,da specificare,VIA CRISTOFORO COLOMBO,prossimitíæ P.zza dei Navigatori,Tamponamento Multiplo,Rettilineo,Pií_ di due carreggiate,Asciutto,Asfaltata,Verticale ed orizzontale,Sereno,Normale,Buona,Ore Diurne,1,0,0,3,12.44704,41.80373,True,z,,,
2583506,15,2015-11-16T13:30:00,Strada Urbana,in prossimitíæ,VIA DELLA MAGLIANA,,Veicoli in marcia contro veicolo fermo,Rettilineo,Una carreggiata a doppio senso,Asciutto,Asfaltata,Orizzontale,Sereno,Intenso,Buona,Ore Diurne,1,0,0,1,12.45856,41.85336,False,z,del civico n.,,138-D
2583632,12,2015-11-16T13:40:00,Statale entro l'abitato,in prossimitíæ,VIA DEL MARE,,Tamponamento Multiplo,Rettilineo,Una carreggiata a doppio senso,Asciutto,Asfaltata,Verticale ed orizzontale,Sereno,Normale,Buona,Ore Diurne,1,0,0,2,12.46571,41.84206,True,z,del civico n.,,704
2583712,8,2015-11-16T14:00:00,Strada Urbana,in prossimitíæ,VIA DELLE AMAZZONI,,Veicolo in marcia contro veicoli in sosta,Rettilineo,Una carreggiata a doppio senso,Asciutto,Asfaltata,Assente,Sereno,Scarso,Buona,Ore Diurne,0,0,0,1,12.61185,41.8713,True,z,del civico n.,,46
2583809,20,2015-11-16T14:25:00,Strada Urbana,in corrispondenza,VIA ORIOLO ROMANO,,Tamponamento,Curva a visuale libera,Una carreggiata a doppio senso,Asciutto,Asfaltata,Verticale ed orizzontale,Sereno,Scarso,Buona,Ore Diurne,1,0,0,1,,,False,z,del palo luce n.,,65
2583849,16,2015-11-16T14:30:00,Strada Urbana,in corrispondenza,VIA PORTUENSE,,Scontro laterale fra veicoli in marcia,Rettilineo,Due carreggiate,Asciutto,Asfaltata,Orizzontale,Sereno,Normale,Buona,Ore Diurne,0,0,0,2,12.4659,41.87152,True,z,del civico n.,,96-e
2584069,1,2015-11-16T14:30:00,Strada Urbana,in prossimitíæ,LUNGOTEVERE RAFFAELLO SANZIO,,Investimento di pedone,Curva a visuale libera,Una carreggiata a senso unico di marcia,Asciutto,Asfaltata,Verticale ed orizzontale,Sereno,Scarso,Buona,Ore Diurne,1,0,0,1,12.47279,41.89057,True,z,del civico n.,,14
2583245,7,2015-11-16T14:40:00,Strada Urbana,in prossimitíæ,VIALE PALMIRO TOGLIATTI,,Tamponamento,Rettilineo,Due carreggiate,Asciutto,Asfaltata,Verticale ed orizzontale,Sereno,Intenso,Buona,Ore Diurne,0,0,0,2,12.5704,41.87557,True,z,del civico n.,,541
2584446,1,2015-11-16T14:45:00,,in corrispondenza,PIAZZA DEL COLOSSEO,,Tamponamento,,,,,,,,,,2,0,0,2,,,False,z,del palo luce n.,,16
2585227,20,2015-11-16T15:00:00,Strada Urbana,all'intersezione con,VIA CASSIA,,Scontro frontale fra veicoli in marcia,Intersezione stradale segnalata,Una carreggiata a doppio senso,Asciutto,Asfaltata,Verticale ed orizzontale,Sereno,Intenso,Buona,Ore Diurne,0,0,0,3,12.39391,41.99303,True,z,VIA DELLA TORRE DELLE CORNACCHIE,VIA DELLA TORRE DELLE CORNACCHIE,
2583867,4,2015-11-16T15:15:00,Provinciale entro l'abitato,in prossimitíæ,VIA NOMENTANA,,Tamponamento,Rettilineo,Una carreggiata a doppio senso,Asciutto,Asfaltata,Orizzontale,Sereno,Normale,Buona,Ore Diurne,0,0,0,2,12.57649,41.95536,True,z,del civico n.,,1141-A
2583367,13,2015-11-16T15:20:00,Provinciale entro l'abitato,in prossimitíæ,VIA OSTIENSE,,Tamponamento,Rettilineo,Una carreggiata a doppio senso,Asciutto,Asfaltata,Verticale ed orizzontale,Sereno,Intenso,Buona,Ore Diurne,0,0,0,3,12.30186,41.75709,True,z,del civico n.,,2389
2585664,23,2015-11-16T15:50:00,,all'intersezione semaforizzata con,VIA CRISTOFORO COLOMBO,,Tamponamento,,,,,,,,,,0,0,0,3,,,False,z,VIA DI CASAL PALOCCO,VIA DI CASAL PALOCCO,
2583509,15,2015-11-16T16:10:00,,all'intersezione con,VIA PORTUENSE,,Tamponamento,,,,,,,,,,1,0,0,1,12.40939,41.84342,False,z,VIA ARZANA,VIA ARZANA,
2556210,16,2015-11-16T16:45:00,Strada Urbana,in prossimitíæ,VIA FONTEIANA,,Investimento di pedone,Rettilineo,Una carreggiata a doppio senso,Asciutto,Asfaltata,Verticale ed orizzontale,Sereno,Normale,Buona,Ore Diurne,0,0,0,2,12.45437,41.8806,False,z,del palo luce n.,,9
2585186,20,2015-11-16T17:00:00,Strada Urbana,in corrispondenza,VIA DEGLI ORTI DELLA FARNESINA,,Veicolo in marcia contro veicolo in sosta,Rettilineo,Una carreggiata a doppio senso,Asciutto,Asfaltata,Verticale ed orizzontale,Nuvoloso,Normale,Sufficiente,Sufficiente,0,0,0,0,12.46267,41.94118,True,z,del civico n.,,42
2584217,1,2015-11-16T17:00:00,Strada Urbana,da specificare,PONTE TESTACCIO,ALT. LUNGOTEVERE TESTACCIO,Scontro frontale-laterale DX fra veicoli in marcia,Rettilineo,Una carreggiata a senso unico di marcia,Asciutto,Asfaltata,Verticale ed orizzontale,Sereno,Normale,Buona,Ore Diurne,0,0,0,2,12.47129,41.87566,True,z,,,
2583704,8,2015-11-16T17:30:00,Strada Urbana,da specificare,VIALE DEI ROMANISTI,alt. Via Filippo Annessi,Tamponamento,Rettilineo,Due carreggiate,Asciutto,Asfaltata,Verticale ed orizzontale,Sereno,Normale,Insufficiente,Insufficiente,0,0,0,2,12.57733,41.86753,False,z,,,
2583708,5,2015-11-16T17:35:00,Strada Urbana,da specificare,VIA TIBURTINA,in prossimitíæ di VIA DEL CASALE DI S. BASILIO,Scontro laterale fra veicoli in marcia,Rettilineo,Due carreggiate,Asciutto,Asfaltata,Orizzontale,Sereno,Intenso,Buona,Sufficiente,0,0,0,5,12.56247,42.40854,True,z,,,
2584137,3,2015-11-16T17:40:00,Strada Urbana,da specificare,VIALE REGINA ELENA,FRONTE CIV. 324,Investimento di pedone,Rettilineo,Una carreggiata a doppio senso,Asciutto,Asfaltata,Verticale ed orizzontale,Sereno,Normale,Sufficiente,Sufficiente,1,0,0,2,,,False,z,,,
2583735,12,2015-11-16T17:40:00,Strada Urbana,all'intersezione con,VIALE CESARE PAVESE,,Investimento di pedone,Incrocio,Due carreggiate,Asciutto,Asfaltata,Verticale ed orizzontale,Sereno,Normale,Sufficiente,Sufficiente,1,0,0,1,12.47281,41.8168,True,z,VIA ELIO VITTORINI,VIA ELIO VITTORINI,
2583779,12,2015-11-16T17:45:00,,in prossimitíæ,VIA CINA,,Scontro laterale fra veicoli in marcia,,,,,,,,,,1,0,0,1,12.43535,41.81368,False,z,del civico n.,,91
2583414,7,2015-11-16T17:50:00,Strada Urbana,in prossimitíæ,VIALE PALMIRO TOGLIATTI,,Veicolo in marcia contro veicolo in sosta,Rettilineo,Due carreggiate,Asciutto,Asfaltata,Verticale ed orizzontale,Sereno,Normale,Sufficiente,Sufficiente,1,0,0,0,12.57299,41.87887,True,z,del palo luce n.,,214
2583768,13,2015-11-16T17:55:00,Strada Urbana,da specificare,VIA DI TOR BOACCIANA,prossimitíæ Via del Ponte di Tor Boacciana,Tamponamento,Rettilineo,Due carreggiate,Asciutto,Asfaltata,Verticale ed orizzontale,Sereno,Intenso,Insufficiente,Inesistente,0,0,0,2,12.28948,41.75116,True,z,,,
2583730,8,2015-11-16T18:10:00,Strada Urbana,in prossimitíæ,VIA DI LUNGHEZZA,,Scontro laterale fra veicoli in marcia,Rettilineo,Una carreggiata a doppio senso,Asciutto,Asfaltata,Assente,Sereno,Intenso,Sufficiente,Sufficiente,0,0,0,6,12.67086,41.92303,True,z,del civico n.,,14
2583817,13,2015-11-16T18:10:00,Strada Urbana,all'intersezione con,VIA DELLA STAZIONE DEL LIDO,,Scontro frontale-laterale SX fra veicoli in marcia,Incrocio,Una carreggiata a doppio senso,Asciutto,Asfaltata,Orizzontale,Sereno,Normale,Buona,Sufficiente,0,0,0,3,12.2829,41.73195,True,z,VIA DEI PALLOTTINI,VIA DEI PALLOTTINI,
2584211,2,2015-11-16T18:30:00,Strada Urbana,all'intersezione semaforizzata con,LUNGOTEVERE FLAMINIO,,Scontro frontale-laterale DX fra veicoli in marcia,Intersezione semaforizzata,Due carreggiate,Asciutto,Asfaltata,Verticale ed orizzontale,Sereno,Normale,Buona,Sufficiente,2,0,0,0,,,False,z,PONTE DUCA D'AOSTA,PONTE DUCA D'AOSTA,
2583925,19,2015-11-16T18:30:00,Strada Urbana,da specificare,VIA PIEVE DI CADORE,alt. ingresso Tunnel E3,Tamponamento,Rettilineo,Una carreggiata a senso unico di marcia,Asciutto,Asfaltata,Orizzontale,Sereno,Normale,Buona,Sufficiente,1,0,0,1,12.43805,41.93967,True,z,,,
2583659,5,2015-11-16T19:00:00,Strada Urbana,da specificare,VIA DI PIETRALATA,ALTEZZA VIA DEL COTTANELLO,Investimento di pedone,Rettilineo,Una carreggiata a doppio senso,Asciutto,Asfaltata,Verticale ed orizzontale,Sereno,Normale,Sufficiente,Insufficiente,1,0,0,0,,,False,z,,,
2583837,12,2015-11-16T19:15:00,Strada Urbana,in corrispondenza,VIALE AMERICA,,Scontro laterale fra veicoli in marcia,Rettilineo,Una carreggiata a doppio senso,Asciutto,Asfaltata,Verticale ed orizzontale,Sereno,Scarso,Buona,Sufficiente,0,0,0,1,12.46411,41.83087,True,z,del civico n.,,111
2583836,19,2015-11-16T19:15:00,Strada Urbana,da specificare,PIAZZA PASSO DEL PORDOI,rotatoria,Scontro laterale fra veicoli in marcia,Rotatoria,Una carreggiata a senso unico di marcia,Asciutto,Asfaltata,Verticale ed orizzontale,Sereno,Normale,Buona,Sufficiente,0,0,0,2,12.44133,41.9404,True,z,,,
2580502,20,2015-11-16T19:15:00,Strada Urbana,all'intersezione con,CORSO DI FRANCIA,,Veicolo in marcia contro veicolo in sosta,Intersezione non regolata-non segnalata,Pií_ di due carreggiate,Asciutto,Asfaltata,Verticale ed orizzontale,Sereno,Normale,Buona,Sufficiente,0,0,0,1,12.46951,41.946,True,z,VIA GIUSEPPE PECCHIO,VIA GIUSEPPE PECCHIO,
2583776,10,2015-11-16T19:50:00,Strada Urbana,all'intersezione con,VIA TUSCOLANA,,Scontro frontale-laterale DX fra veicoli in marcia,Incrocio,Due carreggiate,Asciutto,Asfaltata,Verticale ed orizzontale,Sereno,Intenso,Sufficiente,Sufficiente,3,0,0,1,12.56072,41.85758,True,z,VIA CURZIO RUFO,VIA CURZIO RUFO,
2583690,8,2015-11-16T20:05:00,Statale entro l'abitato,in prossimitíæ,VIA CASILINA,,Investimento di pedone,Rettilineo,Una carreggiata a doppio senso,Asciutto,Asfaltata,Verticale ed orizzontale,Sereno,Normale,Buona,Sufficiente,3,0,0,0,,,False,z,del civico n.,,1765
2583749,20,2015-11-16T20:50:00,Strada Urbana,in prossimitíæ,CORSO DI FRANCIA,,Tamponamento,Rettilineo,Due carreggiate,Asciutto,Asfaltata,Orizzontale,Sereno,Normale,Buona,Sufficiente,1,0,0,2,,,False,z,del civico n.,,154
2583860,19,2015-11-16T21:00:00,Strada Urbana,in prossimitíæ,VIA ROMEO RODRIGUEZ PEREIRA,,Veicolo in marcia contro veicoli in sosta,Rettilineo,Una carreggiata a doppio senso,Asciutto,Asfaltata,Assente,Sereno,Scarso,Buona,Sufficiente,0,0,0,1,12.43705,41.91944,True,z,del civico n.,,215
2584168,17,2015-11-16T21:00:00,Strada Urbana,all'intersezione con,CIRCONVALLAZIONE CLODIA,,Scontro frontale-laterale DX fra veicoli in marcia,Incrocio,Due carreggiate,Asciutto,Asfaltata,Verticale ed orizzontale,Sereno,Scarso,Buona,Sufficiente,0,0,0,2,12.45719,41.91965,True,z,VIA FASANA,VIA FASANA,
2584224,2,2015-11-17T00:05:00,,da specificare,VIALE DEL MURO TORTO,fronte NH HOTEL,Ribaltamento senza urto contro ostacolo fisso,,,,,,,,,,1,0,0,0,,,False,z,,,
2583669,11,2015-11-17T01:45:00,Strada Urbana,all'intersezione con,VIA ARDEATINA,,Scontro frontale-laterale SX fra veicoli in marcia,Intersezione non regolata-non segnalata,Una carreggiata a doppio senso,Asciutto,Asfaltata,Verticale ed orizzontale,Sereno,Scarso,Buona,Sufficiente,2,0,0,2,12.52822,41.80219,True,z,VIA DELLE SETTE CHIESE,VIA DELLE SETTE CHIESE,
2584130,1,2015-11-17T02:55:00,Strada Urbana,all'intersezione semaforizzata con,LUNGOTEVERE DE' CENCI,,Ribaltamento senza urto contro ostacolo fisso,Incrocio,Una carreggiata a senso unico di marcia,Sdrucciolevole (fango),Asfaltata,Verticale ed orizzontale,Sereno,Scarso,Buona,Sufficiente,0,0,0,1,12.47647,41.89194,True,z,PONTE GARIBALDI,PONTE GARIBALDI,
2583740,5,2015-11-17T03:40:00,Strada Urbana,da specificare,VIA DOMENICO GRISOLIA,PROSSIMITA' PIAZZA A. BOZZI,Veicolo in marcia contro veicoli in sosta,Rettilineo,Una carreggiata a doppio senso,Asciutto,Asfaltata,Assente,Sereno,Scarso,Sufficiente,Sufficiente,0,0,0,0,12.59215,41.94002,True,z,,,
2584148,1,2015-11-17T05:00:00,Strada Urbana,all'intersezione semaforizzata con,VIALE AVENTINO,,Scontro laterale fra veicoli in marcia,Intersezione semaforizzata,Due carreggiate,Asciutto,Asfaltata,Verticale ed orizzontale,Sereno,Scarso,Buona,Sufficiente,3,0,0,0,12.48788,41.8836,True,z,VIA DEL CIRCO MASSIMO,VIA DEL CIRCO MASSIMO,
2585243,8,2015-11-17T06:20:00,Strada Urbana,da specificare,VIALE DUILIO CAMBELLOTTI,alt. cavalcavia fronte palo ACEA 9 ,Scontro laterale fra veicoli in marcia,Rettilineo,Due carreggiate,Asciutto,Asfaltata,Verticale ed orizzontale,Sereno,Normale,Buona,Sufficiente,0,0,0,1,12.62935,41.86719,True,z,,,
2584888,15,2015-11-17T07:00:00,,all'intersezione con,VIALE ISACCO NEWTON,,Veicolo in marcia contro ostacolo fisso,,,,,,,,,,1,0,0,0,12.44279,41.84792,False,z,VICOLO DI PAPA LEONE,VICOLO DI PAPA LEONE,
2585495,4,2015-11-17T07:30:00,Strada Urbana,da specificare,VIA UGO OJETTI,in corrispondenza rotatoria altezza Via Cajumi,Veicolo in marcia contro ostacolo accidentale,Rettilineo,Due carreggiate,Asciutto,Asfaltata,Verticale ed orizzontale,Nebbia,Normale,Buona,Ore Diurne,0,0,0,1,12.55654,41.94957,True,z,,,
2585318,19,2015-11-17T07:40:00,Strada Urbana,all'intersezione con,VIA FRATELLI GUALANDI,,Scontro laterale fra veicoli in marcia,Incrocio,Una carreggiata a senso unico di marcia,Asciutto,Asfaltata,Verticale ed orizzontale,Sereno,Normale,Buona,Ore Diurne,1,0,0,2,12.42194,41.94258,True,z,VIA OTTAVIO ASSAROTTI,VIA OTTAVIO ASSAROTTI,
2585199,8,2015-11-17T07:45:00,Strada Urbana,all'intersezione semaforizzata con,VIA CASILINA,,Scontro laterale fra veicoli in marcia,Intersezione semaforizzata,Una carreggiata a doppio senso,Asciutto,Asfaltata,Verticale ed orizzontale,Sereno,Intenso,Buona,Ore Diurne,0,0,0,2,12.63575,41.86389,True,z,PIAZZA DI TORRE GAIA,PIAZZA DI TORRE GAIA,
2585221,10,2015-11-17T07:50:00,Strada Urbana,all'intersezione con,VIA ANAGNINA,,Scontro laterale fra veicoli in marcia,Intersezione semaforizzata,Una carreggiata a senso unico di marcia,Asciutto,Asfaltata,Verticale ed orizzontale,Nuvoloso,Normale,Buona,Ore Diurne,0,0,0,2,12.60717,41.82272,True,z,VIA BELLICIA,VIA BELLICIA,
2585247,13,2015-11-17T08:00:00,Strada Urbana,da specificare,VIA EGIDIO GARRA,prox stazione di Casal Bernocchi,Veicolo in marcia contro veicoli in sosta,Curva senza visuale libera,Una carreggiata a doppio senso,Asciutto,Asfaltata,Verticale,Nuvoloso,Normale,Buona,Ore Diurne,0,0,0,1,12.37922,41.7889,True,z,,,