_ID,_Gruppo,_DataOraIncidente,_Localizzazione1,_Localizzazione2,_Strada1,_DaSpecificare,_NaturaIncidente,_ParticolaritaStrade,_TipoStrada,_FondoStradale,_Pavimentazione,_Segnaletica,_CondizioneAtmosferica,_Traffico,_Visibilita,_Illuminazione,_NUM_FERITI,_NUM_RISERVATA,_NUM_MORTI,_NUM_ILLESI,_Longitudine,_Latitudine,_CONFERMATO,__prefix,_Strada02,_Strada2,_Chilometrica
2585103,5,2015-11-17T08:05:00,,in prossimitíæ,VIA TIBURTINA,,Investimento di pedone,,,,,,,,,,1,0,0,0,,,False,z,del civico n.,,369
2585361,17,2015-11-17T08:10:00,Strada Urbana,all'intersezione con,VIA DELLA CONCILIAZIONE,,Veicolo in marcia contro ostacolo fisso,Incrocio,Pií_ di due carreggiate,Asciutto,Asfaltata,Verticale ed orizzontale,Nuvoloso,Normale,Buona,Ore Diurne,0,0,0,1,12.46089,41.90248,True,z,VIA DELL'ERBA,VIA DELL'ERBA,
2583969,7,2015-11-17T08:15:00,Strada Urbana,all'intersezione con,VIALE DELLA BELLA VILLA,,Scontro frontale-laterale SX fra veicoli in marcia,Incrocio,Una carreggiata a doppio senso,Asciutto,Asfaltata,Assente,Nuvoloso,Normale,Buona,Ore Diurne,0,0,0,2,12.57859,41.87315,True,z,VIA DEI FIORI,VIA DEI FIORI,
2585249,8,2015-11-17T08:15:00,Strada Urbana,all'intersezione con,VIA VILLABATE,,Scontro laterale fra veicoli in marcia,Intersezione non regolata-non segnalata,Una carreggiata a doppio senso,Asciutto,Asfaltata,Verticale ed orizzontale,Sereno,Normale,Buona,Ore Diurne,0,0,0,4,12.65252,41.86981,True,z,VIA ASSORO,VIA ASSORO,
2585818,16,2015-11-17T08:15:00,Strada Urbana,in prossimitíæ,CIRCONVALLAZIONE GIANICOLENSE,,Veicolo in marcia contro ostacolo accidentale,Rettilineo,Pií_ di due carreggiate,Asciutto,Asfaltata,Verticale ed orizzontale,Sereno,Normale,Buona,Ore Diurne,0,0,0,1,12.46132,41.87276,True,z,del civico n.,,49-B
2585348,17,2015-11-17T08:20:00,Strada Urbana,all'intersezione con,VIA CUNFIDA,,Scontro laterale fra veicoli in marcia,Incrocio,Una carreggiata a senso unico di marcia,Asciutto,Asfaltata,Verticale ed orizzontale,Nuvoloso,Normale,Buona,Ore Diurne,0,0,0,2,12.45307,41.91325,True,z,VIA NAZARIO SAURO,VIA NAZARIO SAURO,
2584567,1,2015-11-17T08:20:00,Strada Urbana,all'intersezione con,VIA FERRUCCIO,,Scontro frontale-laterale SX fra veicoli in marcia,Incrocio,Una carreggiata a senso unico di marcia,Asciutto,Asfaltata,Verticale,Sereno,Scarso,Buona,Ore Diurne,1,0,0,1,12.50355,41.89297,True,z,VIA MACHIAVELLI,VIA MACHIAVELLI,
2585204,8,2015-11-17T08:30:00,Strada Urbana,all'intersezione con,VIALE OXFORD,,Scontro laterale fra veicoli in marcia,Rotatoria,Una carreggiata a senso unico di marcia,Asciutto,Asfaltata,Verticale ed orizzontale,Sereno,Normale,Buona,Ore Diurne,0,0,0,3,12.62627,41.85659,True,z,VIALE HEIDELBERG,VIALE HEIDELBERG,
2584643,1,2015-11-17T09:05:00,Strada Urbana,in prossimitíæ,VIA DI PORTA LATINA,,Veicolo in marcia contro veicolo arresto,Rettilineo,Una carreggiata a senso unico di marcia,Asciutto,Asfaltata,Assente,Sereno,Scarso,Buona,Ore Diurne,1,0,0,1,12.49996,41.8777,True,z,del civico n.,,6
2585530,4,2015-11-17T09:15:00,,da specificare,VIA DELLA BUFALOTTA,fronte via della Cecchina,Scontro frontale-laterale SX fra veicoli in marcia,,,,,,,,,,1,0,0,1,12.54076,41.94889,False,z,,,
2585246,8,2015-11-17T09:45:00,Strada Urbana,all'intersezione con,VIA MASSA DI SAN GIULIANO,,Scontro laterale fra veicoli in marcia,Incrocio,Una carreggiata a doppio senso,Asciutto,Asfaltata,Verticale ed orizzontale,Sereno,Scarso,Buona,Ore Diurne,0,0,0,4,12.69651,41.90245,True,z,VIA POGGIO PICENZE,VIA POGGIO PICENZE,
2584682,1,2015-11-17T10:15:00,Strada Urbana,all'intersezione con,PIAZZA VITTORIO EMANUELE II,,Scontro frontale-laterale DX fra veicoli in marcia,Intersezione stradale segnalata,Una carreggiata a doppio senso,Asciutto,Asfaltata,Orizzontale,Nuvoloso,Normale,Buona,Ore Diurne,1,0,0,1,12.50443,41.89451,True,z,VIA BUONARROTI,VIA BUONARROTI,
2584592,1,2015-11-17T10:15:00,Strada Urbana,in prossimitíæ,VIALE MANZONI,,Scontro frontale-laterale DX fra veicoli in marcia,Rettilineo,Una carreggiata a doppio senso,Asciutto,Asfaltata,Verticale ed orizzontale,Sereno,Normale,Buona,Ore Diurne,1,0,0,1,12.50908,41.89256,True,z,del civico n.,,40
2585212,8,2015-11-17T10:20:00,Strada Urbana,da specificare,VIA DI PASSO LOMBARDO,alt. VIA FRANCESCO SOMAINI,Tamponamento Multiplo,Rettilineo,Una carreggiata a doppio senso,Asciutto,Asfaltata,Assente,Nuvoloso,Normale,Buona,Ore Diurne,0,0,0,2,12.62929,41.84533,False,z,,,
2585256,20,2015-11-17T10:45:00,Strada Urbana,in corrispondenza,LARGO DI VIGNA STELLUTI,,Veicolo in marcia contro veicoli in arresto,Rettilineo,Una carreggiata a doppio senso,Asciutto,Asfaltata,Verticale ed orizzontale,Nuvoloso,Normale,Buona,Ore Diurne,0,0,0,0,12.46529,41.94773,True,z,del civico n.,,32
2586010,12,2015-11-17T11:00:00,Strada Urbana,in prossimitíæ,VIA PAOLO RENZI,,Veicolo in marcia contro veicolo in sosta,Rettilineo,Una carreggiata a doppio senso,Asciutto,Asfaltata,Verticale ed orizzontale,Sereno,Scarso,Buona,Ore Diurne,0,0,0,0,12.44289,41.78461,True,z,del civico n.,,101
2585201,10,2015-11-17T11:15:00,Strada Urbana,in prossimitíæ,VIA TUSCOLANA,,Tamponamento,Rettilineo,Due carreggiate,Asciutto,Asfaltata,Verticale ed orizzontale,Nuvoloso,Normale,Buona,Ore Diurne,0,0,0,3,12.56616,41.85477,True,z,del civico n.,,971
2585463,2,2015-11-17T11:40:00,Strada Urbana,in prossimitíæ,VIALE REGINA MARGHERITA,,Tamponamento Multiplo,Rettilineo,Una carreggiata a doppio senso,Asciutto,Asfaltata,Verticale ed orizzontale,Sereno,Normale,Buona,Ore Diurne,1,0,0,2,,,False,z,del civico n.,,66
2585007,15,2015-11-17T11:40:00,Strada Urbana,all'intersezione con,VIA DEL TRULLO,,Investimento di pedone,Intersezione stradale segnalata,Due carreggiate,Asciutto,Asfaltata,Verticale ed orizzontale,Sereno,Normale,Buona,Ore Diurne,0,0,0,2,12.43676,41.84305,True,z,VIA LICCIANA NARDI,VIA LICCIANA NARDI,
2585106,5,2015-11-17T11:45:00,Strada Urbana,all'intersezione con,VIA TIBURTINA,,Scontro frontale-laterale SX fra veicoli in marcia,Incrocio,Una carreggiata a doppio senso,Asciutto,Asfaltata,Verticale ed orizzontale,Sereno,Normale,Buona,Ore Diurne,0,0,0,2,12.57396,41.92585,True,z,VIA FOSSACESIA,VIA FOSSACESIA,
2585538,17,2015-11-17T12:10:00,Strada Urbana,all'intersezione semaforizzata con,PIAZZALE CLODIO,,Scontro laterale fra veicoli in marcia,Intersezione semaforizzata,Due carreggiate,Asciutto,Asfaltata,Verticale ed orizzontale,Nuvoloso,Normale,Buona,Ore Diurne,0,0,0,2,12.45444,41.91695,True,z,VIALE GIOVANNI FALCONE E PAOLO BORSELLINO,VIALE GIOVANNI FALCONE E PAOLO BORSELLINO,
2585220,8,2015-11-17T12:30:00,Statale entro l'abitato,all'intersezione con,VIA CASILINA,,Veicolo in marcia contro ostacolo accidentale,Intersezione semaforizzata,Una carreggiata a doppio senso,Asciutto,Asfaltata,Verticale ed orizzontale,Sereno,Normale,Buona,Ore Diurne,0,0,0,3,12.59277,41.86718,True,z,VIA DEI COLOMBI,VIA DEI COLOMBI,
2585265,8,2015-11-17T13:15:00,Strada Urbana,all'intersezione con,VIA DEL FUOCO SACRO,,Scontro frontale-laterale SX fra veicoli in marcia,Incrocio,Una carreggiata a doppio senso,Asciutto,Asfaltata,Verticale ed orizzontale,Sereno,Normale,Buona,Ore Diurne,1,0,0,2,12.64119,41.86482,True,z,VIA CARLO PALOMBI,VIA CARLO PALOMBI,
2584411,10,2015-11-17T13:15:00,Strada Urbana,in prossimitíæ,VIA CESTIO GALLO,,Veicolo in marcia contro veicoli in sosta,Rettilineo,Una carreggiata a senso unico di marcia,Asciutto,Asfaltata,Assente,Nuvoloso,Normale,Buona,Ore Diurne,0,0,0,1,12.5547,41.85851,True,z,del civico n.,,1
2587923,18,2015-11-17T13:15:00,Strada Urbana,da specificare,CIRCONVALLAZIONE CORNELIA,altezza via PAGANO,Tamponamento,Rettilineo,Due carreggiate,Asciutto,Asfaltata,Verticale ed orizzontale,Nuvoloso,Normale,Buona,Ore Diurne,0,0,0,2,12.42578,41.90141,True,z,,,
2585008,15,2015-11-17T13:50:00,Strada Urbana,in corrispondenza,VIA DELLA MAGLIANA,,Scontro laterale fra veicoli in marcia,Rettilineo,Una carreggiata a doppio senso,Asciutto,Asfaltata,Orizzontale,Nuvoloso,Scarso,Buona,Ore Diurne,0,0,0,2,12.4403,41.8334,True,z,del civico n.,,498
2584454,18,2015-11-17T14:00:00,Strada Urbana,in prossimitíæ,PIAZZA PIO XI,,Scontro laterale fra veicoli in marcia,Rettilineo,Una carreggiata a senso unico di marcia,Asciutto,Asfaltata,Verticale ed orizzontale,Sereno,Normale,Buona,Ore Diurne,1,0,0,1,12.43719,41.89417,True,z,del civico n.,,52
2585009,15,2015-11-17T14:05:00,Strada Urbana,da specificare,VIA PORTUENSE,dir. TRULLO PROX. VIA D'AVARNA,Scontro laterale fra veicoli in marcia,Rettilineo,Due carreggiate,Asciutto,Asfaltata,Verticale ed orizzontale,Nuvoloso,Normale,Buona,Ore Diurne,0,0,0,2,12.40939,41.84342,True,z,,,
2585610,4,2015-11-17T14:05:00,,all'intersezione semaforizzata con,VIA MONTE MASSICO,,Investimento di pedone,,,,,,,,,,1,0,0,2,12.52692,41.95077,False,z,VIA MONTE CERVIALTO,VIA MONTE CERVIALTO,
2585545,2,2015-11-17T14:15:00,Strada Urbana,all'intersezione con,PIAZZA VERBANO,,Ribaltamento senza urto contro ostacolo fisso,Incrocio,Una carreggiata a senso unico di marcia,Asciutto,Asfaltata,Verticale ed orizzontale,Sereno,Normale,Buona,Ore Diurne,2,0,0,0,,,False,z,VIA TOPINO,VIA TOPINO,
2585425,3,2015-11-17T14:25:00,Strada Urbana,da specificare,CIRCONVALLAZIONE TIBURTINA,DIREZIONE S.GIOVANNI MURA VERANO ALTEZZA PALO ACEA,Scontro laterale fra veicoli in marcia,Rettilineo,Pií_ di due carreggiate,Asciutto,Asfaltata,Verticale ed orizzontale,Nuvoloso,Scarso,Buona,Ore Diurne,1,0,0,2,12.52804,41.89941,False,z,,,
2585860,16,2015-11-17T14:30:00,Strada Urbana,all'intersezione con,VIA DEL CASALE LUMBROSO,,Infortunio per sola frenata improvvisa,Incrocio,Una carreggiata a doppio senso,Asciutto,Asfaltata,Verticale ed orizzontale,Sereno,Normale,Buona,Ore Diurne,1,0,0,1,,,False,z,VIA FRANCESCO AQUILANTI,VIA FRANCESCO AQUILANTI,
2585292,20,2015-11-17T14:35:00,Strada Urbana,da specificare,VIALE ANTONINO DI SAN GIULIANO,altezza Deposito giudiziario Via dei Robilant,Investimento di pedone,Rettilineo,Due carreggiate,Asciutto,Asfaltata,Verticale ed orizzontale,Nuvoloso,Normale,Buona,Ore Diurne,1,0,0,1,,,False,z,,,
2585304,13,2015-11-17T14:45:00,Strada Urbana,in prossimitíæ,VIA LEONARDO MELLANO,,Veicolo in marcia contro ostacolo fisso,Rettilineo,Una carreggiata a doppio senso,Asciutto,Asfaltata,Verticale ed orizzontale,Nuvoloso,Scarso,Buona,Ore Diurne,1,0,0,0,12.37882,41.77952,False,z,del civico n.,,224
2585555,2,2015-11-17T15:00:00,Strada Urbana,da specificare,VIA SALARIA,altezza VIA DEL FORO ITALICO direz. centro,Scontro laterale fra veicoli in marcia,Rettilineo,Due carreggiate,Asciutto,Asfaltata,Verticale ed orizzontale,Sereno,Normale,Buona,Ore Diurne,0,0,0,2,12.50864,41.93889,True,z,,,
2585109,5,2015-11-17T15:15:00,Strada Urbana,da specificare,tangenziale - est dir. salaria,alt. Batteria Nomentana,Scontro laterale fra veicoli in marcia,Rettilineo,Due carreggiate,Asciutto,Asfaltata,Verticale,Sereno,Normale,Buona,Ore Diurne,0,0,0,2,12.52711,41.92949,True,z,,,
2584745,1,2015-11-17T15:20:00,Strada Urbana,in corrispondenza,VIALE DI TRASTEVERE,,Scontro laterale fra veicoli in marcia,Rettilineo,Pií_ di due carreggiate,Asciutto,Asfaltata,Verticale ed orizzontale,Nuvoloso,Normale,Buona,Ore Diurne,1,0,0,1,12.47166,41.88633,True,z,del civico n.,,64-D
2585100,11,2015-11-17T16:00:00,Strada Urbana,da specificare,VIA ARDEATINA,intersezione rampa uscita GRA esterna,Scontro frontale-laterale DX fra veicoli in marcia,Rettilineo,Pií_ di due carreggiate,Asciutto,Asfaltata,Verticale ed orizzontale,Nuvoloso,Normale,Buona,Ore Diurne,0,0,0,3,12.53509,41.79759,True,z,,,
2585460,3,2015-11-17T16:10:00,Strada Urbana,da specificare,VIA TIBURTINA,Castro Laurenziano,Investimento di pedone,Rettilineo,Una carreggiata a doppio senso,Asciutto,Asfaltata,Verticale ed orizzontale,Sereno,Normale,Buona,Ore Diurne,1,0,0,1,12.52012,41.90361,True,z,,,
2584586,7,2015-11-17T16:15:00,Strada Urbana,all'intersezione con,VIA DEI PLATANI,,Scontro frontale-laterale SX fra veicoli in marcia,Incrocio,Due carreggiate,Asciutto,Asfaltata,Verticale ed orizzontale,Nuvoloso,Normale,Buona,Ore Diurne,0,0,0,5,12.56926,41.88101,True,z,VIA DELLE AZALEE,VIA DELLE AZALEE,
2584746,10,2015-11-17T16:30:00,Statale,da specificare,VIA APPIA NUOVA,alt. palo ACEA n. 410,Tamponamento,Rettilineo,Due carreggiate,Asciutto,Asfaltata,Orizzontale,Nuvoloso,Normale,Buona,Sufficiente,1,0,0,2,12.55945,41.82658,True,z,,,
2584775,19,2015-11-17T16:45:00,Strada Urbana,in corrispondenza,VIA GREZZAGO,,Veicolo in marcia contro veicolo fermo,Rettilineo,Una carreggiata a doppio senso,Asciutto,Asfaltata,Assente,Sereno,Scarso,Insufficiente,Insufficiente,0,0,0,2,12.37752,41.93897,True,z,del civico n.,,33
2585261,8,2015-11-17T16:45:00,Strada Urbana,all'intersezione con,VIA DI TORRE SPACCATA,,Scontro frontale-laterale DX fra veicoli in marcia,Incrocio,Una carreggiata a doppio senso,Asciutto,Asfaltata,Verticale ed orizzontale,Nuvoloso,Normale,Sufficiente,Ore Diurne,0,0,0,2,12.58584,41.85747,True,z,VIA DEL FOSSO DI S. MAURA,VIA DEL FOSSO DI S. MAURA,
2585319,13,2015-11-17T17:10:00,Strada Urbana,all'intersezione con,VIA DI CASTEL FUSANO,,Scontro frontale-laterale SX fra veicoli in marcia,Intersezione stradale segnalata,Una carreggiata a doppio senso,Asciutto,Asfaltata,Verticale ed orizzontale,Sereno,Normale,Buona,Sufficiente,0,0,0,2,12.30493,41.75808,True,z,VIA AGOSTINO CHIGI,VIA AGOSTINO CHIGI,
2584787,7,2015-11-17T18:00:00,Strada Urbana,all'intersezione con,VIALE PALMIRO TOGLIATTI,,Veicolo in marcia contro veicoli in sosta,Incrocio,Due carreggiate,Asciutto,Asfaltata,Orizzontale,Sereno,Normale,Buona,Sufficiente,0,0,0,1,12.57357,41.88924,True,z,VIA DELLE ACACIE,VIA DELLE ACACIE,
2585294,12,2015-11-17T18:20:00,Strada Urbana,all'intersezione con,PIAZZA GUGLIELMO MARCONI,,Scontro laterale fra veicoli in marcia,Rotatoria,Pií_ di due carreggiate,Asciutto,Asfaltata,Verticale ed orizzontale,Nuvoloso,Normale,Buona,Sufficiente,0,0,0,3,12.47122,41.83381,True,z,VIA CRISTOFORO COLOMBO,VIA CRISTOFORO COLOMBO,
2585701,4,2015-11-17T18:30:00,Provinciale entro l'abitato,all'intersezione con,VIA NOMENTANA,,Scontro frontale-laterale DX fra veicoli in marcia,Incrocio,Una carreggiata a doppio senso,Asciutto,Asfaltata,Verticale,Nuvoloso,Normale,Sufficiente,Sufficiente,0,0,0,2,12.58414,41.95849,True,z,VIA DI S. ALESSANDRO,VIA DI S. ALESSANDRO,
2585279,7,2015-11-17T18:50:00,Strada Urbana,da specificare,VIALE PALMIRO TOGLIATTI,all'altezza di via Ascoli Satriano,Scontro laterale fra veicoli in marcia,Rettilineo,Due carreggiate,Asciutto,Asfaltata,Assente,Sereno,Intenso,Buona,Sufficiente,0,0,0,3,12.57483,41.89389,True,z,,,
2585254,8,2015-11-17T19:00:00,Strada Urbana,in prossimitíæ,VIA DI ROCCA CENCIA,,Tamponamento,Rettilineo,Una carreggiata a doppio senso,Asciutto,Asfaltata,Orizzontale,Sereno,Scarso,Buona,Ore Diurne,0,0,0,2,12.69513,41.88232,True,z,del civico n.,,177
2587553,12,2015-11-17T20:25:00,Provinciale entro l'abitato,da specificare,VIA LAURENTINA,dir. Roma alt. uscita carreg. interna Gra,Scontro laterale fra veicoli in marcia,Rettilineo,Due carreggiate,Asciutto,Asfaltata,Verticale ed orizzontale,Sereno,Scarso,Buona,Sufficiente,0,0,0,3,12.48116,41.79783,True,z,,,
2585418,17,2015-11-17T20:30:00,Strada Urbana,in prossimitíæ,VIA DELLA CAMILLUCCIA,,Scontro frontale-laterale DX fra veicoli in marcia,Rettilineo,Una carreggiata a senso unico alternato,Asciutto,Asfaltata,Verticale ed orizzontale,Sereno,Normale,Sufficiente,Sufficiente,1,0,0,1,12.4436,41.93464,False,z,del civico n.,,140
2585307,1,2015-11-17T20:50:00,Strada Urbana,all'intersezione con,VIALE MANZONI,,Scontro frontale-laterale SX fra veicoli in marcia,Incrocio,Una carreggiata a doppio senso,Asciutto,Asfaltata,Verticale ed orizzontale,Nuvoloso,Normale,Sufficiente,Sufficiente,1,0,0,1,12.50772,41.89117,True,z,VIA LUIGI LUZZATTI,VIA LUIGI LUZZATTI,
2585332,19,2015-11-17T21:20:00,Strada Urbana,in corrispondenza,VIA DEL FORTE TRIONFALE,,Scontro frontale fra veicoli in marcia,Rettilineo,Una carreggiata a doppio senso,Asciutto,Asfaltata,Verticale ed orizzontale,Sereno,Normale,Buona,Sufficiente,1,0,0,1,12.43244,41.93829,True,z,del civico n.,,fronte 5
2586740,10,2015-11-17T22:00:00,Strada Urbana,da specificare,VIA DI PASSOLOMBARDO,altezza ingresso A1 (prima del ponte),Scontro frontale-laterale SX fra veicoli in marcia,Curva senza visuale libera,Una carreggiata a doppio senso,Asciutto,Asfaltata,Assente,Nuvoloso,Scarso,Insufficiente,Insufficiente,0,0,0,3,12.63137,41.83979,True,z,,,
2585180,10,2015-11-17T23:30:00,Strada Urbana,in prossimitíæ,VIA DI CASAL MORENA,,Veicolo in marcia contro veicolo in sosta,Rettilineo,Una carreggiata a doppio senso,Asciutto,Asfaltata,Verticale,Sereno,Scarso,Buona,Sufficiente,0,0,0,1,12.61733,41.82782,True,z,del civico n.,,35
2587049,7,2015-11-18T00:00:00,Strada Urbana,all'intersezione con,VIA PRENESTINA NUOVA,,Scontro laterale fra veicoli in marcia,Rotatoria,Una carreggiata a senso unico di marcia,Asciutto,Asfaltata,Verticale ed orizzontale,Sereno,Normale,Buona,Ore Diurne,0,0,0,2,12.60431,41.89323,True,z,VIA EMILIO LONGONI,VIA EMILIO LONGONI,
2585502,2,2015-11-18T00:10:00,,in corrispondenza,PIAZZA SANTIAGO DEL CILE,,Investimento di pedone,,,,,,,,,,1,0,0,1,,,False,z,del civico n.,,23
2585309,15,2015-11-18T00:45:00,Strada Urbana,da specificare,VIA ALBERESE,prossimitíæ Vicolo di Papa Leone,Investimento di pedone,Rettilineo,Una carreggiata a doppio senso,Asciutto,Asfaltata,Orizzontale,Sereno,Scarso,Buona,Sufficiente,1,0,0,1,12.44115,41.84823,True,z,,,
2585182,11,2015-11-18T00:50:00,Strada Urbana,all'intersezione semaforizzata con,CIRCONVALLAZIONE OSTIENSE,,Scontro laterale fra veicoli in marcia,Intersezione semaforizzata,Due carreggiate,Asciutto,Asfaltata,Verticale ed orizzontale,Sereno,Scarso,Buona,Sufficiente,0,0,0,4,12.49222,41.86734,True,z,VIA PADRE REGINALDO GIULIANI,VIA PADRE REGINALDO GIULIANI,
2587044,3,2015-11-18T02:30:00,Strada Urbana,in prossimitíæ,VIA NOMENTANA,,Ribaltamento senza urto contro ostacolo fisso,Rettilineo,Pií_ di due carreggiate,Asciutto,Asfaltata,Verticale ed orizzontale,Sereno,Scarso,Buona,Sufficiente,2,0,0,0,12.51785,41.92148,False,z,del civico n.,,339
2589053,12,2015-11-18T02:30:00,Strada Urbana,da specificare,VIA DI VIGNA MURATA,altezza distributore Eni,Veicolo in marcia contro ostacolo fisso,Curva a visuale libera,Due carreggiate,Asciutto,Asfaltata,Verticale ed orizzontale,Sereno,Scarso,Sufficiente,Sufficiente,0,0,0,2,12.49066,41.82675,True,z,,,
2585322,6,2015-11-18T03:30:00,,all'intersezione con,VIA DEGLI ANGELI,,Scontro frontale-laterale DX fra veicoli in marcia,,,,,,,,,,0,0,0,2,,,False,z,VIA DEI CICERI,VIA DEI CICERI,
2586653,5,2015-11-18T06:40:00,Strada Urbana,da specificare,VIA DEI MONTI TIBURTINI,altezza via dei Durantini,Tamponamento Multiplo,Rettilineo,Due carreggiate,Asciutto,Asfaltata,Verticale ed orizzontale,Sereno,Normale,Buona,Ore Diurne,0,0,0,4,12.54307,41.91717,True,z,,,
2585312,17,2015-11-18T07:00:00,Strada Urbana,in corrispondenza,BORGO ANGELICO,,Veicolo in marcia contro veicoli in sosta,Rettilineo,Una carreggiata a senso unico di marcia,Asciutto,Asfaltata,Verticale ed orizzontale,Nuvoloso,Scarso,Buona,Ore Diurne,0,0,0,0,12.45786,41.90558,True,z,del civico n.,,1
2585450,1,2015-11-18T07:20:00,Strada Urbana,da specificare,VIA PRINCIPE EUGENIO,in prossimitíæ intersezione V.LE MANZONI,Tamponamento,Rettilineo,Una carreggiata a doppio senso,Asciutto,Asfaltata,Verticale ed orizzontale,Nuvoloso,Normale,Buona,Ore Diurne,0,0,0,3,12.50809,41.89379,True,z,,,
2586305,13,2015-11-18T07:40:00,Strada Urbana,all'intersezione con,VIA SARNICO,,Scontro frontale-laterale DX fra veicoli in marcia,Incrocio,Una carreggiata a senso unico di marcia,Asciutto,Asfaltata,Assente,Sereno,Scarso,Buona,Ore Diurne,0,0,0,2,12.32792,41.79222,True,z,VIA BAREGGIO,VIA BAREGGIO,
2585993,16,2015-11-18T07:45:00,Strada Urbana,in corrispondenza,VIA LORENZO ROCCI,,Veicolo in marcia contro ostacolo fisso,Rettilineo,Una carreggiata a doppio senso,Asciutto,Asfaltata,Assente,Nuvoloso,Scarso,Buona,Ore Diurne,0,0,0,2,12.44177,41.8651,True,z,del civico n.,,3
2586387,13,2015-11-18T07:45:00,Strada Urbana,in prossimitíæ,VIALE DELLA MARINA,,Veicolo in marcia contro veicolo in sosta,Rettilineo,Due carreggiate,Asciutto,Asfaltata,Verticale ed orizzontale,Sereno,Normale,Buona,Ore Diurne,0,0,0,1,12.27716,41.73066,True,z,del civico n.,,48
2585272,10,2015-11-18T07:50:00,Strada Urbana,da specificare,VIALE LUIGI SCHIAVONETTI,prossimitíæ via M. P. De Rinaldis,Veicolo in marcia contro ostacolo accidentale,Rettilineo,Due carreggiate,Asciutto,Asfaltata,Verticale ed orizzontale,Nuvoloso,Normale,Buona,Ore Diurne,1,0,0,0,,,False,z,,,
2586777,8,2015-11-18T07:50:00,Strada Urbana,all'intersezione con,VIA CASILINA,,Tamponamento,Intersezione semaforizzata,Una carreggiata a doppio senso,Asciutto,Con buche,Verticale ed orizzontale,Nuvoloso,Intenso,Buona,Ore Diurne,1,0,0,1,12.59745,41.86625,True,z,VIA ENRICO GIGLIOLI,VIA ENRICO GIGLIOLI,
2586356,13,2015-11-18T08:00:00,Strada Urbana,all'intersezione con,VIA DEL CANALE DELLA LINGUA,,Scontro frontale-laterale DX fra veicoli in marcia,Incrocio,Una carreggiata a doppio senso,Asciutto,Asfaltata,Verticale ed orizzontale,Nuvoloso,Normale,Buona,Ore Diurne,0,0,0,3,12.35071,41.73212,True,z,VIALE DI CASTEL PORZIANO,VIALE DI CASTEL PORZIANO,
2586817,8,2015-11-18T08:00:00,Strada Urbana,in prossimitíæ,LARGO DEI COLOMBI,,Veicolo in marcia contro ostacolo accidentale,Rettilineo,Una carreggiata a senso unico di marcia,Asciutto,Asfaltata,Verticale ed orizzontale,Nuvoloso,Normale,Buona,Ore Diurne,0,0,0,2,12.59427,41.87348,True,z,del civico n.,,16
2586759,8,2015-11-18T08:10:00,Strada Urbana,in prossimitíæ,VIA DI SALONE,,Veicolo in marcia contro ostacolo accidentale,Rettilineo,Una carreggiata a doppio senso,Asciutto,Con buche,Verticale,Nuvoloso,Intenso,Buona,Ore Diurne,0,0,0,1,12.6349,41.92058,True,z,del civico n.,,303
2585526,12,2015-11-18T08:15:00,Provinciale,da specificare,VIA LAURENTINA,(dir Pomezia) altezza V. Boscotrecase,Veicolo in marcia contro ostacolo accidentale,Rettilineo,Una carreggiata a doppio senso,Asciutto,Asfaltata,Temporanea di cantiere,Nuvoloso,Normale,Buona,Ore Diurne,0,0,0,2,12.50141,41.74984,True,z,,,
2586661,5,2015-11-18T08:40:00,Strada Urbana,da specificare,VIA GIUSEPPE ANTONIO ANDRIULLI,altezza cavalcavia A-24 ,Scontro laterale fra veicoli in marcia,Rettilineo,Due carreggiate,Asciutto,Asfaltata,Verticale ed orizzontale,Sereno,Normale,Buona,Ore Diurne,0,0,0,3,12.55694,41.90315,True,z,,,
2585798,1,2015-11-18T08:40:00,Strada Urbana,all'intersezione con,VIA EMANUELE FILIBERTO,,Scontro frontale-laterale DX fra veicoli in marcia,Incrocio,Una carreggiata a doppio senso,Asciutto,Asfaltata,Verticale ed orizzontale,Nuvoloso,Intenso,Buona,Ore Diurne,0,0,0,2,12.50783,41.88808,True,z,VIA DOMENICO FONTANA,VIA DOMENICO FONTANA,
2585434,10,2015-11-18T08:50:00,Strada Urbana,in corrispondenza,VIA TUSCOLANA,,Veicolo in marcia contro veicoli in arresto,Rettilineo,Due carreggiate,Asciutto,Asfaltata,Verticale ed orizzontale,Nuvoloso,Intenso,Buona,Ore Diurne,0,0,0,4,12.56644,41.85467,True,z,del civico n.,,987a
2586658,5,2015-11-18T09:00:00,,in prossimitíæ,VIA ALBERTO BERGAMINI,,Tamponamento Multiplo,,,,,,,,,,0,0,0,0,,,False,z,del civico n.,,5
2585443,20,2015-11-18T09:10:00,,in corrispondenza,VIA DEI PRATI DELLA FARNESINA,,Investimento di pedone,Rettilineo,,Asciutto,,Verticale ed orizzontale,Nuvoloso,Scarso,,,1,0,0,1,,,False,z,del civico n.,,2