_ID,_Gruppo,_DataOraIncidente,_Localizzazione1,_Localizzazione2,_Strada1,_DaSpecificare,_NaturaIncidente,_ParticolaritaStrade,_TipoStrada,_FondoStradale,_Pavimentazione,_Segnaletica,_CondizioneAtmosferica,_Traffico,_Visibilita,_Illuminazione,_NUM_FERITI,_NUM_RISERVATA,_NUM_MORTI,_NUM_ILLESI,_Longitudine,_Latitudine,_CONFERMATO,__prefix,_Strada02,_Strada2,_Chilometrica
2586726,11,2015-11-18T09:15:00,Strada Urbana,in prossimitíæ,VIA ARDEATINA,,Scontro frontale fra veicoli in marcia,Rettilineo,Una carreggiata a doppio senso,Asciutto,Asfaltata,Verticale ed orizzontale,Nuvoloso,Normale,Buona,Ore Diurne,0,0,0,2,12.51915,41.8226,True,z,del civico n.,,701
2587055,20,2015-11-18T09:20:00,Strada Urbana,da specificare,VIALE PAOLO BOSELLI,lato Via C. Nigra inter. Piazzale Maresciallo Diaz,Scontro frontale-laterale DX fra veicoli in marcia,Rettilineo,Due carreggiate,Asciutto,Asfaltata,Assente,Sereno,Scarso,Buona,Ore Diurne,1,0,0,1,12.45835,41.93468,False,z,,,
2587045,20,2015-11-18T09:20:00,Strada Urbana,all'intersezione con,VIA MAGNANO IN RIVIERA,,Scontro frontale-laterale SX fra veicoli in marcia,Incrocio,Una carreggiata a doppio senso,Asciutto,Asfaltata,Verticale ed orizzontale,Nuvoloso,Normale,Buona,Ore Diurne,0,0,0,2,12.48089,41.99501,True,z,VIA CLAUZETTO,VIA CLAUZETTO,
2587259,2,2015-11-18T09:20:00,Strada Urbana,all'intersezione semaforizzata con,PIAZZA GONDAR,,Scontro frontale-laterale SX fra veicoli in marcia,,Una carreggiata a doppio senso,Asciutto,Asfaltata,Verticale ed orizzontale,Sereno,Intenso,Buona,Ore Diurne,1,0,0,1,,,False,z,VIALE LIBIA,VIALE LIBIA,
2586785,8,2015-11-18T09:35:00,Statale entro l'abitato,all'intersezione con,VIA CASILINA,,Scontro laterale fra veicoli in marcia,Rotatoria,Una carreggiata a doppio senso,Asciutto,Asfaltata,Verticale ed orizzontale,Nuvoloso,Intenso,Buona,Ore Diurne,0,0,0,3,12.60933,41.86405,True,z,VIA SILICELLA,VIA SILICELLA,
2587072,3,2015-11-18T10:00:00,Strada Urbana,in prossimitíæ,VIA TIBURTINA,,Veicolo in marcia contro veicolo in sosta,Pendenza,Una carreggiata a doppio senso,Asciutto,Asfaltata,Verticale ed orizzontale,Nuvoloso,Normale,Buona,Ore Diurne,0,0,0,1,12.53044,41.90812,True,z,del civico n.,,56
2585500,11,2015-11-18T10:00:00,Strada Urbana,in prossimitíæ,VIA DELLE SETTE CHIESE,,Scontro laterale fra veicoli in marcia,Rettilineo,Una carreggiata a doppio senso,Asciutto,Asfaltata,Verticale ed orizzontale,Nuvoloso,Normale,Buona,Ore Diurne,0,0,0,2,12.50698,41.85867,True,z,del civico n.,,290
2591753,18,2015-11-18T10:15:00,Strada Urbana,in prossimitíæ,PIAZZA IRNERIO,,Veicolo in marcia contro ostacolo accidentale,Rettilineo,Due carreggiate,Asciutto,Asfaltata,Verticale ed orizzontale,Nuvoloso,Normale,Buona,Ore Diurne,1,0,0,0,12.42943,41.89846,True,z,del civico n.,,70
2585660,18,2015-11-18T10:40:00,Strada Urbana,da specificare,PIAZZA DI VILLA CARPEGNA,fronte Via di Torrerossa,Scontro laterale fra veicoli in marcia,Rettilineo,Una carreggiata a senso unico di marcia,Asciutto,Asfaltata,Verticale ed orizzontale,Sereno,Normale,Buona,Ore Diurne,1,0,0,1,12.4292,41.89533,True,z,,,
2585640,12,2015-11-18T10:40:00,Strada Urbana,da specificare,VIA DI ACQUA ACETOSA OSTIENSE,"direzione via Pontina, altezza palo acea n. 89",Scontro laterale fra veicoli in marcia,Strettoia,Una carreggiata a doppio senso,Asciutto,Asfaltata,Verticale ed orizzontale,Nuvoloso,Normale,Buona,Ore Diurne,0,0,0,3,12.45781,41.80676,True,z,,,
2586770,8,2015-11-18T11:05:00,Strada Urbana,all'intersezione con,VIALE OXFORD,,Scontro laterale fra veicoli in marcia,Rotatoria,Una carreggiata a senso unico di marcia,Asciutto,Asfaltata,Verticale ed orizzontale,Nuvoloso,Normale,Buona,Ore Diurne,0,0,0,2,12.62636,41.85666,True,z,VIALE HEIDELBERG,VIALE HEIDELBERG,
2585663,10,2015-11-18T11:15:00,Strada Urbana,all'intersezione semaforizzata con,PIAZZA DI CINECITTA',,Tamponamento,Intersezione semaforizzata,Due carreggiate,Asciutto,Asfaltata,Verticale ed orizzontale,Nuvoloso,Normale,Buona,Ore Diurne,1,0,0,1,12.5682,41.85366,True,z,VIA TUSCOLANA,VIA TUSCOLANA,
2585698,19,2015-11-18T11:20:00,Strada Urbana,in corrispondenza,VIA FEDERICO BORROMEO,,Infortunio per caduta del veicolo,Rettilineo,Una carreggiata a doppio senso,Asciutto,Asfaltata,Verticale ed orizzontale,Sereno,Normale,Buona,Ore Diurne,1,0,0,0,12.41493,41.91627,True,z,del civico n.,,50
2585809,12,2015-11-18T11:50:00,Strada Urbana,da specificare,VIA ALDO ELUISI,"fronte civico 10, dir. V.le E. di Cefalonia",Veicolo in marcia contro ostacolo accidentale,Rettilineo,Due carreggiate,Asciutto,Con buche,Verticale ed orizzontale,Nuvoloso,Normale,Buona,Ore Diurne,0,0,0,1,12.43915,41.78039,True,z,,,
2587349,2,2015-11-18T12:20:00,Strada Urbana,in corrispondenza,VIA LUIGI LUCIANI,,Veicolo in marcia contro veicoli in sosta,Rettilineo,Una carreggiata a senso unico di marcia,Asciutto,Asfaltata,Verticale ed orizzontale,Nuvoloso,Normale,Buona,Ore Diurne,1,0,0,1,,,False,z,del civico n.,,51
2586670,5,2015-11-18T12:30:00,Strada Urbana,da specificare,VIA DI TOR CERVARA,altezza via di Cervara,Tamponamento Multiplo,Curva a visuale libera,Una carreggiata a doppio senso,Asciutto,Asfaltata,Orizzontale,Sereno,Normale,Buona,Ore Diurne,2,0,0,1,,,False,z,,,
2588441,18,2015-11-18T12:45:00,Strada Urbana,in prossimitíæ,VIA DI TORREVECCHIA,,Scontro frontale-laterale SX fra veicoli in marcia,Rettilineo,Una carreggiata a doppio senso,Asciutto,Lastricata,Verticale ed orizzontale,Sereno,Scarso,Buona,Ore Diurne,0,0,0,2,12.40786,41.91581,True,z,del civico n.,,906
2586869,4,2015-11-18T12:55:00,,all'intersezione con,VIA DELLE ISOLE CURZOLANE,,Scontro frontale-laterale SX fra veicoli in marcia,,,,,,,,,,1,0,0,1,12.52866,41.94958,False,z,VIA SCARPANTO,VIA SCARPANTO,
2586329,13,2015-11-18T13:00:00,Strada Urbana,all'intersezione con,VIALE DI CASTEL PORZIANO,,Scontro frontale-laterale SX fra veicoli in marcia,Incrocio,Due carreggiate,Asciutto,Asfaltata,Orizzontale,Sereno,Intenso,Buona,Ore Diurne,0,0,0,2,12.34914,41.73083,True,z,VIA FRANCESCO CILEA,VIA FRANCESCO CILEA,
2585889,11,2015-11-18T13:00:00,Strada Urbana,in prossimitíæ,VIA ARDEATINA,,Infortunio per caduta del veicolo,Rettilineo,Una carreggiata a doppio senso,Asciutto,Asfaltata,Verticale ed orizzontale,Nuvoloso,Normale,Buona,Ore Diurne,1,0,0,0,12.53549,41.79877,False,z,del civico n.,,940
2585906,2,2015-11-18T13:10:00,Strada Urbana,in corrispondenza,LUNGOTEVERE FLAMINIO,,Scontro frontale-laterale SX fra veicoli in marcia,Rettilineo,Una carreggiata a doppio senso,Asciutto,Asfaltata,Verticale ed orizzontale,Sereno,Normale,Buona,Ore Diurne,1,0,0,1,,,False,z,del civico n.,,16
2586914,1,2015-11-18T13:30:00,Strada Urbana,in corrispondenza,VIA DEL FALCO,,Veicolo in marcia contro veicolo in sosta,Rettilineo,Una carreggiata a senso unico di marcia,Asciutto,Asfaltata,Verticale ed orizzontale,Sereno,Normale,Buona,Ore Diurne,0,0,0,2,,,False,z,del civico n.,,43
2586792,7,2015-11-18T14:00:00,Strada Urbana,in corrispondenza,VIALE ALESSANDRINO,,Investimento di pedone,Rettilineo,Una carreggiata a doppio senso,Asciutto,Asfaltata,Verticale ed orizzontale,Sereno,Normale,Buona,Ore Diurne,1,0,0,1,12.57942,41.87548,True,z,del civico n.,,296
2592010,18,2015-11-18T14:00:00,Strada Urbana,in prossimitíæ,VIA DELLA CELLULOSA,,Scontro laterale fra veicoli in marcia,Rettilineo,Una carreggiata a doppio senso,Asciutto,Asfaltata,Orizzontale,Sereno,Normale,Buona,Ore Diurne,1,0,0,1,12.36554,41.92144,True,z,del civico n.,,42
2586199,19,2015-11-18T14:15:00,Strada Urbana,da specificare,VIA VITTORIO MONTIGLIO,direzione D. Chiesa seconda curva,Scontro frontale-laterale SX fra veicoli in marcia,Curva senza visuale libera,Una carreggiata a doppio senso,Asciutto,Asfaltata,Orizzontale,Sereno,Normale,Buona,Ore Diurne,1,0,0,3,12.43136,41.92466,True,z,,,
2587186,1,2015-11-18T14:20:00,Strada Urbana,in corrispondenza,VIA DEI SERPENTI,,Veicolo in marcia contro veicolo in sosta,Rettilineo,Una carreggiata a senso unico di marcia,Asciutto,Asfaltata,Verticale ed orizzontale,Nuvoloso,Scarso,Buona,Ore Diurne,1,0,0,0,12.49047,41.89534,True,z,del civico n.,,12
2586846,19,2015-11-18T14:30:00,Strada Urbana,in prossimitíæ,VIA DELLA PINETA SACCHETTI,,Scontro laterale fra veicoli in marcia,Rettilineo,Una carreggiata a senso unico di marcia,Asciutto,Asfaltata,Orizzontale,Sereno,Normale,Buona,Ore Diurne,0,0,0,2,12.42529,41.9244,False,z,del civico n.,,230
2586673,5,2015-11-18T14:30:00,,all'intersezione con,VIA LUDOVICO PASINI,,Scontro frontale-laterale SX fra veicoli in marcia,,,,,,,,,,1,0,0,0,,,False,z,VIA MATTEO TONDI,VIA MATTEO TONDI,
2586867,4,2015-11-18T15:00:00,Strada Urbana,in corrispondenza,PIAZZA MONTE BALDO,,Scontro laterale fra veicoli in marcia,Rettilineo,Una carreggiata a senso unico di marcia,Asciutto,Asfaltata,Verticale ed orizzontale,Sereno,Normale,Buona,Ore Diurne,0,0,0,3,12.53416,41.93715,True,z,del civico n.,,14
2587089,12,2015-11-18T15:25:00,,all'intersezione con,PIAZZALE GIULIO PASTORE,,Scontro laterale fra veicoli in marcia,,,,,,,,,,1,0,0,1,,,False,z,VIALE REMBRANDT,VIALE REMBRANDT,
2586164,11,2015-11-18T15:35:00,Strada Urbana,da specificare,VIALE GIUSTINIANO IMPERATORE,prossimitíæ via Ostiense,Investimento di pedone,Rettilineo,Una carreggiata a senso unico di marcia,Asciutto,Asfaltata,Verticale ed orizzontale,Nuvoloso,Normale,Buona,Ore Diurne,1,0,0,2,12.48295,41.85609,True,z,,,
2586032,20,2015-11-18T15:50:00,Strada Urbana,da specificare,PIAZZA DEI GIUOCHI DELFICI,"in corrispondenza della Chiesa ""SANTA CHIARA""",Scontro laterale fra veicoli in marcia,Rotatoria,Una carreggiata a senso unico di marcia,Asciutto,Asfaltata,Verticale ed orizzontale,Sereno,Normale,Buona,Ore Diurne,0,0,0,2,12.46328,41.94673,True,z,,,
2586682,13,2015-11-18T15:55:00,Strada Urbana,all'intersezione con,VIA ALESSANDRO STRADELLA,,Scontro frontale-laterale DX fra veicoli in marcia,Incrocio,Una carreggiata a doppio senso,Asciutto,Asfaltata,Orizzontale,Sereno,Normale,Buona,Ore Diurne,0,0,0,2,12.3557,41.74012,True,z,VIA CESARE PASCUCCI,VIA CESARE PASCUCCI,
2586675,5,2015-11-18T16:00:00,Strada Urbana,in prossimitíæ,VIA LUIGI VITTORIO BERTARELLI,,Veicolo in marcia contro veicolo in sosta,Rettilineo,Una carreggiata a doppio senso,Asciutto,Asfaltata,Orizzontale,Sereno,Scarso,Buona,Ore Diurne,0,0,0,1,12.53491,41.90771,True,z,del civico n.,,9-A
2586719,5,2015-11-18T16:40:00,,da specificare,VIA DEI MONTI DI PIETRALATA,a mt. 50 prima dal ponte di via dei Monti Tiburtin,Scontro frontale fra veicoli in marcia,,,,,,,,,,0,0,0,0,,,False,z,,,
2586703,15,2015-11-18T16:50:00,,in corrispondenza,VIALE GUGLIELMO MARCONI,,Investimento di pedone,,,,,,,,,,1,0,0,1,,,False,z,del civico n.,,50
2586678,5,2015-11-18T17:10:00,Strada Urbana,in corrispondenza,VIALE MARX,,Veicolo in marcia contro veicolo fermo,Curva senza visuale libera,Una carreggiata a senso unico di marcia,Asciutto,Asfaltata,Verticale ed orizzontale,Sereno,Scarso,Buona,Ore Diurne,0,0,0,1,,,False,z,del civico n.,,239
2586751,7,2015-11-18T17:15:00,Strada Urbana,all'intersezione semaforizzata con,VIA PRENESTINA,,Scontro frontale-laterale SX fra veicoli in marcia,Incrocio,Una carreggiata a senso unico di marcia,Asciutto,Asfaltata,Verticale ed orizzontale,Sereno,Intenso,Sufficiente,Sufficiente,0,0,0,3,12.57525,41.89494,True,z,VIALE PALMIRO TOGLIATTI,VIALE PALMIRO TOGLIATTI,
2588704,18,2015-11-18T17:20:00,Strada Urbana,all'intersezione con,PIAZZA DEI GIURECONSULTI,,Scontro laterale fra veicoli in marcia,Intersezione semaforizzata,Pií_ di due carreggiate,Asciutto,Asfaltata,Verticale ed orizzontale,Nuvoloso,Normale,Buona,Sufficiente,0,0,0,2,12.42274,41.91737,True,z,CIRCONVALLAZIONE CORNELIA,CIRCONVALLAZIONE CORNELIA,
2586803,8,2015-11-18T17:40:00,Strada Urbana,da specificare,VIA DI PASSO LOMBARDO,ALT.CAVALCAVIA AUTOSTRADA RM-NA DIR.TUSC,Veicolo in marcia contro ostacolo accidentale,Rettilineo,Una carreggiata a doppio senso,Asciutto,Asfaltata,Verticale ed orizzontale,Sereno,Normale,Sufficiente,Inesistente,0,0,0,2,12.63039,41.84271,True,z,,,
2586787,7,2015-11-18T17:40:00,Strada Urbana,in corrispondenza,VIALE PALMIRO TOGLIATTI,,Veicolo in marcia contro ostacolo fisso,Rettilineo,Due carreggiate,Asciutto,Asfaltata,Verticale ed orizzontale,Sereno,Intenso,Buona,Ore Diurne,0,0,0,1,12.56788,41.86959,True,z,del civico n.,,453
2587190,17,2015-11-18T17:55:00,Strada Urbana,all'intersezione con,VIA ANDREA DORIA,,Scontro frontale-laterale SX fra veicoli in marcia,Intersezione semaforizzata,Una carreggiata a doppio senso,Asciutto,Asfaltata,Verticale ed orizzontale,Nuvoloso,Normale,Buona,Sufficiente,1,0,0,1,12.45196,41.90972,False,z,VIA TUNISI,VIA TUNISI,
2586935,13,2015-11-18T18:00:00,Strada Urbana,da specificare,VIA DEI PESCATORI,circa 300 mt dopo via Micali,Veicolo in marcia contro ostacolo fisso,Rettilineo,Due carreggiate,Asciutto,Asfaltata,Assente,Sereno,Normale,Sufficiente,Inesistente,1,0,0,0,12.32741,41.75052,False,z,,,
2587243,1,2015-11-18T18:15:00,Strada Urbana,in corrispondenza,VIA ALIBERT,,Scontro laterale fra veicoli in marcia,Rettilineo,Una carreggiata a doppio senso,Asciutto,In cubetti di porfido,Verticale ed orizzontale,Sereno,Scarso,Buona,Sufficiente,0,0,0,2,12.48105,41.90746,True,z,del civico n.,,2 b
2586744,10,2015-11-18T18:20:00,Statale entro l'abitato,in prossimitíæ,VIA APPIA NUOVA,,Scontro laterale fra veicoli in marcia,Rettilineo,Due carreggiate,Asciutto,Asfaltata,Verticale ed orizzontale,Nuvoloso,Normale,Sufficiente,Sufficiente,0,0,0,2,12.58063,41.80396,True,z,della chilometrica,,15
2586754,15,2015-11-18T18:30:00,,all'intersezione con,VIA PORTUENSE,,Tamponamento,,,,,,,,,,1,0,0,2,,,False,z,VIA GAETANO RAPPINI,VIA GAETANO RAPPINI,
2586381,6,2015-11-18T18:45:00,Provinciale entro l'abitato,all'intersezione semaforizzata con,VIA PRENESTINA,,Tamponamento Multiplo,Intersezione semaforizzata,Pií_ di due carreggiate,Asciutto,Asfaltata,Verticale ed orizzontale,Sereno,Normale,Buona,Ore Diurne,0,0,0,3,12.56312,41.89488,True,z,VIA GIROLAMO COCCONI,VIA GIROLAMO COCCONI,
2586902,17,2015-11-18T18:50:00,Strada Urbana,da specificare,LUNGOTEVERE PRATI,altezza sottopasso,Ribaltamento senza urto contro ostacolo fisso,Rettilineo,Una carreggiata a senso unico di marcia,Asciutto,Asfaltata,Orizzontale,Sereno,Normale,Sufficiente,Sufficiente,1,0,0,0,12.47164,41.90955,False,z,,,
2587085,2,2015-11-18T18:50:00,,in corrispondenza,LUNGOTEVERE FLAMINIO,,Scontro frontale fra veicoli in marcia,,,,,,,,,,4,0,0,0,,,False,z,del civico n.,,34
2586860,19,2015-11-18T18:50:00,Strada Urbana,in prossimitíæ,VIA DELLA VALLE DEI FONTANILI,,Scontro frontale-laterale SX fra veicoli in marcia,Rettilineo,Una carreggiata a doppio senso,Asciutto,Asfaltata,Orizzontale,Sereno,Normale,Buona,Sufficiente,1,0,0,1,12.4112,41.92314,True,z,del civico n.,,9
2587080,1,2015-11-18T19:00:00,Strada Urbana,all'intersezione semaforizzata con,VIA TOMACELLI,,Scontro frontale-laterale DX fra veicoli in marcia,Intersezione semaforizzata,Una carreggiata a doppio senso,Asciutto,Asfaltata,Verticale ed orizzontale,Nuvoloso,Normale,Sufficiente,Sufficiente,0,0,0,2,12.47716,41.9048,True,z,VIA DI RIPETTA,VIA DI RIPETTA,
2593201,12,2015-11-18T19:15:00,Strada Urbana,da specificare,VIA DELLA CECCHIGNOLA,pross. sottovia G.R.A direzione Torpagnotta,Scontro frontale-laterale DX fra veicoli in marcia,Rettilineo,Una carreggiata a doppio senso,Asciutto,Asfaltata,Orizzontale,Sereno,Normale,Sufficiente,Inesistente,0,0,0,2,12.50377,41.79529,True,z,,,
2587164,1,2015-11-18T19:30:00,Strada Urbana,in corrispondenza,VIA TOR DE' CONTI,,Infortunio per sola frenata improvvisa,Rettilineo,Una carreggiata a senso unico di marcia,Bagnato (umiditíæ in atto),In cubetti di porfido,Verticale ed orizzontale,Sereno,Normale,Sufficiente,Sufficiente,0,0,0,1,12.48719,41.89434,True,z,del civico n.,,14
2588522,23,2015-11-18T19:30:00,,da specificare,VIA CRISTOFORO COLOMBO,altezza fermata autobus n. 76950,Tamponamento Multiplo,,,,,,,,,,0,0,0,3,,,False,z,,,
2586863,7,2015-11-18T19:50:00,Strada Urbana,da specificare,VIA DI TOR TRE TESTE,tra il palo luce 85 e il civico 232,Scontro frontale-laterale SX fra veicoli in marcia,Rettilineo,Una carreggiata a doppio senso,Asciutto,Asfaltata,Verticale ed orizzontale,Nuvoloso,Scarso,Sufficiente,Sufficiente,0,0,0,2,12.59156,41.88165,True,z,,,
2586899,20,2015-11-18T20:20:00,Strada Urbana,da specificare,CIRCONVALLAZIONE SALARIA,prossimitíæ svincolo viale Somalia dir. stadio,Tamponamento Multiplo,Rettilineo,Due carreggiate,Asciutto,Asfaltata,Verticale ed orizzontale,Sereno,Normale,Sufficiente,Ore Diurne,1,0,0,4,,,False,z,,,
2586815,8,2015-11-18T20:20:00,Provinciale entro l'abitato,all'intersezione con,VIA PRENESTINA,,Scontro frontale-laterale DX fra veicoli in marcia,Incrocio,Una carreggiata a doppio senso,Asciutto,Asfaltata,Verticale ed orizzontale,Sereno,Scarso,Insufficiente,Insufficiente,0,0,0,3,12.68841,41.89008,True,z,VIA BUSACHI,VIA BUSACHI,
2586951,1,2015-11-18T21:10:00,Strada Urbana,all'intersezione semaforizzata con,PIAZZA DI PORTA CAPENA,,Scontro frontale-laterale DX fra veicoli in marcia,Intersezione semaforizzata,Due carreggiate,Asciutto,Asfaltata,Verticale ed orizzontale,Sereno,Normale,Sufficiente,Sufficiente,1,0,0,1,12.48947,41.88458,True,z,VIA DEI CERCHI,VIA DEI CERCHI,
2586793,10,2015-11-18T21:15:00,Strada Urbana,da specificare,VIALE DEI SALESIANI,fronte civico 10 (area parcheggio centrale),Investimento di pedone,Rettilineo,Due carreggiate,Asciutto,Asfaltata,Assente,Sereno,Scarso,Sufficiente,Sufficiente,1,0,0,2,12.56617,41.85757,False,z,,,
2586877,7,2015-11-18T22:00:00,Strada Urbana,all'intersezione con,VIA NAIDE,,Scontro frontale-laterale DX fra veicoli in marcia,Incrocio,Una carreggiata a doppio senso,Asciutto,Asfaltata,Verticale,Nuvoloso,Scarso,Sufficiente,Sufficiente,0,0,0,2,12.60165,41.91283,True,z,VIA NERINA,VIA NERINA,
2586797,8,2015-11-18T22:35:00,Strada Urbana,in prossimitíæ,VIA EUGENIO CHECCHI,,Ribaltamento senza urto contro ostacolo fisso,Rettilineo,Una carreggiata a doppio senso,Asciutto,Asfaltata,Orizzontale,Sereno,Normale,Sufficiente,Sufficiente,2,0,0,1,,,False,z,del civico n.,,60
2589056,1,2015-11-18T22:40:00,Strada Urbana,da specificare,PIAZZA DI S. GIOVANNI IN LATERANO,"ALT, VIA M. BOIARDO",Tamponamento,Rettilineo,Una carreggiata a senso unico di marcia,Asciutto,Asfaltata,Verticale ed orizzontale,Sereno,Normale,Sufficiente,Sufficiente,2,0,0,5,12.50548,41.88733,False,z,,,
2587273,16,2015-11-18T22:50:00,Strada Urbana,da specificare,VIA DEI CADUTI SENZA CROCE,prossimitíæ Via Ostiense,Veicolo in marcia contro ostacolo accidentale,Pendenza,Una carreggiata a doppio senso,Asciutto,Con buche,Assente,Sereno,Scarso,Insufficiente,Insufficiente,0,0,0,1,12.43501,41.9193,True,z,,,
2586809,10,2015-11-18T23:30:00,,in prossimitíæ,VIA DI GROTTA DI GREGNA,,Fuoriuscita dalla sede stradale,,,,,,,,,,1,0,0,0,,,False,z,del civico n.,,70
2586782,15,2015-11-19T00:00:00,,in prossimitíæ,VIA DELLA MAGLIANA,,Veicolo in marcia contro ostacolo fisso,,,,,,,,,,1,0,0,0,,,False,z,del civico n.,,883
2587141,1,2015-11-19T00:20:00,Strada Urbana,da specificare,LUNGOTEVERE DE' CENCI,IN CORRISPONDENZA VIA B. CENCI,Infortunio per caduta del veicolo,Rettilineo,Una carreggiata a senso unico di marcia,Sdrucciolevole (fango),Asfaltata,Verticale ed orizzontale,Sereno,Scarso,Sufficiente,Sufficiente,1,0,0,1,12.47647,41.89194,False,z,,,
2586990,13,2015-11-19T00:30:00,Strada Urbana,all'intersezione con,VIALE DEI PROMONTORI,,Scontro laterale fra veicoli in marcia,Incrocio,Due carreggiate,Bagnato (umiditíæ in atto),Asfaltata,Verticale ed orizzontale,Sereno,Scarso,Buona,Sufficiente,0,0,0,3,12.29161,41.73766,True,z,VIA ANGELO OLIVIERI,VIA ANGELO OLIVIERI,
2586870,20,2015-11-19T00:40:00,Statale entro l'abitato,in prossimitíæ,VIA FLAMINIA NUOVA,,Veicolo in marcia contro ostacolo fisso,Rettilineo,Una carreggiata a doppio senso,Asciutto,Asfaltata,Verticale ed orizzontale,Sereno,Scarso,Sufficiente,Sufficiente,0,0,0,1,,,False,z,del palo luce n.,,87
2587039,1,2015-11-19T00:45:00,Strada Urbana,all'intersezione semaforizzata con,LUNGOTEVERE GIANICOLENSE,,Veicolo in marcia contro veicoli in arresto,Intersezione semaforizzata,Una carreggiata a senso unico di marcia,Asciutto,Asfaltata,Verticale ed orizzontale,Sereno,Scarso,Buona,Sufficiente,2,0,0,1,12.46538,41.89579,True,z,PONTE GIUSEPPE MAZZINI,PONTE GIUSEPPE MAZZINI,
2588287,13,2015-11-19T04:30:00,Provinciale entro l'abitato,da specificare,VIA LITORANEA,PROX VIA U. FERRANDI,Fuoriuscita dalla sede stradale,Rettilineo,Una carreggiata a doppio senso,Asciutto,Asfaltata,Verticale ed orizzontale,Sereno,Scarso,Buona,Sufficiente,0,0,0,1,12.33826,41.7071,True,z,,,
2588499,5,2015-11-19T06:20:00,Strada Urbana,da specificare,VIA BELMONTE IN SABINA,direzione Torraccia cavalcavia su GRA,Tamponamento Multiplo,Rettilineo,Due carreggiate,Asciutto,Asfaltata,Orizzontale,Sereno,Normale,Sufficiente,Sufficiente,1,0,0,3,12.59161,41.94597,False,z,,,
2588555,8,2015-11-19T07:20:00,Statale entro l'abitato,in corrispondenza,VIA CASILINA,,Veicolo in marcia contro veicolo arresto,Rettilineo,Una carreggiata a doppio senso,Asciutto,Asfaltata,Verticale ed orizzontale,Sereno,Normale,Buona,Ore Diurne,1,0,0,3,12.68582,41.86264,True,z,del civico n.,,1846
2588159,15,2015-11-19T07:45:00,,in corrispondenza,VIALE GIUSEPPE SIRTORI,,Investimento di pedone,,,,,,,,,,1,0,0,1,,,False,z,del civico n.,,87-89
2586854,20,2015-11-19T07:45:00,Strada Urbana,in corrispondenza,VIA DELLA FARNESINA,,Investimento di pedone,Rettilineo,Una carreggiata a doppio senso,Asciutto,Asfaltata,Verticale ed orizzontale,Sereno,Scarso,Buona,Ore Diurne,1,0,0,1,,,False,z,del civico n.,,5
2588529,8,2015-11-19T08:05:00,Strada Urbana,in prossimitíæ,VIA DI PASSOLOMBARDO,,Veicolo in marcia contro ostacolo accidentale,Rettilineo,Una carreggiata a doppio senso,Asciutto,Asfaltata,Orizzontale,Sereno,Normale,Buona,Ore Diurne,0,0,0,2,12.62938,41.8486,True,z,del civico n.,,332
2588692,12,2015-11-19T08:15:00,Strada Urbana,in prossimitíæ,VIA ENZO MARTINELLI,,Scontro laterale fra veicoli in marcia,Rettilineo,Una carreggiata a doppio senso,Asciutto,Asfaltata,Verticale ed orizzontale,Sereno,Intenso,Buona,Ore Diurne,0,0,0,2,12.48464,41.79067,True,z,del civico n.,,23
2588494,8,2015-11-19T08:20:00,Provinciale entro l'abitato,in corrispondenza,VIA PRENESTINA,,Investimento di pedone,Rettilineo,Una carreggiata a doppio senso,Asciutto,Asfaltata,Verticale ed orizzontale,Sereno,Normale,Buona,Ore Diurne,2,0,0,1,12.64813,41.89206,False,z,del civico n.,,1395
2589593,1,2015-11-19T08:30:00,Strada Urbana,all'intersezione semaforizzata con,VIA SAN MARTINO DELLA BATTAGLIA,,Infortunio per sola frenata improvvisa,Intersezione semaforizzata,Una carreggiata a doppio senso,Asciutto,Asfaltata,Verticale ed orizzontale,Sereno,Normale,Buona,Ore Diurne,1,0,0,0,12.50449,41.90566,False,z,VIA PALESTRO,VIA PALESTRO,
2586922,10,2015-11-19T08:30:00,Strada Urbana,all'intersezione semaforizzata con,VIA GIUSEPPE CHIOVENDA,,Scontro laterale fra veicoli in marcia,Intersezione semaforizzata,Una carreggiata a doppio senso,Asciutto,Asfaltata,Verticale ed orizzontale,Sereno,Normale,Buona,Ore Diurne,0,0,0,2,12.57066,41.85919,True,z,VIALE PALMIRO TOGLIATTI,VIALE PALMIRO TOGLIATTI,
2587003,18,2015-11-19T08:45:00,Strada Urbana,all'intersezione con,VIA MOMBARUZZO,,Scontro frontale-laterale SX fra veicoli in marcia,Incrocio,Una carreggiata a doppio senso,Asciutto,Asfaltata,Assente,Sereno,Scarso,Buona,Ore Diurne,0,0,0,2,12.37262,41.92519,True,z,VIA CAPRIGLIO,VIA CAPRIGLIO,