_ID,_Gruppo,_DataOraIncidente,_Localizzazione1,_Localizzazione2,_Strada1,_DaSpecificare,_NaturaIncidente,_ParticolaritaStrade,_TipoStrada,_FondoStradale,_Pavimentazione,_Segnaletica,_CondizioneAtmosferica,_Traffico,_Visibilita,_Illuminazione,_NUM_FERITI,_NUM_RISERVATA,_NUM_MORTI,_NUM_ILLESI,_Longitudine,_Latitudine,_CONFERMATO,__prefix,_Strada02,_Strada2,_Chilometrica
2588516,4,2015-11-19T08:45:00,Strada Urbana,all'intersezione con,VIA NOMENTANA,,Scontro laterale fra veicoli in marcia,Intersezione regolata dal vigile,Pií_ di due carreggiate,Asciutto,Asfaltata,Verticale ed orizzontale,Sereno,Intenso,Buona,Ore Diurne,0,0,0,2,12.53159,41.93444,False,z,VIA VAL BREMBANA,VIA VAL BREMBANA,
2587017,20,2015-11-19T08:50:00,Strada Urbana,all'intersezione con,VIA SALVATORE CONTARINI,,Scontro frontale-laterale SX fra veicoli in marcia,Incrocio,Una carreggiata a doppio senso,Asciutto,In conglomerato cementizio,Verticale,Sereno,Scarso,Buona,Ore Diurne,2,0,0,1,,,False,z,VIALE DEL MINISTERO DEGLI AFFARI ESTERI,VIALE DEL MINISTERO DEGLI AFFARI ESTERI,
2587065,11,2015-11-19T08:50:00,Strada Urbana,in prossimitíæ,VIALE GUGLIELMO MARCONI,,Scontro laterale fra veicoli in marcia,Rettilineo,Due carreggiate,Asciutto,Asfaltata,Verticale ed orizzontale,Sereno,Intenso,Buona,Ore Diurne,1,0,0,3,12.47577,41.84703,True,z,del palo luce n.,,92
2589801,1,2015-11-19T09:00:00,Strada Urbana,all'intersezione semaforizzata con,LARGO BRANCACCIO,,Scontro frontale-laterale DX fra veicoli in marcia,Intersezione semaforizzata,Una carreggiata a doppio senso,Asciutto,Asfaltata,Orizzontale,Sereno,Normale,Buona,Ore Diurne,0,0,0,2,12.49976,41.89506,True,z,VIA MERULANA,VIA MERULANA,
2587114,2,2015-11-19T09:00:00,Strada Urbana,all'intersezione semaforizzata con,PIAZZA UNGHERIA,,Ribaltamento senza urto contro ostacolo fisso,Intersezione semaforizzata,Una carreggiata a doppio senso,Asciutto,Asfaltata,Verticale ed orizzontale,Sereno,Normale,Buona,Ore Diurne,1,0,0,0,,,False,z,VIALE ROMANIA,VIALE ROMANIA,
2592302,12,2015-11-19T09:02:00,Strada Urbana,all'intersezione con,VIALE AFRICA,,Scontro frontale-laterale DX fra veicoli in marcia,Incrocio,Una carreggiata a doppio senso,Asciutto,Asfaltata,Verticale ed orizzontale,Nuvoloso,Normale,Buona,Ore Diurne,0,0,0,2,12.47218,41.82535,True,z,LARGO SRI LANKA,LARGO SRI LANKA,
2588339,17,2015-11-19T09:05:00,,all'intersezione con,VIA VIRGINIO ORSINI,,Investimento di pedone,,,,,,,,,,0,0,0,2,12.4694,41.91061,False,z,VIA POMPEO MAGNO,VIA POMPEO MAGNO,
2586973,6,2015-11-19T09:15:00,Provinciale entro l'abitato,in corrispondenza,VIA PRENESTINA,,Scontro laterale fra veicoli in marcia,Rettilineo,Pií_ di due carreggiate,Asciutto,Asfaltata,Orizzontale,Sereno,Intenso,Buona,Ore Diurne,1,0,0,1,12.53348,41.89236,True,z,del civico n.,,125
2589570,1,2015-11-19T09:20:00,Strada Urbana,in prossimitíæ,PIAZZA DELLA BOCCA DELLA VERITA',,Scontro laterale fra veicoli in marcia,Curva a visuale libera,Una carreggiata a doppio senso,Asciutto,In cubetti di porfido,Verticale ed orizzontale,Sereno,Normale,Buona,Ore Diurne,0,0,0,2,12.48141,41.88883,True,z,del palo luce n.,,8
2587624,12,2015-11-19T09:40:00,,in corrispondenza,VIALE DELLA CIVILTA' DEL LAVORO,,Scontro frontale fra veicoli in marcia,,,,,,,,,,1,0,0,1,,,False,z,del civico n.,,107
2588538,2,2015-11-19T09:50:00,,all'intersezione con,VIA PO,,Scontro frontale-laterale SX fra veicoli in marcia,,,,,,,,,,1,0,0,1,,,False,z,VIA SIMETO,VIA SIMETO,
2589115,1,2015-11-19T10:15:00,Strada Urbana,all'intersezione semaforizzata con,VIA APPIA ANTICA,,Veicolo in marcia contro ostacolo fisso,Intersezione semaforizzata,Una carreggiata a doppio senso,Asciutto,In cubetti di porfido,Verticale ed orizzontale,Sereno,Intenso,Buona,Ore Diurne,0,0,0,1,12.53853,41.83622,True,z,VIALE DELLE MURA LATINE,VIALE DELLE MURA LATINE,
2588908,3,2015-11-19T10:30:00,,all'intersezione semaforizzata con,VIA NOMENTANA,,Scontro frontale-laterale SX fra veicoli in marcia,,,,,,,,,,0,0,0,2,,,False,z,VIA LAZZARO SPALLANZANI,VIA LAZZARO SPALLANZANI,
2587179,10,2015-11-19T10:30:00,Strada Urbana,in corrispondenza,VIA ANAGNINA,,Tamponamento Multiplo,Rettilineo,Due carreggiate,Asciutto,Asfaltata,Verticale ed orizzontale,Sereno,Normale,Buona,Ore Diurne,0,0,0,3,12.61525,41.81747,True,z,del civico n.,,343
2587232,7,2015-11-19T10:40:00,Strada Urbana,in prossimitíæ,VIALE PALMIRO TOGLIATTI,,Scontro frontale-laterale SX fra veicoli in marcia,Rettilineo,Due carreggiate,Asciutto,Asfaltata,Verticale ed orizzontale,Sereno,Normale,Buona,Ore Diurne,0,0,0,2,12.57336,41.88182,True,z,del civico n.,,721
2588533,2,2015-11-19T11:00:00,,in corrispondenza,VIA NEMORENSE,,Infortunio per sola frenata improvvisa,,,,,,,,,,1,0,0,2,,,False,z,del civico n.,,31-a
2588365,17,2015-11-19T11:00:00,Strada Urbana,all'intersezione con,VIALE ANGELICO,,Scontro frontale-laterale DX fra veicoli in marcia,Intersezione semaforizzata,Pií_ di due carreggiate,Asciutto,Asfaltata,Verticale ed orizzontale,Sereno,Normale,Buona,Ore Diurne,0,0,0,3,12.4587,41.91738,True,z,VIA SABOTINO,VIA SABOTINO,
2588714,12,2015-11-19T11:25:00,,all'intersezione con,VIA ELIO VITTORINI,,Scontro frontale-laterale DX fra veicoli in marcia,,,,,,,,,,1,0,0,2,,,False,z,VIALE CESARE PAVESE,VIALE CESARE PAVESE,
2588508,5,2015-11-19T11:25:00,Strada Urbana,da specificare,VIA TIBURTINA,sotto cavalcavia Fiorentini- dir. Filippo Fiorenti,Scontro laterale fra veicoli in marcia,Curva a visuale libera,Una carreggiata a senso unico di marcia,Asciutto,Asfaltata,Orizzontale,Sereno,Intenso,Buona,Ore Diurne,0,0,0,2,12.55357,41.91247,True,z,,,
2588204,13,2015-11-19T11:30:00,Strada Urbana,da specificare,VIA DEL PONTE DI TOR BOACCIANA,alt. immissione via tor boacciana,Tamponamento Multiplo,Rettilineo,Una carreggiata a senso unico di marcia,Asciutto,Asfaltata,Verticale ed orizzontale,Sereno,Normale,Buona,Ore Diurne,3,0,0,1,12.27949,41.75169,False,z,,,
2589492,23,2015-11-19T11:30:00,Strada Urbana,da specificare,VIALE MARCO POLO,in prossimitíæ del fronte civico 116,Tamponamento Multiplo,Rettilineo,Due carreggiate,Asciutto,Asfaltata,Verticale ed orizzontale,Sereno,Normale,Buona,Ore Diurne,0,0,0,3,12.49257,41.87178,True,z,,,
2589142,1,2015-11-19T11:30:00,Strada Urbana,all'intersezione con,VIA DEI CERCHI,,Tamponamento,Intersezione semaforizzata,Una carreggiata a senso unico di marcia,Asciutto,Asfaltata,Verticale ed orizzontale,Sereno,Normale,Buona,Ore Diurne,0,0,0,2,12.48588,41.88671,True,z,VIA DELL'ARA MASSIMA DI ERCOLE,VIA DELL'ARA MASSIMA DI ERCOLE,
2588146,15,2015-11-19T11:35:00,,all'intersezione con,VIA PORTUENSE,,Scontro laterale fra veicoli in marcia,,,,,,,,,,1,0,0,1,,,False,z,VIA GAETANO RAPPINI,VIA GAETANO RAPPINI,
2589746,1,2015-11-19T11:45:00,Strada Urbana,all'intersezione con,VIA DELLA PENNA,,Scontro laterale fra veicoli in marcia,Incrocio,Una carreggiata a senso unico di marcia,Asciutto,Asfaltata,Verticale ed orizzontale,Sereno,Normale,Buona,Ore Diurne,0,0,0,2,12.47452,41.9096,True,z,PASSEGGIATA DI RIPETTA,PASSEGGIATA DI RIPETTA,
2588369,13,2015-11-19T12:00:00,Strada Urbana,da specificare,LUNGOMARE AMERIGO VESPUCCI,PROX PALO LUCE NR.20,Scontro laterale fra veicoli in marcia,Curva a visuale libera,Una carreggiata a senso unico di marcia,Asciutto,Asfaltata,Orizzontale,Sereno,Scarso,Buona,Ore Diurne,0,0,0,2,12.33402,41.70723,True,z,,,
2590572,1,2015-11-19T12:00:00,Strada Urbana,in corrispondenza,PIAZZA DI S. GIOVANNI IN LATERANO,,Scontro laterale fra veicoli in marcia,Rettilineo,Due carreggiate,Asciutto,Asfaltata,Verticale ed orizzontale,Sereno,Normale,Buona,Ore Diurne,1,0,0,0,12.50472,41.88724,True,z,del civico n.,,52
2588560,8,2015-11-19T12:15:00,Strada Urbana,in corrispondenza,VIALE FRANCESCO CALTAGIRONE,,Veicolo in marcia contro ostacolo accidentale,Rettilineo,Due carreggiate,Asciutto,Con buche,Verticale ed orizzontale,Sereno,Normale,Buona,Ore Diurne,0,0,0,3,12.65486,41.90917,True,z,del civico n.,,273
2588530,2,2015-11-19T12:20:00,Strada Urbana,all'intersezione semaforizzata con,VIA GIOVANNI PAISIELLO,,Scontro frontale-laterale DX fra veicoli in marcia,Intersezione semaforizzata,Una carreggiata a senso unico di marcia,Asciutto,Asfaltata,Verticale ed orizzontale,Sereno,Normale,Buona,Ore Diurne,1,0,0,2,,,False,z,VIA NICOLO' PORPORA,VIA NICOLO' PORPORA,
2588503,5,2015-11-19T12:25:00,Strada Urbana,da specificare,NUOVA CIRCONVALLAZIONE INTERNA,dir. San Giovanni pross. Stazione Tiburtina,Tamponamento,Galleria illuminata,Due carreggiate,Asciutto,Asfaltata,Verticale,Sereno,Normale,Buona,Ore Diurne,0,0,0,2,12.53359,41.90958,True,z,,,
2592004,18,2015-11-19T12:30:00,Strada Urbana,in prossimitíæ,VIA DI CASAL SELCE,,Tamponamento,Rettilineo,Una carreggiata a doppio senso,Asciutto,Asfaltata,Verticale ed orizzontale,Sereno,Normale,Buona,Ore Diurne,0,0,0,2,12.3526,41.917,True,z,del civico n.,,fr. 391
2588218,11,2015-11-19T12:30:00,Strada Urbana,da specificare,CIRCONVALLAZIONE OSTIENSE,altezza civico 106,Tamponamento Multiplo,Rettilineo,Due carreggiate,Asciutto,Asfaltata,Verticale ed orizzontale,Sereno,Normale,Buona,Ore Diurne,2,0,0,1,12.49222,41.86734,False,z,,,
2588227,13,2015-11-19T12:30:00,Strada Urbana,all'intersezione con,VIA TORCEGNO,,Scontro frontale-laterale SX fra veicoli in marcia,Incrocio,Una carreggiata a doppio senso,Asciutto,Asfaltata,Assente,Nuvoloso,Scarso,Buona,Ore Diurne,1,0,0,1,12.37595,41.73131,False,z,VIA VALFLORIANA,VIA VALFLORIANA,
2588863,16,2015-11-19T13:00:00,,da specificare,VICOLO DEL CASALE LUMBROSO,palo ACEA 25,Veicolo in marcia contro ostacolo fisso,,,,,,,,,,0,0,0,1,,,False,z,,,
2587701,4,2015-11-19T13:40:00,Provinciale entro l'abitato,all'intersezione con,VIA NOMENTANA,,Scontro frontale-laterale SX fra veicoli in marcia,Intersezione stradale segnalata,Una carreggiata a doppio senso,Asciutto,Asfaltata,Verticale ed orizzontale,Sereno,Normale,Buona,Ore Diurne,0,0,0,2,12.55238,41.94111,True,z,VIA GIGGI SPADUCCI,VIA GIGGI SPADUCCI,
2588689,2,2015-11-19T13:45:00,Strada Urbana,all'intersezione con,VIA NOMENTANA,,Tamponamento,Intersezione semaforizzata,Una carreggiata a doppio senso,Asciutto,Asfaltata,Verticale ed orizzontale,Sereno,Intenso,Buona,Ore Diurne,1,0,0,1,12.52151,41.92493,False,z,VIA MASSAUA,VIA MASSAUA,
2587888,9,2015-11-19T13:45:00,,in corrispondenza,VIA DELLA STAZIONE TUSCOLANA,,Veicoli in marcia contro veicolo fermo,,,,,,,,,,0,0,0,0,,,False,z,del civico n.,,110
2592205,18,2015-11-19T14:00:00,Strada Urbana,all'intersezione semaforizzata con,LARGO DI PORTA CAVALLEGGERI,,Scontro frontale fra veicoli in marcia,Intersezione semaforizzata,Una carreggiata a doppio senso,Asciutto,Asfaltata,Verticale ed orizzontale,Sereno,Normale,Buona,Ore Diurne,1,0,0,1,12.45544,41.90012,False,z,VIA DI PORTA CAVALLEGGERI,VIA DI PORTA CAVALLEGGERI,
2588151,11,2015-11-19T14:10:00,Strada Urbana,all'intersezione con,VIA DEI GEORGOFILI,,Scontro frontale-laterale SX fra veicoli in marcia,Intersezione stradale segnalata,Una carreggiata a senso unico di marcia,Asciutto,Asfaltata,Verticale ed orizzontale,Sereno,Normale,Buona,Ore Diurne,2,0,0,0,12.49264,41.85286,True,z,VIA DELL'ARCADIA,VIA DELL'ARCADIA,
2588305,20,2015-11-19T14:15:00,Strada Urbana,in corrispondenza,CORSO DI FRANCIA,,Veicolo in marcia contro veicoli fermi,Rettilineo,Due carreggiate,Asciutto,Asfaltata,Orizzontale,Sereno,Normale,Buona,Ore Diurne,0,0,0,3,12.47112,41.93997,True,z,del civico n.,,80
2588497,8,2015-11-19T14:20:00,Strada Urbana,da specificare,VIA DEL FONTANILE DI CARCARICOLA,prox uscita laboratori universitíæ,Scontro laterale fra veicoli in marcia,Rettilineo,Una carreggiata a doppio senso,Asciutto,Asfaltata,Verticale ed orizzontale,Sereno,Scarso,Sufficiente,Ore Diurne,2,0,0,0,12.60583,41.85189,True,z,,,
2588239,20,2015-11-19T14:20:00,Strada Urbana,da specificare,VIA DEL FORO ITALICO,svincolo Ponte Milvio,Scontro laterale fra veicoli in marcia,Rettilineo,Due carreggiate,Asciutto,Asfaltata,Verticale ed orizzontale,Sereno,Intenso,Buona,Ore Diurne,0,0,0,3,12.48104,41.94025,True,z,,,
2589484,1,2015-11-19T14:25:00,Strada Urbana,in corrispondenza,VIA GIUSEPPE GIOACHINO BELLI,,Scontro laterale fra veicoli in marcia,Rettilineo,Una carreggiata a doppio senso,Asciutto,Asfaltata,Verticale ed orizzontale,Sereno,Scarso,Buona,Ore Diurne,0,0,0,2,12.47266,41.9078,True,z,del civico n.,,2
2588521,17,2015-11-19T14:30:00,Strada Urbana,in prossimitíæ,VIA DELLA GIULIANA,,Scontro laterale fra veicoli in marcia,Rettilineo,Una carreggiata a doppio senso,Asciutto,Asfaltata,Verticale ed orizzontale,Sereno,Scarso,Buona,Ore Diurne,0,0,0,2,12.45442,41.91257,True,z,del civico n.,,35
2588231,10,2015-11-19T15:00:00,Strada Urbana,all'intersezione con,VIA GIUSEPPE SAREDO,,Scontro frontale-laterale SX fra veicoli in marcia,Incrocio,Una carreggiata a senso unico di marcia,Asciutto,Asfaltata,Verticale,Sereno,Normale,Buona,Ore Diurne,0,0,0,2,12.57276,41.86137,True,z,VIA FILIPPO SERAFINI,VIA FILIPPO SERAFINI,
2588481,8,2015-11-19T15:30:00,Strada Urbana,in corrispondenza,VIA DEL TORRACCIO DI TORRENOVA,,Scontro frontale-laterale DX fra veicoli in marcia,Rettilineo,Una carreggiata a doppio senso,Asciutto,Asfaltata,Verticale ed orizzontale,Sereno,Normale,Buona,Ore Diurne,1,0,0,2,12.63043,41.86495,False,z,del civico n.,,10
2588109,9,2015-11-19T15:30:00,Strada Urbana,in prossimitíæ,VIA DI PORTA FURBA,,Tamponamento,Rettilineo,Una carreggiata a doppio senso,Asciutto,Asfaltata,Orizzontale,Sereno,Intenso,Buona,Ore Diurne,0,0,0,3,12.53881,41.86982,True,z,del civico n.,,28
2587792,9,2015-11-19T15:30:00,Strada Urbana,da specificare,VIA DRUSO,A META' DI VIA DRUSO DIR. P.LE METRONIO,Tamponamento,Rettilineo,Una carreggiata a doppio senso,Asciutto,Asfaltata,Orizzontale,Sereno,Intenso,Insufficiente,Ore Diurne,0,0,0,0,,,False,z,,,
2588539,2,2015-11-19T15:30:00,,da specificare,VIA SALARIA,altezza rampa immissione FORO ITALICO dir. stadio,Scontro frontale-laterale DX fra veicoli in marcia,,,,,,,,,,2,0,0,0,,,False,z,,,
2588551,8,2015-11-19T15:30:00,Strada Urbana,in prossimitíæ,VIA DI TOR VERGATA,,Tamponamento,Rettilineo,Una carreggiata a doppio senso,Asciutto,Asfaltata,Verticale ed orizzontale,Sereno,Scarso,Buona,Ore Diurne,0,0,0,3,12.62138,41.86135,True,z,del civico n.,,19
2588524,11,2015-11-19T15:45:00,Strada Urbana,in corrispondenza,VIA APPIA PIGNATELLI,,Tamponamento,Rettilineo,Una carreggiata a doppio senso,Asciutto,Asfaltata,Verticale ed orizzontale,Sereno,Normale,Buona,Ore Diurne,1,0,0,1,12.52043,41.85691,False,z,del civico n.,,54
2587761,10,2015-11-19T16:05:00,Strada Urbana,all'intersezione semaforizzata con,VIA APPIA PIGNATELLI,,Scontro frontale fra veicoli in marcia,Intersezione semaforizzata,Una carreggiata a doppio senso,Asciutto,Asfaltata,Verticale ed orizzontale,Sereno,Normale,Buona,Ore Diurne,1,0,0,1,,,False,z,VIA DI S. TARCISIO,VIA DI S. TARCISIO,
2588528,8,2015-11-19T16:10:00,Strada Urbana,da specificare,VIA DI PASSOLOMBARDO,fronte civico 340,Veicolo in marcia contro ostacolo accidentale,Rettilineo,Una carreggiata a doppio senso,Asciutto,Asfaltata,Verticale ed orizzontale,Sereno,Normale,Buona,Ore Diurne,0,0,0,1,12.62927,41.84867,True,z,,,
2588981,2,2015-11-19T16:30:00,Strada Urbana,in prossimitíæ,VIA MASOLINO DA PANICALE,,Veicolo in marcia contro ostacolo fisso,Rettilineo,Una carreggiata a doppio senso,Asciutto,Asfaltata,Verticale ed orizzontale,Sereno,Scarso,Buona,Ore Diurne,0,0,0,1,12.4646,41.92444,True,z,del civico n.,,2
2592231,18,2015-11-19T17:00:00,Strada Urbana,da specificare,VIA DI CASTEL DI GUIDO,prossimitíæ cimitero,Scontro laterale fra veicoli in marcia,Rettilineo,Una carreggiata a doppio senso,Asciutto,Asfaltata,Orizzontale,Sereno,Scarso,Insufficiente,Sufficiente,0,0,0,2,12.28065,41.90323,True,z,,,
2588301,20,2015-11-19T17:30:00,,da specificare,GALLERIA GIOVANNI XXIII,altezza svincolo per VIA MARIO FANI,Veicolo in marcia contro ostacolo fisso,,,,,,,,,,1,0,0,0,,,False,z,,,
2587964,19,2015-11-19T17:30:00,Strada Urbana,in corrispondenza,VIA PIETRO MAFFI,,Investimento di pedone,Rettilineo,Una carreggiata a doppio senso,Asciutto,Asfaltata,Verticale ed orizzontale,Sereno,Intenso,Buona,Sufficiente,1,0,0,1,12.4197,41.92567,True,z,del civico n.,,107
2588307,17,2015-11-19T17:35:00,,in corrispondenza,VIA DEI GRACCHI,,Veicolo in marcia contro ostacolo fisso,,,,,,,,,,0,0,0,1,12.46505,41.90854,False,z,del civico n.,,179c
2587850,15,2015-11-19T17:55:00,Strada Urbana,all'intersezione con,VIA DELLA MAGLIANA,,Scontro frontale-laterale DX fra veicoli in marcia,Incrocio,Una carreggiata a doppio senso,Asciutto,Asfaltata,Verticale ed orizzontale,Nuvoloso,Intenso,Sufficiente,Sufficiente,0,0,0,2,12.44863,41.83512,True,z,VIA DELLE IDROVORE DELLA MAGLIANA,VIA DELLE IDROVORE DELLA MAGLIANA,
2589543,1,2015-11-19T18:00:00,Strada Urbana,all'intersezione semaforizzata con,VIA DELL'AMBA ARADAM,,Scontro laterale fra veicoli in marcia,Intersezione semaforizzata,Una carreggiata a doppio senso,Asciutto,Asfaltata,Verticale ed orizzontale,Sereno,Intenso,Sufficiente,Sufficiente,0,0,0,2,12.50247,41.88534,True,z,VIA DEI VALERI,VIA DEI VALERI,
2588894,3,2015-11-19T18:10:00,Strada Urbana,all'intersezione semaforizzata con,VIA NOMENTANA,,Scontro frontale-laterale SX fra veicoli in marcia,Intersezione semaforizzata,Pií_ di due carreggiate,Asciutto,Asfaltata,Verticale ed orizzontale,Sereno,Normale,Sufficiente,Sufficiente,1,0,0,2,12.51475,41.91848,True,z,VIALE GORIZIA,VIALE GORIZIA,
2588989,2,2015-11-19T18:10:00,Strada Urbana,da specificare,VIA ANGELO SECCHI,in prossimitíæ di viale Parioli,Veicolo in marcia contro veicoli in sosta,Rettilineo,Una carreggiata a senso unico di marcia,Asciutto,Asfaltata,Orizzontale,Sereno,Normale,Sufficiente,Sufficiente,0,0,0,1,12.48963,41.92485,True,z,,,
2588462,8,2015-11-19T18:30:00,,in corrispondenza,VIA AMICO ASPERTINI,,Scontro frontale fra veicoli in marcia,,,,,,,,,,1,0,0,1,12.63255,41.86809,False,z,del civico n.,,410
2588232,13,2015-11-19T18:40:00,Strada Urbana,in corrispondenza,VIA DOBBIACO,,Scontro frontale-laterale DX fra veicoli in marcia,Rettilineo,Una carreggiata a doppio senso,Asciutto,Asfaltata,Verticale,Sereno,Normale,Buona,Sufficiente,0,0,0,2,12.38328,41.73884,True,z,del civico n.,,3a
2589520,1,2015-11-19T18:40:00,Strada Urbana,in prossimitíæ,LARGO DELL'AMBA ARADAM,,Scontro laterale fra veicoli in marcia,Rettilineo,Una carreggiata a doppio senso,Asciutto,Asfaltata,Verticale ed orizzontale,Nuvoloso,Intenso,Buona,Sufficiente,0,0,0,4,12.50375,41.8862,True,z,del civico n.,,3
2589007,16,2015-11-19T18:45:00,Strada Urbana,da specificare,VIA QUIRINO MAJORANA,in prossimitíæ di Crv. Gianicolense,Scontro laterale fra veicoli in marcia,Rettilineo,Due carreggiate,Asciutto,Asfaltata,Verticale ed orizzontale,Sereno,Normale,Buona,Sufficiente,0,0,0,2,12.46004,41.87119,True,z,,,
2587979,19,2015-11-19T18:45:00,Strada Urbana,all'intersezione con,VIA TRIONFALE,,Scontro laterale fra veicoli in marcia,Incrocio,Una carreggiata a doppio senso,Asciutto,Asfaltata,Verticale ed orizzontale,Sereno,Normale,Buona,Sufficiente,0,0,0,2,12.44747,41.92623,True,z,VIA PRISCIANO,VIA PRISCIANO,
2588509,5,2015-11-19T19:00:00,Strada Urbana,in prossimitíæ,VIA EUGENIO CHECCHI,,Veicolo in marcia contro veicolo fermo,Rettilineo,Una carreggiata a doppio senso,Asciutto,Asfaltata,Orizzontale,Sereno,Normale,Sufficiente,Sufficiente,1,0,0,3,,,False,z,del civico n.,,51
2587911,12,2015-11-19T19:00:00,Strada Urbana,da specificare,VIALE DELLA CIVILTA' DEL LAVORO,fronte civico 50,Investimento di pedone,Rettilineo,Una carreggiata a doppio senso,Asciutto,Asfaltata,Verticale ed orizzontale,Sereno,Intenso,Buona,Sufficiente,1,0,0,1,12.47001,41.83536,False,z,,,
2588238,13,2015-11-19T19:10:00,Strada Urbana,all'intersezione con,VIA LIONELLO BALESTRIERI,,Scontro frontale-laterale SX fra veicoli in marcia,Incrocio,Una carreggiata a doppio senso,Asciutto,Asfaltata,Verticale ed orizzontale,Sereno,Scarso,Buona,Sufficiente,0,0,0,3,12.37984,41.77484,False,z,VIA GIGI CHESSA,VIA GIGI CHESSA,
2588536,8,2015-11-19T19:20:00,Strada Urbana,all'intersezione semaforizzata con,VIALE DEI ROMANISTI,,Scontro frontale-laterale SX fra veicoli in marcia,Incrocio,Due carreggiate,Asciutto,Asfaltata,Verticale ed orizzontale,Sereno,Normale,Sufficiente,Sufficiente,2,0,0,2,12.58646,41.86526,True,z,VIA DI TORRE SPACCATA,VIA DI TORRE SPACCATA,
2589176,1,2015-11-19T19:40:00,Strada Urbana,da specificare,PIAZZA DI PONTE UMBERTO I,AREA DI SOSTA IN PROSSIMITA VIA ACQUASPARTA,Veicolo in marcia contro veicolo fermo,Rettilineo,Una carreggiata a doppio senso,Asciutto,Asfaltata,Verticale ed orizzontale,Sereno,Normale,Buona,Insufficiente,0,0,0,2,12.47154,41.90191,True,z,,,
2588687,2,2015-11-19T19:45:00,Strada Urbana,da specificare,VIA DEI CAMPI SPORTIVI,alt. L.go Gabrielli,Veicolo in marcia contro veicolo fermo,Curva a visuale libera,Una carreggiata a doppio senso,Asciutto,Asfaltata,Orizzontale,Sereno,Intenso,Sufficiente,Sufficiente,1,0,0,3,12.49047,41.9363,False,z,,,
2588136,9,2015-11-19T19:55:00,Strada Urbana,all'intersezione con,PIAZZA ASTI,,Veicolo in marcia contro ostacolo accidentale,Incrocio,Una carreggiata a doppio senso,Sdrucciolevole (pietrisco),Asfaltata,Verticale ed orizzontale,Sereno,Normale,Sufficiente,Sufficiente,0,0,0,1,12.5197,41.88171,True,z,VIA MATERA,VIA MATERA,
2587973,11,2015-11-19T20:00:00,Strada Urbana,all'intersezione semaforizzata con,VIA OSTIENSE,,Scontro laterale fra veicoli in marcia,Incrocio,Pií_ di due carreggiate,Asciutto,Asfaltata,Verticale ed orizzontale,Sole radente,Normale,Sufficiente,Sufficiente,1,0,0,1,12.4803,41.87238,False,z,VIA PELLEGRINO MATTEUCCI,VIA PELLEGRINO MATTEUCCI,
2589094,1,2015-11-19T20:05:00,Strada Urbana,all'intersezione con,VIA GERMANO SOMMEILLER,,Veicolo in marcia contro veicoli in sosta,Incrocio,Una carreggiata a doppio senso,Asciutto,Asfaltata,Verticale ed orizzontale,Sereno,Scarso,Sufficiente,Sufficiente,0,0,0,2,12.51337,41.88957,False,z,VIA FEDERICO MENABREA,VIA FEDERICO MENABREA,
2589478,15,2015-11-19T20:25:00,,all'intersezione con,VIA PORTUENSE,,Scontro frontale-laterale SX fra veicoli in marcia,,,,,,,,,,1,0,0,1,,,False,z,VIA GIUSEPPE BELLUZZO,VIA GIUSEPPE BELLUZZO,
2589150,1,2015-11-19T20:35:00,Strada Urbana,in corrispondenza,VIA GIOVANNI GIOLITTI,,Tamponamento,Rettilineo,Una carreggiata a senso unico di marcia,Asciutto,Asfaltata,Verticale ed orizzontale,Sereno,Normale,Buona,Sufficiente,0,0,0,4,12.50993,41.89473,False,z,del civico n.,,347
2588189,10,2015-11-19T20:40:00,Strada Urbana,da specificare,VIA ANAGNINA,tratto tra il civ.275-269,Tamponamento,Rettilineo,Due carreggiate,Asciutto,Asfaltata,Verticale ed orizzontale,Sereno,Scarso,Buona,Sufficiente,0,0,0,2,12.64461,41.79971,True,z,,,
2589601,15,2015-11-19T22:30:00,Strada Urbana,all'intersezione con,CLIVO PORTUENSE,,Scontro frontale-laterale SX fra veicoli in marcia,Incrocio,Una carreggiata a doppio senso,Asciutto,Asfaltata,Verticale ed orizzontale,Sereno,Scarso,Buona,Sufficiente,0,0,0,3,12.47109,41.88181,True,z,VIA ASCANIO FENIZI,VIA ASCANIO FENIZI,
2588545,8,2015-11-19T23:00:00,Strada Urbana,in prossimitíæ,VIALE S. RITA DA CASCIA,,Scontro laterale fra veicoli in marcia,Rettilineo,Una carreggiata a doppio senso,Asciutto,Asfaltata,Verticale ed orizzontale,Sereno,Scarso,Sufficiente,Sufficiente,2,0,0,1,12.64565,41.86776,False,z,del civico n.,,20
2589415,1,2015-11-20T00:20:00,Strada Urbana,in prossimitíæ,LUNGOTEVERE RAFFAELLO SANZIO,,Veicolo in marcia contro veicolo fermo,Rettilineo,Una carreggiata a senso unico di marcia,Asciutto,Asfaltata,Verticale ed orizzontale,Sereno,Normale,Sufficiente,Sufficiente,0,0,0,2,12.47038,41.89166,False,z,del civico n.,,1