_ID,_Gruppo,_DataOraIncidente,_Localizzazione1,_Localizzazione2,_Strada1,_DaSpecificare,_NaturaIncidente,_ParticolaritaStrade,_TipoStrada,_FondoStradale,_Pavimentazione,_Segnaletica,_CondizioneAtmosferica,_Traffico,_Visibilita,_Illuminazione,_NUM_FERITI,_NUM_RISERVATA,_NUM_MORTI,_NUM_ILLESI,_Longitudine,_Latitudine,_CONFERMATO,__prefix,_Strada02,_Strada2,_Chilometrica
2593334,18,2015-11-20T01:00:00,Strada Urbana,all'intersezione con,VIA DEGLI SCIALOJA,,Scontro frontale-laterale SX fra veicoli in marcia,Intersezione stradale segnalata,Una carreggiata a senso unico di marcia,Asciutto,Asfaltata,Verticale ed orizzontale,Sereno,Scarso,Sufficiente,Sufficiente,1,0,0,5,12.47423,41.91354,True,z,VIA GIAMBATTISTA VICO,VIA GIAMBATTISTA VICO,
2589459,8,2015-11-20T01:30:00,Strada Urbana,in prossimitíæ,VIA GIARRE,,Veicolo in marcia contro veicolo in sosta,Rettilineo,Una carreggiata a senso unico di marcia,Asciutto,Asfaltata,Verticale,Nuvoloso,Normale,Buona,Sufficiente,0,0,0,1,12.67266,41.85593,True,z,del civico n.,,30
2588677,2,2015-11-20T02:10:00,Strada Urbana,in prossimitíæ,VIA ASMARA,,Scontro laterale fra veicoli in marcia,Curva a visuale libera,Una carreggiata a doppio senso,Asciutto,Asfaltata,Verticale ed orizzontale,Sereno,Scarso,Sufficiente,Sufficiente,0,0,0,3,12.51834,41.92748,True,z,del civico n.,,24
2589486,23,2015-11-20T02:40:00,Strada Urbana,in prossimitíæ,VIA CRISTOFORO COLOMBO,,Veicolo in marcia contro ostacolo fisso,Curva a visuale libera,Due carreggiate,Asciutto,Asfaltata,Verticale ed orizzontale,Sereno,Scarso,Insufficiente,Inesistente,1,0,0,1,12.44704,41.80373,True,z,della chilometrica,,15.4
2589430,1,2015-11-20T06:15:00,Strada Urbana,in corrispondenza,VIA ARENULA,,Tamponamento,Rettilineo,Due carreggiate,Viscido da liquidi oleosi,Asfaltata,Verticale ed orizzontale,Nuvoloso,Normale,Buona,Ore Diurne,0,0,0,2,,,False,z,del civico n.,,15
2589160,16,2015-11-20T06:25:00,Strada Urbana,in corrispondenza,VIA SILVESTRI,,Veicolo in marcia contro veicoli in sosta,Rettilineo,Una carreggiata a doppio senso,Asciutto,Asfaltata,Verticale ed orizzontale,Nuvoloso,Normale,Buona,Ore Diurne,0,0,0,1,12.43174,41.87729,True,z,del civico n.,,202
2589485,13,2015-11-20T07:15:00,Strada Urbana,all'intersezione con,VIA OSTIENSE,,Scontro frontale-laterale SX fra veicoli in marcia,Incrocio,Due carreggiate,Asciutto,Asfaltata,Verticale ed orizzontale,Sereno,Intenso,Buona,Ore Diurne,1,0,0,1,12.39435,41.79394,False,z,VIA FIUMALBO,VIA FIUMALBO,
2589435,1,2015-11-20T07:45:00,Strada Urbana,in prossimitíæ,PIAZZA DI S. GIOVANNI IN LATERANO,,Scontro frontale-laterale SX fra veicoli in marcia,Rettilineo,Due carreggiate,Asciutto,Asfaltata,Verticale ed orizzontale,Nuvoloso,Intenso,Buona,Ore Diurne,0,0,0,2,12.50532,41.88744,True,z,del civico n.,,46
2588900,3,2015-11-20T08:00:00,Strada Urbana,in corrispondenza,VIA NOMENTANA,,Investimento di pedone,Rettilineo,Due carreggiate,Asciutto,Asfaltata,Verticale ed orizzontale,Nuvoloso,Normale,Buona,Ore Diurne,1,0,0,1,12.50297,41.90975,False,z,del civico n.,,2
2591746,4,2015-11-20T08:10:00,Strada Urbana,in prossimitíæ,VIA DI SETTEBAGNI,,Scontro laterale fra veicoli in marcia,Rettilineo,Due carreggiate,Asciutto,Asfaltata,Verticale ed orizzontale,Sereno,Normale,Buona,Ore Diurne,0,0,0,2,12.5455,41.96793,False,z,del civico n.,,375
2588907,9,2015-11-20T08:10:00,Strada Urbana,in prossimitíæ,VIA GALLIA,,Scontro laterale fra veicoli in marcia,Rettilineo,Una carreggiata a doppio senso,Asciutto,Asfaltata,Verticale ed orizzontale,Nuvoloso,Intenso,Buona,Ore Diurne,0,0,0,2,12.50533,41.88088,True,z,del civico n.,,83
2592072,9,2015-11-20T08:30:00,Strada Urbana,all'intersezione con,VIA TUSCOLANA,,Scontro laterale fra veicoli in marcia,Incrocio,Due carreggiate,Asciutto,Asfaltata,Verticale ed orizzontale,Sereno,Normale,Buona,Ore Diurne,0,0,0,2,12.53606,41.87022,True,z,VIA ROCCA DI PAPA,VIA ROCCA DI PAPA,
2593935,18,2015-11-20T08:45:00,Strada Urbana,da specificare,CIRCONVALLAZIONE AURELIA,fronte civico 62,Scontro frontale-laterale SX fra veicoli in marcia,Rettilineo,Due carreggiate,Asciutto,Asfaltata,Verticale ed orizzontale,Sereno,Normale,Buona,Ore Diurne,1,0,0,1,12.42864,41.89695,False,z,,,
2591720,5,2015-11-20T08:45:00,Strada Urbana,in prossimitíæ,VIA DI PORTONACCIO,,Scontro laterale fra veicoli in marcia,Rettilineo,Una carreggiata a doppio senso,Asciutto,Asfaltata,Orizzontale,Nuvoloso,Intenso,Buona,Ore Diurne,0,0,0,3,12.53639,41.90357,True,z,del civico n.,,33
2588513,10,2015-11-20T08:50:00,Statale entro l'abitato,in prossimitíæ,VIA APPIA NUOVA,,Tamponamento Multiplo,Rettilineo,Pií_ di due carreggiate,Asciutto,Asfaltata,Verticale ed orizzontale,Nuvoloso,Intenso,Buona,Ore Diurne,3,0,0,1,,,False,z,del palo luce n.,,835
2589456,1,2015-11-20T08:50:00,Strada Urbana,in prossimitíæ,LARGO ARENULA,,Infortunio per caduta del veicolo,Rettilineo,Due carreggiate,Viscido da liquidi oleosi,Acciotolata,Verticale ed orizzontale,Nuvoloso,Normale,Buona,Ore Diurne,1,0,0,0,12.47636,41.89446,True,z,del civico n.,,20
2588512,7,2015-11-20T09:00:00,Strada Urbana,all'intersezione con,VIA COLLATINA,,Scontro frontale-laterale SX fra veicoli in marcia,Intersezione stradale segnalata,Due carreggiate,Asciutto,Asfaltata,Verticale ed orizzontale,Sereno,Normale,Buona,Ore Diurne,1,0,0,2,12.59501,41.90519,True,z,VIA DELLA STAZIONE DI TOR SAPIENZA,VIA DELLA STAZIONE DI TOR SAPIENZA,
2588482,15,2015-11-20T09:20:00,Strada Urbana,all'intersezione con,VIA PORTUENSE,,Scontro laterale fra veicoli in marcia,Incrocio,Una carreggiata a doppio senso,Asciutto,Asfaltata,Verticale ed orizzontale,Nuvoloso,Intenso,Buona,Ore Diurne,0,0,0,3,12.46085,41.86603,True,z,VIA GIUSEPPE BELLUZZO,VIA GIUSEPPE BELLUZZO,
2591695,4,2015-11-20T09:30:00,,all'intersezione con,VIA FRANCESCO COCCO ORTU,,Scontro frontale-laterale DX fra veicoli in marcia,,,,,,,,,,1,0,0,1,12.5228,41.96087,False,z,VIA ANGELO ANNARATONE,VIA ANGELO ANNARATONE,
2591521,6,2015-11-20T10:35:00,Strada Urbana,da specificare,LARGO PRENESTE,f.c. 22,Veicolo in marcia contro veicolo in sosta,Rettilineo,Una carreggiata a senso unico di marcia,Asciutto,Asfaltata,Orizzontale,Nuvoloso,Scarso,Buona,Ore Diurne,0,0,0,1,12.54191,41.89276,True,z,,,
2589460,8,2015-11-20T11:30:00,,in prossimitíæ,VIA PRENESTINA,,Scontro frontale-laterale SX fra veicoli in marcia,,,,,,,,,,1,0,0,1,,,False,z,del civico n.,,1106
2588860,6,2015-11-20T11:30:00,Strada Urbana,in corrispondenza,VIA DI ACQUA BULLICANTE,,Scontro laterale fra veicoli in marcia,Rettilineo,Una carreggiata a doppio senso,Asciutto,Asfaltata,Verticale ed orizzontale,Sereno,Normale,Buona,Ore Diurne,1,0,0,2,,,False,z,del civico n.,,282
2589457,8,2015-11-20T12:00:00,Strada Urbana,da specificare,VIA CAMBRIDGE,all'intersezione con via COLUMBIA,Scontro frontale-laterale SX fra veicoli in marcia,Curva senza visuale libera,Una carreggiata a doppio senso,Asciutto,Asfaltata,Verticale ed orizzontale,Nuvoloso,Normale,Buona,Ore Diurne,0,0,0,3,12.62371,41.85378,True,z,,,
2589453,8,2015-11-20T12:00:00,Strada Urbana,in corrispondenza,VIA DEL FOSSO DELL'OSA,,Tamponamento Multiplo,Rettilineo,Una carreggiata a doppio senso,Asciutto,Asfaltata,Verticale ed orizzontale,Nuvoloso,Normale,Buona,Ore Diurne,0,0,0,4,12.68438,41.90493,True,z,del civico n.,,410
2591835,4,2015-11-20T12:00:00,Strada Urbana,all'intersezione con,VIA EMILIO DE MARCHI,,Scontro frontale fra veicoli in marcia,Incrocio,Una carreggiata a doppio senso,Asciutto,Asfaltata,Verticale,Nuvoloso,Normale,Buona,Ore Diurne,0,0,0,3,12.54251,41.93893,True,z,VIA GUELFO CIVININI,VIA GUELFO CIVININI,
2588722,12,2015-11-20T12:10:00,Strada Urbana,all'intersezione semaforizzata con,VIALE DELL'ARTE,,Scontro frontale-laterale SX fra veicoli in marcia,Intersezione semaforizzata,Una carreggiata a doppio senso,Asciutto,Asfaltata,Verticale ed orizzontale,Nuvoloso,Normale,Buona,Ore Diurne,1,0,0,3,12.47421,41.82939,False,z,PIAZZALE DEGLI ARCHIVI,PIAZZALE DEGLI ARCHIVI,
2593218,18,2015-11-20T12:10:00,Strada Urbana,in prossimitíæ,VIA GAETANO MAZZONI,,Veicolo in marcia contro veicolo in sosta,Rettilineo,Una carreggiata a senso unico di marcia,Asciutto,Asfaltata,Assente,Sereno,Scarso,Buona,Ore Diurne,0,0,0,1,12.39524,41.90861,False,z,del civico n.,,48A
2591925,3,2015-11-20T12:40:00,Strada Urbana,da specificare,VIA TIBURTINA,Passamonti direzione S.Giovanni imb. sopraelevata,Scontro laterale fra veicoli in marcia,Rettilineo,Due carreggiate,Asciutto,Asfaltata,Verticale ed orizzontale,Sereno,Normale,Buona,Ore Diurne,1,0,0,2,,,False,z,,,
2588959,2,2015-11-20T12:55:00,Strada Urbana,in prossimitíæ,VIA ASMARA,,Scontro frontale-laterale SX fra veicoli in marcia,Curva a visuale libera,Una carreggiata a doppio senso,Asciutto,Asfaltata,Verticale ed orizzontale,Nuvoloso,Normale,Buona,Ore Diurne,0,0,0,2,12.51834,41.92746,True,z,del civico n.,,24-F
2588872,20,2015-11-20T13:20:00,Regionale entro l'abitato,all'intersezione semaforizzata con,VIA CASSIA,,Tamponamento,Intersezione semaforizzata,Una carreggiata a doppio senso,Asciutto,Asfaltata,Verticale ed orizzontale,Nuvoloso,Intenso,Buona,Ore Diurne,1,0,0,1,,,False,z,VIA IGINO LEGA,VIA IGINO LEGA,
2591724,4,2015-11-20T14:00:00,Strada Urbana,da specificare,VIA NOMENTANA,prossimitíæ Via A. Graf,Scontro frontale-laterale SX fra veicoli in marcia,Rettilineo,Una carreggiata a doppio senso,Asciutto,Asfaltata,Verticale ed orizzontale,Sereno,Normale,Buona,Ore Diurne,1,0,0,1,12.55238,41.94111,False,z,,,
2591693,4,2015-11-20T14:00:00,,in prossimitíæ,VIA DEI PRATI FISCALI,,Veicolo in marcia contro veicolo arresto,,,,,,,,,,1,0,0,1,12.51887,41.94617,False,z,del civico n.,,199 A
2589767,1,2015-11-20T14:15:00,Strada Urbana,in prossimitíæ,VIALE GIOTTO,,Infortunio per sola frenata improvvisa,Rettilineo,Una carreggiata a doppio senso,Asciutto,Asfaltata,Verticale ed orizzontale,Nuvoloso,Normale,Buona,Ore Diurne,1,0,0,1,12.48629,41.87669,True,z,del palo luce n.,,12
2591699,5,2015-11-20T14:40:00,,in prossimitíæ,VIA DI MARCO SIMONE,,Veicolo in marcia contro ostacolo fisso,,,,,,,,,,1,0,0,0,12.63298,41.95765,False,z,del civico n.,,94
2591735,7,2015-11-20T14:50:00,Strada Urbana,da specificare,VIA PRENESTINA,altezza rotatoria Via Longoni,Scontro frontale-laterale DX fra veicoli in marcia,Rotatoria,Una carreggiata a senso unico di marcia,Asciutto,Asfaltata,Verticale ed orizzontale,Nuvoloso,Normale,Buona,Ore Diurne,0,1,0,1,12.6069,41.89378,False,z,,,
2591986,17,2015-11-20T15:00:00,Strada Urbana,da specificare,LUNGOTEVERE DEI MELLINI,in prossimitíæ di VIA VITTORIA COLONNA,Scontro laterale fra veicoli in marcia,Galleria non illuminata,Una carreggiata a doppio senso,Asciutto,Asfaltata,Verticale ed orizzontale,Sereno,Normale,Buona,Ore Diurne,0,0,0,1,12.4733,41.90496,False,z,,,
2591757,4,2015-11-20T15:00:00,Strada Urbana,in prossimitíæ,VIA ALTAGNANA,,Veicolo in marcia contro ostacolo fisso,Pendenza,Due carreggiate,Asciutto,Asfaltata,Verticale ed orizzontale,Nuvoloso,Normale,Buona,Ore Diurne,0,0,0,1,12.51572,41.97577,True,z,del civico n.,,7
2589952,2,2015-11-20T15:00:00,Strada Urbana,in prossimitíæ,VIA CHIANA,,Veicolo in marcia contro veicolo in sosta,Rettilineo,Una carreggiata a senso unico di marcia,Asciutto,Asfaltata,Verticale ed orizzontale,Nuvoloso,Normale,Buona,Ore Diurne,0,0,0,1,12.50657,41.92141,True,z,del civico n.,,87
2589059,20,2015-11-20T15:20:00,Strada Urbana,in corrispondenza,VIA RICCARDO ZANDONAI,,Scontro frontale-laterale DX fra veicoli in marcia,Curva a visuale libera,Una carreggiata a doppio senso,Asciutto,Asfaltata,Orizzontale,Nuvoloso,Scarso,Buona,Ore Diurne,0,0,0,2,12.4564,41.94812,True,z,del civico n.,,75
2589064,18,2015-11-20T15:45:00,Strada Urbana,all'intersezione con,VIA DI PORTA CAVALLEGGERI,,Scontro frontale-laterale SX fra veicoli in marcia,Intersezione semaforizzata,Una carreggiata a doppio senso,Asciutto,Asfaltata,Verticale ed orizzontale,Nuvoloso,Normale,Buona,Ore Diurne,1,0,0,1,12.4542,41.90003,True,z,VIA AURELIA,VIA AURELIA,
2589146,9,2015-11-20T15:45:00,Strada Urbana,all'intersezione con,VIA GENZANO,,Veicolo in marcia contro veicolo fermo,Incrocio,Una carreggiata a doppio senso,Bagnato (pioggia),Asfaltata,Verticale ed orizzontale,Nuvoloso,Normale,Buona,Ore Diurne,0,0,0,2,12.53284,41.87056,False,z,VIA ALBANO,VIA ALBANO,
2591711,5,2015-11-20T16:00:00,Strada Urbana,all'intersezione con,VIA POMONA,,Investimento di pedone,Incrocio,Una carreggiata a doppio senso,Asciutto,Asfaltata,Verticale ed orizzontale,Nuvoloso,Normale,Buona,Ore Diurne,1,0,0,1,12.55291,41.9165,False,z,VIA MARICA,VIA MARICA,
2589452,8,2015-11-20T16:00:00,Strada Urbana,all'intersezione con,VIALE S. RITA DA CASCIA,,Scontro frontale-laterale SX fra veicoli in marcia,Rotatoria,Una carreggiata a senso unico di marcia,Asciutto,Asfaltata,Verticale ed orizzontale,Nuvoloso,Normale,Buona,Ore Diurne,0,0,0,3,12.64451,41.86899,True,z,LARGO GENNARO BOLTRI,LARGO GENNARO BOLTRI,
2589527,13,2015-11-20T16:20:00,Strada Urbana,all'intersezione con,VIA BRENTONICO,,Scontro frontale-laterale DX fra veicoli in marcia,Incrocio,Una carreggiata a doppio senso,Asciutto,Asfaltata,Assente,Nuvoloso,Scarso,Insufficiente,Ore Diurne,0,0,0,4,12.38253,41.7329,True,z,VIA VANDOIES,VIA VANDOIES,
2589638,15,2015-11-20T16:42:00,Strada Urbana,all'intersezione semaforizzata con,VIA DELLA MAGLIANA,,Scontro laterale fra veicoli in marcia,Incrocio,Una carreggiata a senso unico di marcia,Asciutto,Asfaltata,Verticale ed orizzontale,Nuvoloso,Normale,Buona,Sufficiente,0,0,0,2,12.42401,41.83394,True,z,VIADOTTO DELLA MAGLIANA,VIADOTTO DELLA MAGLIANA,
2592193,17,2015-11-20T17:15:00,Strada Urbana,all'intersezione con,PIAZZA DEL RISORGIMENTO,,Tamponamento,Intersezione stradale segnalata,Una carreggiata a senso unico di marcia,Asciutto,Asfaltata,Verticale ed orizzontale,Sereno,Normale,Sufficiente,Sufficiente,1,0,0,2,12.4589,41.90604,False,z,VIA CRESCENZIO,VIA CRESCENZIO,
2589825,1,2015-11-20T17:20:00,Strada Urbana,all'intersezione semaforizzata con,PIAZZA DI PORTA CAPENA,,Scontro frontale-laterale DX fra veicoli in marcia,Intersezione semaforizzata,Pií_ di due carreggiate,Asciutto,Asfaltata,Verticale ed orizzontale,Nuvoloso,Normale,Buona,Sufficiente,0,0,0,3,12.48947,41.88489,True,z,VIALE AVENTINO,VIALE AVENTINO,
2589414,9,2015-11-20T17:30:00,Strada Urbana,all'intersezione con,VIA TUSCOLANA,,Veicolo in marcia contro veicolo in sosta,Incrocio,Una carreggiata a senso unico di marcia,Bagnato (pioggia),Asfaltata,Assente,Nuvoloso,Normale,Buona,Sufficiente,0,0,0,1,12.54343,41.86468,True,z,VIA DELL'ACQUEDOTTO FELICE,VIA DELL'ACQUEDOTTO FELICE,
2589180,10,2015-11-20T17:40:00,Strada Urbana,all'intersezione semaforizzata con,VIA APPIA PIGNATELLI,,Scontro frontale fra veicoli in marcia,Incrocio,Una carreggiata a doppio senso,Asciutto,Asfaltata,Verticale ed orizzontale,Sereno,Normale,Buona,Sufficiente,0,0,0,3,12.54565,41.83955,True,z,VIA ERODE ATTICO,VIA ERODE ATTICO,
2591936,3,2015-11-20T17:40:00,,all'intersezione semaforizzata con,VIA NOMENTANA,,Scontro laterale fra veicoli in marcia,,,,,,,,,,0,0,0,2,,,False,z,VIALE REGINA MARGHERITA,VIALE REGINA MARGHERITA,
2591984,7,2015-11-20T17:45:00,Strada Urbana,da specificare,VIA PRENESTINA,altezza rotatoria longoni,Scontro laterale fra veicoli in marcia,Rotatoria,Una carreggiata a senso unico di marcia,Asciutto,Asfaltata,Verticale ed orizzontale,Sereno,Intenso,Buona,Sufficiente,0,0,0,2,12.6069,41.89378,True,z,,,
2589560,13,2015-11-20T17:45:00,Strada Urbana,da specificare,VIA CARLO BOSIO,fronte civico 58,Scontro frontale-laterale DX fra veicoli in marcia,Rettilineo,Una carreggiata a doppio senso,Asciutto,Asfaltata,Assente,Sereno,Normale,Buona,Sufficiente,0,0,0,2,12.27258,41.73827,True,z,,,
2592892,18,2015-11-20T18:00:00,Strada Urbana,all'intersezione semaforizzata con,VIA DEL CASALE DI S. PIO V,,Scontro laterale fra veicoli in marcia,Incrocio,Una carreggiata a doppio senso,Asciutto,Asfaltata,Verticale ed orizzontale,Sereno,Scarso,Sufficiente,Sufficiente,0,0,0,2,12.43213,41.89245,True,z,PIAZZA DI VILLA CARPEGNA,PIAZZA DI VILLA CARPEGNA,
2589450,8,2015-11-20T18:20:00,Strada Urbana,da specificare,VIA DI TOR BELLA MONACA,altezza via Torrenova,Veicolo in marcia contro ostacolo accidentale,Curva a visuale libera,Due carreggiate,Asciutto,Asfaltata,Verticale ed orizzontale,Nuvoloso,Normale,Sufficiente,Sufficiente,0,0,0,1,12.62546,41.87778,True,z,,,
2591645,7,2015-11-20T18:30:00,Strada Urbana,all'intersezione semaforizzata con,VIA CASILINA,,Scontro laterale fra veicoli in marcia,Intersezione semaforizzata,Due carreggiate,Asciutto,Asfaltata,Verticale ed orizzontale,Sereno,Intenso,Buona,Sufficiente,0,0,0,3,12.56933,41.87392,False,z,VIALE PALMIRO TOGLIATTI,VIALE PALMIRO TOGLIATTI,
2589545,20,2015-11-20T18:40:00,Strada Urbana,da specificare,VIA DEL BAIARDO,p.tíæ circolo A. Doria sottopasso ferrovia Roma Nor,Veicolo in marcia contro ostacolo accidentale,Curva a visuale libera,Una carreggiata a doppio senso,Asciutto,Asfaltata,Assente,Sereno,Scarso,Insufficiente,Inesistente,1,0,0,0,,,False,z,,,
2590554,1,2015-11-20T18:50:00,Strada Urbana,in prossimitíæ,LUNGOTEVERE DE' CENCI,,Scontro laterale fra veicoli in marcia,Rettilineo,Una carreggiata a senso unico di marcia,Asciutto,Asfaltata,Verticale ed orizzontale,Nuvoloso,Normale,Buona,Sufficiente,0,0,0,3,12.47511,41.89191,True,z,del civico n.,,3-A
2591813,4,2015-11-20T19:00:00,Strada Urbana,da specificare,VIADOTTO SANDRO PERTINI,altezza svincolo Fidene,Veicolo in marcia contro ostacolo accidentale,Curva a visuale libera,Due carreggiate,Asciutto,Con buche,Orizzontale,Sereno,Normale,Buona,Sufficiente,0,0,0,1,12.49637,41.90278,True,z,,,
2589810,1,2015-11-20T19:35:00,Strada Urbana,in prossimitíæ,PIAZZA DI S. GIOVANNI IN LATERANO,,Scontro laterale fra veicoli in marcia,Rettilineo,Una carreggiata a doppio senso,Asciutto,Asfaltata,Verticale ed orizzontale,Sereno,Normale,Sufficiente,Sufficiente,0,0,0,2,12.50548,41.88733,True,z,del palo luce n.,,63
2591725,5,2015-11-20T19:50:00,Strada Urbana,all'intersezione con,VIA DIEGO ANGELI,,Scontro frontale-laterale SX fra veicoli in marcia,Incrocio,Una carreggiata a doppio senso,Asciutto,Asfaltata,Verticale ed orizzontale,Sereno,Normale,Sufficiente,Sufficiente,0,0,0,2,12.55125,41.90751,True,z,VIA GIUSEPPE DONATI,VIA GIUSEPPE DONATI,
2589446,8,2015-11-20T20:00:00,Strada Urbana,da specificare,VIA AMICO ASPERTINI,DIR.ARCHEOLOGIA CIRCA 50MT DOPO SOTTOPASSO T.B.M.,Veicolo in marcia contro ostacolo accidentale,Rettilineo,Una carreggiata a doppio senso,Asciutto,Asfaltata,Orizzontale,Sereno,Scarso,Buona,Ore Diurne,0,0,0,1,12.62989,41.87281,True,z,,,
2591954,17,2015-11-20T20:15:00,,da specificare,VIA DI PORTA CAVALLEGGERI,GREGORIO VII ALTEZZA LAMPADA 210,Veicolo in marcia contro ostacolo accidentale,,,,,,,,,,0,0,0,1,12.45658,41.90018,False,z,,,
2592287,17,2015-11-20T20:20:00,Strada Urbana,da specificare,LUNGOTEVERE IN SASSIA,Sottopasso Cavalleggeri dir. Gregorio VII,Veicolo in marcia contro ostacolo accidentale,Galleria illuminata,Una carreggiata a senso unico di marcia,Bagnato (umiditíæ in atto),Asfaltata,Orizzontale,Sereno,Normale,Buona,Sufficiente,1,0,0,2,12.46108,41.89962,False,z,,,
2592335,12,2015-11-20T20:25:00,Strada Urbana,in corrispondenza,VIA FEDERICO ALESSANDRINI,,Scontro frontale-laterale DX fra veicoli in marcia,Rettilineo,Una carreggiata a doppio senso,Asciutto,Asfaltata,Verticale ed orizzontale,Sereno,Scarso,Buona,Sufficiente,0,0,0,3,12.47012,41.76691,False,z,del civico n.,,64
2591848,12,2015-11-20T21:00:00,Strada Urbana,in prossimitíæ,VIA DI TRIGORIA,,Fuoriuscita dalla sede stradale,Rettilineo,Una carreggiata a doppio senso,Asciutto,Asfaltata,Verticale ed orizzontale,Nuvoloso,Scarso,Sufficiente,Sufficiente,0,0,0,1,12.47765,41.76522,True,z,del civico n.,,130
2591537,6,2015-11-20T21:00:00,Strada Urbana,all'intersezione con,VIALE DELLA PRIMAVERA,,Scontro frontale-laterale SX fra veicoli in marcia,Incrocio,Due carreggiate,Asciutto,Asfaltata,Verticale ed orizzontale,Sereno,Scarso,Buona,Sufficiente,1,0,0,1,,,False,z,VIA DEI GLICINI,VIA DEI GLICINI,
2590542,1,2015-11-20T21:50:00,Strada Urbana,da specificare,LUNGOTEVERE DEI TEBALDI,ALTEZ. PONTE SISTO,Infortunio per sola frenata improvvisa,Rettilineo,Una carreggiata a senso unico di marcia,Viscido da liquidi oleosi,Asfaltata,Verticale ed orizzontale,Nuvoloso,Normale,Buona,Sufficiente,2,0,0,0,,,False,z,,,
2591726,5,2015-11-20T22:30:00,Statale entro l'abitato,in prossimitíæ,VIA TIBURTINA,,Tamponamento,Rettilineo,Due carreggiate,Asciutto,Asfaltata,Temporanea di cantiere,Sereno,Normale,Buona,Sufficiente,0,0,0,1,12.53738,41.90859,True,z,del civico n.,,433
2593122,1,2015-11-20T22:30:00,Strada Urbana,all'intersezione con,VIALE DEI CADUTI PER LA RESISTENZA,,Scontro laterale fra veicoli in marcia,Intersezione stradale segnalata,Due carreggiate,Asciutto,Asfaltata,Verticale ed orizzontale,Sereno,Scarso,Sufficiente,Sufficiente,0,0,0,4,12.44116,41.78393,True,z,VIA DEI CADUTI CIVILI,VIA DEI CADUTI CIVILI,
2589723,23,2015-11-20T23:00:00,Comunale extraurbana,in prossimitíæ,VIA CRISTOFORO COLOMBO,,Veicolo in marcia contro ostacolo accidentale,Rettilineo,Due carreggiate,Asciutto,Con buche,Orizzontale,Nuvoloso,Scarso,Insufficiente,Inesistente,0,0,0,1,12.4243,41.78809,False,z,della chilometrica,,16
2589449,8,2015-11-20T23:00:00,,in corrispondenza,VIA SILICELLA,,Veicolo in marcia contro ostacolo accidentale,,,,,,,,,,0,0,0,1,,,False,z,del civico n.,,55
2591876,7,2015-11-20T23:30:00,Strada Urbana,da specificare,VIA TIBURTINA,altezza Via Pietro Ottoboni,Scontro laterale fra veicoli in marcia,Rettilineo,Una carreggiata a senso unico di marcia,Asciutto,Asfaltata,Verticale ed orizzontale,Sereno,Scarso,Buona,Sufficiente,0,0,0,2,12.57323,41.92521,True,z,,,
2592439,12,2015-11-21T00:00:00,Statale entro l'abitato,in corrispondenza,VIA OSTIENSE,,Veicolo in marcia contro veicolo in sosta,Curva a visuale libera,Una carreggiata a doppio senso,Asciutto,Asfaltata,Verticale ed orizzontale,Nuvoloso,Scarso,Sufficiente,Sufficiente,0,0,0,0,12.46826,41.84274,True,z,del civico n.,,591
2592030,16,2015-11-21T00:05:00,,in corrispondenza,VIA ERNESTO BASILE,,Veicolo in marcia contro veicolo fermo,,,,,,,,,,1,0,0,2,12.43261,41.79047,False,z,del civico n.,,69
2591573,5,2015-11-21T00:05:00,Strada Urbana,all'intersezione con,VIA FIUMINATA,,Scontro frontale-laterale DX fra veicoli in marcia,Incrocio,Una carreggiata a doppio senso,Asciutto,Asfaltata,Verticale ed orizzontale,Sereno,Scarso,Buona,Sufficiente,0,0,0,2,12.58443,41.94079,True,z,VIA FABRIANO,VIA FABRIANO,
2590179,10,2015-11-21T00:10:00,Strada Urbana,in corrispondenza,VIA TUSCOLANA,,Veicolo in marcia contro ostacolo accidentale,Rettilineo,Una carreggiata a senso unico di marcia,Asciutto,Con buche,Verticale,Nuvoloso,Scarso,Insufficiente,Insufficiente,0,0,0,2,12.58727,41.84043,True,z,del civico n.,,1870
2591680,19,2015-11-21T00:45:00,Strada Urbana,in prossimitíæ,VIA DELLA VALLE DEI FONTANILI,,Investimento di pedone,Rettilineo,Una carreggiata a doppio senso,Asciutto,Asfaltata,Orizzontale,Sereno,Scarso,Buona,Sufficiente,1,0,0,0,12.40945,41.92345,True,z,del civico n.,,47
2589589,13,2015-11-21T01:00:00,,in corrispondenza,VIA ENEA PICCHIO,,Veicoli in marcia contro veicoli fermi,,,,,,,,,,0,0,0,2,,,False,z,del civico n.,,33
2589663,15,2015-11-21T01:00:00,Strada Urbana,all'intersezione semaforizzata con,VIA DELLE SETTE CHIESE,,Scontro laterale fra veicoli in marcia,Incrocio,Due carreggiate,Asciutto,Asfaltata,Verticale ed orizzontale,Sereno,Scarso,Buona,Sufficiente,0,0,0,2,12.49735,41.85978,True,z,VIA LEON PANCALDO,VIA LEON PANCALDO,