_ID,_Gruppo,_DataOraIncidente,_Localizzazione1,_Localizzazione2,_Strada1,_DaSpecificare,_NaturaIncidente,_ParticolaritaStrade,_TipoStrada,_FondoStradale,_Pavimentazione,_Segnaletica,_CondizioneAtmosferica,_Traffico,_Visibilita,_Illuminazione,_NUM_FERITI,_NUM_RISERVATA,_NUM_MORTI,_NUM_ILLESI,_Longitudine,_Latitudine,_CONFERMATO,__prefix,_Strada02,_Strada2,_Chilometrica
2594842,18,2015-11-21T01:20:00,Strada Urbana,all'intersezione semaforizzata con,VIA ANASTASIO II,,Investimento di pedone,Intersezione semaforizzata,Una carreggiata a doppio senso,Asciutto,Asfaltata,Verticale ed orizzontale,Sereno,Scarso,Buona,Sufficiente,1,0,0,1,12.43916,41.89607,False,z,VIA DEI SAVORELLI,VIA DEI SAVORELLI,
2591959,7,2015-11-21T03:30:00,Strada Urbana,in corrispondenza,VIA TUSCOLANA,,Veicolo in marcia contro ostacolo fisso,Rettilineo,Due carreggiate,Asciutto,Asfaltata,Verticale ed orizzontale,Sereno,Scarso,Buona,Sufficiente,0,0,0,2,12.54145,41.86679,True,z,del civico n.,,692
2591869,4,2015-11-21T04:45:00,Statale entro l'abitato,in prossimitíæ,VIA SALARIA,,Veicolo in marcia contro ostacolo fisso,Rettilineo,Due carreggiate,Asciutto,Asfaltata,Verticale ed orizzontale,Nuvoloso,Scarso,Buona,Sufficiente,0,0,0,1,12.50624,41.96289,True,z,del palo luce n.,,18
2594236,18,2015-11-21T05:00:00,Strada Urbana,all'intersezione semaforizzata con,PIAZZA DI VILLA CARPEGNA,,Scontro frontale-laterale SX fra veicoli in marcia,Incrocio,Pií_ di due carreggiate,Asciutto,Asfaltata,Verticale ed orizzontale,Sereno,Scarso,Buona,Sufficiente,0,0,0,3,12.42923,41.89566,True,z,CIRCONVALLAZIONE AURELIA,CIRCONVALLAZIONE AURELIA,
2591910,7,2015-11-21T07:15:00,Strada Urbana,all'intersezione con,VIA FEDERICO DELPINO,,Scontro frontale-laterale SX fra veicoli in marcia,Incrocio,Due carreggiate,Asciutto,Asfaltata,Verticale ed orizzontale,Nuvoloso,Normale,Buona,Ore Diurne,0,0,0,2,12.56207,41.89095,True,z,VIA GIACOMO BRESADOLA,VIA GIACOMO BRESADOLA,
2590186,10,2015-11-21T08:50:00,Strada Urbana,da specificare,VIA ANAGNINA,rampa di colleg. tra via anagnina e via tuscolana,Fuoriuscita dalla sede stradale,Curva a visuale libera,Una carreggiata a senso unico di marcia,Asciutto,Asfaltata,Verticale ed orizzontale,Nuvoloso,Normale,Buona,Ore Diurne,0,0,0,1,12.59079,41.83719,True,z,,,
2593006,18,2015-11-21T08:50:00,Strada Urbana,in corrispondenza,VIA DI BOCCEA,,Investimento di pedone,Rettilineo,Una carreggiata a doppio senso,Asciutto,Asfaltata,Verticale,Nuvoloso,Normale,Buona,Ore Diurne,1,0,0,1,12.42565,41.90187,False,z,del civico n.,,59
2590188,10,2015-11-21T08:55:00,Strada Urbana,da specificare,VIA ANAGNINA,rampa di colleg.tra via anagnina e via tuscolana,Fuoriuscita dalla sede stradale,Curva senza visuale libera,Una carreggiata a senso unico di marcia,Asciutto,Asfaltata,Verticale ed orizzontale,Nuvoloso,Normale,Buona,Ore Diurne,1,0,0,1,,,False,z,,,
2591779,19,2015-11-21T09:00:00,Strada Urbana,all'intersezione con,VIA DI TORREVECCHIA,,Scontro laterale fra veicoli in marcia,Incrocio,Una carreggiata a doppio senso,Asciutto,Asfaltata,Orizzontale,Nuvoloso,Normale,Buona,Ore Diurne,1,0,0,3,12.41839,41.93063,True,z,VIA ANTON MARIA VALSALVA,VIA ANTON MARIA VALSALVA,
2589857,8,2015-11-21T09:10:00,Strada Urbana,in prossimitíæ,VIA NICOLOSI,,Veicolo in marcia contro ostacolo accidentale,Rettilineo,Una carreggiata a senso unico di marcia,Asciutto,Asfaltata,Verticale,Nuvoloso,Scarso,Buona,Ore Diurne,0,0,0,1,12.66631,41.85411,True,z,del civico n.,,80
2590540,13,2015-11-21T09:25:00,Strada Urbana,in prossimitíæ,VIA PINDARO,,Scontro laterale fra veicoli in marcia,Rettilineo,Due carreggiate,Asciutto,Asfaltata,Assente,Nuvoloso,Normale,Buona,Ore Diurne,1,0,0,1,12.36554,41.75797,False,z,del civico n.,,70
2591577,11,2015-11-21T09:40:00,Strada Urbana,da specificare,VIA LAURENTINA,ALT.VIA DELL'ATLETICA (SVINCOLO DIR.FIUMICINO GRA),Scontro laterale fra veicoli in marcia,Rettilineo,Una carreggiata a senso unico di marcia,Asciutto,Asfaltata,Verticale ed orizzontale,Nuvoloso,Normale,Buona,Ore Diurne,0,0,0,3,12.48066,41.83829,True,z,,,
2590874,1,2015-11-21T09:40:00,Strada Urbana,all'intersezione semaforizzata con,VIA ARENULA,,Veicolo in marcia contro ostacolo accidentale,Intersezione semaforizzata,Una carreggiata a senso unico di marcia,Sdrucciolevole (fango),In cubetti di porfido,Verticale ed orizzontale,Nuvoloso,Scarso,Buona,Ore Diurne,0,0,0,1,12.47526,41.89306,False,z,PIAZZA BENEDETTO CAIROLI,PIAZZA BENEDETTO CAIROLI,
2590654,13,2015-11-21T09:45:00,Strada Urbana,all'intersezione con,VIALE DEI PROMONTORI,,Scontro frontale-laterale SX fra veicoli in marcia,Incrocio,Due carreggiate,Asciutto,Asfaltata,Verticale ed orizzontale,Nuvoloso,Normale,Buona,Ore Diurne,0,0,0,2,12.29266,41.73723,True,z,VIALE GIUSEPPE GENOESE ZERBI,VIALE GIUSEPPE GENOESE ZERBI,
2589791,2,2015-11-21T10:00:00,Strada Urbana,all'intersezione con,LARGO BELGRADO,,Scontro frontale-laterale DX fra veicoli in marcia,Intersezione stradale segnalata,Una carreggiata a senso unico di marcia,Bagnato (pioggia),Asfaltata,Verticale,Pioggia in atto,Normale,Buona,Ore Diurne,0,0,0,2,12.47707,41.9234,True,z,VIA DEI MONTI PARIOLI,VIA DEI MONTI PARIOLI,
2589769,20,2015-11-21T10:30:00,Strada Urbana,in corrispondenza,VIA DEL LABARO,,Scontro frontale-laterale SX fra veicoli in marcia,Rettilineo,Una carreggiata a doppio senso,Bagnato (pioggia),Asfaltata,Orizzontale,Pioggia in atto,Normale,Buona,Ore Diurne,0,0,0,2,12.49416,41.98938,True,z,del civico n.,,1
2593171,1,2015-11-21T10:35:00,Strada Urbana,da specificare,LUNGOTEVERE DE' CENCI,in prossimitíæ VIA BEATRICE CENCI,Veicolo in marcia contro ostacolo accidentale,Rettilineo,Una carreggiata a senso unico di marcia,Bagnato (pioggia),Asfaltata,Verticale ed orizzontale,Pioggia in atto,Intenso,Sufficiente,Ore Diurne,1,0,0,0,12.47647,41.89194,False,z,,,
2593896,1,2015-11-21T10:36:00,Strada Urbana,in corrispondenza,LUNGOTEVERE DE' CENCI,,Veicolo in marcia contro ostacolo accidentale,Rettilineo,Una carreggiata a senso unico di marcia,Bagnato (pioggia),Asfaltata,Verticale ed orizzontale,Pioggia in atto,Normale,Sufficiente,Ore Diurne,0,0,0,1,12.47614,41.89192,False,z,del civico n.,,7
2590849,1,2015-11-21T10:40:00,Strada Urbana,da specificare,LUNGOTEVERE DE' CENCI,IN PROSS. VIA ARENULA,Veicolo in marcia contro ostacolo accidentale,Rettilineo,Una carreggiata a senso unico di marcia,Sdrucciolevole (fango),Asfaltata,Verticale ed orizzontale,Nuvoloso,Normale,Buona,Ore Diurne,1,0,0,0,12.47466,41.89181,True,z,,,
2590908,1,2015-11-21T11:00:00,Strada Urbana,in prossimitíæ,LUNGOTEVERE RAFFAELLO SANZIO,,Tamponamento,Rettilineo,Una carreggiata a senso unico di marcia,Bagnato (pioggia),Asfaltata,Verticale ed orizzontale,Pioggia in atto,Normale,Buona,Ore Diurne,0,0,0,2,,,False,z,del civico n.,,FC 9
2590150,15,2015-11-21T11:00:00,Strada Urbana,in corrispondenza,VIA DELLA PISANA,,Scontro frontale-laterale DX fra veicoli in marcia,Rettilineo,Una carreggiata a doppio senso,Bagnato (pioggia),Asfaltata,Orizzontale,Pioggia in atto,Normale,Buona,Ore Diurne,0,0,0,2,12.38841,41.85539,True,z,del civico n.,,996
2590197,10,2015-11-21T11:00:00,Strada Urbana,da specificare,VIA ANAGNINA,rampa colleg. via anagnina e via tuscolana,Fuoriuscita dalla sede stradale,Curva senza visuale libera,Una carreggiata a senso unico di marcia,Bagnato (pioggia),Asfaltata,Verticale ed orizzontale,Pioggia in atto,Normale,Buona,Ore Diurne,0,0,0,1,12.5923,41.83928,True,z,,,
2592353,12,2015-11-21T11:00:00,Strada Urbana,da specificare,VIA DI CASTEL DI LEVA,fronte civico 298,Scontro frontale-laterale SX fra veicoli in marcia,Rettilineo,Una carreggiata a doppio senso,Bagnato (pioggia),Asfaltata,Verticale ed orizzontale,Nuvoloso,Normale,Buona,Ore Diurne,1,0,0,1,12.52161,41.78534,False,z,,,
2591918,4,2015-11-21T11:00:00,Strada Urbana,in corrispondenza,VIA ELSA DE' GIORGI,,Scontro laterale fra veicoli in marcia,Curva a visuale libera,Una carreggiata a doppio senso,Bagnato (pioggia),Asfaltata,Verticale ed orizzontale,Pioggia in atto,Scarso,Buona,Ore Diurne,0,0,0,3,12.53954,41.96638,True,z,del civico n.,,6
2590491,8,2015-11-21T11:15:00,Strada Urbana,in corrispondenza,VIA AMICO ASPERTINI,,Veicolo in marcia contro veicolo in sosta,Pianeggiante,Una carreggiata a doppio senso,Asciutto,Asfaltata,Orizzontale,Nuvoloso,Scarso,Buona,Ore Diurne,0,0,0,2,12.62976,41.87342,True,z,del civico n.,,275
2600638,4,2015-11-21T11:15:00,Strada Urbana,in corrispondenza,VIA LUDOVICO DI BREME,,Veicolo in marcia contro veicolo fermo,Rettilineo,Una carreggiata a doppio senso,Bagnato (pioggia),Asfaltata,Assente,Pioggia in atto,Normale,Buona,Ore Diurne,0,0,0,2,12.54727,41.94663,True,z,del civico n.,,4
2593906,1,2015-11-21T11:20:00,Strada Urbana,da specificare,LUNGOTEVERE DEI TEBALDI,fronte civico 4,Veicolo in marcia contro ostacolo accidentale,Rettilineo,Una carreggiata a senso unico di marcia,Viscido da liquidi oleosi,Asfaltata,Verticale ed orizzontale,Pioggia in atto,Normale,Buona,Ore Diurne,2,0,0,0,12.46869,41.89481,True,z,,,
2591578,5,2015-11-21T11:25:00,Strada Urbana,in prossimitíæ,VIALE EGIDIO GALBANI,,Tamponamento,Rettilineo,Due carreggiate,Bagnato (pioggia),Asfaltata,Verticale ed orizzontale,Pioggia in atto,Normale,Buona,Ore Diurne,0,0,0,2,12.56152,41.93095,True,z,del civico n.,,70
2589869,10,2015-11-21T11:25:00,Strada Urbana,in prossimitíæ,VIA APPIA PIGNATELLI,,Scontro frontale-laterale SX fra veicoli in marcia,Rettilineo,Una carreggiata a doppio senso,Bagnato (pioggia),Asfaltata,Verticale ed orizzontale,Pioggia in atto,Normale,Buona,Ore Diurne,1,0,0,3,12.54145,41.84269,False,z,del civico n.,,454
2590810,1,2015-11-21T11:40:00,Strada Urbana,in prossimitíæ,LUNGOTEVERE DEI VALLATI,,Tamponamento,Rettilineo,Una carreggiata a senso unico di marcia,Bagnato (pioggia),Asfaltata,Orizzontale,Pioggia in atto,Normale,Sufficiente,Ore Diurne,0,0,0,3,12.47247,41.89201,True,z,del civico n.,,18
2590883,1,2015-11-21T11:50:00,Strada Urbana,in prossimitíæ,LUNGOTEVERE DE' CENCI,,Veicolo in marcia contro ostacolo accidentale,Rettilineo,Una carreggiata a senso unico di marcia,Bagnato (pioggia),Asfaltata,Verticale ed orizzontale,Pioggia in atto,Normale,Sufficiente,Ore Diurne,0,0,0,1,12.49637,41.90278,False,z,del civico n.,,FC 4
2590901,1,2015-11-21T12:00:00,Strada Urbana,da specificare,PIAZZA SIDNEY SONNINO,IN PROSS. LARGO SAN GIOVANNI DE MATHA,Infortunio per caduta del veicolo,Rettilineo,Una carreggiata a senso unico di marcia,Bagnato (pioggia),Asfaltata,Verticale ed orizzontale,Pioggia in atto,Normale,Buona,Ore Diurne,2,0,0,0,12.47399,41.8892,False,z,,,
2591955,3,2015-11-21T12:00:00,Strada Urbana,all'intersezione con,VIA TREVISO,,Scontro frontale-laterale SX fra veicoli in marcia,Incrocio,Una carreggiata a doppio senso,Bagnato (pioggia),Asfaltata,Verticale,Pioggia in atto,Scarso,Buona,Ore Diurne,0,0,0,2,12.514,41.90844,False,z,VIA CHIETI,VIA CHIETI,
2593385,23,2015-11-21T12:15:00,Comunale extraurbana,all'intersezione semaforizzata con,VIA CRISTOFORO COLOMBO,,Tamponamento Multiplo,Intersezione semaforizzata,Pií_ di due carreggiate,Bagnato (pioggia),Asfaltata,Verticale ed orizzontale,Pioggia in atto,Normale,Buona,Ore Diurne,2,0,0,2,12.39658,41.77583,False,z,VIA DI MALAFEDE,VIA DI MALAFEDE,
2590496,8,2015-11-21T12:25:00,Strada Urbana,all'intersezione con,VIALE DELLA SORBONA,,Scontro laterale fra veicoli in marcia,Rotatoria,Una carreggiata a senso unico di marcia,Bagnato (pioggia),Asfaltata,Verticale ed orizzontale,Pioggia in atto,Normale,Buona,Ore Diurne,1,0,0,2,12.61764,41.85599,True,z,VIA COLUMBIA,VIA COLUMBIA,
2590729,1,2015-11-21T12:30:00,Strada Urbana,in prossimitíæ,PIAZZA DELLA BOCCA DELLA VERITA',,Veicolo in marcia contro ostacolo accidentale,Rettilineo,Una carreggiata a doppio senso,Bagnato (pioggia),Asfaltata,Verticale ed orizzontale,Pioggia in atto,Intenso,Sufficiente,Ore Diurne,1,0,0,1,12.48141,41.88883,False,z,del palo luce n.,,7
2590598,12,2015-11-21T12:45:00,Provinciale entro l'abitato,da specificare,VIA LAURENTINA,alt Bombardieri (corridoio moblitíæ),Scontro laterale fra veicoli in marcia,Rettilineo,Pií_ di due carreggiate,Bagnato (pioggia),Asfaltata,Verticale ed orizzontale,Nuvoloso,Scarso,Buona,Ore Diurne,2,0,0,1,12.47927,41.82458,False,z,,,
2591842,19,2015-11-21T13:00:00,Strada Urbana,in corrispondenza,VIA BRACCIANENSE,,Fuoriuscita dalla sede stradale,Curva senza visuale libera,Una carreggiata a doppio senso,Bagnato (pioggia),Asfaltata,Orizzontale,Pioggia in atto,Normale,Sufficiente,Ore Diurne,0,0,0,2,12.37291,42.01025,True,z,della chilometrica,,0.5
2590061,12,2015-11-21T13:00:00,Strada Urbana,da specificare,VIADOTTO DELLA MAGLIANA,direzione EUR altezza Cappellaccio,Veicolo in marcia contro ostacolo fisso,Curva a visuale libera,Una carreggiata a senso unico di marcia,Bagnato (pioggia),Asfaltata,Verticale ed orizzontale,Pioggia in atto,Normale,Sufficiente,Ore Diurne,3,0,0,0,,,False,z,,,
2590585,13,2015-11-21T13:15:00,,all'intersezione con,VIA CAPO SPARTIVENTO,,Scontro frontale-laterale DX fra veicoli in marcia,,,,,,,,,,0,0,0,3,,,False,z,VIA ALESSANDRO PIOLA CASELLI,VIA ALESSANDRO PIOLA CASELLI,
2591183,20,2015-11-21T13:30:00,Statale entro l'abitato,in corrispondenza,VIA CASSIA,,Tamponamento,Rettilineo,Una carreggiata a doppio senso,Bagnato (pioggia),Asfaltata,Orizzontale,Pioggia in atto,Normale,Buona,Ore Diurne,1,0,0,2,,,False,z,del civico n.,,1628
2590494,8,2015-11-21T13:30:00,Strada Urbana,in prossimitíæ,VIALE DI TORRE MAURA,,Veicolo in marcia contro ostacolo accidentale,Rettilineo,Una carreggiata a senso unico di marcia,Bagnato (pioggia),Con buche,Verticale ed orizzontale,Pioggia in atto,Scarso,Buona,Ore Diurne,3,0,0,2,12.59129,41.86474,False,z,del civico n.,,100
2590486,8,2015-11-21T13:30:00,Strada Urbana,da specificare,VIALE DUILIO CAMBELLOTTI,alt. sottopasso P.T.V.,Veicolo in marcia contro ostacolo fisso,Rettilineo,Due carreggiate,Bagnato (pioggia),Asfaltata,Verticale ed orizzontale,Pioggia in atto,Scarso,Buona,Ore Diurne,2,0,0,0,12.6277,41.86085,False,z,,,
2591868,19,2015-11-21T14:00:00,Strada Urbana,da specificare,VIA DELLA PINETA SACCHETTI,in prossimitíæ di Via di Villa Maggiorani,Investimento di pedone,Rettilineo,Una carreggiata a senso unico di marcia,Bagnato (pioggia),Asfaltata,Orizzontale,Pioggia in atto,Scarso,Sufficiente,Ore Diurne,2,0,0,1,12.42428,41.9229,True,z,,,
2591200,20,2015-11-21T14:20:00,Regionale entro l'abitato,in prossimitíæ,VIA FLAMINIA,,Veicolo in marcia contro ostacolo fisso,Curva a visuale libera,Due carreggiate,Bagnato (pioggia),Asfaltata,Orizzontale,Pioggia in atto,Normale,Buona,Ore Diurne,0,0,0,1,12.48509,41.95744,True,z,del civico n.,,863
2591209,20,2015-11-21T14:25:00,Regionale entro l'abitato,in prossimitíæ,VIA FLAMINIA,,Veicolo in marcia contro veicolo fermo,Curva a visuale libera,Due carreggiate,Bagnato (pioggia),Asfaltata,Orizzontale,Pioggia in atto,Scarso,Sufficiente,Ore Diurne,0,0,0,2,,,False,z,del civico n.,,863
2591503,11,2015-11-21T15:00:00,Strada Urbana,in prossimitíæ,VIA CALDERON DE LA BARCA,,Scontro frontale fra veicoli in marcia,Rettilineo,Due carreggiate,Bagnato (pioggia),Asfaltata,Verticale ed orizzontale,Nuvoloso,Scarso,Buona,Ore Diurne,2,0,0,0,12.50959,41.83933,False,z,del civico n.,,53
2590890,1,2015-11-21T15:00:00,Strada Urbana,in corrispondenza,LUNGOTEVERE TOR DI NONA,,Veicolo in marcia contro ostacolo accidentale,Rettilineo,Una carreggiata a senso unico di marcia,Bagnato (pioggia),Asfaltata,Verticale ed orizzontale,Pioggia in atto,Normale,Buona,Ore Diurne,0,0,0,1,,,False,z,del civico n.,,FC 1
2592001,3,2015-11-21T15:00:00,Strada Urbana,da specificare,tang. Est,alt. Scalo S. Lorenzo dir. Largo Passamonti,Veicolo in marcia contro ostacolo fisso,Curva a visuale libera,Una carreggiata a senso unico di marcia,Bagnato (pioggia),Asfaltata,Assente,Pioggia in atto,Normale,Buona,Ore Diurne,0,0,0,1,12.52023,41.8901,True,z,,,
2591995,3,2015-11-21T15:00:00,Strada Urbana,da specificare,tang. Est,direzione Salaria alt. Scalo S. Lorenzo,Ribaltamento senza urto contro ostacolo fisso,Curva a visuale libera,Una carreggiata a senso unico di marcia,Bagnato (pioggia),Asfaltata,Verticale ed orizzontale,Pioggia in atto,Normale,Buona,Ore Diurne,1,0,0,0,12.51862,41.89313,False,z,,,
2590031,2,2015-11-21T15:05:00,Strada Urbana,in prossimitíæ,VIALE LIBIA,,Ribaltamento senza urto contro ostacolo fisso,Rettilineo,Due carreggiate,Bagnato (pioggia),Asfaltata,Verticale ed orizzontale,Pioggia in atto,Normale,Buona,Ore Diurne,1,0,0,0,,,False,z,del civico n.,,203
2590624,12,2015-11-21T15:50:00,Strada Urbana,da specificare,VIA CRISTOFORO COLOMBO,200 mt dopo v.le Europa dir Ostia,Tamponamento,Rettilineo,Pií_ di due carreggiate,Bagnato (pioggia),Asfaltata,Verticale ed orizzontale,Pioggia in atto,Normale,Buona,Ore Diurne,0,0,0,2,12.47348,41.83879,True,z,,,
2590059,17,2015-11-21T16:30:00,Strada Urbana,in corrispondenza,VIALE VATICANO,,Scontro frontale fra veicoli in marcia,Curva senza visuale libera,Una carreggiata a doppio senso,Bagnato (pioggia),Asfaltata,Verticale ed orizzontale,Pioggia in atto,Normale,Sufficiente,Sufficiente,0,0,0,3,12.44883,41.90508,True,z,del civico n.,,62
2591926,17,2015-11-21T16:45:00,Strada Urbana,da specificare,LUNGOTEVERE IN SASSIA,CARREGGIATA DIREZIONE GREGORIO VII,Veicolo in marcia contro ostacolo fisso,Curva senza visuale libera,Una carreggiata a senso unico di marcia,Bagnato (pioggia),Asfaltata,Assente,Pioggia in atto,Normale,Buona,Sufficiente,0,0,0,1,12.46196,41.8997,True,z,,,
2590859,1,2015-11-21T17:00:00,Strada Urbana,in prossimitíæ,VIA DELL'AMBA ARADAM,,Tamponamento,Rettilineo,Una carreggiata a doppio senso,Bagnato (umiditíæ in atto),Asfaltata,Verticale ed orizzontale,Nuvoloso,Normale,Buona,Sufficiente,0,0,0,5,12.50095,41.88425,True,z,del civico n.,,15
2591227,20,2015-11-21T17:05:00,Statale entro l'abitato,in corrispondenza,VIA CASSIA,,Investimento di pedone,Rettilineo,Una carreggiata a doppio senso,Bagnato (pioggia),Asfaltata,Verticale ed orizzontale,Pioggia in atto,Normale,Buona,Sufficiente,0,1,0,1,,,False,z,del civico n.,,1758
2591887,7,2015-11-21T17:10:00,Strada Urbana,da specificare,VIA COLLATINA,in prossimitíæ di via Salone direzione Roma centro,Veicolo in marcia contro ostacolo accidentale,Curva a visuale libera,Una carreggiata a doppio senso,Bagnato (pioggia),Con buche,Orizzontale,Pioggia in atto,Normale,Sufficiente,Sufficiente,0,0,0,2,12.63791,41.91086,True,z,,,
2592342,17,2015-11-21T17:10:00,Strada Urbana,da specificare,BORGO ANGELICO,fronte civico 36,Veicoli in marcia contro veicolo fermo,Rettilineo,Una carreggiata a senso unico di marcia,Bagnato (pioggia),Acciotolata,Verticale ed orizzontale,Nuvoloso,Scarso,Sufficiente,Sufficiente,0,0,0,2,12.45922,41.90524,False,z,,,
2590146,17,2015-11-21T17:10:00,Strada Urbana,in prossimitíæ,VIALE DEI BASTIONI DI MICHELANGELO,,Tamponamento Multiplo,Rettilineo,Una carreggiata a doppio senso,Bagnato (pioggia),Asfaltata,Verticale ed orizzontale,Pioggia in atto,Normale,Buona,Sufficiente,0,0,0,4,12.45646,41.90622,True,z,del civico n.,,1
2591585,5,2015-11-21T17:30:00,Strada Urbana,da specificare,VIA DI MARCO SIMONE,Rotatoria Palombarese,Scontro laterale fra veicoli in marcia,Rettilineo,Due carreggiate,Bagnato (umiditíæ in atto),Asfaltata,Verticale ed orizzontale,Nuvoloso,Normale,Sufficiente,Sufficiente,1,0,0,2,12.62384,41.9606,True,z,,,
2591800,7,2015-11-21T18:00:00,Strada Urbana,in corrispondenza,VIA DI TOR TRE TESTE,,Scontro frontale-laterale SX fra veicoli in marcia,Rettilineo,Una carreggiata a doppio senso,Bagnato (pioggia),Asfaltata,Assente,Nuvoloso,Normale,Sufficiente,Sufficiente,0,0,0,3,12.58774,41.86899,True,z,del civico n.,,10
2590697,9,2015-11-21T18:00:00,,in corrispondenza,PIAZZA S. DOMENICO SAVIO,,Veicolo in marcia contro veicolo in sosta,,,,,,,,,,0,0,0,0,12.52885,41.87673,False,z,del civico n.,,9
2590175,10,2015-11-21T18:15:00,Strada Urbana,in prossimitíæ,VIA DELLA STAZIONE DI CIAMPINO,,Investimento di pedone,Rettilineo,Una carreggiata a doppio senso,Bagnato (pioggia),Asfaltata,Verticale ed orizzontale,Pioggia in atto,Intenso,Sufficiente,Sufficiente,1,0,0,1,,,False,z,del civico n.,,58
2591944,4,2015-11-21T18:20:00,,in corrispondenza,VIALE TIRRENO,,Investimento di pedone,,,,,,,,,,1,0,0,1,12.53304,41.93602,False,z,del civico n.,,16
2594275,18,2015-11-21T18:45:00,Strada Urbana,in corrispondenza,VIA BALDO DEGLI UBALDI,,Veicolo in marcia contro veicolo in sosta,Rettilineo,Due carreggiate,Asciutto,Asfaltata,Orizzontale,Nuvoloso,Scarso,Sufficiente,Sufficiente,0,0,0,2,12.4351,41.8992,True,z,del civico n.,,144
2590492,8,2015-11-21T19:00:00,Strada Urbana,in prossimitíæ,VIA COLLATINA,,Veicolo in marcia contro ostacolo accidentale,Rettilineo,Una carreggiata a doppio senso,Bagnato (pioggia),Asfaltata,Assente,Nuvoloso,Normale,Insufficiente,Insufficiente,0,0,0,1,12.61053,41.90604,False,z,del civico n.,,960
2592427,12,2015-11-21T19:15:00,Strada Urbana,in corrispondenza,VIA DEL PONTE DI PISCINA CUPA,,Veicolo in marcia contro ostacolo accidentale,Rettilineo,Una carreggiata a doppio senso,Asciutto,Asfaltata,Verticale ed orizzontale,Sereno,Normale,Sufficiente,Sufficiente,0,0,0,1,12.44884,41.71929,True,z,del civico n.,,33
2591555,11,2015-11-21T19:40:00,Strada Urbana,all'intersezione semaforizzata con,VIA DI GROTTA PERFETTA,,Scontro frontale-laterale SX fra veicoli in marcia,Intersezione semaforizzata,Pií_ di due carreggiate,Bagnato (umiditíæ in atto),Asfaltata,Verticale ed orizzontale,Nuvoloso,Normale,Sufficiente,Sufficiente,0,0,0,3,12.50773,41.83806,True,z,VIA CALDERON DE LA BARCA,VIA CALDERON DE LA BARCA,
2591742,2,2015-11-21T19:45:00,Strada Urbana,da specificare,VIA PO,pross. civ. 22,Veicolo in marcia contro veicolo in sosta,Rettilineo,Una carreggiata a doppio senso,Bagnato (umiditíæ in atto),Asfaltata,Verticale ed orizzontale,Nuvoloso,Scarso,Buona,Sufficiente,0,0,0,1,12.49578,41.915,True,z,,,
2591236,20,2015-11-21T19:50:00,Strada Urbana,in corrispondenza,VIADOTTO GIUBILEO DEL 2000,,Ribaltamento senza urto contro ostacolo fisso,Curva a visuale libera,Due carreggiate,Bagnato (umiditíæ in atto),Asfaltata,Verticale ed orizzontale,Nuvoloso,Normale,Sufficiente,Sufficiente,1,0,0,0,,,False,z,della chilometrica,,13.3
2593603,1,2015-11-21T20:00:00,Strada Urbana,in corrispondenza,VIALE AVENTINO,,Veicolo in marcia contro veicolo in sosta,Rettilineo,Pií_ di due carreggiate,Asciutto,In cubetti di porfido,Assente,Sereno,Scarso,Buona,Sufficiente,0,0,0,2,12.48694,41.88302,True,z,del civico n.,,30
2591863,4,2015-11-21T20:00:00,Strada Urbana,in prossimitíæ,VIALE JONIO,,Veicolo in marcia contro veicoli in sosta,Rettilineo,Due carreggiate,Bagnato (umiditíæ in atto),Asfaltata,Verticale ed orizzontale,Nuvoloso,Normale,Buona,Sufficiente,0,0,0,3,12.52833,41.94595,True,z,del civico n.,,354
2596580,17,2015-11-21T20:10:00,Strada Urbana,in prossimitíæ,VIA DELLA GIULIANA,,Infortunio per sola frenata improvvisa,Rettilineo,Una carreggiata a doppio senso,Asciutto,Asfaltata,Orizzontale,Nuvoloso,Normale,Sufficiente,Sufficiente,0,0,0,2,12.4541,41.91375,True,z,del civico n.,,71
2591599,5,2015-11-21T20:15:00,Strada Urbana,all'intersezione con,VIA CONTE DI CARMAGNOLA,,Scontro frontale-laterale DX fra veicoli in marcia,Incrocio,Una carreggiata a senso unico di marcia,Asciutto,Asfaltata,Verticale ed orizzontale,Nuvoloso,Scarso,Sufficiente,Sufficiente,0,0,0,2,12.53559,41.89038,True,z,VIA MUZIO ATTENDOLO,VIA MUZIO ATTENDOLO,
2592092,8,2015-11-21T20:30:00,Strada Urbana,in prossimitíæ,VIA CASILINA,,Scontro laterale fra veicoli in marcia,Rettilineo,Una carreggiata a doppio senso,Bagnato (umiditíæ in atto),Asfaltata,Verticale ed orizzontale,Nuvoloso,Normale,Sufficiente,Sufficiente,1,0,0,0,12.67257,41.86401,False,z,del civico n.,,1787