_ID,_Gruppo,_DataOraIncidente,_Localizzazione1,_Localizzazione2,_Strada1,_DaSpecificare,_NaturaIncidente,_ParticolaritaStrade,_TipoStrada,_FondoStradale,_Pavimentazione,_Segnaletica,_CondizioneAtmosferica,_Traffico,_Visibilita,_Illuminazione,_NUM_FERITI,_NUM_RISERVATA,_NUM_MORTI,_NUM_ILLESI,_Longitudine,_Latitudine,_CONFERMATO,__prefix,_Strada02,_Strada2,_Chilometrica
2591799,10,2015-11-21T21:15:00,Strada Urbana,all'intersezione con,VIA PONZIO COMINIO,,Scontro laterale fra veicoli in marcia,Incrocio,Una carreggiata a senso unico di marcia,Asciutto,Asfaltata,Verticale ed orizzontale,Sereno,Normale,Buona,Sufficiente,0,0,0,5,12.55789,41.86068,True,z,VIA FLAVIO STILICONE,VIA FLAVIO STILICONE,
2590757,13,2015-11-21T22:30:00,,da specificare,VIALE DEI ROMAGNOLI,Via Ostiense direzione Stazione di Acilia,Scontro laterale fra veicoli in marcia,,,,,,,,,,0,0,0,1,,,False,z,,,
2591705,12,2015-11-21T23:00:00,Strada Urbana,da specificare,VIA DI TRAFUSA,circa a metíæ,Veicolo in marcia contro ostacolo accidentale,Rettilineo,Una carreggiata a senso unico di marcia,Asciutto,Asfaltata,Orizzontale,Vento forte,Scarso,Buona,Insufficiente,0,0,0,2,12.41926,41.80253,True,z,,,
2591632,13,2015-11-22T00:10:00,Strada Urbana,in prossimitíæ,VIA DI CASAL PALOCCO,,Veicolo in marcia contro ostacolo accidentale,Rettilineo,Una carreggiata a senso unico di marcia,Asciutto,Asfaltata,Assente,Vento forte,Scarso,Buona,Sufficiente,0,0,0,1,12.35263,41.75034,True,z,del civico n.,,130
2591864,10,2015-11-22T00:10:00,Strada Urbana,all'intersezione con,VIA TUSCOLANA,,Scontro frontale-laterale SX fra veicoli in marcia,Incrocio,Due carreggiate,Asciutto,Asfaltata,Verticale ed orizzontale,Nuvoloso,Scarso,Buona,Sufficiente,2,0,0,1,12.5271,41.87586,False,z,VIA MANLIO CAPITOLINO,VIA MANLIO CAPITOLINO,
2591888,12,2015-11-22T00:20:00,Strada Urbana,in corrispondenza,VIALE AMERICA,,Veicoli in marcia contro veicoli fermi,Rettilineo,Una carreggiata a doppio senso,Asciutto,Asfaltata,Verticale ed orizzontale,Vento forte,Normale,Sufficiente,Sufficiente,0,0,0,2,,,False,z,del civico n.,,250
2590693,13,2015-11-22T00:30:00,Strada Urbana,da specificare,VIA GUIDO CALZA,altezza cavalcavia pedonale di Ostia Antica,Veicolo in marcia contro ostacolo accidentale,Rotatoria,Una carreggiata a senso unico di marcia,Bagnato (pioggia),Asfaltata,Verticale ed orizzontale,Pioggia in atto,Scarso,Sufficiente,Sufficiente,0,0,0,1,12.28702,41.74918,True,z,,,
2591994,13,2015-11-22T01:00:00,Strada Urbana,in prossimitíæ,VIA DELLE BALEARI,,Veicolo in marcia contro veicoli in sosta,Rettilineo,Una carreggiata a senso unico di marcia,Asciutto,Asfaltata,Assente,Sereno,Scarso,Buona,Sufficiente,0,0,0,1,12.27957,41.73588,True,z,del civico n.,,253
2591610,5,2015-11-22T01:20:00,Strada Urbana,in prossimitíæ,VIA DI PIETRALATA,,Veicolo in marcia contro veicolo in sosta,Curva a visuale libera,Una carreggiata a doppio senso,Bagnato (pioggia),Asfaltata,Assente,Nuvoloso,Scarso,Sufficiente,Sufficiente,0,0,0,4,12.53756,41.92619,True,z,del civico n.,,157
2590700,1,2015-11-22T02:00:00,Strada Urbana,da specificare,LUNGOTEVERE DEI FIORENTINI,IN CORRISPON. PIAZZA P. PAOLI,Scontro laterale fra veicoli in marcia,Rettilineo,Una carreggiata a senso unico di marcia,Bagnato (umiditíæ in atto),Asfaltata,Verticale ed orizzontale,Nuvoloso,Scarso,Sufficiente,Sufficiente,0,0,0,3,,,False,z,,,
2591567,15,2015-11-22T02:10:00,Strada Urbana,da specificare,VIALE DEL TINTORETTO,fronte civico 76,Scontro frontale fra veicoli in marcia,Rettilineo,Due carreggiate,Bagnato (pioggia),Asfaltata,Verticale ed orizzontale,Pioggia in atto,Scarso,Sufficiente,Sufficiente,1,1,0,0,12.48128,41.83807,True,z,,,
2590667,7,2015-11-22T02:35:00,Strada Urbana,in prossimitíæ,VIALE GIORGIO MORANDI,,Veicolo in marcia contro veicolo in sosta,Curva a visuale libera,Una carreggiata a senso unico di marcia,Bagnato (pioggia),Asfaltata,Assente,Nuvoloso,Scarso,Buona,Sufficiente,1,0,0,0,12.58592,41.898,True,z,del civico n.,,38
2591615,5,2015-11-22T04:00:00,Strada Urbana,da specificare,VIA NOMENTANA,prossimita via Bonvesin della Riva,Veicolo in marcia contro ostacolo fisso,Rettilineo,Una carreggiata a doppio senso,Bagnato (pioggia),Asfaltata,Verticale ed orizzontale,Nuvoloso,Scarso,Sufficiente,Sufficiente,1,0,0,0,12.60205,41.96795,False,z,,,
2603188,16,2015-11-22T04:00:00,Strada Urbana,in prossimitíæ,VIA ANTONIO CESARI,,Veicolo in marcia contro veicolo in sosta,Rettilineo,Una carreggiata a doppio senso,Asciutto,Asfaltata,Verticale,Nuvoloso,Scarso,Buona,Ore Diurne,0,0,0,1,12.46016,41.88099,True,z,del civico n.,,2
2593181,1,2015-11-22T04:30:00,Strada Urbana,in prossimitíæ,LUNGOTEVERE RIPA,,Veicolo in marcia contro veicoli in sosta,Rettilineo,Una carreggiata a senso unico di marcia,Bagnato (umiditíæ in atto),Asfaltata,Verticale ed orizzontale,Nuvoloso,Normale,Sufficiente,Sufficiente,0,0,0,2,12.47885,41.88786,True,z,del palo luce n.,,9
2591653,5,2015-11-22T06:00:00,Strada Urbana,da specificare,VIALE KANT,alt. via Schopenhauer,Veicolo in marcia contro ostacolo fisso,Rettilineo,Una carreggiata a doppio senso,Bagnato (umiditíæ in atto),Asfaltata,Verticale ed orizzontale,Pioggia in atto,Scarso,Buona,Sufficiente,0,0,0,2,12.55733,41.93311,True,z,,,
2591832,10,2015-11-22T06:05:00,Strada Urbana,all'intersezione con,VIA TUSCOLANA,,Tamponamento Multiplo,Incrocio,Due carreggiate,Bagnato (pioggia),Asfaltata,Verticale ed orizzontale,Pioggia in atto,Scarso,Sufficiente,Sufficiente,1,0,0,2,12.55109,41.86275,True,z,VIA DEGLI OPIMIANI,VIA DEGLI OPIMIANI,
2590707,9,2015-11-22T06:20:00,Strada Urbana,in prossimitíæ,VIA BRITANNIA,,Veicolo in marcia contro veicolo in sosta,Rettilineo,Una carreggiata a doppio senso,Bagnato (umiditíæ in atto),Asfaltata,Orizzontale,Nuvoloso,Scarso,Buona,Sufficiente,0,0,0,5,12.50818,41.87972,True,z,del civico n.,,36
2592040,3,2015-11-22T06:35:00,Strada Urbana,all'intersezione con,VIA TIBURTINA,,Scontro frontale-laterale DX fra veicoli in marcia,Incrocio,Due carreggiate,Bagnato (pioggia),Asfaltata,Verticale ed orizzontale,Nuvoloso,Scarso,Buona,Sufficiente,0,0,0,4,12.51511,41.89862,True,z,VIA DEI SARDI,VIA DEI SARDI,
2591852,17,2015-11-22T06:45:00,Strada Urbana,da specificare,VIALE VATICANO,altezza VIA VITTOR PISANI,Infortunio per sola frenata improvvisa,Curva senza visuale libera,Una carreggiata a doppio senso,Bagnato (pioggia),Asfaltata,Verticale ed orizzontale,Nuvoloso,Scarso,Buona,Ore Diurne,0,0,0,1,12.45048,41.90661,True,z,,,
2591748,19,2015-11-22T07:00:00,Strada Urbana,in corrispondenza,VIA CRESCENTINO,,Veicolo in marcia contro ostacolo fisso,Rettilineo,Una carreggiata a doppio senso,Asciutto,Asfaltata,Assente,Sereno,Scarso,Buona,Ore Diurne,0,0,0,1,12.25564,41.99642,True,z,del civico n.,,85
2591249,20,2015-11-22T07:20:00,Strada Urbana,in prossimitíæ,VIALE DI TOR DI QUINTO,,Veicolo in marcia contro ostacolo fisso,Rettilineo,Due carreggiate,Bagnato (umiditíæ in atto),Asfaltata,Verticale ed orizzontale,Nuvoloso,Normale,Buona,Ore Diurne,0,0,0,1,12.48457,41.94935,True,z,del civico n.,,155
2592031,4,2015-11-22T07:20:00,Strada Urbana,da specificare,VIA DEL FORO ITALICO,100 MT PRIMA DELLA GALLERIA GIOVANNI XXIII,Ribaltamento senza urto contro ostacolo fisso,Rettilineo,Due carreggiate,Bagnato (umiditíæ in atto),Asfaltata,Verticale ed orizzontale,Nuvoloso,Scarso,Buona,Ore Diurne,0,0,0,1,12.48104,41.94025,False,z,,,
2591985,4,2015-11-22T07:30:00,,da specificare,VIA DEI PRATI FISCALI,dir. Salaria  alt. Palo Acea n. 86,Veicolo in marcia contro ostacolo fisso,,,,,,,,,,1,0,0,0,12.5161,41.94608,False,z,,,
2591882,17,2015-11-22T07:45:00,Strada Urbana,in corrispondenza,VIALE VATICANO,,Veicolo in marcia contro ostacolo fisso,Curva senza visuale libera,Una carreggiata a doppio senso,Bagnato (pioggia),Asfaltata,Verticale ed orizzontale,Nuvoloso,Scarso,Sufficiente,Ore Diurne,1,0,0,0,12.44901,41.90526,False,z,del civico n.,,67
2591518,11,2015-11-22T07:50:00,Strada Urbana,in prossimitíæ,VIA CRISTOFORO COLOMBO,,Ribaltamento senza urto contro ostacolo fisso,Rettilineo,Pií_ di due carreggiate,Bagnato (umiditíæ in atto),Asfaltata,Orizzontale,Nuvoloso,Scarso,Buona,Ore Diurne,1,0,0,0,12.49838,41.86016,True,z,del palo luce n.,,92-94
2591678,19,2015-11-22T09:10:00,Provinciale entro l'abitato,da specificare,VIA BRACCIANENSE,"km 2,1 ",Scontro frontale fra veicoli in marcia,Curva senza visuale libera,Una carreggiata a doppio senso,Asciutto,Asfaltata,Orizzontale,Sereno,Scarso,Buona,Ore Diurne,7,1,0,0,12.37291,42.01025,True,z,,,
2591780,10,2015-11-22T09:20:00,Strada Urbana,all'intersezione semaforizzata con,VIA QUINTO PUBLICIO,,Scontro laterale fra veicoli in marcia,Intersezione semaforizzata,Una carreggiata a senso unico di marcia,Asciutto,Asfaltata,Verticale ed orizzontale,Sereno,Normale,Sufficiente,Ore Diurne,0,0,0,2,12.57091,41.85612,True,z,VIALE PALMIRO TOGLIATTI,VIALE PALMIRO TOGLIATTI,
2591513,8,2015-11-22T09:30:00,Strada Urbana,in prossimitíæ,VIA ALBERTO FASSINI,,Veicolo in marcia contro veicolo in sosta,Rettilineo,Una carreggiata a senso unico di marcia,Bagnato (umiditíæ in atto),Asfaltata,Verticale,Nuvoloso,Scarso,Buona,Ore Diurne,0,0,0,0,12.6228,41.86138,True,z,del civico n.,,12
2591257,20,2015-11-22T10:00:00,Statale entro l'abitato,in corrispondenza,VIA CASSIA,,Scontro frontale-laterale SX fra veicoli in marcia,Rettilineo,Una carreggiata a doppio senso,Asciutto,Asfaltata,Orizzontale,Sereno,Normale,Buona,Ore Diurne,0,0,0,2,12.38002,42.00593,True,z,del civico n.,,1695
2591661,5,2015-11-22T10:10:00,Strada Urbana,da specificare,VIA DI PIETRALATA,alt. via dei Durantini,Tamponamento,Curva senza visuale libera,Due carreggiate,Asciutto,Asfaltata,Assente,Sereno,Normale,Buona,Ore Diurne,0,0,0,2,12.54693,41.921,True,z,,,
2590797,7,2015-11-22T11:00:00,Strada Urbana,all'intersezione con,VIA DEI FAGGI,,Scontro frontale-laterale SX fra veicoli in marcia,Intersezione stradale segnalata,Due carreggiate,Asciutto,Asfaltata,Verticale ed orizzontale,Sereno,Normale,Buona,Ore Diurne,0,0,0,3,12.56427,41.88419,True,z,VIA DEI NOCI,VIA DEI NOCI,
2592345,16,2015-11-22T11:15:00,Strada Urbana,in prossimitíæ,VIALE DI TRASTEVERE,,Infortunio per sola frenata improvvisa,Rettilineo,Pií_ di due carreggiate,Asciutto,Asfaltata,Verticale ed orizzontale,Sereno,Normale,Buona,Ore Diurne,2,0,0,1,12.46927,41.88308,False,z,del civico n.,,183
2583295,16,2015-11-22T11:20:00,Strada Urbana,all'intersezione con,VIA LUIGI ARATI,,Scontro frontale-laterale SX fra veicoli in marcia,Incrocio,Una carreggiata a doppio senso,Asciutto,Asfaltata,Verticale,Sereno,Normale,Buona,Ore Diurne,0,0,0,2,12.44195,41.87247,True,z,VIA VINCENZO TIZZANI,VIA VINCENZO TIZZANI,
2591268,20,2015-11-22T11:35:00,Strada Urbana,in corrispondenza,VIALE DI TOR DI QUINTO,,Scontro frontale-laterale DX fra veicoli in marcia,Curva a visuale libera,Una carreggiata a doppio senso,Asciutto,Asfaltata,Verticale ed orizzontale,Sereno,Normale,Buona,Ore Diurne,1,0,0,6,,,False,z,del civico n.,,58
2592029,3,2015-11-22T12:00:00,Strada Urbana,da specificare,VIA TIBURTINA,direzione Rebibbia fronte Verano,Veicolo in marcia contro ostacolo fisso,Curva senza visuale libera,Una carreggiata a senso unico di marcia,Bagnato (pioggia),Asfaltata,Verticale,Pioggia in atto,Scarso,Sufficiente,Sufficiente,0,0,0,0,12.53048,41.90854,True,z,,,
2594363,18,2015-11-22T12:10:00,Strada Urbana,all'intersezione con,VIA PIETRO UBALDO ANGELETTI,,Scontro frontale-laterale SX fra veicoli in marcia,Intersezione stradale segnalata,Due carreggiate,Asciutto,Asfaltata,Verticale ed orizzontale,Sereno,Scarso,Buona,Ore Diurne,1,0,0,2,12.38764,41.90972,True,z,VIA DAVIDE GIORDANO,VIA DAVIDE GIORDANO,
2590956,10,2015-11-22T12:35:00,Provinciale entro l'abitato,in prossimitíæ,VIA TUSCOLANA,,Tamponamento,Rettilineo,Due carreggiate,Asciutto,Asfaltata,Verticale ed orizzontale,Sereno,Normale,Buona,Ore Diurne,1,0,0,3,12.6251,41.82733,False,z,del civico n.,,2108
2591554,6,2015-11-22T12:40:00,Strada Urbana,in prossimitíæ,VIALE DELLA VENEZIA GIULIA,,Scontro frontale-laterale SX fra veicoli in marcia,Rettilineo,Una carreggiata a doppio senso,Asciutto,Asfaltata,Orizzontale,Sereno,Scarso,Buona,Ore Diurne,2,0,0,2,12.55331,41.89658,True,z,del civico n.,,51
2592449,12,2015-11-22T12:45:00,Regionale,da specificare,VIA PONTINA,in corrispondenza km 18.000 dir. Roma centro,Veicolo in marcia contro ostacolo accidentale,Rettilineo,Una carreggiata a senso unico di marcia,Asciutto,Asfaltata,Verticale ed orizzontale,Sereno,Normale,Buona,Ore Diurne,0,0,0,4,12.45138,41.79059,True,z,,,
2591973,13,2015-11-22T13:20:00,Strada Urbana,da specificare,VIA DEL CANALE DELLA LINGUA,altezza Via Conone,Tamponamento,Rettilineo,Una carreggiata a doppio senso,Asciutto,Asfaltata,Verticale ed orizzontale,Sereno,Normale,Buona,Ore Diurne,0,0,0,5,12.34089,41.74051,True,z,,,
2591549,8,2015-11-22T13:30:00,Strada Urbana,da specificare,VIA DI SALONE,100 mt dopo Via Collatina dir. Via Noale,Veicolo in marcia contro ostacolo accidentale,Rettilineo,Una carreggiata a doppio senso,Asciutto,Asfaltata,Verticale,Sereno,Scarso,Buona,Ore Diurne,0,0,0,1,12.63816,41.9121,True,z,,,
2591729,7,2015-11-22T13:40:00,Strada Urbana,all'intersezione con,PIAZZA TEOFRASTO,,Scontro frontale-laterale DX fra veicoli in marcia,Incrocio,Una carreggiata a doppio senso,Asciutto,Asfaltata,Verticale ed orizzontale,Sereno,Scarso,Buona,Ore Diurne,0,0,0,3,12.56449,41.89153,False,z,VIA FEDERICO DELPINO,VIA FEDERICO DELPINO,
2591769,7,2015-11-22T14:00:00,Strada Urbana,in prossimitíæ,VIALE PALMIRO TOGLIATTI,,Veicolo in marcia contro ostacolo accidentale,Rettilineo,Due carreggiate,Asciutto,Asfaltata,Verticale ed orizzontale,Sereno,Normale,Buona,Ore Diurne,0,0,0,1,12.57432,41.89365,True,z,del civico n.,,985
2593228,1,2015-11-22T14:20:00,Strada Urbana,in corrispondenza,VIA DELL'AMBA ARADAM,,Scontro frontale-laterale SX fra veicoli in marcia,Rettilineo,Una carreggiata a doppio senso,Asciutto,Asfaltata,Verticale ed orizzontale,Nuvoloso,Normale,Buona,Ore Diurne,1,0,0,2,12.50157,41.88483,False,z,del civico n.,,12-A
2591471,9,2015-11-22T14:40:00,Strada Urbana,in corrispondenza,PIAZZA DEI RE DI ROMA,,Scontro laterale fra veicoli in marcia,Rettilineo,Una carreggiata a senso unico di marcia,Asciutto,Asfaltata,Verticale ed orizzontale,Nuvoloso,Normale,Buona,Ore Diurne,0,0,0,3,12.51409,41.88113,False,z,del civico n.,,8
2593871,1,2015-11-22T14:45:00,Strada Urbana,all'intersezione con,PIAZZA DELLA BOCCA DELLA VERITA',,Scontro laterale fra veicoli in marcia,Incrocio,Una carreggiata a senso unico di marcia,Asciutto,Acciotolata,Verticale ed orizzontale,Nuvoloso,Normale,Buona,Ore Diurne,0,0,0,3,12.48126,41.88927,True,z,VIA LUIGI PETROSELLI,VIA LUIGI PETROSELLI,
2591582,20,2015-11-22T15:30:00,Regionale entro l'abitato,all'intersezione con,VIA CASSIA,,Scontro frontale-laterale DX fra veicoli in marcia,Incrocio,Una carreggiata a doppio senso,Asciutto,Asfaltata,Verticale ed orizzontale,Nuvoloso,Intenso,Buona,Ore Diurne,0,0,0,5,,,False,z,VIA DELLA TORRE DELLE CORNACCHIE,VIA DELLA TORRE DELLE CORNACCHIE,
2591795,18,2015-11-22T16:30:00,Strada Urbana,da specificare,PIAZZA DEI GIURECONSULTI,fronte civico 31,Scontro laterale fra veicoli in marcia,Rettilineo,Due carreggiate,Asciutto,Asfaltata,Verticale ed orizzontale,Nuvoloso,Normale,Buona,Sufficiente,1,0,0,1,12.42564,41.90218,False,z,,,
2591498,11,2015-11-22T16:45:00,Strada Urbana,da specificare,LUNGOTEVERE DI S. PAOLO,in corrispondenza di P.LE EDISON,Scontro frontale-laterale SX fra veicoli in marcia,Rettilineo,Due carreggiate,Asciutto,Asfaltata,Orizzontale,Nuvoloso,Scarso,Buona,Sufficiente,0,0,0,5,12.47149,41.85885,True,z,,,
2591540,8,2015-11-22T16:45:00,Strada Urbana,all'intersezione con,VIA CASILINA,,Scontro frontale-laterale DX fra veicoli in marcia,Incrocio,Una carreggiata a doppio senso,Asciutto,Asfaltata,Verticale ed orizzontale,Sereno,Normale,Buona,Ore Diurne,0,0,0,5,12.68536,41.86257,True,z,VIA DI PRATAPORCI,VIA DI PRATAPORCI,
2594430,18,2015-11-22T17:15:00,Strada Urbana,in prossimitíæ,VIA AURELIA,,Tamponamento,Rettilineo,Due carreggiate,Asciutto,Asfaltata,Verticale ed orizzontale,Sereno,Normale,Sufficiente,Sufficiente,0,0,0,4,12.41426,41.89282,True,z,del civico n.,,712
2591617,20,2015-11-22T17:40:00,,in corrispondenza,VIA DI VILLA SEVERINI,,Veicolo in marcia contro veicoli in sosta,,,,,,,,,,1,0,0,1,,,False,z,del civico n.,,30
2592106,2,2015-11-22T18:10:00,Strada Urbana,in prossimitíæ,LUNGOTEVERE FLAMINIO,,Investimento di pedone,Rettilineo,Una carreggiata a doppio senso,Asciutto,Asfaltata,Verticale ed orizzontale,Nuvoloso,Normale,Sufficiente,Sufficiente,1,0,0,1,,,False,z,del civico n.,,29
2594594,18,2015-11-22T18:30:00,Strada Urbana,in prossimitíæ,VIA AURELIA,,Investimento di pedone,Rettilineo,Una carreggiata a doppio senso,Asciutto,Asfaltata,Orizzontale,Sereno,Normale,Sufficiente,Insufficiente,1,0,0,1,12.43941,41.89825,True,z,del civico n.,,fronte 273
2591558,8,2015-11-22T18:30:00,Strada Urbana,in corrispondenza,VIA GIORGIO GRAPPELLI,,Veicolo in marcia contro ostacolo accidentale,Rotatoria,Una carreggiata a senso unico di marcia,Asciutto,Asfaltata,Orizzontale,Nuvoloso,Normale,Sufficiente,Sufficiente,0,0,0,1,12.65753,41.91169,True,z,del palo luce n.,,5
2591618,11,2015-11-22T18:30:00,Strada Urbana,da specificare,VIA CRISTOFORO COLOMBO,carr. centrale dir. EUR alt. CONBIPEL,Scontro laterale fra veicoli in marcia,Rettilineo,Pií_ di due carreggiate,Asciutto,Asfaltata,Verticale ed orizzontale,Sereno,Normale,Buona,Ore Diurne,0,0,0,2,12.4967,41.8666,True,z,,,
2591544,8,2015-11-22T18:40:00,Strada Urbana,all'intersezione con,VIA ORTONA DE' MARSI,,Veicolo in marcia contro ostacolo accidentale,Incrocio,Una carreggiata a doppio senso,Asciutto,Strada pavimentata dissestata,Orizzontale,Nuvoloso,Normale,Insufficiente,Inesistente,0,0,0,1,12.6895,41.91357,True,z,LARGO GAGLIANO ATERNO,LARGO GAGLIANO ATERNO,
2592034,4,2015-11-22T18:55:00,Provinciale entro l'abitato,in corrispondenza,VIA NOMENTANA,,Scontro laterale fra veicoli in marcia,Rettilineo,Una carreggiata a doppio senso,Asciutto,Asfaltata,Orizzontale,Nuvoloso,Normale,Sufficiente,Ore Diurne,1,0,0,1,12.53668,41.93544,False,z,del civico n.,,657
2591539,8,2015-11-22T20:25:00,Strada Urbana,da specificare,VIALE DUILIO CAMBELLOTTI,alt.za immissione da V. Torraccio di Torrenova,Tamponamento,Rettilineo,Una carreggiata a doppio senso,Asciutto,Asfaltata,Verticale ed orizzontale,Nuvoloso,Normale,Sufficiente,Sufficiente,2,0,0,2,12.62901,41.86688,True,z,,,
2593768,1,2015-11-22T20:30:00,Strada Urbana,in corrispondenza,VIALE DI PORTA ARDEATINA,,Tamponamento,Rettilineo,Una carreggiata a doppio senso,Asciutto,Asfaltata,Verticale ed orizzontale,Nuvoloso,Scarso,Buona,Ore Diurne,3,0,0,0,12.49149,41.87481,False,z,del palo luce n.,,61
2595259,18,2015-11-22T20:35:00,Strada Urbana,in corrispondenza,VIA NICOLA COVIELLO,,Scontro laterale fra veicoli in marcia,Rettilineo,Una carreggiata a senso unico di marcia,Asciutto,Asfaltata,Verticale ed orizzontale,Nuvoloso,Normale,Buona,Sufficiente,2,0,0,2,12.41117,41.89233,False,z,del civico n.,,32
2591771,7,2015-11-22T21:15:00,Statale entro l'abitato,all'intersezione semaforizzata con,VIA CASILINA,,Scontro frontale-laterale DX fra veicoli in marcia,Intersezione semaforizzata,Una carreggiata a doppio senso,Asciutto,Asfaltata,Orizzontale,Nuvoloso,Normale,Sufficiente,Sufficiente,2,0,0,0,12.58719,41.86846,True,z,VIA DI TORRE SPACCATA,VIA DI TORRE SPACCATA,
2591727,10,2015-11-22T21:50:00,Strada Urbana,all'intersezione con,VIA TARQUINIO COLLATINO,,Veicolo in marcia contro veicoli in sosta,Intersezione semaforizzata,Una carreggiata a senso unico di marcia,Bagnato (pioggia),Asfaltata,Verticale ed orizzontale,Pioggia in atto,Scarso,Sufficiente,Sufficiente,2,0,0,1,12.56172,41.86198,True,z,VIA CALPURNIO FIAMMA,VIA CALPURNIO FIAMMA,
2592047,3,2015-11-22T22:00:00,Strada Urbana,all'intersezione semaforizzata con,VIA GIOVANNI BATTISTA MORGAGNI,,Scontro frontale-laterale DX fra veicoli in marcia,Intersezione semaforizzata,Pií_ di due carreggiate,Bagnato (pioggia),Asfaltata,Verticale ed orizzontale,Pioggia in atto,Scarso,Sufficiente,Sufficiente,1,0,0,2,12.51061,41.90982,False,z,VIALE REGINA MARGHERITA,VIALE REGINA MARGHERITA,
2594473,1,2015-11-22T22:30:00,Strada Urbana,in prossimitíæ,LUNGOTEVERE DEI TEBALDI,,Veicolo in marcia contro veicoli in sosta,Rettilineo,Una carreggiata a senso unico di marcia,Bagnato (pioggia),Asfaltata,Assente,Pioggia in atto,Scarso,Buona,Sufficiente,1,0,0,0,,,False,z,del palo luce n.,,5
2591666,6,2015-11-22T22:30:00,Strada Urbana,in prossimitíæ,VIA PONZIO COMINIO,,Veicolo in marcia contro veicoli in sosta,Rettilineo,Una carreggiata a doppio senso,Bagnato (pioggia),Asfaltata,,Pioggia in atto,Scarso,Insufficiente,Insufficiente,0,0,0,0,,,False,z,del civico n.,,77
2591631,7,2015-11-22T22:45:00,Strada Urbana,in prossimitíæ,VIA DI CENTOCELLE,,Scontro frontale fra veicoli in marcia,Curva a visuale libera,Una carreggiata a senso unico di marcia,Bagnato (pioggia),Asfaltata,Orizzontale,Pioggia in atto,Normale,Buona,Sufficiente,0,0,0,2,12.5496,41.87341,True,z,del civico n.,,110
2592083,4,2015-11-22T23:00:00,,all'intersezione con,VIA GIOVANNI VERGA,,Scontro frontale-laterale DX fra veicoli in marcia,,,,,,,,,,1,0,0,2,12.56089,41.94876,False,z,VIA GIACOMO ZANELLA,VIA GIACOMO ZANELLA,
2593458,1,2015-11-22T23:30:00,Strada Urbana,in corrispondenza,VIA FILIPPO TURATI,,Veicolo in marcia contro veicoli in sosta,Rettilineo,Una carreggiata a senso unico di marcia,Asciutto,Asfaltata,Verticale ed orizzontale,,,,,0,0,0,0,,,False,z,del palo luce n.,,118
2592015,16,2015-11-22T23:40:00,Strada Urbana,in corrispondenza,VIALE DEI COLLI PORTUENSI,,Scontro laterale fra veicoli in marcia,Rettilineo,Due carreggiate,Bagnato (pioggia),Asfaltata,Verticale ed orizzontale,Pioggia in atto,Normale,Buona,Sufficiente,1,0,0,3,12.44321,41.86965,False,z,del civico n.,,192
2592820,7,2015-11-23T01:10:00,Strada Urbana,da specificare,VIA COLLATINA,alt. palo luce 585-586,Veicolo in marcia contro ostacolo accidentale,Rettilineo,Una carreggiata a doppio senso,Bagnato (pioggia),Asfaltata,Orizzontale,Nuvoloso,Normale,Buona,Ore Diurne,0,0,0,1,12.62791,41.90856,True,z,,,
2591689,6,2015-11-23T05:25:00,,da specificare,VIALE DELLA VENEZIA GIULIA,alt. VIA CITTANOVA D'ISTRIA,Veicolo in marcia contro veicoli in sosta,,,,,,,,,,1,0,0,0,,,False,z,,,
2592893,20,2015-11-23T06:00:00,Strada Urbana,in corrispondenza,VIA JONAS EDWARD SALK,,Fuoriuscita dalla sede stradale,Curva a visuale libera,Una carreggiata a doppio senso,Bagnato (umiditíæ in atto),Asfaltata,Verticale ed orizzontale,Nuvoloso,Scarso,Sufficiente,Sufficiente,0,0,0,0,,,False,z,del civico n.,,80
2591679,20,2015-11-23T06:20:00,Regionale entro l'abitato,in corrispondenza,VIA CASSIA,,Tamponamento Multiplo,Curva senza visuale libera,Una carreggiata a senso unico di marcia,Bagnato (pioggia),Asfaltata,Verticale ed orizzontale,Nuvoloso,Intenso,Sufficiente,Sufficiente,1,0,0,3,,,False,z,della chilometrica,,17
2592901,5,2015-11-23T06:30:00,Strada Urbana,da specificare,VIA DI PORTONACCIO,altezza civico 29,Scontro frontale-laterale SX fra veicoli in marcia,Rettilineo,Una carreggiata a doppio senso,Bagnato (umiditíæ in atto),Asfaltata,Orizzontale,Nuvoloso,Intenso,Buona,Ore Diurne,1,0,0,1,12.5364,41.90356,False,z,,,
2596662,18,2015-11-23T07:40:00,Strada Urbana,in prossimitíæ,VIA GREGORIO XI,,Scontro frontale-laterale DX fra veicoli in marcia,Rettilineo,Una carreggiata a doppio senso,Bagnato (pioggia),Asfaltata,Verticale ed orizzontale,Nuvoloso,Normale,Buona,Ore Diurne,1,0,0,1,12.42073,41.90159,True,z,del civico n.,,61