_ID,_Gruppo,_DataOraIncidente,_Localizzazione1,_Localizzazione2,_Strada1,_DaSpecificare,_NaturaIncidente,_ParticolaritaStrade,_TipoStrada,_FondoStradale,_Pavimentazione,_Segnaletica,_CondizioneAtmosferica,_Traffico,_Visibilita,_Illuminazione,_NUM_FERITI,_NUM_RISERVATA,_NUM_MORTI,_NUM_ILLESI,_Longitudine,_Latitudine,_CONFERMATO,__prefix,_Strada02,_Strada2,_Chilometrica
2591865,7,2015-11-23T08:00:00,Statale entro l'abitato,all'intersezione semaforizzata con,VIA CASILINA,,Tamponamento Multiplo,Intersezione semaforizzata,Due carreggiate,Bagnato (umiditíæ in atto),Asfaltata,Verticale ed orizzontale,Nuvoloso,Intenso,Buona,Ore Diurne,0,0,0,4,12.56951,41.87415,True,z,VIALE PALMIRO TOGLIATTI,VIALE PALMIRO TOGLIATTI,
2592482,15,2015-11-23T08:20:00,Strada Urbana,all'intersezione con,PIAZZA FILIPPO ANDREA DORIA PAMPHILI,,Scontro laterale fra veicoli in marcia,Rotatoria,Una carreggiata a doppio senso,Asciutto,Asfaltata,Verticale ed orizzontale,Nuvoloso,Normale,Buona,Ore Diurne,0,0,0,5,12.45349,41.86036,True,z,VIA ERCOLE BOMBELLI,VIA ERCOLE BOMBELLI,
2591806,11,2015-11-23T08:20:00,Strada Urbana,da specificare,VIA DI GROTTA PERFETTA,prossimitíæ civ. 586,Investimento di pedone,Rettilineo,Una carreggiata a doppio senso,Asciutto,Asfaltata,Verticale ed orizzontale,Sereno,Normale,Buona,Ore Diurne,1,0,0,2,12.51237,41.8347,False,z,,,
2593250,4,2015-11-23T08:20:00,Strada Urbana,da specificare,VIA DELLA VERNA,ingresso mercato,Veicolo in marcia contro veicolo in sosta,Rettilineo,Una carreggiata a senso unico di marcia,Asciutto,Asfaltata,Verticale,Sereno,Normale,Buona,Ore Diurne,0,0,0,2,12.53721,41.94094,False,z,,,
2593358,12,2015-11-23T08:25:00,Regionale,da specificare,VIA PONTINA,direz.Pomezia 100 mt prima svolta per Mostacciano,Scontro laterale fra veicoli in marcia,Rettilineo,Due carreggiate,Bagnato (umiditíæ in atto),Asfaltata,Verticale ed orizzontale,Nuvoloso,Normale,Buona,Ore Diurne,0,0,0,3,12.45273,41.79608,True,z,,,
2593064,4,2015-11-23T08:30:00,,in corrispondenza,VIA NOMENTANA,,Veicolo in marcia contro ostacolo accidentale,,,,,,,,,,0,0,0,2,12.53992,41.93774,False,z,del civico n.,,689
2591754,6,2015-11-23T08:30:00,Provinciale entro l'abitato,all'intersezione con,VIA PRENESTINA,,Investimento di pedone,Incrocio,Pií_ di due carreggiate,Bagnato (umiditíæ in atto),Asfaltata,Verticale ed orizzontale,Nuvoloso,Normale,Buona,Ore Diurne,1,0,0,1,12.52563,41.89099,True,z,PIAZZALE PRENESTINO,PIAZZALE PRENESTINO,
2597373,18,2015-11-23T08:40:00,Strada Urbana,all'intersezione semaforizzata con,VIA DI BOCCEA,,Scontro laterale fra veicoli in marcia,Intersezione semaforizzata,Una carreggiata a doppio senso,Asciutto,Asfaltata,Verticale ed orizzontale,Nuvoloso,Normale,Buona,Ore Diurne,1,0,0,1,12.42566,41.90193,True,z,PIAZZA DEI GIURECONSULTI,PIAZZA DEI GIURECONSULTI,
2593681,1,2015-11-23T08:50:00,Strada Urbana,in prossimitíæ,LUNGOTEVERE DEI VALLATI,,Veicolo in marcia contro ostacolo accidentale,Curva a visuale libera,Una carreggiata a senso unico di marcia,Sdrucciolevole (fango),Asfaltata,Verticale ed orizzontale,Sereno,Normale,Buona,Ore Diurne,0,0,0,1,,,False,z,del civico n.,,15
2591899,6,2015-11-23T09:00:00,Strada Urbana,in corrispondenza,VIA BARTOLINO DA NOVARA,,Veicolo in marcia contro veicoli in sosta,Rettilineo,Una carreggiata a senso unico di marcia,Bagnato (umiditíæ in atto),Asfaltata,Orizzontale,Nuvoloso,Normale,Buona,Ore Diurne,0,0,0,1,12.54159,41.87691,True,z,del civico n.,,1
2593474,1,2015-11-23T09:00:00,Strada Urbana,in prossimitíæ,LUNGOTEVERE DEI VALLATI,,Veicolo in marcia contro ostacolo accidentale,Curva a visuale libera,Una carreggiata a senso unico di marcia,Sdrucciolevole (fango),Asfaltata,Verticale ed orizzontale,Sereno,Normale,Buona,Ore Diurne,1,0,0,0,,,False,z,del civico n.,,10
2593271,17,2015-11-23T09:00:00,Strada Urbana,in corrispondenza,VIA COLA DI RIENZO,,Scontro frontale-laterale DX fra veicoli in marcia,Rettilineo,Una carreggiata a doppio senso,Asciutto,Acciotolata,Verticale ed orizzontale,Nuvoloso,Normale,Buona,Ore Diurne,1,0,0,1,,,False,z,del civico n.,,241
2593229,17,2015-11-23T09:00:00,Strada Urbana,da specificare,PIAZZA DEI TRIBUNALI,altezza VIA ULPIANO,Scontro laterale fra veicoli in marcia,Rettilineo,Due carreggiate,Asciutto,Asfaltata,Verticale ed orizzontale,Sereno,Normale,Buona,Ore Diurne,0,0,0,2,12.47198,41.90364,False,z,,,
2592375,16,2015-11-23T09:00:00,Strada Urbana,in corrispondenza,VIA AURELIA ANTICA,,Tamponamento,Rettilineo,Una carreggiata a doppio senso,Asciutto,Asfaltata,Orizzontale,Sereno,Normale,Buona,Ore Diurne,0,0,0,2,12.44931,41.88893,True,z,del civico n.,,132
2591827,10,2015-11-23T09:00:00,Strada Urbana,all'intersezione semaforizzata con,VIALE PALMIRO TOGLIATTI,,Scontro laterale fra veicoli in marcia,Intersezione semaforizzata,Una carreggiata a senso unico di marcia,Bagnato (pioggia),Asfaltata,Verticale ed orizzontale,Nuvoloso,Normale,Buona,Ore Diurne,0,0,0,2,12.56962,41.85247,True,z,VIA TUSCOLANA,VIA TUSCOLANA,
2593710,1,2015-11-23T09:15:00,Strada Urbana,in prossimitíæ,LUNGOTEVERE DE' CENCI,,Veicolo in marcia contro ostacolo accidentale,Rettilineo,Una carreggiata a senso unico di marcia,Viscido da liquidi oleosi,Asfaltata,Verticale ed orizzontale,Sereno,Normale,Buona,Ore Diurne,0,0,0,2,,,False,z,del civico n.,,f 4b
2592953,20,2015-11-23T09:25:00,Strada Urbana,in prossimitíæ,VIA FLAMINIA,,Scontro frontale-laterale DX fra veicoli in marcia,Rettilineo,Una carreggiata a doppio senso,Bagnato (pioggia),Asfaltata,Verticale ed orizzontale,Nuvoloso,Normale,Buona,Ore Diurne,0,0,0,2,12.47251,41.94506,True,z,del civico n.,,629
2592038,10,2015-11-23T09:48:00,Strada Urbana,all'intersezione con,VIA AL QUARTO MIGLIO,,Investimento di pedone,Intersezione stradale segnalata,Una carreggiata a senso unico di marcia,Asciutto,Asfaltata,Verticale ed orizzontale,Nuvoloso,Normale,Buona,Ore Diurne,1,0,0,1,,,False,z,VIA ANNIA REGILLA,VIA ANNIA REGILLA,
2593740,1,2015-11-23T10:00:00,Strada Urbana,da specificare,LUNGOTEVERE DEI VALLATI,altezza parcometro e 84,Scontro frontale-laterale SX fra veicoli in marcia,Rettilineo,Una carreggiata a senso unico di marcia,Asciutto,Asfaltata,Verticale ed orizzontale,Sereno,Normale,Buona,Ore Diurne,0,0,0,3,,,False,z,,,
2593214,7,2015-11-23T10:15:00,Strada Urbana,in corrispondenza,VIA DEI CASTANI,,Investimento di pedone,Rettilineo,Due carreggiate,Asciutto,Asfaltata,Orizzontale,Nuvoloso,Normale,Buona,Ore Diurne,1,0,0,1,12.56687,41.88422,True,z,del civico n.,,138
2615453,10,2015-11-23T10:20:00,Strada Urbana,da specificare,VIA RAIMONDO SCINTU,"palo acea 22 area adiacente ""Campo Bettini""",Veicolo in marcia contro ostacolo fisso,Rettilineo,Pií_ di due carreggiate,Bagnato (pioggia),Asfaltata,Assente,Nebbia,Scarso,Buona,Ore Diurne,0,0,0,1,12.57661,41.85657,True,z,,,
2636824,17,2015-11-23T10:30:00,Strada Urbana,all'intersezione con,VIA FABIO MASSIMO,,Scontro frontale-laterale DX fra veicoli in marcia,Incrocio,Una carreggiata a senso unico di marcia,Bagnato (pioggia),Asfaltata,Verticale ed orizzontale,Nuvoloso,Normale,Buona,Ore Diurne,1,0,0,1,12.46219,41.90883,False,z,VIA DEGLI SCIPIONI,VIA DEGLI SCIPIONI,
2593433,12,2015-11-23T10:40:00,Strada Urbana,all'intersezione con,VIA CRISTOFORO COLOMBO,,Scontro frontale-laterale SX fra veicoli in marcia,Incrocio,Pií_ di due carreggiate,Asciutto,Asfaltata,Verticale ed orizzontale,Nuvoloso,Normale,Buona,Ore Diurne,0,0,0,3,12.47139,41.83492,True,z,VIALE DELLA CIVILTA' DEL LAVORO,VIALE DELLA CIVILTA' DEL LAVORO,
2592061,20,2015-11-23T10:45:00,Provinciale,in corrispondenza,VIA DI VALLE MURICANA,,Scontro frontale fra veicoli in marcia,Rettilineo,Una carreggiata a doppio senso,Bagnato (pioggia),Asfaltata,Verticale ed orizzontale,Nuvoloso,Scarso,Buona,Ore Diurne,2,0,0,0,,,False,z,del civico n.,,980
2593007,8,2015-11-23T10:50:00,Statale entro l'abitato,in prossimitíæ,VIA CASILINA,,Veicolo in marcia contro ostacolo accidentale,Rettilineo,Due carreggiate,Asciutto,Asfaltata,Verticale ed orizzontale,Nuvoloso,Normale,Sufficiente,Ore Diurne,0,0,0,1,12.65079,41.86347,True,z,del civico n.,,1523
2592450,2,2015-11-23T11:50:00,Strada Urbana,in prossimitíæ,VIA SALARIA,,Tamponamento Multiplo,Pendenza,Una carreggiata a doppio senso,Bagnato (pioggia),Asfaltata,Verticale ed orizzontale,Pioggia in atto,Normale,Buona,Ore Diurne,2,0,0,3,,,False,z,del civico n.,,fr.403
2593010,16,2015-11-23T11:50:00,Strada Urbana,all'intersezione con,VIA DI DONNA OLIMPIA,,Scontro frontale-laterale DX fra veicoli in marcia,Incrocio,Una carreggiata a doppio senso,Bagnato (pioggia),Asfaltata,Verticale ed orizzontale,Pioggia in atto,Normale,Buona,Ore Diurne,0,0,0,2,12.45352,41.87674,True,z,VIA GIUSEPPE CELANI,VIA GIUSEPPE CELANI,
2593002,8,2015-11-23T11:50:00,Strada Urbana,all'intersezione con,VIA ARAGONA,,Scontro frontale-laterale SX fra veicoli in marcia,Incrocio,Una carreggiata a doppio senso,Asciutto,Asfaltata,Assente,Nuvoloso,Normale,Buona,Ore Diurne,0,0,0,1,12.65295,41.86725,False,z,VIA RAVANUSA,VIA RAVANUSA,
2594783,18,2015-11-23T12:00:00,Strada Urbana,in prossimitíæ,VIA GRAZIANO,,Tamponamento,Rettilineo,Una carreggiata a senso unico di marcia,Bagnato (pioggia),Asfaltata,Verticale ed orizzontale,Nuvoloso,Scarso,Sufficiente,Ore Diurne,0,0,0,4,12.43058,41.89935,True,z,del civico n.,,36
2592119,11,2015-11-23T12:10:00,Strada Urbana,all'intersezione con,VIA GIOVANNIPOLI,,Scontro frontale-laterale SX fra veicoli in marcia,Intersezione stradale segnalata,Una carreggiata a doppio senso,Bagnato (pioggia),Asfaltata,Verticale ed orizzontale,Pioggia in atto,Normale,Buona,Ore Diurne,0,0,0,4,12.48067,41.85943,True,z,VIALE LEONARDO DA VINCI,VIALE LEONARDO DA VINCI,
2593386,4,2015-11-23T12:15:00,Strada Urbana,in prossimitíæ,VIA SALARIA,,Tamponamento Multiplo,Rettilineo,Due carreggiate,Bagnato (pioggia),Asfaltata,Verticale ed orizzontale,Pioggia in atto,Normale,Buona,Ore Diurne,0,0,0,4,12.50707,41.94498,True,z,del civico n.,,729
2593070,4,2015-11-23T12:15:00,,in corrispondenza,VIA DEI PRATI FISCALI,,Scontro laterale fra veicoli in marcia,,,,,,,,,,1,0,0,1,12.51985,41.9465,False,z,del civico n.,,183
2592978,19,2015-11-23T12:15:00,Strada Urbana,da specificare,VIA FRANCESCO MARCONI,alt. fronte civico 6a,Veicolo in marcia contro veicolo in sosta,Rettilineo,Una carreggiata a doppio senso,Bagnato (pioggia),Asfaltata,Orizzontale,Nuvoloso,Normale,Buona,Ore Diurne,0,0,0,2,12.42308,41.925,True,z,,,
2593084,4,2015-11-23T12:20:00,Strada Urbana,da specificare,VIA CONCA D'ORO,fronte civico 134,Veicolo in marcia contro veicolo in sosta,Rettilineo,Una carreggiata a senso unico di marcia,Bagnato (pioggia),Asfaltata,Verticale ed orizzontale,Pioggia in atto,Normale,Buona,Ore Diurne,0,0,0,1,12.52437,41.94053,True,z,,,
2593055,13,2015-11-23T12:30:00,Strada Urbana,in prossimitíæ,VIALE DELLA VITTORIA,,Veicolo in marcia contro veicolo in sosta,Rettilineo,Due carreggiate,Asciutto,Asfaltata,Orizzontale,Nuvoloso,Scarso,Buona,Ore Diurne,0,0,0,1,12.28651,41.72695,False,z,del civico n.,,3
2592526,15,2015-11-23T12:30:00,Strada Urbana,in prossimitíæ,VIA ENRICO MORSELLI,,Scontro frontale-laterale DX fra veicoli in marcia,Rettilineo,Una carreggiata a doppio senso,Asciutto,Asfaltata,Orizzontale,Sereno,Normale,Sufficiente,Ore Diurne,0,0,0,3,12.41668,41.93399,False,z,del civico n.,,17
2593000,8,2015-11-23T12:35:00,Strada Urbana,in prossimitíæ,VIA DI TORRENOVA,,Tamponamento,Rettilineo,Una carreggiata a doppio senso,Asciutto,Asfaltata,Assente,Nuvoloso,Normale,Sufficiente,Ore Diurne,0,0,0,2,12.61805,41.88322,True,z,del civico n.,,355
2593693,1,2015-11-23T12:40:00,Strada Urbana,in prossimitíæ,PIAZZA VITTORIO EMANUELE II,,Scontro frontale-laterale DX fra veicoli in marcia,Rettilineo,Una carreggiata a doppio senso,Bagnato (umiditíæ in atto),Asfaltata,Verticale ed orizzontale,Nuvoloso,Normale,Buona,Ore Diurne,0,0,0,3,12.50392,41.89395,True,z,del civico n.,,110
2592542,15,2015-11-23T12:40:00,Strada Urbana,in corrispondenza,VIA GIANNETTO VALLI,,Infortunio per sola frenata improvvisa,Curva a visuale libera,Due carreggiate,Bagnato (pioggia),Asfaltata,Verticale ed orizzontale,Pioggia in atto,Normale,Buona,Ore Diurne,0,0,0,2,12.45319,41.85347,True,z,del civico n.,,95
2593499,3,2015-11-23T12:40:00,Strada Urbana,all'intersezione con,VIA GIOVANNI BATTISTA MORGAGNI,,Scontro laterale fra veicoli in marcia,Incrocio,Una carreggiata a doppio senso,Bagnato (umiditíæ in atto),Asfaltata,Verticale ed orizzontale,Nuvoloso,Normale,Sufficiente,Ore Diurne,0,0,0,2,12.51061,41.90982,False,z,VIALE REGINA MARGHERITA,VIALE REGINA MARGHERITA,
2592917,7,2015-11-23T12:45:00,Strada Urbana,all'intersezione con,VIA DELLE ACACIE,,Scontro frontale-laterale SX fra veicoli in marcia,Incrocio,Una carreggiata a doppio senso,Bagnato (umiditíæ in atto),Asfaltata,Verticale ed orizzontale,Nuvoloso,Scarso,Buona,Ore Diurne,0,0,0,3,12.56407,41.88737,True,z,VIA DELLE CELIDONIE,VIA DELLE CELIDONIE,
2592394,9,2015-11-23T12:50:00,Strada Urbana,all'intersezione con,VIA GINO CAPPONI,,Scontro frontale-laterale SX fra veicoli in marcia,Incrocio,Una carreggiata a senso unico di marcia,Bagnato (pioggia),Asfaltata,Verticale ed orizzontale,Pioggia in atto,Normale,Buona,Ore Diurne,0,0,0,2,12.51743,41.87295,True,z,PIAZZA LAZZARO PAPI,PIAZZA LAZZARO PAPI,
2595007,12,2015-11-23T12:50:00,Provinciale entro l'abitato,da specificare,VIA LAURENTINA,rotatoria altezza via castel di leva,Scontro frontale fra veicoli in marcia,Rotatoria,Una carreggiata a senso unico di marcia,Bagnato (pioggia),Asfaltata,Verticale ed orizzontale,Pioggia in atto,Normale,Buona,Ore Diurne,0,0,0,3,12.47927,41.82458,True,z,,,
2592621,13,2015-11-23T13:00:00,Strada Urbana,all'intersezione con,VIA GIUSEPPE FIORELLI,,Scontro frontale-laterale SX fra veicoli in marcia,Incrocio,Una carreggiata a doppio senso,Bagnato (umiditíæ in atto),Asfaltata,Verticale,Nuvoloso,Scarso,Buona,Ore Diurne,1,0,0,2,12.31111,41.77046,False,z,VIA ANTONIO TARAMELLI,VIA ANTONIO TARAMELLI,
2592891,13,2015-11-23T13:20:00,Strada Urbana,all'intersezione con,VIA FRANCESCO DONATI,,Scontro laterale fra veicoli in marcia,Incrocio,Una carreggiata a senso unico di marcia,Bagnato (pioggia),Asfaltata,Assente,Pioggia in atto,Normale,Buona,Ore Diurne,2,0,0,0,12.34289,41.77762,False,z,VIA ANTONIO CRIMINALI,VIA ANTONIO CRIMINALI,
2592276,18,2015-11-23T13:20:00,Strada Urbana,in prossimitíæ,VIA NAZARETH,,Scontro frontale fra veicoli in marcia,Rettilineo,Una carreggiata a doppio senso,Bagnato (pioggia),Asfaltata,Verticale ed orizzontale,Pioggia in atto,Intenso,Buona,Ore Diurne,3,0,0,0,12.40292,41.90373,True,z,del palo luce n.,,21
2593775,18,2015-11-23T13:45:00,Strada Urbana,in corrispondenza,VIA DEI SAVORELLI,,Veicolo in marcia contro veicolo in sosta,Rettilineo,Una carreggiata a doppio senso,Bagnato (pioggia),Asfaltata,Orizzontale,Pioggia in atto,Scarso,Buona,Ore Diurne,0,0,0,0,12.43707,41.89641,True,z,del civico n.,,61
2593501,1,2015-11-23T13:55:00,Strada Urbana,all'intersezione con,VIALE AVENTINO,,Tamponamento,Incrocio,Una carreggiata a senso unico di marcia,Bagnato (pioggia),In cubetti di porfido,,Pioggia in atto,Normale,Buona,Ore Diurne,1,0,0,3,,,False,z,VIA DI S. PRISCA,VIA DI S. PRISCA,
2593130,4,2015-11-23T14:00:00,Strada Urbana,da specificare,VIA DI CASAL BOCCONE,altezza Parco IMPREME n. 200,Fuoriuscita dalla sede stradale,Curva a visuale libera,Due carreggiate,Bagnato (umiditíæ in atto),Asfaltata,Verticale ed orizzontale,Nuvoloso,Normale,Buona,Ore Diurne,0,0,0,2,12.56118,41.95151,True,z,,,
2593013,8,2015-11-23T14:00:00,Strada Urbana,da specificare,VIA DI TORRE SPACCATA,in prossimitíæ di Via dei Romanisti,Veicolo in marcia contro ostacolo accidentale,Rettilineo,Una carreggiata a doppio senso,Asciutto,Asfaltata,Verticale ed orizzontale,Nuvoloso,Scarso,Buona,Ore Diurne,0,0,0,1,12.58584,41.85747,True,z,,,
2592350,12,2015-11-23T14:10:00,Strada Urbana,in prossimitíæ,VIALE CESARE PAVESE,,Scontro laterale fra veicoli in marcia,Rettilineo,Due carreggiate,Bagnato (pioggia),Asfaltata,Verticale ed orizzontale,Pioggia in atto,Normale,Buona,Ore Diurne,1,0,0,3,12.47077,41.81666,False,z,del civico n.,,319
2593664,1,2015-11-23T14:10:00,Strada Urbana,all'intersezione semaforizzata con,VIALE MANZONI,,Scontro laterale fra veicoli in marcia,Intersezione semaforizzata,Una carreggiata a doppio senso,Bagnato (pioggia),Asfaltata,Verticale ed orizzontale,Pioggia in atto,Intenso,Buona,Ore Diurne,0,0,0,2,12.50772,41.89117,True,z,VIA DI PORTA MAGGIORE,VIA DI PORTA MAGGIORE,
2592325,19,2015-11-23T14:15:00,Strada Urbana,in corrispondenza,VIA PIETRO MAFFI,,Investimento di pedone,Rettilineo,Una carreggiata a doppio senso,Asciutto,Asfaltata,Verticale ed orizzontale,Nuvoloso,Intenso,Buona,Ore Diurne,1,0,0,1,12.41758,41.92303,True,z,del civico n.,,54
2592524,9,2015-11-23T14:25:00,Strada Urbana,da specificare,VIA FRASCATI,in prossimitíæ di Via Demetriade,Infortunio per caduta del veicolo,Rettilineo,Una carreggiata a senso unico di marcia,Bagnato (pioggia),Asfaltata,Assente,Pioggia in atto,Normale,Buona,Ore Diurne,1,0,0,0,,,False,z,,,
2592437,12,2015-11-23T14:30:00,Strada Urbana,in prossimitíæ,VIA ELIO CHIANESI,,Scontro frontale-laterale SX fra veicoli in marcia,Curva senza visuale libera,Una carreggiata a doppio senso,Bagnato (pioggia),Asfaltata,Verticale ed orizzontale,Nuvoloso,Normale,Buona,Ore Diurne,0,0,0,3,12.44795,41.80269,False,z,del civico n.,,49
2592827,9,2015-11-23T14:30:00,,all'intersezione con,VIA DELL'ARCO DI TRAVERTINO,,Scontro frontale-laterale DX fra veicoli in marcia,,,,,,,,,,1,0,0,1,12.53698,41.86807,False,z,VIA VALLEROTONDA,VIA VALLEROTONDA,
2592998,13,2015-11-23T14:50:00,Strada Urbana,all'intersezione con,VIA DELL'APPAGLIATORE,,Scontro frontale-laterale DX fra veicoli in marcia,Incrocio,Una carreggiata a doppio senso,Asciutto,Asfaltata,Orizzontale,Nuvoloso,Normale,Buona,Ore Diurne,0,0,0,2,12.26429,41.73949,True,z,VIA DELLE AZZORRE,VIA DELLE AZZORRE,
2593515,3,2015-11-23T15:00:00,Strada Urbana,all'intersezione semaforizzata con,VIALE REGINA MARGHERITA,,Tamponamento,Intersezione semaforizzata,Una carreggiata a doppio senso,Asciutto,Asfaltata,Verticale ed orizzontale,Sereno,Normale,Buona,Ore Diurne,1,0,0,1,12.50931,41.91086,False,z,PIAZZA GALENO,PIAZZA GALENO,
2592958,5,2015-11-23T15:16:00,Strada Urbana,in corrispondenza,VIA DI PIETRALATA,,Scontro laterale fra veicoli in marcia,Rettilineo,Una carreggiata a doppio senso,Bagnato (pioggia),Asfaltata,Verticale ed orizzontale,Pioggia in atto,Normale,Buona,Ore Diurne,1,0,0,2,12.55467,41.91823,False,z,del civico n.,,485
2597695,18,2015-11-23T15:30:00,Strada Urbana,in prossimitíæ,VIA DI SELVA CANDIDA,,Scontro laterale fra veicoli in marcia,Rettilineo,Una carreggiata a doppio senso,Bagnato (pioggia),Asfaltata,Verticale ed orizzontale,Pioggia in atto,Normale,Buona,Ore Diurne,1,0,0,1,12.37496,41.9254,True,z,del civico n.,,92
2592840,7,2015-11-23T15:40:00,Strada Urbana,all'intersezione con,VIA DEI GELSI,,Scontro frontale-laterale SX fra veicoli in marcia,Incrocio,Due carreggiate,Bagnato (pioggia),Asfaltata,Verticale ed orizzontale,Pioggia in atto,Normale,Buona,Ore Diurne,0,0,0,4,12.56719,41.88889,True,z,VIA DEI CICLAMINI,VIA DEI CICLAMINI,
2592393,10,2015-11-23T15:50:00,Strada Urbana,da specificare,VIA ANAGNINA,fronte civico 259,Tamponamento,Curva a visuale libera,Pií_ di due carreggiate,Bagnato (pioggia),Asfaltata,Verticale ed orizzontale,Pioggia in atto,Normale,Buona,Ore Diurne,1,0,0,2,12.60661,41.82273,True,z,,,
2593140,17,2015-11-23T16:00:00,Strada Urbana,da specificare,LUNGOTEVERE IN SASSIA,sottopasso direzione via Gregorio VII,Veicolo in marcia contro ostacolo fisso,Curva senza visuale libera,Una carreggiata a senso unico di marcia,Bagnato (pioggia),Asfaltata,Assente,Pioggia in atto,Normale,Sufficiente,Sufficiente,0,0,0,1,12.46312,41.90096,True,z,,,
2592997,8,2015-11-23T16:20:00,Strada Urbana,da specificare,VIA LUIGI RUSSOLO,altezza cavalcavia GRA dir Via Noale,Scontro laterale fra veicoli in marcia,Curva a visuale libera,Una carreggiata a doppio senso,Bagnato (pioggia),Asfaltata,Orizzontale,Pioggia in atto,Normale,Sufficiente,Sufficiente,0,0,0,7,12.61705,41.9113,True,z,,,
2592786,15,2015-11-23T16:20:00,Strada Urbana,in prossimitíæ,VIA ANTONIO PACINOTTI,,Tamponamento,Rettilineo,Una carreggiata a doppio senso,Bagnato (umiditíæ in atto),Asfaltata,Verticale ed orizzontale,Nuvoloso,Normale,Buona,Ore Diurne,0,0,0,3,12.46772,41.871,True,z,del civico n.,,18
2593519,3,2015-11-23T16:35:00,Strada Urbana,in corrispondenza,VIALE REGINA ELENA,,Veicolo in marcia contro veicolo fermo,Rettilineo,Due carreggiate,Bagnato (pioggia),Asfaltata,Orizzontale,Pioggia in atto,Normale,Sufficiente,Sufficiente,0,0,0,3,12.51322,41.90817,True,z,del civico n.,,287
2593338,17,2015-11-23T16:45:00,Strada Urbana,in corrispondenza,CIRCONVALLAZIONE CLODIA,,Scontro laterale fra veicoli in marcia,Rettilineo,Due carreggiate,Bagnato (pioggia),Asfaltata,Verticale ed orizzontale,Pioggia in atto,Normale,Buona,Sufficiente,0,0,0,2,12.45679,41.91886,True,z,del civico n.,,68
2593085,13,2015-11-23T16:45:00,Strada Urbana,da specificare,VIALE DEI ROMAGNOLI,altezza Via Fríæ Andrea da Giovanni,Tamponamento Multiplo,Rettilineo,Una carreggiata a doppio senso,Bagnato (pioggia),Asfaltata,Verticale ed orizzontale,Pioggia in atto,Intenso,Buona,Sufficiente,0,0,0,3,12.32203,41.76901,True,z,,,
2592563,12,2015-11-23T16:50:00,Strada Urbana,in prossimitíæ,VIA ALVARO DEL PORTILLO,,Scontro frontale-laterale SX fra veicoli in marcia,Curva a visuale libera,Una carreggiata a doppio senso,Bagnato (pioggia),Asfaltata,Verticale ed orizzontale,Pioggia in atto,Normale,Buona,Ore Diurne,1,0,0,1,12.47293,41.77961,False,z,del palo luce n.,,69
2593392,12,2015-11-23T16:55:00,,in corrispondenza,VIA OSTIENSE,,Tamponamento,,,,,,,,,,2,0,0,2,12.47527,41.85028,False,z,del civico n.,,260
2592801,15,2015-11-23T17:00:00,Strada Urbana,da specificare,VIALE DI PESCINA GAGLIARDA,fronte civico 123,Veicolo in marcia contro ostacolo accidentale,Rettilineo,Una carreggiata a doppio senso,Bagnato (pioggia),Asfaltata,Orizzontale,Pioggia in atto,Scarso,Buona,Ore Diurne,0,0,0,1,12.30421,41.82499,True,z,,,
2592924,5,2015-11-23T17:00:00,Strada Urbana,all'intersezione con,VIA DEI MONTI DI PIETRALATA,,Scontro frontale-laterale SX fra veicoli in marcia,Incrocio,Una carreggiata a doppio senso,Bagnato (pioggia),Asfaltata,Verticale ed orizzontale,Pioggia in atto,Intenso,Buona,Sufficiente,1,0,0,1,12.5349,41.92642,False,z,VIA DI PIETRALATA,VIA DI PIETRALATA,
2592804,15,2015-11-23T17:05:00,Strada Urbana,in prossimitíæ,VIALE DI PESCINA GAGLIARDA,,Veicolo in marcia contro ostacolo accidentale,Rettilineo,Una carreggiata a senso unico alternato,Bagnato (pioggia),Asfaltata,Orizzontale,Pioggia in atto,Scarso,Buona,Ore Diurne,0,0,0,2,12.30122,41.82332,True,z,del civico n.,,123
2592995,5,2015-11-23T17:10:00,Strada Urbana,da specificare,VIA DI PIETRALATA,ALTEZZA E LATO METROPOLITANA FERMATA BUS N. 78168,Scontro frontale fra veicoli in marcia,Rettilineo,Una carreggiata a doppio senso,Bagnato (pioggia),Asfaltata,Verticale ed orizzontale,Nuvoloso,Normale,Buona,Sufficiente,1,0,0,1,12.5556,41.915,False,z,,,
2593346,17,2015-11-23T17:15:00,,in prossimitíæ,VIA GIUSEPPE FERRARI,,Investimento di pedone,,,,,,,,,,0,0,0,2,12.46509,41.91316,False,z,del civico n.,,1-A
2592556,20,2015-11-23T17:24:00,,in corrispondenza,VIA FLAMINIA,,Investimento di pedone,,,Bagnato (pioggia),,,Nuvoloso,Normale,Sufficiente,Sufficiente,0,0,0,2,,,False,z,del civico n.,,635