_ID,_Gruppo,_DataOraIncidente,_Localizzazione1,_Localizzazione2,_Strada1,_DaSpecificare,_NaturaIncidente,_ParticolaritaStrade,_TipoStrada,_FondoStradale,_Pavimentazione,_Segnaletica,_CondizioneAtmosferica,_Traffico,_Visibilita,_Illuminazione,_NUM_FERITI,_NUM_RISERVATA,_NUM_MORTI,_NUM_ILLESI,_Longitudine,_Latitudine,_CONFERMATO,__prefix,_Strada02,_Strada2,_Chilometrica
2597915,18,2015-11-23T17:30:00,Strada Urbana,in corrispondenza,VIA AURELIA,,Scontro frontale-laterale SX fra veicoli in marcia,Rettilineo,Una carreggiata a doppio senso,Bagnato (pioggia),Asfaltata,Verticale ed orizzontale,Pioggia in atto,Intenso,Sufficiente,Sufficiente,0,0,0,5,12.41875,41.89584,False,z,del civico n.,,593
2593106,17,2015-11-23T17:30:00,Strada Urbana,da specificare,VIA DELLA CONCILIAZIONE,in prossimitíæ di P.zza Pio XII,Veicolo in marcia contro ostacolo accidentale,Rettilineo,Una carreggiata a senso unico di marcia,Bagnato (pioggia),In cubetti di porfido,Verticale ed orizzontale,Pioggia in atto,Scarso,Sufficiente,Sufficiente,1,0,0,0,12.46201,41.9025,False,z,,,
2593077,5,2015-11-23T17:30:00,Strada Urbana,all'intersezione con,VIA DI PIETRALATA,,Scontro frontale-laterale DX fra veicoli in marcia,Incrocio,Una carreggiata a doppio senso,Bagnato (pioggia),Asfaltata,Verticale,Pioggia in atto,Intenso,Buona,Sufficiente,0,0,0,4,12.55161,41.91946,True,z,VIA RAMIRO FABIANI,VIA RAMIRO FABIANI,
2592898,10,2015-11-23T17:45:00,,all'intersezione con,VIA DI VERMICINO,,Scontro frontale-laterale SX fra veicoli in marcia,,,,,,,,,,1,0,0,1,12.64348,41.82273,False,z,VIA DI PASSO LOMBARDO,VIA DI PASSO LOMBARDO,
2593354,2,2015-11-23T18:10:00,Strada Urbana,all'intersezione con,VIALE PARIOLI,,Veicolo in marcia contro veicolo in sosta,Intersezione non regolata-non segnalata,Una carreggiata a doppio senso,Bagnato (pioggia),Asfaltata,Orizzontale,Pioggia in atto,Intenso,Buona,Sufficiente,0,0,0,1,12.48615,41.92876,True,z,VIA CARLO STUPARICH,VIA CARLO STUPARICH,
2592599,19,2015-11-23T18:10:00,Strada Urbana,all'intersezione con,VIA MATTIA BATTISTINI,,Scontro laterale fra veicoli in marcia,Incrocio,Una carreggiata a doppio senso,Bagnato (pioggia),Asfaltata,Orizzontale,Pioggia in atto,Normale,Buona,Sufficiente,0,0,0,2,12.41847,41.91379,True,z,VIA ADELINA PATTI,VIA ADELINA PATTI,
2593222,16,2015-11-23T18:10:00,Strada Urbana,in prossimitíæ,VIA LEONE XIII,,Tamponamento Multiplo,Rettilineo,Due carreggiate,Bagnato (pioggia),Asfaltata,Orizzontale,Pioggia in atto,Normale,Sufficiente,Sufficiente,0,0,0,5,12.44038,41.88562,True,z,del palo luce n.,,9
2592623,2,2015-11-23T18:15:00,Strada Urbana,all'intersezione con,VIALE BRUNO BUOZZI,,Ribaltamento senza urto contro ostacolo fisso,Incrocio,Una carreggiata a doppio senso,Bagnato (pioggia),Asfaltata,Verticale ed orizzontale,Pioggia in atto,Normale,Buona,Ore Diurne,1,0,0,1,,,False,z,VIA DEI MONTI PARIOLI,VIA DEI MONTI PARIOLI,
2593623,1,2015-11-23T18:30:00,Strada Urbana,all'intersezione con,VIA VENTIQUATTRO MAGGIO,,Investimento di pedone,Incrocio,Una carreggiata a doppio senso,Bagnato (pioggia),Acciotolata,Verticale ed orizzontale,Pioggia in atto,Normale,Insufficiente,Insufficiente,0,0,0,2,12.48676,41.89886,True,z,PIAZZA DEL QUIRINALE,PIAZZA DEL QUIRINALE,
2597925,18,2015-11-23T18:35:00,Strada Urbana,in prossimitíæ,VIA AURELIA,,Ribaltamento senza urto contro ostacolo fisso,Rettilineo,Due carreggiate,Bagnato (pioggia),Asfaltata,Verticale ed orizzontale,Pioggia in atto,Intenso,Sufficiente,Sufficiente,0,0,0,3,12.41675,41.89477,True,z,del civico n.,,660
2593372,4,2015-11-23T19:00:00,,all'intersezione semaforizzata con,VIA NOMENTANA,,Tamponamento,,,,,,,,,,0,0,0,2,12.55238,41.94111,False,z,VIA ARTURO GRAF,VIA ARTURO GRAF,
2593300,2,2015-11-23T19:05:00,Strada Urbana,in corrispondenza,VIA SALARIA,,Scontro frontale-laterale SX fra veicoli in marcia,Rettilineo,Una carreggiata a doppio senso,Bagnato (pioggia),Asfaltata,Verticale ed orizzontale,Pioggia in atto,Normale,Sufficiente,Sufficiente,0,0,0,2,12.50313,41.92402,True,z,del civico n.,,267
2593566,1,2015-11-23T19:10:00,Strada Urbana,in prossimitíæ,PIAZZA DI S. SALVATORE IN LAURO,,Veicolo in marcia contro ostacolo fisso,Rettilineo,,Bagnato (pioggia),In cubetti di porfido,Verticale ed orizzontale,Pioggia in atto,Scarso,Sufficiente,Sufficiente,0,0,0,1,,,False,z,del civico n.,,4
2593205,16,2015-11-23T19:20:00,Strada Urbana,in prossimitíæ,VIA DI S. PANCRAZIO,,Scontro laterale fra veicoli in marcia,Rettilineo,Una carreggiata a doppio senso,Bagnato (pioggia),Asfaltata,Verticale ed orizzontale,Pioggia in atto,Normale,Sufficiente,Sufficiente,1,0,0,1,12.4596,41.88775,False,z,del civico n.,,7
2593105,7,2015-11-23T19:20:00,Strada Urbana,in corrispondenza,VIALE ALESSANDRINO,,Tamponamento,Rettilineo,Una carreggiata a doppio senso,Bagnato (pioggia),Asfaltata,Orizzontale,Pioggia in atto,Normale,Buona,Ore Diurne,0,0,0,2,12.57642,41.88923,True,z,del civico n.,,765
2593249,17,2015-11-23T19:30:00,Strada Urbana,in prossimitíæ,VIA CIPRO,,Scontro laterale fra veicoli in marcia,Rettilineo,Due carreggiate,Bagnato (pioggia),Asfaltata,Verticale ed orizzontale,Pioggia in atto,Normale,Buona,Sufficiente,0,0,0,2,12.44716,41.90788,False,z,del civico n.,,6c
2593014,7,2015-11-23T19:30:00,Strada Urbana,all'intersezione con,VIA TOR DE' SCHIAVI,,Scontro frontale-laterale SX fra veicoli in marcia,Incrocio,Una carreggiata a doppio senso,Bagnato (pioggia),Asfaltata,Verticale ed orizzontale,Pioggia in atto,Normale,Buona,Sufficiente,1,0,0,1,12.56349,41.88125,True,z,VIA DEI PLATANI,VIA DEI PLATANI,
2593102,13,2015-11-23T19:35:00,Strada Urbana,in corrispondenza,VIA FABIANO LANDI,,Investimento di pedone,Rettilineo,Una carreggiata a doppio senso,Bagnato (pioggia),Asfaltata,Verticale ed orizzontale,Pioggia in atto,Normale,Sufficiente,Sufficiente,1,0,0,1,12.3734,41.78606,False,z,del civico n.,,46
2593036,11,2015-11-23T19:40:00,Strada Urbana,da specificare,VIALE GIUSTINIANO IMPERATORE,f.c. 157,Scontro laterale fra veicoli in marcia,Rettilineo,Due carreggiate,Bagnato (pioggia),Asfaltata,Verticale ed orizzontale,Nuvoloso,Normale,Buona,Sufficiente,0,0,0,2,12.48097,41.85637,True,z,,,
2594519,20,2015-11-23T19:45:00,Strada Urbana,in prossimitíæ,VIA DI VILLA SEVERINI,,Tamponamento,Rettilineo,Due carreggiate,Asciutto,Asfaltata,Verticale ed orizzontale,Sereno,Normale,Sufficiente,Sufficiente,1,0,0,1,,,False,z,del civico n.,,10
2592993,11,2015-11-23T19:50:00,Strada Urbana,in corrispondenza,VICOLO DELLA GARBATELLA,,Scontro frontale-laterale DX fra veicoli in marcia,Rettilineo,Una carreggiata a senso unico di marcia,Bagnato (pioggia),Asfaltata,Verticale ed orizzontale,Pioggia in atto,Normale,Buona,Sufficiente,0,0,0,2,12.48349,41.86383,True,z,del civico n.,,4
2593395,2,2015-11-23T19:55:00,,all'intersezione con,VIA DI S. VALENTINO,,Investimento di pedone,,,,,,,,,,1,0,0,1,,,False,z,VIA ARCHIMEDE,VIA ARCHIMEDE,
2592984,8,2015-11-23T20:00:00,,all'intersezione con,VIA DI TOR BELLA MONACA,,Scontro laterale fra veicoli in marcia,,,,,,,,,,4,0,0,7,,,False,z,VIA AMICO ASPERTINI,VIA AMICO ASPERTINI,
2593268,12,2015-11-23T20:00:00,Strada Urbana,in prossimitíæ,VIA DI MEZZOCAMMINO,,Investimento di pedone,Rettilineo,Una carreggiata a doppio senso,Bagnato (pioggia),Asfaltata,Verticale ed orizzontale,Pioggia in atto,Intenso,Insufficiente,Insufficiente,2,0,0,1,,,False,z,del civico n.,,175
2593225,13,2015-11-23T20:00:00,Provinciale entro l'abitato,da specificare,VIALE DEI ROMAGNOLI,"prossimitíæ Km 24,400 di Via del Mare dir. Ostia",Fuoriuscita dalla sede stradale,Rettilineo,Una carreggiata a senso unico di marcia,Bagnato (pioggia),Asfaltata,Verticale,Pioggia in atto,Normale,Insufficiente,Inesistente,1,0,0,0,12.32203,41.76901,False,z,,,
2593112,5,2015-11-23T20:30:00,Strada Urbana,da specificare,VIALE EGIDIO GALBANI,altezza rotatoria VIA LOCKE,Veicolo in marcia contro ostacolo fisso,Curva a visuale libera,Due carreggiate,Bagnato (pioggia),Asfaltata,Verticale ed orizzontale,Pioggia in atto,Normale,Sufficiente,Sufficiente,1,0,0,0,12.55744,41.93264,False,z,,,
2593081,5,2015-11-23T20:30:00,Strada Urbana,da specificare,VIA GIUSEPPE ANTONIO ANDRIULLI,300 mt. circa prima dell'A24 direzione Serenissima,Scontro frontale-laterale DX fra veicoli in marcia,Rettilineo,Due carreggiate,Bagnato (pioggia),Asfaltata,Verticale ed orizzontale,Pioggia in atto,Normale,Sufficiente,Sufficiente,3,0,0,0,12.55694,41.90315,False,z,,,
2592911,10,2015-11-23T20:35:00,,all'intersezione semaforizzata con,VIA PRENESTINA,,Investimento di pedone,,,,,,,,,,1,1,0,0,12.59053,41.8942,False,z,VIALE GIORGIO DE CHIRICO,VIALE GIORGIO DE CHIRICO,
2592989,20,2015-11-23T20:45:00,Strada Urbana,da specificare,VIADOTTO GIUBILEO DEL 2000,direzione fuori altezza rampa GRA - Cassia,Ribaltamento senza urto contro ostacolo fisso,Curva senza visuale libera,Due carreggiate,Bagnato (pioggia),Asfaltata,Orizzontale,Pioggia in atto,Normale,Insufficiente,Insufficiente,1,0,0,0,,,False,z,,,
2592934,20,2015-11-23T21:00:00,Strada Urbana,in prossimitíæ,VIA DELLA GIUSTINIANA,,Scontro frontale fra veicoli in marcia,Rettilineo,Una carreggiata a doppio senso,Bagnato (pioggia),Asfaltata,Orizzontale,Pioggia in atto,Normale,Buona,Sufficiente,0,0,0,3,,,False,z,del palo luce n.,,263
2592839,9,2015-11-23T21:05:00,,in corrispondenza,VIA APPIA NUOVA,,Veicolo in marcia contro ostacolo fisso,,,,,,,,,,1,0,0,1,12.52869,41.86998,False,z,del civico n.,,588
2593328,4,2015-11-23T21:05:00,Strada Urbana,all'intersezione con,VIA VIRGILIO TALLI,,Veicolo in marcia contro ostacolo fisso,Incrocio,Una carreggiata a doppio senso,Bagnato (pioggia),Asfaltata,Verticale ed orizzontale,Pioggia in atto,Scarso,Sufficiente,Sufficiente,0,0,0,2,12.52215,41.96481,True,z,VIA CAMILLO PILOTTO,VIA CAMILLO PILOTTO,
2592866,9,2015-11-23T21:05:00,,all'intersezione con,VIA FOLIGNO,,Scontro frontale-laterale DX fra veicoli in marcia,,,,,,,,,,1,0,0,2,12.51873,41.88518,False,z,VIA TERNI,VIA TERNI,
2593467,7,2015-11-23T22:10:00,Strada Urbana,da specificare,VIA COLLATINA,ALTEZZA STAZIONE DI LUNGHEZZA,Veicolo in marcia contro ostacolo fisso,Curva a visuale libera,Una carreggiata a doppio senso,Bagnato (pioggia),Asfaltata,Verticale ed orizzontale,Pioggia in atto,Scarso,Buona,Sufficiente,1,0,0,0,12.66808,41.92354,False,z,,,
2592920,10,2015-11-23T22:20:00,Strada Urbana,da specificare,VIA APPIA NUOVA,alt DAZIO prox civico 1009,Scontro frontale-laterale SX fra veicoli in marcia,Rettilineo,Una carreggiata a doppio senso,Bagnato (pioggia),Asfaltata,Verticale ed orizzontale,Pioggia in atto,Scarso,Buona,Sufficiente,0,0,0,2,12.55334,41.83349,True,z,,,
2593213,4,2015-11-24T00:00:00,,da specificare,VIA DI CASAL BOCCONE,dir. Via NOMENTANA PROX. RAMPA INVERSIONE,Tamponamento,,,,,,,,,,0,0,0,2,12.56332,41.94985,False,z,,,
2592936,9,2015-11-24T00:30:00,,all'intersezione con,VIALE MARCO FULVIO NOBILIORE,,Scontro frontale-laterale DX fra veicoli in marcia,,,,,,,,,,0,0,0,3,12.56592,41.86081,False,z,VIA GIUSEPPE SALVIOLI,VIA GIUSEPPE SALVIOLI,
2593004,8,2015-11-24T00:45:00,Strada Urbana,in prossimitíæ,VIA COLLATINA,,Veicolo in marcia contro ostacolo accidentale,Rettilineo,Una carreggiata a doppio senso,Bagnato (pioggia),Asfaltata,Verticale ed orizzontale,Pioggia in atto,Scarso,Sufficiente,Sufficiente,0,0,0,2,12.63113,41.90949,True,z,del palo luce n.,,586
2592988,11,2015-11-24T04:00:00,Strada Urbana,da specificare,VIALE GUGLIELMO MARCONI,prossimitíæ L.go Maestri del Lavoro,Veicolo in marcia contro veicoli in sosta,Rettilineo,Pií_ di due carreggiate,Asciutto,Asfaltata,Verticale ed orizzontale,Sereno,Normale,Buona,Sufficiente,0,0,0,1,12.47432,41.84958,True,z,,,
2593295,20,2015-11-24T06:10:00,Strada Urbana,in corrispondenza,VIALE DI TOR DI QUINTO,,Veicolo in marcia contro ostacolo fisso,Rettilineo,Due carreggiate,Bagnato (pioggia),Asfaltata,Verticale ed orizzontale,Nuvoloso,Normale,Buona,Sufficiente,0,0,0,1,,,False,z,del civico n.,,155
2594297,13,2015-11-24T06:30:00,,in prossimitíæ,VIA DELLE TRIREMI,,Veicolo in marcia contro ostacolo accidentale,,,,,,,,,,0,0,0,1,,,False,z,del civico n.,,43
2593520,1,2015-11-24T06:30:00,Strada Urbana,in corrispondenza,VIA MODENA,,Veicoli in marcia contro veicolo fermo,Rettilineo,Una carreggiata a senso unico di marcia,Bagnato (umiditíæ in atto),Acciotolata,Verticale ed orizzontale,Nuvoloso,Scarso,Sufficiente,Insufficiente,0,0,0,1,,,False,z,del civico n.,,7-A
2594400,20,2015-11-24T06:55:00,Strada Urbana,all'intersezione semaforizzata con,LUNGOTEVERE MARESCIALLO DIAZ,,Tamponamento,Intersezione semaforizzata,Due carreggiate,Bagnato (umiditíæ in atto),Asfaltata,Verticale ed orizzontale,Nuvoloso,Normale,Buona,Ore Diurne,1,0,0,2,,,False,z,VIALE DEL MINISTERO DEGLI AFFARI ESTERI,VIALE DEL MINISTERO DEGLI AFFARI ESTERI,
2592884,1,2015-11-24T07:10:00,Strada Urbana,all'intersezione semaforizzata con,PIAZZA DI PORTA MAGGIORE,,Scontro laterale fra veicoli in marcia,Intersezione semaforizzata,Una carreggiata a senso unico di marcia,Asciutto,Asfaltata,Verticale ed orizzontale,Nuvoloso,Intenso,Buona,Ore Diurne,0,0,0,3,12.51453,41.89215,True,z,VIA GIOVANNI GIOLITTI,VIA GIOVANNI GIOLITTI,
2593516,19,2015-11-24T07:10:00,Strada Urbana,all'intersezione con,VIA DI S. CLETO PAPA,,Investimento di pedone,Incrocio,Una carreggiata a doppio senso,Asciutto,Asfaltata,Orizzontale,Sereno,Intenso,Buona,Ore Diurne,1,0,0,1,12.42294,41.92261,True,z,VIA ALESSANDRO VII,VIA ALESSANDRO VII,
2594238,5,2015-11-24T07:30:00,Strada Urbana,in corrispondenza,VIA MASSIMILIANO DI PALOMBARA,,Scontro frontale-laterale DX fra veicoli in marcia,Rettilineo,Una carreggiata a senso unico di marcia,Bagnato (pioggia),Asfaltata,Verticale ed orizzontale,Sereno,Scarso,Buona,Ore Diurne,0,0,0,3,12.59981,41.94517,True,z,del civico n.,,19
2594388,13,2015-11-24T07:40:00,Strada Urbana,da specificare,VIA OSTIENSE,all'interno dell'areaparcheggio Stazione Acilia,Scontro frontale-laterale SX fra veicoli in marcia,Rettilineo,Due carreggiate,Asciutto,Asfaltata,Orizzontale,Sereno,Normale,Buona,Ore Diurne,0,0,0,2,12.36446,41.78497,True,z,,,
2592947,7,2015-11-24T07:45:00,Strada Urbana,all'intersezione con,VIA DEI CICLAMINI,,Scontro frontale-laterale SX fra veicoli in marcia,Incrocio,Una carreggiata a doppio senso,Bagnato (umiditíæ in atto),Asfaltata,Verticale ed orizzontale,Sereno,Normale,Buona,Ore Diurne,0,0,0,3,12.56657,41.89057,True,z,VIA DELLE ROSE,VIA DELLE ROSE,
2594376,20,2015-11-24T07:50:00,Strada Urbana,da specificare,VIA FLAMINIA NUOVA,alt. ex fermata Atac zona industriale Grottarossa,Tamponamento Multiplo,Rettilineo,Due carreggiate,Bagnato (pioggia),Asfaltata,Verticale ed orizzontale,Nuvoloso,Intenso,Buona,Ore Diurne,2,0,0,3,,,False,z,,,
2594534,20,2015-11-24T08:00:00,Strada Urbana,in corrispondenza,VIA DELLA CAMILLUCCIA,,Scontro frontale-laterale DX fra veicoli in marcia,Rettilineo,Una carreggiata a doppio senso,Bagnato (umiditíæ in atto),Asfaltata,Verticale ed orizzontale,Sereno,Normale,Buona,Ore Diurne,0,0,0,3,12.45417,41.94842,True,z,del civico n.,,669
2594327,8,2015-11-24T08:00:00,Strada Urbana,all'intersezione con,VIA GRAGNANO,,Scontro frontale-laterale DX fra veicoli in marcia,Incrocio,Una carreggiata a doppio senso,Bagnato (umiditíæ in atto),Asfaltata,Assente,Nuvoloso,Normale,Buona,Ore Diurne,0,0,0,3,12.64889,41.89091,True,z,VIA PECORECCIA DI TORRE ANGELA,VIA PECORECCIA DI TORRE ANGELA,
2593508,9,2015-11-24T08:10:00,,all'intersezione con,VIA AOSTA,,Scontro frontale-laterale DX fra veicoli in marcia,,,,,,,,,,1,0,0,1,,,False,z,VIA CASORIA,VIA CASORIA,
2593536,1,2015-11-24T08:10:00,Strada Urbana,all'intersezione con,VIA DI S. CROCE IN GERUSALEMME,,Scontro frontale-laterale SX fra veicoli in marcia,Intersezione stradale segnalata,Una carreggiata a doppio senso,Asciutto,Asfaltata,Verticale ed orizzontale,Nuvoloso,Normale,Buona,Ore Diurne,1,0,0,1,12.51337,41.88955,True,z,VIA GERMANO SOMMEILLER,VIA GERMANO SOMMEILLER,
2593863,16,2015-11-24T08:30:00,Strada Urbana,all'intersezione con,VIA DELLA PISANA,,Scontro frontale fra veicoli in marcia,Intersezione non regolata-non segnalata,Una carreggiata a doppio senso,Bagnato (umiditíæ in atto),Asfaltata,Assente,Sereno,Normale,Buona,Ore Diurne,1,0,0,1,12.40897,41.86541,False,z,VIALE LUIGI MORETTI,VIALE LUIGI MORETTI,
2593881,16,2015-11-24T08:30:00,Strada Urbana,in corrispondenza,VIA DI BRAVETTA,,Veicolo in marcia contro ostacolo fisso,Rettilineo,Una carreggiata a doppio senso,Asciutto,Asfaltata,Assente,Sereno,Normale,Buona,Ore Diurne,0,0,0,2,12.42283,41.88561,True,z,del civico n.,,85
2593124,1,2015-11-24T08:30:00,Strada Urbana,in prossimitíæ,LARGO DELLA SANITA' MILITARE,,Tamponamento,Rettilineo,Una carreggiata a doppio senso,Asciutto,Asfaltata,Verticale ed orizzontale,Sereno,Normale,Buona,Ore Diurne,0,0,0,2,12.49541,41.88572,False,z,del civico n.,,60
2593593,3,2015-11-24T08:40:00,,da specificare,VIA TIBURTINA,pross.tíæ ingresso tang est direzione Salaria,Scontro laterale fra veicoli in marcia,,,,,,,,,,1,0,0,1,,,False,z,,,
2594623,4,2015-11-24T08:45:00,Strada Urbana,in prossimitíæ,VIA VILLA DI FAONTE,,Scontro frontale-laterale DX fra veicoli in marcia,Rettilineo,Una carreggiata a doppio senso,Asciutto,Asfaltata,Verticale ed orizzontale,Sereno,Normale,Buona,Ore Diurne,0,0,0,5,12.53825,41.94973,True,z,del civico n.,,1
2593503,18,2015-11-24T08:45:00,Strada Urbana,all'intersezione con,VIA FRATEL GIUSEPPE LAZZARO,,Tamponamento Multiplo,Intersezione stradale segnalata,Una carreggiata a doppio senso,Asciutto,Asfaltata,Verticale ed orizzontale,Sereno,Normale,Buona,Ore Diurne,1,0,0,2,12.40307,41.9139,False,z,VIA FELICE LAZZARINO,VIA FELICE LAZZARINO,
2593535,19,2015-11-24T08:50:00,Strada Urbana,in corrispondenza,VIA TRIONFALE,,Investimento di pedone,Rettilineo,Una carreggiata a doppio senso,Asciutto,Asfaltata,Verticale ed orizzontale,Sereno,Normale,Buona,Ore Diurne,1,0,0,1,12.4386,41.93497,True,z,del civico n.,,7071
2594471,20,2015-11-24T08:50:00,Regionale entro l'abitato,in prossimitíæ,VIA CASSIA,,Scontro frontale-laterale SX fra veicoli in marcia,Rettilineo,Una carreggiata a doppio senso,Asciutto,Asfaltata,Orizzontale,Sereno,Intenso,Buona,Ore Diurne,0,0,0,2,12.38004,42.00589,True,z,del civico n.,,1694
2593438,6,2015-11-24T09:00:00,Strada Urbana,da specificare,VIALE FILARETE,fronte civico 125,Veicolo in marcia contro veicoli in sosta,Curva senza visuale libera,Una carreggiata a senso unico di marcia,Bagnato (pioggia),Asfaltata,Assente,Nuvoloso,Scarso,Buona,Sufficiente,0,0,0,0,12.53933,41.87692,True,z,,,
2594838,2,2015-11-24T09:00:00,Strada Urbana,da specificare,VIALE DELLA MOSCHEA,pross. svincolo via Dell'Agonistica,Veicolo in marcia contro ostacolo accidentale,Curva a visuale libera,Due carreggiate,Asciutto,Asfaltata,Verticale ed orizzontale,Sereno,Normale,Sufficiente,Ore Diurne,0,0,0,1,12.48941,41.93218,True,z,,,
2594431,1,2015-11-24T09:00:00,Strada Urbana,all'intersezione semaforizzata con,PIAZZA S. VINCENZO PALLOTTI,,Scontro laterale fra veicoli in marcia,Intersezione semaforizzata,Una carreggiata a doppio senso,Asciutto,In cubetti di porfido,Verticale ed orizzontale,Sereno,Intenso,Buona,Ore Diurne,0,0,0,3,,,False,z,LUNGOTEVERE DEI TEBALDI,LUNGOTEVERE DEI TEBALDI,
2594385,1,2015-11-24T09:00:00,Strada Urbana,all'intersezione semaforizzata con,PIAZZA DI PORTA METRONIA,,Scontro laterale fra veicoli in marcia,Intersezione semaforizzata,Una carreggiata a doppio senso,Asciutto,Asfaltata,Verticale ed orizzontale,Sereno,Intenso,Buona,Ore Diurne,0,0,0,3,12.49851,41.88214,False,z,VIA DELLA NAVICELLA,VIA DELLA NAVICELLA,
2594538,17,2015-11-24T09:20:00,Strada Urbana,in prossimitíæ,VIA ANGELO EMO,,Scontro laterale fra veicoli in marcia,Rettilineo,Una carreggiata a doppio senso,Asciutto,Asfaltata,Verticale ed orizzontale,Sereno,Intenso,Buona,Ore Diurne,0,0,0,5,12.44421,41.9033,True,z,del civico n.,,147
2594707,4,2015-11-24T09:25:00,Strada Urbana,in prossimitíæ,VIA DI SETTEBAGNI,,Veicolo in marcia contro ostacolo accidentale,Rettilineo,Una carreggiata a doppio senso,Asciutto,Asfaltata,Assente,Sereno,Normale,Buona,Ore Diurne,0,0,0,1,12.5455,41.96793,True,z,del civico n.,,375
2593481,9,2015-11-24T09:30:00,Strada Urbana,in prossimitíæ,VIA APPIA NUOVA,,Scontro laterale fra veicoli in marcia,Rettilineo,Due carreggiate,Asciutto,Asfaltata,Verticale ed orizzontale,Sereno,Intenso,Buona,Ore Diurne,1,0,0,2,12.5121,41.88382,True,z,del civico n.,,87
2594694,4,2015-11-24T09:30:00,,in prossimitíæ,VIA CONCA D'ORO,,Scontro frontale-laterale DX fra veicoli in marcia,,,,,,,,,,1,0,0,1,12.51873,41.94389,False,z,del civico n.,,295
2594572,4,2015-11-24T10:05:00,,da specificare,VIALE JONIO,fronte civ. 241,Tamponamento,,,,,,,,,,0,0,0,3,12.53666,41.94396,False,z,,,
2594333,8,2015-11-24T10:10:00,Provinciale entro l'abitato,da specificare,VIA PRENESTINA,100 mt prima inters. via Pratolungo Casilino,Fuoriuscita dalla sede stradale,Curva senza visuale libera,Una carreggiata a doppio senso,Asciutto,Asfaltata,Orizzontale,Sereno,Normale,Sufficiente,Ore Diurne,1,0,0,0,12.65942,41.89128,True,z,,,
2594308,13,2015-11-24T10:30:00,Strada Urbana,all'intersezione con,VIA PIETRO AUDISIO,,Scontro laterale fra veicoli in marcia,Incrocio,Una carreggiata a doppio senso,Asciutto,Asfaltata,Verticale,Sereno,Normale,Buona,Ore Diurne,0,0,0,2,12.3514,41.7692,True,z,VIA DI MACCHIA PALOCCO,VIA DI MACCHIA PALOCCO,
2593538,19,2015-11-24T10:40:00,Strada Urbana,all'intersezione con,VIA TRIONFALE,,Scontro frontale-laterale DX fra veicoli in marcia,Incrocio,Una carreggiata a doppio senso,Asciutto,Asfaltata,Verticale ed orizzontale,Sereno,Normale,Buona,Ore Diurne,1,0,0,1,12.41234,41.95901,True,z,VIA BENEDETTO BACCHINI,VIA BENEDETTO BACCHINI,
2593671,9,2015-11-24T10:50:00,Strada Urbana,in prossimitíæ,VIA CASILINA,,Veicolo in marcia contro veicolo in sosta,Rettilineo,Due carreggiate,Asciutto,Asfaltata,Orizzontale,Sereno,Scarso,Buona,Ore Diurne,0,0,0,1,12.52023,41.88909,False,z,del civico n.,,3T
2594616,17,2015-11-24T10:50:00,Strada Urbana,in prossimitíæ,VIA FRA' ALBENZIO,,Investimento di pedone,Rettilineo,Una carreggiata a senso unico di marcia,Bagnato (umiditíæ in atto),Asfaltata,Verticale ed orizzontale,Sereno,Scarso,Buona,Ore Diurne,1,0,0,1,12.44763,41.90775,False,z,del civico n.,,1:00 AM
2597871,18,2015-11-24T11:00:00,Strada Urbana,in prossimitíæ,VIA BALDO DEGLI UBALDI,,Scontro frontale-laterale SX fra veicoli in marcia,Rettilineo,Due carreggiate,Asciutto,Asfaltata,Verticale ed orizzontale,Sereno,Normale,Buona,Ore Diurne,1,0,0,2,12.43109,41.89846,False,z,del civico n.,,29
2593504,9,2015-11-24T11:00:00,Strada Urbana,in prossimitíæ,PIAZZA S. DOMENICO SAVIO,,Veicolo in marcia contro veicolo arresto,Rettilineo,Una carreggiata a senso unico di marcia,Asciutto,Asfaltata,Verticale ed orizzontale,Sereno,Normale,Buona,Ore Diurne,0,0,0,2,12.52796,41.87584,True,z,del civico n.,,7
2593382,11,2015-11-24T11:00:00,Strada Urbana,in prossimitíæ,VIA TIBERIO IMPERATORE,,Veicolo in marcia contro veicoli in sosta,Rettilineo,Una carreggiata a doppio senso,Asciutto,Asfaltata,Orizzontale,Sereno,Scarso,Buona,Ore Diurne,0,0,0,1,12.48248,41.85038,True,z,del palo luce n.,,19
2593432,4,2015-11-24T11:20:00,Strada Urbana,in corrispondenza,PIAZZA MONTE BALDO,,Tamponamento,Curva a visuale libera,Una carreggiata a senso unico di marcia,Asciutto,Asfaltata,Verticale ed orizzontale,Sereno,Normale,Buona,Ore Diurne,0,0,0,2,12.53419,41.93715,True,z,del civico n.,,4
2594242,5,2015-11-24T11:30:00,Strada Urbana,in prossimitíæ,VIA TIBURTINA,,Scontro laterale fra veicoli in marcia,Rettilineo,Una carreggiata a doppio senso,Asciutto,Asfaltata,Verticale ed orizzontale,Sereno,Normale,Buona,Ore Diurne,0,0,0,2,12.57517,41.92731,True,z,del civico n.,,949