_ID,_Gruppo,_DataOraIncidente,_Localizzazione1,_Localizzazione2,_Strada1,_DaSpecificare,_NaturaIncidente,_ParticolaritaStrade,_TipoStrada,_FondoStradale,_Pavimentazione,_Segnaletica,_CondizioneAtmosferica,_Traffico,_Visibilita,_Illuminazione,_NUM_FERITI,_NUM_RISERVATA,_NUM_MORTI,_NUM_ILLESI,_Longitudine,_Latitudine,_CONFERMATO,__prefix,_Strada02,_Strada2,_Chilometrica
2593541,19,2015-11-24T11:45:00,Strada Urbana,in corrispondenza,VIA DELLA PINETA SACCHETTI,,Scontro laterale fra veicoli in marcia,Rettilineo,Una carreggiata a senso unico di marcia,Asciutto,Asfaltata,Orizzontale,Sereno,Intenso,Buona,Ore Diurne,0,0,0,4,12.42638,41.93004,True,z,del civico n.,,229
2598010,1,2015-11-24T12:00:00,Strada Urbana,in corrispondenza,CORSO DEL RINASCIMENTO,,Investimento di pedone,Rettilineo,Una carreggiata a doppio senso,Asciutto,Acciotolata,Verticale ed orizzontale,Sereno,Scarso,Buona,Ore Diurne,1,0,0,1,12.47368,41.90004,True,z,del civico n.,,101
2595172,1,2015-11-24T12:05:00,Strada Urbana,in prossimitíæ,VIA DI PORTA S. LORENZO,,Veicoli in marcia contro veicolo fermo,Rettilineo,Una carreggiata a senso unico alternato,Asciutto,In cubetti di porfido,Verticale ed orizzontale,Sereno,Normale,Buona,Ore Diurne,0,0,0,2,,,False,z,del civico n.,,4
2597570,18,2015-11-24T12:15:00,Strada Urbana,da specificare,CIRCONVALLAZIONE AURELIA,fronte civico 62,Scontro laterale fra veicoli in marcia,Rettilineo,Due carreggiate,Asciutto,Asfaltata,Verticale ed orizzontale,Sereno,Normale,Buona,Ore Diurne,0,0,0,3,12.42852,41.89705,True,z,,,
2593502,20,2015-11-24T12:15:00,Strada Urbana,da specificare,VIADOTTO GIUBILEO DEL 2000,prossimitíæ uscita Via Tiberina,Tamponamento,Rettilineo,Due carreggiate,Asciutto,Asfaltata,Verticale ed orizzontale,Sereno,Scarso,Buona,Ore Diurne,1,0,0,1,,,False,z,,,
2594502,16,2015-11-24T13:00:00,Strada Urbana,all'intersezione con,VIA DI MONTE VERDE,,Scontro laterale fra veicoli in marcia,Incrocio,Due carreggiate,Asciutto,Asfaltata,Verticale ed orizzontale,Sereno,Normale,Buona,Ore Diurne,0,0,0,2,12.442,41.86987,True,z,VIA VINCENZO TIZZANI,VIA VINCENZO TIZZANI,
2594475,3,2015-11-24T13:15:00,Strada Urbana,da specificare,PIAZZA GALENO,in prossimitíæ Via Cornelio Celsio,Scontro laterale fra veicoli in marcia,Rotatoria,Una carreggiata a senso unico di marcia,Asciutto,Asfaltata,Verticale ed orizzontale,Sereno,Normale,Buona,Ore Diurne,0,0,0,3,12.50925,41.9112,True,z,,,
2594347,15,2015-11-24T13:30:00,Strada Urbana,all'intersezione con,VIA ANTONIO PACINOTTI,,Scontro frontale-laterale SX fra veicoli in marcia,Incrocio,Una carreggiata a doppio senso,Asciutto,Asfaltata,Verticale ed orizzontale,Sereno,Normale,Buona,Ore Diurne,1,0,0,1,12.4678,41.87103,True,z,VIA DI PIETRA PAPA,VIA DI PIETRA PAPA,
2594535,16,2015-11-24T13:40:00,Strada Urbana,all'intersezione semaforizzata con,VIA DI BRAVETTA,,Scontro frontale fra veicoli in marcia,Intersezione semaforizzata,Due carreggiate,Asciutto,Asfaltata,Verticale ed orizzontale,Sereno,Normale,Buona,Ore Diurne,0,0,0,2,12.42599,41.87664,True,z,VIA DEI MARCELLINI,VIA DEI MARCELLINI,
2594920,2,2015-11-24T13:45:00,,da specificare,VIA SALARIA,dir. foro italico alt uscita viale Etiopia.,Veicolo in marcia contro ostacolo accidentale,,,,,,,,,,1,0,0,0,,,False,z,,,
2594528,16,2015-11-24T13:45:00,Strada Urbana,in corrispondenza,VIALE DEI COLLI PORTUENSI,,Scontro laterale fra veicoli in marcia,Rettilineo,Due carreggiate,Asciutto,Asfaltata,Verticale ed orizzontale,Sereno,Intenso,Buona,Ore Diurne,0,0,0,2,12.44308,41.87656,True,z,del civico n.,,11
2595035,2,2015-11-24T13:50:00,,da specificare,CIRCONVALLAZIONE SALARIA,dir foro italico alt ponte nomentana,Veicolo in marcia contro ostacolo accidentale,,,,,,,,,,1,0,0,0,,,False,z,,,
2594423,20,2015-11-24T14:10:00,Strada Urbana,da specificare,VIALE DI TOR DI QUINTO,fronte civico 37-A,Tamponamento Multiplo,Rettilineo,Una carreggiata a doppio senso,Asciutto,Asfaltata,Verticale ed orizzontale,Sereno,Normale,Buona,Ore Diurne,1,0,0,4,,,False,z,,,
2594510,4,2015-11-24T14:15:00,,in prossimitíæ,VIA DELLE ISOLE CURZOLANE,,Investimento di pedone,,,,,,,,,,0,0,0,3,12.53318,41.94839,False,z,del civico n.,,43
2596258,1,2015-11-24T14:15:00,Strada Urbana,in prossimitíæ,VIA DEI LATERANI,,Veicolo in marcia contro veicolo in sosta,Rettilineo,Una carreggiata a senso unico di marcia,Asciutto,Asfaltata,Verticale ed orizzontale,Sereno,Normale,Buona,Ore Diurne,0,0,0,0,,,False,z,del civico n.,,28
2594531,4,2015-11-24T14:15:00,,all'intersezione con,VIA DELLA BUFALOTTA,,Scontro frontale-laterale SX fra veicoli in marcia,,,,,,,,,,1,0,0,2,12.54977,41.96725,False,z,VIA DELLA CECCHINA,VIA DELLA CECCHINA,
2594574,4,2015-11-24T14:20:00,,da specificare,VIA CASALE REDICICOLI,PARCHEGGIO INTERNO CENTRO COMMERCIALE PORTA DI ROM,Scontro frontale-laterale DX fra veicoli in marcia,,,,,,,,,,0,0,0,2,12.54011,41.97438,False,z,,,
2593753,2,2015-11-24T14:25:00,Strada Urbana,in corrispondenza,VIA DEL FORO ITALICO,,Scontro laterale fra veicoli in marcia,Rettilineo,Due carreggiate,Asciutto,Asfaltata,Orizzontale,Sereno,Intenso,Buona,Ore Diurne,1,0,0,1,,,False,z,del civico n.,,564
2594421,13,2015-11-24T14:30:00,Strada Urbana,in corrispondenza,PIAZZALE MAGELLANO,,Scontro laterale fra veicoli in marcia,Curva a visuale libera,Due carreggiate,Asciutto,Asfaltata,Verticale ed orizzontale,Sereno,Normale,Buona,Ore Diurne,0,0,0,3,12.28719,41.72632,True,z,del civico n.,,1
2593793,6,2015-11-24T14:35:00,Strada Urbana,in corrispondenza,VIA POLICASTRO,,Scontro frontale-laterale DX fra veicoli in marcia,Rettilineo,Una carreggiata a doppio senso,Asciutto,Asfaltata,Orizzontale,Sereno,Normale,Buona,Ore Diurne,0,0,0,2,12.54359,41.88272,True,z,del civico n.,,15
2594485,4,2015-11-24T14:40:00,Strada Urbana,all'intersezione con,VIA DI CASAL BOCCONE,,Scontro frontale-laterale DX fra veicoli in marcia,Intersezione stradale segnalata,Una carreggiata a doppio senso,Asciutto,Asfaltata,Temporanea di cantiere,Sereno,Normale,Buona,Ore Diurne,0,0,0,2,12.56118,41.95151,True,z,VIA ROBERTO ROSSELLINI,VIA ROBERTO ROSSELLINI,
2593733,11,2015-11-24T15:00:00,Strada Urbana,all'intersezione semaforizzata con,PIAZZA DEI NAVIGATORI,,Scontro laterale fra veicoli in marcia,Intersezione semaforizzata,Pií_ di due carreggiate,Asciutto,Asfaltata,Verticale ed orizzontale,Sereno,Normale,Buona,Ore Diurne,0,0,0,2,12.49851,41.86037,True,z,VIA CRISTOFORO COLOMBO,VIA CRISTOFORO COLOMBO,
2594254,5,2015-11-24T15:10:00,,in prossimitíæ,VIA TIBURTINA,,Investimento di pedone,,,,,,,,,,1,0,0,0,12.54676,41.90948,False,z,del civico n.,,633
2594663,20,2015-11-24T15:25:00,Strada Urbana,all'intersezione semaforizzata con,LUNGOTEVERE MARESCIALLO DIAZ,,Scontro laterale fra veicoli in marcia,Intersezione stradale segnalata,Due carreggiate,Asciutto,Asfaltata,Verticale ed orizzontale,Sereno,Intenso,Buona,Ore Diurne,0,0,0,3,,,False,z,VIALE DEL MINISTERO DEGLI AFFARI ESTERI,VIALE DEL MINISTERO DEGLI AFFARI ESTERI,
2594397,13,2015-11-24T15:40:00,Strada Urbana,all'intersezione con,VIALE DEI ROMAGNOLI,,Scontro frontale-laterale DX fra veicoli in marcia,Incrocio,Una carreggiata a doppio senso,Asciutto,Asfaltata,Verticale ed orizzontale,Sereno,Normale,Sufficiente,Ore Diurne,0,0,0,2,12.30096,41.76001,True,z,VIA DEL CASTELLO,VIA DEL CASTELLO,
2594329,13,2015-11-24T15:50:00,Strada Urbana,all'intersezione con,VIA UMBERTO GIORDANO,,Scontro frontale-laterale SX fra veicoli in marcia,Incrocio,Una carreggiata a doppio senso,Asciutto,Asfaltata,Verticale,Sereno,Normale,Buona,Ore Diurne,1,0,0,1,12.36503,41.73745,False,z,VIA ERNESTO BOEZI,VIA ERNESTO BOEZI,
2595055,2,2015-11-24T16:00:00,Strada Urbana,all'intersezione con,VIA DEL FORO ITALICO,,Scontro laterale fra veicoli in marcia,Incrocio,Due carreggiate,Asciutto,Asfaltata,Verticale ed orizzontale,Sereno,Normale,Buona,Ore Diurne,0,0,0,3,12.49657,41.94032,True,z,VIALE DELLA MOSCHEA,VIALE DELLA MOSCHEA,
2597991,1,2015-11-24T16:00:00,Strada Urbana,in prossimitíæ,CAMPO DE' FIORI,,Veicolo in marcia contro ostacolo fisso,,,Asciutto,,Verticale,Sereno,Scarso,Buona,Ore Diurne,0,0,0,1,,,False,z,del civico n.,,27
2605919,9,2015-11-24T16:00:00,,in corrispondenza,VIA DELL'ACQUA FELICE,,Veicolo in marcia contro veicolo in sosta,,,,,,,,,,0,0,0,0,,,False,z,del civico n.,,1
2594334,18,2015-11-24T16:15:00,Strada Urbana,in prossimitíæ,VIA AURELIA,,Tamponamento,Rettilineo,Una carreggiata a doppio senso,Asciutto,Asfaltata,Verticale ed orizzontale,Nuvoloso,Normale,Buona,Ore Diurne,1,0,0,0,12.42339,41.89806,False,z,del civico n.,,511
2593810,6,2015-11-24T16:30:00,Strada Urbana,in corrispondenza,VIALE GIOVANNI BATTISTA VALENTE,,Infortunio per caduta del veicolo,Rettilineo,Una carreggiata a doppio senso,Bagnato (umiditíæ in atto),Asfaltata,Orizzontale,Sereno,Normale,Buona,Ore Diurne,1,0,0,0,12.56653,41.89648,True,z,del civico n.,,45
2593961,19,2015-11-24T16:50:00,Strada Urbana,all'intersezione con,VIA FRATELLI GUALANDI,,Veicolo in marcia contro veicolo in sosta,Intersezione stradale segnalata,Una carreggiata a senso unico di marcia,Asciutto,Asfaltata,Verticale,Sereno,Normale,Buona,Ore Diurne,0,0,0,2,12.42118,41.94203,True,z,VIA OTTAVIO GIGLI,VIA OTTAVIO GIGLI,
2594551,4,2015-11-24T17:00:00,,all'intersezione semaforizzata con,VIALE CARMELO BENE,,Scontro frontale-laterale DX fra veicoli in marcia,,,,,,,,,,1,0,0,1,12.53701,41.9721,False,z,VIA MARIO SOLDATI,VIA MARIO SOLDATI,
2595107,1,2015-11-24T17:05:00,Strada Urbana,in prossimitíæ,PIAZZA DI PORTA CAPENA,,Scontro frontale-laterale DX fra veicoli in marcia,Curva a visuale libera,Pií_ di due carreggiate,Asciutto,Asfaltata,Verticale ed orizzontale,Sereno,Normale,Buona,Sufficiente,1,0,0,1,12.48947,41.88458,True,z,del palo luce n.,,13
2594790,20,2015-11-24T17:10:00,Strada Urbana,in prossimitíæ,VIA TRIONFALE,,Tamponamento Multiplo,Rettilineo,Una carreggiata a senso unico di marcia,Asciutto,Asfaltata,Verticale ed orizzontale,Sereno,Normale,Buona,Sufficiente,0,0,0,4,,,False,z,del civico n.,,13592
2595056,2,2015-11-24T17:20:00,Strada Urbana,all'intersezione semaforizzata con,VIA NOMENTANA,,Scontro laterale fra veicoli in marcia,Intersezione semaforizzata,Due carreggiate,Asciutto,Asfaltata,Verticale ed orizzontale,Sereno,Normale,Buona,Sufficiente,0,0,0,3,12.55238,41.94111,True,z,VIA DI S. ANGELA MERICI,VIA DI S. ANGELA MERICI,
2594554,16,2015-11-24T17:50:00,,all'intersezione semaforizzata con,CIRCONVALLAZIONE GIANICOLENSE,,Scontro frontale-laterale SX fra veicoli in marcia,,,,,,,,,,0,0,0,2,,,False,z,VIA BERNARDINO RAMAZZINI,VIA BERNARDINO RAMAZZINI,
2593980,20,2015-11-24T17:53:00,Strada Urbana,all'intersezione con,CORSO DI FRANCIA,,Scontro laterale fra veicoli in marcia,Intersezione non regolata-non segnalata,Due carreggiate,Asciutto,Asfaltata,Verticale ed orizzontale,Sereno,Normale,Sufficiente,Sufficiente,1,0,0,2,,,False,z,VIA PIETRO LUPI,VIA PIETRO LUPI,
2594359,8,2015-11-24T18:00:00,Strada Urbana,all'intersezione con,VIA DEL CASALE DI S. MARIA,,Scontro frontale-laterale DX fra veicoli in marcia,Intersezione stradale segnalata,Una carreggiata a doppio senso,Asciutto,Asfaltata,Orizzontale,Sereno,Normale,Sufficiente,Sufficiente,2,0,0,0,12.70829,41.86144,False,z,VIA FURCI SICULO,VIA FURCI SICULO,
2594466,19,2015-11-24T18:30:00,Strada Urbana,all'intersezione con,VIA DELLA STORTA,,Scontro frontale-laterale DX fra veicoli in marcia,Incrocio,Una carreggiata a doppio senso,Asciutto,Asfaltata,Verticale ed orizzontale,Sereno,Normale,Buona,Ore Diurne,0,0,0,3,12.35659,41.95127,True,z,VIA DOMENICO MONTAGNANA,VIA DOMENICO MONTAGNANA,
2594463,19,2015-11-24T18:30:00,Strada Urbana,in prossimitíæ,VIA ROCCO PAGLIARA,,Scontro frontale fra veicoli in marcia,Rettilineo,Una carreggiata a senso unico di marcia,Asciutto,Asfaltata,Assente,Sereno,Scarso,Buona,Sufficiente,0,0,0,2,12.40661,41.95881,True,z,del civico n.,,48
2594365,8,2015-11-24T18:40:00,Statale entro l'abitato,in prossimitíæ,VIA CASILINA,,Scontro frontale fra veicoli in marcia,Rettilineo,Una carreggiata a doppio senso,Asciutto,Asfaltata,Verticale ed orizzontale,Sereno,Intenso,Buona,Sufficiente,0,0,0,3,12.66465,41.86431,False,z,del civico n.,,1679
2594371,8,2015-11-24T18:40:00,Strada Urbana,all'intersezione con,VIALE DEI ROMANISTI,,Investimento di pedone,Intersezione semaforizzata,Due carreggiate,Asciutto,Asfaltata,Verticale ed orizzontale,Sereno,Intenso,Sufficiente,Sufficiente,2,0,0,1,12.58642,41.86526,False,z,VIA DI TORRE SPACCATA,VIA DI TORRE SPACCATA,
2594627,20,2015-11-24T18:40:00,Regionale entro l'abitato,all'intersezione con,VIA FLAMINIA,,Scontro frontale-laterale SX fra veicoli in marcia,Incrocio,Una carreggiata a doppio senso,Asciutto,Asfaltata,Orizzontale,Sereno,Normale,Sufficiente,Sufficiente,1,0,0,1,,,False,z,VIA BEVAGNA,VIA BEVAGNA,
2594258,5,2015-11-24T18:45:00,Strada Urbana,in prossimitíæ,VIA DEI MONTI DI PIETRALATA,,Scontro frontale fra veicoli in marcia,Rettilineo,Una carreggiata a doppio senso,Bagnato (umiditíæ in atto),Asfaltata,Assente,Sereno,Normale,Insufficiente,Insufficiente,1,0,0,1,12.53322,41.92634,True,z,del civico n.,,203
2594243,6,2015-11-24T18:50:00,Strada Urbana,in corrispondenza,VIA COLLATINA,,Investimento di pedone,Rettilineo,Una carreggiata a doppio senso,Asciutto,Asfaltata,Orizzontale,Sereno,Normale,Sufficiente,Sufficiente,0,0,0,2,,,False,z,del civico n.,,7 B
2594309,9,2015-11-24T18:55:00,,da specificare,PIAZZA RAGUSA,fr. VIA DEI ROGAZIONISTI,Scontro laterale fra veicoli in marcia,,,,,,,,,,1,0,0,1,12.52305,41.88123,False,z,,,
2594503,3,2015-11-24T19:00:00,,da specificare,VIA NOMENTANA,fronte Via Reggio Emilia ,Investimento di pedone,,,,,,,,,,1,0,0,1,,,False,z,,,
2594261,7,2015-11-24T19:00:00,Strada Urbana,in corrispondenza,VIALE ALESSANDRINO,,Investimento di pedone,Rettilineo,Una carreggiata a doppio senso,Asciutto,Asfaltata,Orizzontale,Sereno,Normale,Buona,Sufficiente,0,0,1,1,12.57997,41.87354,True,z,del civico n.,,125
2594395,15,2015-11-24T20:00:00,Strada Urbana,in corrispondenza,VIA PORTUENSE,,Scontro frontale-laterale DX fra veicoli in marcia,Rettilineo,Una carreggiata a doppio senso,Asciutto,Asfaltata,Orizzontale,Sereno,Normale,Buona,Sufficiente,2,0,0,1,12.46437,41.8672,True,z,del civico n.,,297-B
2594685,17,2015-11-24T20:30:00,Strada Urbana,da specificare,VIA GREGORIO VII,fronte civico 170-A,Veicolo in marcia contro ostacolo accidentale,Rettilineo,Pií_ di due carreggiate,Asciutto,Asfaltata,Verticale ed orizzontale,Sereno,Scarso,Sufficiente,Sufficiente,0,0,0,2,12.44042,41.89603,True,z,,,
2594486,19,2015-11-24T20:30:00,Strada Urbana,da specificare,VIA DELLA PINETA SACCHETTI,altezza Via L.A. Pascucci,Scontro frontale-laterale SX fra veicoli in marcia,Rettilineo,Due carreggiate,Asciutto,Asfaltata,Verticale ed orizzontale,Sereno,Normale,Buona,Sufficiente,1,0,0,2,12.42428,41.9229,True,z,,,
2594787,20,2015-11-24T20:30:00,Strada Urbana,in prossimitíæ,VIA CASSIA,,Scontro frontale-laterale SX fra veicoli in marcia,Rettilineo,Una carreggiata a doppio senso,Asciutto,Asfaltata,Verticale ed orizzontale,Sereno,Normale,Sufficiente,Sufficiente,1,0,0,2,,,False,z,del civico n.,,1799 L
2594569,19,2015-11-24T20:40:00,Strada Urbana,in corrispondenza,GALLERIA GIOVANNI XXIII,,Tamponamento,Galleria illuminata,Una carreggiata a senso unico alternato,Asciutto,Asfaltata,Orizzontale,Sereno,Normale,Buona,Sufficiente,1,0,0,3,12.44462,41.94111,True,z,della chilometrica,,0.2
2595133,1,2015-11-24T20:55:00,Strada Urbana,in prossimitíæ,VIA MARMORATA,,Scontro frontale-laterale SX fra veicoli in marcia,Rettilineo,Una carreggiata a doppio senso,Asciutto,Asfaltata,Verticale ed orizzontale,Sereno,Normale,Buona,Sufficiente,1,0,0,1,,,False,z,del civico n.,,177
2594249,9,2015-11-24T21:00:00,,da specificare,VIA LA SPEZIA,pross. VIA POZZUOLI,Scontro frontale-laterale DX fra veicoli in marcia,,,,,,,,,,1,0,0,1,12.51531,41.88637,False,z,,,
2595038,3,2015-11-24T21:30:00,Strada Urbana,da specificare,VIA FRASSO SABINO,pross.tíæ Via Val Nerina,Veicolo in marcia contro veicoli in sosta,Rettilineo,Una carreggiata a senso unico di marcia,Asciutto,Asfaltata,Verticale ed orizzontale,Sereno,Scarso,Sufficiente,Sufficiente,0,0,0,1,12.66078,41.4691,False,z,,,
2594547,20,2015-11-24T21:58:00,Comunale extraurbana,all'intersezione con,VIA DELLA GIUSTINIANA,,Scontro frontale-laterale DX fra veicoli in marcia,Incrocio,Una carreggiata a doppio senso,Asciutto,Asfaltata,Verticale ed orizzontale,Nuvoloso,Scarso,Insufficiente,Insufficiente,2,0,0,2,,,False,z,VIA ANNA FOA',VIA ANNA FOA',
2594324,8,2015-11-24T22:30:00,Strada Urbana,in prossimitíæ,VIA DELLE DUE TORRI,,Veicolo in marcia contro ostacolo accidentale,Rettilineo,Una carreggiata a doppio senso,Asciutto,Asfaltata,Assente,Sereno,Scarso,Sufficiente,Sufficiente,0,0,0,2,12.65437,41.85808,True,z,del palo luce n.,,15
2594306,10,2015-11-24T22:30:00,,da specificare,VIA DI SALONE,alt ponte aniene dir tiburtina,Fuoriuscita dalla sede stradale,,,,,,,,,,0,0,1,0,,,False,z,,,
2595237,1,2015-11-25T00:05:00,Strada Urbana,all'intersezione semaforizzata con,VIA MERULANA,,Scontro laterale fra veicoli in marcia,Intersezione semaforizzata,Una carreggiata a doppio senso,Asciutto,Asfaltata,Verticale ed orizzontale,Sereno,Scarso,Buona,Sufficiente,1,0,0,1,,,False,z,VIA GUICCIARDINI,VIA GUICCIARDINI,
2596029,19,2015-11-25T00:57:00,Strada Urbana,all'intersezione con,VIA DI CASAL DEL MARMO,,Scontro frontale-laterale DX fra veicoli in marcia,Intersezione stradale segnalata,Una carreggiata a doppio senso,Asciutto,Asfaltata,Verticale ed orizzontale,Sereno,Scarso,Buona,Sufficiente,0,0,0,2,12.38708,41.9413,True,z,VIA DELLA PALMAROLA,VIA DELLA PALMAROLA,
2594749,4,2015-11-25T02:00:00,Strada Urbana,in prossimitíæ,VIA DI SCORTICABOVE,,Veicolo in marcia contro veicoli in sosta,Rettilineo,Una carreggiata a doppio senso,Asciutto,Asfaltata,Assente,Sereno,Scarso,Sufficiente,Sufficiente,0,0,0,0,12.59251,41.93422,True,z,del civico n.,,150-a
2594290,1,2015-11-25T02:50:00,Strada Urbana,all'intersezione semaforizzata con,VIA VITTORIO VENETO,,Veicolo in marcia contro ostacolo fisso,Incrocio,Una carreggiata a doppio senso,Asciutto,Asfaltata,Verticale ed orizzontale,Sereno,Scarso,Buona,Sufficiente,1,0,0,0,12.49015,41.9064,True,z,VIA LEONIDA BISSOLATI,VIA LEONIDA BISSOLATI,
2594611,1,2015-11-25T03:30:00,Strada Urbana,in corrispondenza,VIA DEL CIRCO MASSIMO,,Tamponamento,Rettilineo,Una carreggiata a doppio senso,Asciutto,Asfaltata,Assente,Sereno,Scarso,Buona,Sufficiente,2,0,1,2,12.48507,41.88541,False,z,del palo luce n.,,20
2596008,19,2015-11-25T05:10:00,Strada Urbana,all'intersezione con,VIA GIULIO SALVADORI,,Scontro frontale-laterale SX fra veicoli in marcia,Incrocio,Una carreggiata a senso unico di marcia,Asciutto,Asfaltata,Verticale ed orizzontale,Sereno,Scarso,Buona,Sufficiente,1,0,0,3,12.41938,41.94498,True,z,VIA DEL COLLE DI S. AGATA,VIA DEL COLLE DI S. AGATA,
2596507,23,2015-11-25T07:15:00,Comunale extraurbana,all'intersezione semaforizzata con,VIA CRISTOFORO COLOMBO,,Tamponamento,Intersezione semaforizzata,Pií_ di due carreggiate,Asciutto,Asfaltata,Verticale ed orizzontale,Sereno,Intenso,Buona,Ore Diurne,0,0,0,2,12.35756,41.74595,True,z,VIA DI ACILIA,VIA DI ACILIA,
2600780,12,2015-11-25T07:45:00,Strada Urbana,da specificare,VIA SARSINA,fronte civico 225,Veicolo in marcia contro veicolo in sosta,Rettilineo,Una carreggiata a doppio senso,Asciutto,Asfaltata,Verticale ed orizzontale,Sereno,Scarso,Buona,Ore Diurne,0,0,0,0,12.40765,41.79141,False,z,,,
2596053,4,2015-11-25T07:50:00,,in corrispondenza,VIA NOMENTANA,,Scontro frontale-laterale DX fra veicoli in marcia,,,,,,,,,,0,0,0,2,12.57289,41.95324,False,z,del civico n.,,1105
2594489,7,2015-11-25T08:10:00,Strada Urbana,in prossimitíæ,VIA DI TOR TRE TESTE,,Tamponamento,Rettilineo,Una carreggiata a doppio senso,Asciutto,Asfaltata,Verticale ed orizzontale,Nuvoloso,Normale,Buona,Ore Diurne,0,0,0,2,12.59061,41.893,True,z,del civico n.,,222
2594686,19,2015-11-25T08:10:00,Strada Urbana,all'intersezione semaforizzata con,VIA MATTIA BATTISTINI,,Scontro frontale-laterale SX fra veicoli in marcia,Incrocio,Una carreggiata a doppio senso,Asciutto,Asfaltata,Orizzontale,Sereno,Intenso,Buona,Ore Diurne,1,0,0,1,12.4185,41.91264,True,z,VIA DEL FORTE BRASCHI,VIA DEL FORTE BRASCHI,
2595846,6,2015-11-25T08:25:00,Strada Urbana,da specificare,VIA DINO PENAZZATO,fronte civico 91-E,Veicolo in marcia contro veicolo in sosta,Rettilineo,Una carreggiata a doppio senso,Asciutto,Asfaltata,Verticale ed orizzontale,Sereno,Normale,Buona,Ore Diurne,0,0,0,1,12.56537,41.89825,True,z,,,
2595415,5,2015-11-25T08:30:00,,da specificare,VIA DELLA TENUTA DEL CAVALIERE,p.tíæ PONTE SULL'ANIENE,Tamponamento,,,,,,,,,,1,0,0,0,12.66777,41.92754,False,z,,,
2595012,3,2015-11-25T08:30:00,Strada Urbana,in corrispondenza,VIA LORENZO IL MAGNIFICO,,Tamponamento,Rettilineo,Una carreggiata a doppio senso,Asciutto,Asfaltata,Verticale ed orizzontale,Sereno,Normale,Buona,Ore Diurne,0,0,0,4,12.52217,41.91319,True,z,del civico n.,,11
2596074,13,2015-11-25T08:30:00,Strada Urbana,all'intersezione semaforizzata con,VIA DEL MARE,,Scontro laterale fra veicoli in marcia,Intersezione semaforizzata,Due carreggiate,Asciutto,Asfaltata,Verticale ed orizzontale,Sereno,Normale,Buona,Ore Diurne,0,0,0,2,12.30395,41.75953,True,z,VIA DI CASTEL FUSANO,VIA DI CASTEL FUSANO,
2595686,15,2015-11-25T08:30:00,,all'intersezione con,VIALE ARTURO MARTINI,,Tamponamento,,,,,,,,,,0,0,0,1,12.41378,41.84794,False,z,VIA PORTUENSE,VIA PORTUENSE,
2594577,9,2015-11-25T08:40:00,Strada Urbana,da specificare,PIAZZALE LABICANO,prossimitíæ Scalo San Lorenzo,Scontro laterale fra veicoli in marcia,Rettilineo,Una carreggiata a senso unico di marcia,Asciutto,Asfaltata,Assente,Sereno,Intenso,Buona,Ore Diurne,0,0,0,3,12.51547,41.89226,True,z,,,
2594822,12,2015-11-25T08:45:00,Regionale,da specificare,VIA PONTINA NUOVA,Confluenza via C. Colombo (Dir. Roma Centro),Scontro laterale fra veicoli in marcia,Rettilineo,Due carreggiate,Asciutto,Asfaltata,Verticale ed orizzontale,Sereno,Intenso,Buona,Ore Diurne,0,0,0,2,12.46271,41.81759,True,z,,,
2594738,17,2015-11-25T08:45:00,Strada Urbana,all'intersezione con,LUNGOTEVERE MICHELANGELO,,Scontro frontale-laterale DX fra veicoli in marcia,Incrocio,Una carreggiata a senso unico di marcia,Asciutto,Asfaltata,Verticale ed orizzontale,Sereno,Normale,Buona,Ore Diurne,0,0,0,2,12.47036,41.91219,True,z,VIALE GIULIO CESARE,VIALE GIULIO CESARE,
2596124,1,2015-11-25T09:00:00,Strada Urbana,all'intersezione con,VIA PIETRO PERETTI,,Veicolo in marcia contro veicolo fermo,Incrocio,Una carreggiata a senso unico di marcia,Asciutto,Asfaltata,Verticale ed orizzontale,Sereno,Normale,Buona,Ore Diurne,0,0,0,3,12.47828,41.88809,False,z,LUNGOTEVERE RIPA,LUNGOTEVERE RIPA,
2595420,5,2015-11-25T09:00:00,Strada Urbana,in prossimitíæ,VIA BELMONTE IN SABINA,,Infortunio per sola frenata improvvisa,Rettilineo,Due carreggiate,Asciutto,Asfaltata,Verticale ed orizzontale,Sereno,Normale,Buona,Ore Diurne,1,0,0,2,12.60097,41.95237,False,z,del palo luce n.,,10
2595359,18,2015-11-25T09:00:00,Strada Urbana,in prossimitíæ,VIA AURELIA,,Scontro frontale-laterale SX fra veicoli in marcia,Rettilineo,Una carreggiata a doppio senso,Bagnato (umiditíæ in atto),Asfaltata,Verticale ed orizzontale,Sereno,Normale,Buona,Ore Diurne,1,0,0,1,12.43866,41.89826,False,z,del civico n.,,269