_ID,_Gruppo,_DataOraIncidente,_Localizzazione1,_Localizzazione2,_Strada1,_DaSpecificare,_NaturaIncidente,_ParticolaritaStrade,_TipoStrada,_FondoStradale,_Pavimentazione,_Segnaletica,_CondizioneAtmosferica,_Traffico,_Visibilita,_Illuminazione,_NUM_FERITI,_NUM_RISERVATA,_NUM_MORTI,_NUM_ILLESI,_Longitudine,_Latitudine,_CONFERMATO,__prefix,_Strada02,_Strada2,_Chilometrica
2594687,10,2015-11-25T09:15:00,Strada Urbana,da specificare,VIA DI TORRE SPACCATA,dir. Casilina 20 mt. prima L.go Alamein,Tamponamento,Rettilineo,Una carreggiata a doppio senso,Asciutto,Asfaltata,Verticale ed orizzontale,Sereno,Normale,Buona,Ore Diurne,1,0,0,1,,,False,z,,,
2595781,13,2015-11-25T09:15:00,Strada Urbana,all'intersezione con,VIA ISOLE SALOMONE,,Scontro frontale-laterale SX fra veicoli in marcia,Incrocio,Una carreggiata a doppio senso,Asciutto,Asfaltata,Verticale ed orizzontale,Sereno,Normale,Buona,Ore Diurne,1,0,0,2,12.2764,41.74038,False,z,VIA DELLE CAROLINE,VIA DELLE CAROLINE,
2596567,23,2015-11-25T09:15:00,Comunale extraurbana,all'intersezione semaforizzata con,VIA DI ACILIA,,Tamponamento,Intersezione semaforizzata,Una carreggiata a senso unico di marcia,Asciutto,Asfaltata,Verticale ed orizzontale,Sereno,Intenso,Buona,Ore Diurne,0,0,0,2,12.38317,41.76513,True,z,VIA CRISTOFORO COLOMBO,VIA CRISTOFORO COLOMBO,
2594667,11,2015-11-25T09:20:00,Strada Urbana,da specificare,VIALE GUGLIELMO MARCONI,Prossimitíæ Via di Valco San Paolo,Scontro laterale fra veicoli in marcia,Rettilineo,Due carreggiate,Asciutto,Asfaltata,Verticale ed orizzontale,Sereno,Normale,Buona,Ore Diurne,0,0,0,2,12.4734,41.8522,True,z,,,
2596032,13,2015-11-25T10:10:00,Strada Urbana,all'intersezione semaforizzata con,VIA DI ACILIA,,Investimento di pedone,Intersezione semaforizzata,Una carreggiata a doppio senso,Asciutto,Asfaltata,Verticale ed orizzontale,Sereno,Normale,Buona,Ore Diurne,1,0,0,2,12.36624,41.78167,False,z,VIA DI SAPONARA,VIA DI SAPONARA,
2595789,8,2015-11-25T10:15:00,Strada Urbana,all'intersezione con,VIA COLUMBIA,,Scontro laterale fra veicoli in marcia,Incrocio,Una carreggiata a doppio senso,Asciutto,Asfaltata,Verticale ed orizzontale,Sereno,Scarso,Buona,Ore Diurne,2,0,0,0,12.62366,41.85295,False,z,VIA CAMBRIDGE,VIA CAMBRIDGE,
2596287,1,2015-11-25T10:15:00,Strada Urbana,all'intersezione con,VIA DEL CIRCO MASSIMO,,Scontro frontale-laterale SX fra veicoli in marcia,Incrocio,Due carreggiate,Asciutto,Asfaltata,Verticale ed orizzontale,Sereno,Normale,Buona,Ore Diurne,1,0,0,2,12.48464,41.88547,True,z,PIAZZALE UGO LA MALFA,PIAZZALE UGO LA MALFA,
2594782,6,2015-11-25T10:40:00,Strada Urbana,in corrispondenza,VIALE GIACOMO AICARDI,,Scontro laterale fra veicoli in marcia,Rettilineo,Una carreggiata a senso unico di marcia,Asciutto,Asfaltata,Verticale ed orizzontale,Sereno,Normale,Buona,Ore Diurne,0,0,0,4,12.54117,41.87552,True,z,del civico n.,,6
2596273,2,2015-11-25T10:45:00,Strada Urbana,all'intersezione con,VIA LUISA DI SAVOIA,,Scontro frontale-laterale DX fra veicoli in marcia,Incrocio,Due carreggiate,Asciutto,Asfaltata,Orizzontale,Sereno,Normale,Buona,Ore Diurne,1,0,0,2,,,False,z,VIA GIAN DOMENICO ROMAGNOSI,VIA GIAN DOMENICO ROMAGNOSI,
2594860,10,2015-11-25T10:55:00,Strada Urbana,da specificare,VIA ANAGNINA,"area parcheggio fronte ""Ericsson""",Scontro frontale-laterale DX fra veicoli in marcia,Rettilineo,Una carreggiata a senso unico di marcia,Asciutto,Asfaltata,Verticale,Sereno,Scarso,Buona,Ore Diurne,0,0,0,3,12.60315,41.82556,True,z,,,
2594930,17,2015-11-25T11:00:00,Strada Urbana,all'intersezione con,VIA MARCANTONIO COLONNA,,Scontro frontale-laterale SX fra veicoli in marcia,Incrocio,Una carreggiata a senso unico di marcia,Asciutto,Asfaltata,Verticale ed orizzontale,Sereno,Normale,Buona,Ore Diurne,0,0,0,2,12.46695,41.91,True,z,VIA POMPEO MAGNO,VIA POMPEO MAGNO,
2596235,1,2015-11-25T11:20:00,Strada Urbana,all'intersezione con,VIA MERULANA,,Scontro laterale fra veicoli in marcia,Incrocio,Una carreggiata a doppio senso,Asciutto,Asfaltata,Verticale ed orizzontale,Sereno,Normale,Buona,Ore Diurne,0,0,0,1,,,False,z,VIA MECENATE,VIA MECENATE,
2595815,8,2015-11-25T11:20:00,Strada Urbana,in prossimitíæ,VIA NATALE BALBIANI,,Scontro laterale fra veicoli in marcia,Rettilineo,Una carreggiata a senso unico di marcia,Asciutto,Asfaltata,Verticale ed orizzontale,Sereno,Normale,Buona,Ore Diurne,0,0,0,4,12.63338,41.86891,False,z,del civico n.,,12
2594879,11,2015-11-25T11:20:00,Strada Urbana,da specificare,PONTE GUGLIELMO MARCONI,in corrispondenza del quinto palo ACEA,Tamponamento Multiplo,Rettilineo,Una carreggiata a doppio senso,Asciutto,Asfaltata,Orizzontale,Sereno,Normale,Buona,Ore Diurne,0,0,0,4,12.47027,41.86001,True,z,,,
2595807,8,2015-11-25T11:30:00,Strada Urbana,all'intersezione con,VIA CASILINA,,Scontro laterale fra veicoli in marcia,Intersezione non regolata-non segnalata,Una carreggiata a doppio senso,Asciutto,Asfaltata,Verticale ed orizzontale,Sereno,Normale,Buona,Ore Diurne,0,0,0,2,12.60933,41.86405,True,z,VIA GIULIO BONASONI,VIA GIULIO BONASONI,
2596013,13,2015-11-25T11:30:00,Strada Urbana,all'intersezione con,VIA DELLE BALENIERE,,Scontro laterale fra veicoli in marcia,Intersezione semaforizzata,Una carreggiata a doppio senso,Asciutto,Asfaltata,Verticale ed orizzontale,Sereno,Normale,Buona,Ore Diurne,0,0,0,3,12.27948,41.73814,True,z,VIA DELLE ANTILLE,VIA DELLE ANTILLE,
2596335,1,2015-11-25T11:40:00,Strada Urbana,all'intersezione semaforizzata con,PIAZZA DI PORTA CAPENA,,Scontro frontale-laterale SX fra veicoli in marcia,Intersezione semaforizzata,Pií_ di due carreggiate,Asciutto,Asfaltata,Verticale ed orizzontale,Sereno,Scarso,Buona,Ore Diurne,1,0,0,1,12.49049,41.88334,True,z,VIALE DELLE TERME DI CARACALLA,VIALE DELLE TERME DI CARACALLA,
2596512,3,2015-11-25T11:46:00,Strada Urbana,in corrispondenza,VIALE DELL'UNIVERSITA',,Scontro laterale fra veicoli in marcia,Rettilineo,Una carreggiata a doppio senso,Asciutto,Asfaltata,Verticale ed orizzontale,Sereno,Normale,Buona,Ore Diurne,0,0,0,4,12.51345,41.90453,True,z,del civico n.,,32
2596045,1,2015-11-25T11:50:00,Strada Urbana,da specificare,LUNGOTEVERE AVENTINO,intersezione LARGO A. PETRUCCI,Veicolo in marcia contro veicolo in sosta,Rettilineo,Una carreggiata a senso unico di marcia,Asciutto,Asfaltata,Verticale ed orizzontale,Sereno,Normale,Buona,Ore Diurne,1,0,0,0,12.47894,41.88549,False,z,,,
2595687,15,2015-11-25T12:00:00,Strada Urbana,da specificare,PIAZZA DELLA RADIO,fronte civico 46-B area parcheggio,Veicolo in marcia contro veicolo fermo,Rettilineo,Due carreggiate,Asciutto,Asfaltata,Orizzontale,Sereno,Normale,Buona,Ore Diurne,0,0,0,3,12.46761,41.86983,True,z,,,
2596270,4,2015-11-25T12:00:00,Provinciale entro l'abitato,all'intersezione con,VIA NOMENTANA,,Scontro frontale-laterale SX fra veicoli in marcia,Incrocio,Una carreggiata a doppio senso,Asciutto,Asfaltata,Verticale ed orizzontale,Sereno,Normale,Buona,Ore Diurne,0,0,0,4,12.55238,41.94111,True,z,VIA GIANGIORGIO TRISSINO,VIA GIANGIORGIO TRISSINO,
2596354,1,2015-11-25T12:15:00,Strada Urbana,all'intersezione con,VIA GAETA,,Scontro laterale fra veicoli in marcia,Incrocio,Una carreggiata a senso unico di marcia,Asciutto,Asfaltata,Assente,Sereno,Normale,Buona,Ore Diurne,0,0,0,2,12.50203,41.90562,False,z,VIA CASTELFIDARDO,VIA CASTELFIDARDO,
2595135,12,2015-11-25T12:35:00,Strada Urbana,all'intersezione con,VIA VICO CONSORTI,,Scontro frontale-laterale SX fra veicoli in marcia,Rotatoria,Una carreggiata a senso unico di marcia,Asciutto,Asfaltata,Verticale ed orizzontale,Sereno,Normale,Buona,Ore Diurne,0,0,0,2,12.43433,41.79735,True,z,VIA ERCOLE DREI,VIA ERCOLE DREI,
2596334,4,2015-11-25T12:50:00,Strada Urbana,da specificare,PIAZZA FERNANDO DE LUCIA,fronte civico 110,Scontro frontale-laterale SX fra veicoli in marcia,Rettilineo,Due carreggiate,Asciutto,Asfaltata,Verticale,Nuvoloso,Scarso,Buona,Ore Diurne,0,0,0,2,12.5148,41.96535,True,z,,,
2595688,15,2015-11-25T13:00:00,Strada Urbana,in prossimitíæ,VIA DELLA CASETTA MATTEI,,Scontro frontale-laterale SX fra veicoli in marcia,Rettilineo,Una carreggiata a doppio senso,Asciutto,Asfaltata,Orizzontale,Sereno,Normale,Buona,Ore Diurne,1,0,0,1,12.42034,41.86212,True,z,del civico n.,,333
2598739,23,2015-11-25T13:10:00,,da specificare,VIA CRISTOFORO COLOMBO,via oropa,Tamponamento Multiplo,,,,,,,,,,1,0,0,2,,,False,z,,,
2595783,5,2015-11-25T13:10:00,Strada Urbana,all'intersezione semaforizzata con,VIA TIBURTINA,,Scontro frontale-laterale SX fra veicoli in marcia,Incrocio,Due carreggiate,Asciutto,Asfaltata,Verticale ed orizzontale,Sereno,Intenso,Buona,Ore Diurne,0,0,0,3,12.57911,41.93153,True,z,VIA ELENA BRANDIZZI GIANNI,VIA ELENA BRANDIZZI GIANNI,
2597896,18,2015-11-25T13:15:00,Strada Urbana,all'intersezione con,VIA DEL FORTE BRASCHI,,Scontro frontale-laterale DX fra veicoli in marcia,Intersezione stradale segnalata,Una carreggiata a senso unico di marcia,Asciutto,Asfaltata,Verticale ed orizzontale,Sereno,Normale,Buona,Ore Diurne,0,0,0,4,12.42092,41.91438,True,z,VIA PIO IX,VIA PIO IX,
2596240,4,2015-11-25T13:15:00,,da specificare,VIA NOMENTANA,altezza rampa gra carreggiata interna,Scontro frontale-laterale DX fra veicoli in marcia,,,,,,,,,,1,0,0,2,12.55238,41.94111,False,z,,,
2596535,3,2015-11-25T13:30:00,Strada Urbana,in prossimitíæ,PIAZZALE DEL VERANO,,Scontro frontale-laterale SX fra veicoli in marcia,Rotatoria,Una carreggiata a senso unico di marcia,Asciutto,Asfaltata,Verticale ed orizzontale,Sereno,Normale,Buona,Ore Diurne,0,0,0,4,12.51884,41.90171,True,z,del civico n.,,38
2595819,8,2015-11-25T14:00:00,Strada Urbana,in prossimitíæ,VIA DI TOR BELLA MONACA,,Veicolo in marcia contro ostacolo accidentale,Curva a visuale libera,Due carreggiate,Asciutto,Asfaltata,Verticale ed orizzontale,Sereno,Normale,Buona,Ore Diurne,0,0,0,2,12.62546,41.87778,True,z,del palo luce n.,,55
2596184,1,2015-11-25T14:00:00,Strada Urbana,in prossimitíæ,PIAZZA DELL'ARA COELI,,Scontro laterale fra veicoli in marcia,Rotatoria,Una carreggiata a senso unico di marcia,Asciutto,Acciotolata,Verticale ed orizzontale,Sereno,Intenso,Buona,Ore Diurne,1,0,0,1,12.48146,41.89399,True,z,del civico n.,,2
2595828,8,2015-11-25T14:00:00,Strada Urbana,da specificare,VIA DEI RUDERI DI CASA CALDA,ALTEZZA VIA W. TOBAGI,Veicolo in marcia contro ostacolo accidentale,Rettilineo,Una carreggiata a doppio senso,Asciutto,Con buche,Assente,Nuvoloso,Scarso,Buona,Ore Diurne,0,0,0,1,12.59472,41.87467,True,z,,,
2595123,10,2015-11-25T14:10:00,Strada Urbana,in prossimitíæ,VIA DI TORRE SPACCATA,,Scontro frontale-laterale SX fra veicoli in marcia,Rettilineo,Una carreggiata a doppio senso,Asciutto,Asfaltata,Verticale ed orizzontale,Sereno,Normale,Buona,Ore Diurne,0,0,0,2,12.58581,41.85777,True,z,del civico n.,,110
2595206,9,2015-11-25T14:10:00,Strada Urbana,all'intersezione con,VIA APPIA NUOVA,,Scontro laterale fra veicoli in marcia,Incrocio,Una carreggiata a senso unico di marcia,Asciutto,Asfaltata,Verticale ed orizzontale,Sereno,Normale,Buona,Ore Diurne,0,0,0,2,12.5337,41.86072,False,z,VIA DELL'ALMONE,VIA DELL'ALMONE,
2595232,9,2015-11-25T14:20:00,,all'intersezione semaforizzata con,VIA TARANTO,,Scontro laterale fra veicoli in marcia,,,,,,,,,,0,0,0,1,,,False,z,VIA RIMINI,VIA RIMINI,
2595137,11,2015-11-25T14:20:00,Strada Urbana,in prossimitíæ,VIA OSTIENSE,,Scontro laterale fra veicoli in marcia,Rettilineo,Pií_ di due carreggiate,Asciutto,Asfaltata,Verticale ed orizzontale,Nuvoloso,Normale,Buona,Ore Diurne,1,0,0,2,12.47964,41.87002,False,z,del civico n.,,68
2596272,16,2015-11-25T14:35:00,Strada Urbana,all'intersezione semaforizzata con,CIRCONVALLAZIONE GIANICOLENSE,,Scontro frontale-laterale DX fra veicoli in marcia,Intersezione semaforizzata,Pií_ di due carreggiate,Asciutto,Asfaltata,Verticale ed orizzontale,Sereno,Normale,Buona,Ore Diurne,1,0,0,1,12.44956,41.87247,False,z,PIAZZA S. GIOVANNI DI DIO,PIAZZA S. GIOVANNI DI DIO,
2596347,4,2015-11-25T15:10:00,,all'intersezione con,VIA DELLE ISOLE CURZOLANE,,Scontro frontale-laterale SX fra veicoli in marcia,,,,,,,,,,0,0,0,2,12.53194,41.94885,False,z,VIA MONTE PETROSO,VIA MONTE PETROSO,
2596123,13,2015-11-25T15:10:00,Strada Urbana,in prossimitíæ,VIA ERNESTO BOEZI,,Veicolo in marcia contro ostacolo accidentale,Rettilineo,Una carreggiata a doppio senso,Asciutto,Asfaltata,Assente,Sereno,Normale,Buona,Ore Diurne,0,0,0,1,12.36838,41.73899,True,z,del civico n.,,105
2595342,2,2015-11-25T15:10:00,Strada Urbana,in prossimitíæ,VIA GIAN GIACOMO PORRO,,Tamponamento,Rettilineo,Una carreggiata a senso unico di marcia,Asciutto,Asfaltata,Verticale ed orizzontale,Sereno,Scarso,Buona,Ore Diurne,0,0,0,4,12.48933,41.929,True,z,del civico n.,,7
2596028,17,2015-11-25T15:15:00,,da specificare,PIAZZA ADRIANA,altezza via Crescenzio,Infortunio per caduta del veicolo,,,,,,,,,,0,0,0,1,12.46721,41.90472,False,z,,,
2595167,20,2015-11-25T15:15:00,Strada Urbana,all'intersezione con,VIA VALCHETTA CARTONI,,Scontro laterale fra veicoli in marcia,Incrocio,Una carreggiata a doppio senso,Asciutto,Asfaltata,Verticale ed orizzontale,Sereno,Normale,Buona,Ore Diurne,0,0,0,2,12.49284,41.98461,True,z,VIA FLAMINIA,VIA FLAMINIA,
2595785,8,2015-11-25T15:20:00,,all'intersezione con,VIA DI ROCCA CENCIA,,Scontro frontale-laterale DX fra veicoli in marcia,,,,,,,,,,1,0,0,2,,,False,z,VIA SELLIA,VIA SELLIA,
2596322,16,2015-11-25T15:30:00,Strada Urbana,all'intersezione con,VIA DELLA PISANA,,Scontro frontale-laterale DX fra veicoli in marcia,Intersezione non regolata-non segnalata,Una carreggiata a doppio senso,Asciutto,Asfaltata,Temporanea di cantiere,Sereno,Intenso,Buona,Ore Diurne,0,0,0,3,12.39764,41.85757,True,z,VIA MARCELLO PIACENTINI,VIA MARCELLO PIACENTINI,
2595777,5,2015-11-25T15:30:00,Strada Urbana,in prossimitíæ,VIA TIBURTINA,,Veicolo in marcia contro veicolo in sosta,Rettilineo,Due carreggiate,Asciutto,Asfaltata,Assente,Sereno,Intenso,Buona,Ore Diurne,0,0,0,1,12.57518,41.92734,True,z,del civico n.,,949
2596105,17,2015-11-25T15:35:00,Strada Urbana,in corrispondenza,VIA COLA DI RIENZO,,Veicolo in marcia contro veicoli in sosta,Rettilineo,Una carreggiata a doppio senso,Asciutto,Acciotolata,Verticale ed orizzontale,Sereno,Normale,Buona,Ore Diurne,0,0,0,1,12.45999,41.90658,True,z,del civico n.,,276
2596579,23,2015-11-25T15:45:00,,in prossimitíæ,VIA CRISTOFORO COLOMBO,,Tamponamento,,,,,,,,,,0,0,0,2,,,False,z,della chilometrica,,19.4
2596172,2,2015-11-25T16:00:00,Strada Urbana,all'intersezione semaforizzata con,VIALE MARESCIALLO PILSUDSKI,,Scontro laterale fra veicoli in marcia,Intersezione semaforizzata,Una carreggiata a doppio senso,Asciutto,Asfaltata,Verticale ed orizzontale,Sereno,Normale,Buona,Ore Diurne,0,0,0,2,12.47322,41.9256,True,z,VIA DI S. VALENTINO,VIA DI S. VALENTINO,
2595926,13,2015-11-25T16:00:00,Strada Urbana,all'intersezione con,VIA ERMANNO CARLOTTO,,Scontro frontale-laterale DX fra veicoli in marcia,Incrocio,Due carreggiate,Asciutto,Asfaltata,Assente,Sereno,Scarso,Sufficiente,Ore Diurne,0,0,0,2,12.28896,41.73268,True,z,VIA ANGELO OLIVIERI,VIA ANGELO OLIVIERI,
2595395,9,2015-11-25T16:20:00,Strada Urbana,all'intersezione con,VIA ACAIA,,Scontro laterale fra veicoli in marcia,Incrocio,Una carreggiata a doppio senso,Asciutto,Asfaltata,Orizzontale,Sereno,Normale,Buona,Ore Diurne,0,0,0,2,12.50832,41.87785,True,z,PIAZZA ARMENIA,PIAZZA ARMENIA,
2595376,11,2015-11-25T16:30:00,Strada Urbana,all'intersezione con,VIA DELLA VILLA DI LUCINA,,Scontro frontale-laterale DX fra veicoli in marcia,Incrocio,Pií_ di due carreggiate,Asciutto,Asfaltata,Verticale ed orizzontale,Sereno,Normale,Sufficiente,Sufficiente,0,0,0,2,12.48504,41.85723,True,z,VIA COSTANTINO,VIA COSTANTINO,
2595323,10,2015-11-25T16:40:00,Strada Urbana,all'intersezione con,VIA ERMINIO,,Scontro frontale-laterale DX fra veicoli in marcia,Intersezione stradale segnalata,Una carreggiata a senso unico di marcia,Asciutto,Asfaltata,Verticale ed orizzontale,Nuvoloso,Normale,Buona,Sufficiente,0,0,0,4,12.55186,41.85764,True,z,VIA PAESTUM,VIA PAESTUM,
2596285,4,2015-11-25T16:45:00,Strada Urbana,all'intersezione con,PIAZZALE ADRIATICO,,Veicolo in marcia contro veicolo fermo,Intersezione non regolata-non segnalata,Una carreggiata a senso unico di marcia,Asciutto,Asfaltata,Verticale ed orizzontale,Sereno,Normale,Buona,Ore Diurne,0,0,0,2,12.5362,41.94024,True,z,VIA DELLA VERNA,VIA DELLA VERNA,
2596006,13,2015-11-25T17:00:00,Strada Urbana,da specificare,VIA LUIGI PIETROBONO,in prossimitíæ Via Pavullo nel Frignano,Veicolo in marcia contro ostacolo accidentale,Rettilineo,Una carreggiata a doppio senso,Asciutto,Asfaltata,Assente,Nuvoloso,Scarso,Sufficiente,Insufficiente,0,0,0,1,12.38521,41.78911,True,z,,,
2595919,18,2015-11-25T17:00:00,Strada Urbana,in corrispondenza,VIA CALISTO II,,Scontro laterale fra veicoli in marcia,Rettilineo,Una carreggiata a doppio senso,Asciutto,Asfaltata,Verticale ed orizzontale,Sereno,Normale,Sufficiente,Sufficiente,0,0,0,2,12.42296,41.91068,True,z,del civico n.,,19
2596043,17,2015-11-25T17:00:00,Strada Urbana,in prossimitíæ,VIA IGEA,,Investimento di pedone,Rettilineo,Una carreggiata a doppio senso,Asciutto,Asfaltata,Orizzontale,Sereno,Normale,Buona,Sufficiente,1,0,0,1,12.44053,41.93424,True,z,del civico n.,,18
2595808,5,2015-11-25T17:15:00,Statale entro l'abitato,in prossimitíæ,VIA TIBURTINA,,Veicolo in marcia contro ostacolo accidentale,Rettilineo,Una carreggiata a doppio senso,Asciutto,Asfaltata,Assente,Sereno,Intenso,Insufficiente,Insufficiente,0,0,0,2,12.56163,41.91578,True,z,del civico n.,,842
2595762,5,2015-11-25T17:20:00,Strada Urbana,in prossimitíæ,VIA TIBURTINA,,Veicolo in marcia contro ostacolo accidentale,Rettilineo,Una carreggiata a doppio senso,Asciutto,Asfaltata,Assente,Sereno,Intenso,Insufficiente,Insufficiente,0,0,0,1,12.56168,41.91575,True,z,del civico n.,,842
2596214,4,2015-11-25T17:30:00,,in prossimitíæ,VIA MONTE RESEGONE,,Scontro laterale fra veicoli in marcia,,,,,,,,,,0,0,0,2,12.53195,41.95262,False,z,del civico n.,,16
2595877,8,2015-11-25T17:30:00,Strada Urbana,in prossimitíæ,VIA DI TOR BELLA MONACA,,Veicolo in marcia contro ostacolo accidentale,Curva a visuale libera,Due carreggiate,Asciutto,Asfaltata,Verticale ed orizzontale,Nuvoloso,Normale,Sufficiente,Sufficiente,0,0,0,1,12.62546,41.87778,True,z,del palo luce n.,,55
2596277,2,2015-11-25T17:35:00,Strada Urbana,da specificare,VIALE DEL MURO TORTO,alt. P.le Brasile dir. P.le Flaminio,Tamponamento Multiplo,Rettilineo,Due carreggiate,Asciutto,Asfaltata,Verticale ed orizzontale,Sereno,Normale,Buona,Sufficiente,1,0,0,3,,,False,z,,,
2595727,15,2015-11-25T17:40:00,,all'intersezione con,VIA GIOVANNI CASELLI,,Infortunio per sola frenata improvvisa,,,,,,,,,,1,0,0,0,12.46256,41.86907,False,z,VIA GIUSEPPE RAVIZZA,VIA GIUSEPPE RAVIZZA,
2595401,15,2015-11-25T17:45:00,Strada Urbana,all'intersezione con,PIAZZA ANTONIO MEUCCI,,Tamponamento Multiplo,Intersezione non regolata-non segnalata,Una carreggiata a doppio senso,Asciutto,Asfaltata,Orizzontale,Sereno,Normale,Sufficiente,Sufficiente,0,0,0,5,12.46385,41.86155,True,z,LUNGOTEVERE DEGLI INVENTORI,LUNGOTEVERE DEGLI INVENTORI,
2595773,5,2015-11-25T17:50:00,Strada Urbana,da specificare,VIALE DEL TECNOPOLO,direz. Tiburtina dopo Via delle Case Rosse,Scontro laterale fra veicoli in marcia,Rettilineo,Due carreggiate,Asciutto,Asfaltata,Orizzontale,Sereno,Normale,Sufficiente,Sufficiente,0,0,0,1,12.63644,41.92775,True,z,,,
2596099,1,2015-11-25T18:00:00,Strada Urbana,all'intersezione con,PIAZZA NICOSIA,,Scontro frontale-laterale DX fra veicoli in marcia,Incrocio,Una carreggiata a senso unico di marcia,Asciutto,Acciotolata,Verticale ed orizzontale,Nuvoloso,Normale,Buona,Insufficiente,0,0,0,4,,,False,z,VICOLO DELLA CAMPANA,VICOLO DELLA CAMPANA,
2597431,3,2015-11-25T18:50:00,,in corrispondenza,VIALE REGINA MARGHERITA,,Investimento di pedone,,,,,,,,,,0,0,0,1,,,False,z,del civico n.,,247
2595834,8,2015-11-25T19:10:00,Strada Urbana,in prossimitíæ,VIA DI TOR BELLA MONACA,,Veicolo in marcia contro ostacolo accidentale,Curva a visuale libera,Due carreggiate,Asciutto,Asfaltata,Verticale ed orizzontale,Nuvoloso,Normale,Sufficiente,Sufficiente,0,0,0,1,12.62546,41.87778,True,z,del palo luce n.,,55
2596219,1,2015-11-25T19:15:00,Strada Urbana,all'intersezione con,PIAZZA VENEZIA,,Scontro frontale-laterale SX fra veicoli in marcia,Intersezione regolata dal vigile,Una carreggiata a senso unico di marcia,Asciutto,In cubetti di porfido,Verticale ed orizzontale,Nuvoloso,Intenso,Buona,Sufficiente,0,0,0,2,,,False,z,VIA DEL CORSO,VIA DEL CORSO,
2596086,17,2015-11-25T19:15:00,Strada Urbana,all'intersezione semaforizzata con,VIALE ANGELICO,,Scontro frontale-laterale DX fra veicoli in marcia,Intersezione semaforizzata,Pií_ di due carreggiate,Asciutto,Asfaltata,Verticale ed orizzontale,Nuvoloso,Normale,Sufficiente,Sufficiente,0,0,0,3,12.45835,41.91503,False,z,VIALE GIUSEPPE MAZZINI,VIALE GIUSEPPE MAZZINI,
2595806,18,2015-11-25T19:40:00,Strada Urbana,in prossimitíæ,VIA DEL FORTE BRASCHI,,Investimento di pedone,Curva senza visuale libera,Una carreggiata a doppio senso,Bagnato (pioggia),Asfaltata,Assente,Pioggia in atto,Normale,Sufficiente,Ore Diurne,1,0,0,1,12.42045,41.91363,True,z,del civico n.,,90
2606159,7,2015-11-25T19:45:00,Strada Urbana,da specificare,VIALE PALMIRO TOGLIATTI,ALTEZZA PARCO MADRE TERESA DI CALCUTTA,Veicolo in marcia contro ostacolo accidentale,Rettilineo,Due carreggiate,Asciutto,Con buche,Orizzontale,Sereno,Normale,Buona,Ore Diurne,0,0,0,1,12.57339,41.88769,True,z,,,
2595880,11,2015-11-25T20:05:00,Strada Urbana,all'intersezione con,LARGO BENEDETTO BOMPIANI,,Scontro frontale-laterale DX fra veicoli in marcia,Incrocio,Una carreggiata a senso unico di marcia,Bagnato (pioggia),Asfaltata,Verticale,Pioggia in atto,Scarso,Sufficiente,Sufficiente,1,0,0,2,12.50216,41.85903,False,z,VIALE CARLO TOMMASO ODESCALCHI,VIALE CARLO TOMMASO ODESCALCHI,
2598063,1,2015-11-25T20:10:00,Strada Urbana,all'intersezione con,VIA DEL BABUINO,,Investimento di pedone,Incrocio,Una carreggiata a senso unico di marcia,Bagnato (pioggia),Acciotolata,Verticale ed orizzontale,Pioggia in atto,Normale,Buona,Sufficiente,0,0,0,2,12.47787,41.90935,False,z,VIA DELLA FONTANELLA,VIA DELLA FONTANELLA,
2598033,1,2015-11-25T20:50:00,Strada Urbana,all'intersezione con,LUNGOTEVERE RAFFAELLO SANZIO,,Investimento di pedone,Incrocio,Una carreggiata a senso unico di marcia,Bagnato (pioggia),Asfaltata,Verticale ed orizzontale,Nuvoloso,Normale,Buona,Sufficiente,2,0,0,1,,,False,z,VIA COLOMBA ANTONIETTI,VIA COLOMBA ANTONIETTI,
2596046,17,2015-11-25T21:00:00,,all'intersezione con,VIA S. PIO X,,Investimento di pedone,,,,,,,,,,0,0,0,3,12.46375,41.90161,False,z,LUNGOTEVERE VATICANO,LUNGOTEVERE VATICANO,
2595848,13,2015-11-25T21:00:00,Strada Urbana,all'intersezione con,VIA NICENETO,,Scontro laterale fra veicoli in marcia,Incrocio,Una carreggiata a doppio senso,Asciutto,Asfaltata,Verticale ed orizzontale,Nuvoloso,Scarso,Buona,Sufficiente,1,0,0,1,12.33825,41.74619,False,z,VIA IPPARCO DI NICEA,VIA IPPARCO DI NICEA,
2598124,12,2015-11-25T21:00:00,,da specificare,VIADOTTO DELLA MAGLIANA,dir. Fiumicino alt. via del Cappellaccio,Fuoriuscita dalla sede stradale,,,,,,,,,,0,0,0,1,12.46024,41.83859,False,z,,,
2598104,12,2015-11-25T21:10:00,Strada Urbana,all'intersezione con,VIA DI MEZZOCAMMINO,,Scontro frontale-laterale DX fra veicoli in marcia,Intersezione stradale segnalata,Una carreggiata a doppio senso,Bagnato (pioggia),Asfaltata,Verticale ed orizzontale,Pioggia in atto,Scarso,Buona,Sufficiente,0,0,0,3,12.43536,41.78812,True,z,VIA FILIPPO RAGUZZINI,VIA FILIPPO RAGUZZINI,
2597386,3,2015-11-25T21:30:00,,da specificare,CIRCONVALLAZIONE TIBURTINA,direzione Salaria altezza Passamonti,Scontro frontale-laterale SX fra veicoli in marcia,,,,,,,,,,1,0,0,1,,,False,z,,,