_ID,_Gruppo,_DataOraIncidente,_Localizzazione1,_Localizzazione2,_Strada1,_DaSpecificare,_NaturaIncidente,_ParticolaritaStrade,_TipoStrada,_FondoStradale,_Pavimentazione,_Segnaletica,_CondizioneAtmosferica,_Traffico,_Visibilita,_Illuminazione,_NUM_FERITI,_NUM_RISERVATA,_NUM_MORTI,_NUM_ILLESI,_Longitudine,_Latitudine,_CONFERMATO,__prefix,_Strada02,_Strada2,_Chilometrica
2595798,20,2015-11-25T21:45:00,Strada Urbana,in prossimitíæ,VIA MAKALLE',,Tamponamento,Rettilineo,Una carreggiata a senso unico di marcia,Bagnato (pioggia),Asfaltata,Assente,Pioggia in atto,Normale,Sufficiente,Sufficiente,1,0,0,1,,,False,z,del civico n.,,2
2595794,8,2015-11-25T21:55:00,Strada Urbana,in prossimitíæ,VIA DEL CASALE DI S. BASILIO,,Scontro laterale fra veicoli in marcia,Rettilineo,Una carreggiata a doppio senso,Bagnato (pioggia),Asfaltata,Orizzontale,Pioggia in atto,Scarso,Insufficiente,Insufficiente,0,0,0,3,12.5847,41.93274,False,z,del civico n.,,319
2597395,3,2015-11-25T22:30:00,,all'intersezione con,VIA GALLIA,,Scontro frontale-laterale DX fra veicoli in marcia,,,,,,,,,,1,0,0,1,,,False,z,VIA SATURNIA,VIA SATURNIA,
2595861,9,2015-11-25T22:40:00,,in corrispondenza,VIA CASILINA,,Veicolo in marcia contro treno,,,,,,,,,,1,0,0,2,12.5479,41.87816,False,z,del civico n.,,635
2597167,8,2015-11-25T22:50:00,Strada Urbana,all'intersezione con,VIA PRENESTINA,,Tamponamento,Intersezione semaforizzata,Due carreggiate,Bagnato (pioggia),Asfaltata,Verticale ed orizzontale,Nuvoloso,Normale,Sufficiente,Sufficiente,0,0,0,1,,,False,z,VIA TOR DE' SCHIAVI,VIA TOR DE' SCHIAVI,
2596120,4,2015-11-25T23:00:00,,da specificare,VIA DI TOR CERVARA,fronte via Salviati,Veicolo in marcia contro veicoli in sosta,,,,,,,,,,0,0,0,1,12.5895,41.91848,False,z,,,
2596071,19,2015-11-25T23:00:00,Strada Urbana,in corrispondenza,VIA FRANCESCO CHERUBINI,,Veicolo in marcia contro veicoli in sosta,Rettilineo,Una carreggiata a senso unico di marcia,Bagnato (pioggia),Asfaltata,Assente,Pioggia in atto,Normale,Sufficiente,Sufficiente,0,0,0,1,12.42517,41.94511,True,z,del civico n.,,15
2596159,12,2015-11-25T23:10:00,Strada Urbana,all'intersezione con,VIA GUSTAVO D'ARPE,,Scontro frontale fra veicoli in marcia,Intersezione stradale segnalata,Una carreggiata a doppio senso,Bagnato (pioggia),Asfaltata,Verticale ed orizzontale,Pioggia in atto,Scarso,Buona,Ore Diurne,0,0,0,3,12.47414,41.7656,True,z,VIA GIACOMO DINA,VIA GIACOMO DINA,
2596370,1,2015-11-25T23:20:00,Strada Urbana,all'intersezione con,VIA AMERIGO VESPUCCI,,Scontro laterale fra veicoli in marcia,Incrocio,Una carreggiata a senso unico di marcia,Bagnato (pioggia),Acciotolata,Orizzontale,Pioggia in atto,Scarso,Sufficiente,Sufficiente,0,0,0,3,12.47429,41.88089,True,z,VIA ROMOLO GESSI,VIA ROMOLO GESSI,
2595890,13,2015-11-25T23:40:00,Strada Urbana,all'intersezione con,VIA PINDARO,,Scontro laterale fra veicoli in marcia,Intersezione semaforizzata,Una carreggiata a doppio senso,Asciutto,Asfaltata,Verticale ed orizzontale,Sereno,Scarso,Sufficiente,Sufficiente,0,0,0,2,12.36976,41.75488,True,z,VIA CRISTOFORO COLOMBO,VIA CRISTOFORO COLOMBO,
2595843,11,2015-11-25T23:40:00,Strada Urbana,da specificare,VIA VITO VOLTERRA,prossimitíæ civico 199,Tamponamento,Rettilineo,Una carreggiata a doppio senso,Bagnato (pioggia),Asfaltata,Verticale ed orizzontale,Sereno,Normale,Sufficiente,Sufficiente,1,0,0,2,12.47052,41.8531,True,z,,,
2597186,8,2015-11-26T00:10:00,Strada Urbana,all'intersezione con,VIA MELISSANO,,Scontro frontale-laterale DX fra veicoli in marcia,Incrocio,Una carreggiata a doppio senso,Asciutto,Asfaltata,Verticale ed orizzontale,Nuvoloso,Scarso,Sufficiente,Sufficiente,0,0,0,3,12.66726,41.88869,True,z,VIA DELICETO,VIA DELICETO,
2596603,19,2015-11-26T00:35:00,Strada Urbana,da specificare,VIA DEL FORO ITALICO,viale somalia,Veicolo in marcia contro ostacolo fisso,Rettilineo,Una carreggiata a doppio senso,Bagnato (pioggia),Asfaltata,Verticale ed orizzontale,Pioggia in atto,Normale,Sufficiente,Sufficiente,0,0,0,1,12.48104,41.94025,True,z,,,
2595948,18,2015-11-26T02:00:00,Strada Urbana,da specificare,VIA TRIBONIANO,prossimitíæ LARGO MUTILATI E INVALIDI DI GUERRA,Veicolo in marcia contro ostacolo fisso,Curva a visuale libera,Una carreggiata a senso unico di marcia,Bagnato (pioggia),Asfaltata,Verticale ed orizzontale,Nuvoloso,Scarso,Sufficiente,Sufficiente,0,0,0,2,12.46943,41.90369,True,z,,,
2600560,12,2015-11-26T02:40:00,Strada Urbana,da specificare,VIALE GUGLIELMO MARCONI,altezza civ. 30-42,Scontro laterale fra veicoli in marcia,Rettilineo,Una carreggiata a senso unico di marcia,Asciutto,Asfaltata,Verticale ed orizzontale,Nuvoloso,Scarso,Buona,Sufficiente,1,0,0,2,12.47148,41.85669,False,z,,,
2596629,19,2015-11-26T03:00:00,Strada Urbana,in prossimitíæ,VIA GUIDUBALDO DEL MONTE,,Scontro frontale fra veicoli in marcia,Rettilineo,Una carreggiata a doppio senso,Bagnato (pioggia),Asfaltata,Verticale ed orizzontale,Nuvoloso,Scarso,Sufficiente,Sufficiente,0,0,0,3,12.47942,41.92785,True,z,del civico n.,,52
2595896,9,2015-11-26T03:45:00,,da specificare,SVINCOLO GRA,uscita GREGNA S. ANDREA,Veicolo in marcia contro ostacolo fisso,,,,,,,,,,0,0,0,1,12.57959,41.82114,False,z,,,
2597177,8,2015-11-26T05:40:00,Statale entro l'abitato,da specificare,VIA CASILINA,altezza Via delle Due Torri,Tamponamento Multiplo,Rettilineo,Una carreggiata a doppio senso,Bagnato (pioggia),Asfaltata,Orizzontale,Nuvoloso,Intenso,Buona,Ore Diurne,0,0,0,4,12.60933,41.86405,True,z,,,
2597251,20,2015-11-26T05:45:00,Strada Urbana,da specificare,LUNGOTEVERE DELLE NAVI,FRONTE MINISTERO MARINA,Tamponamento,Rettilineo,Una carreggiata a senso unico di marcia,Asciutto,Asfaltata,Verticale ed orizzontale,Nuvoloso,Scarso,Buona,Sufficiente,2,0,0,0,,,False,z,,,
2597498,4,2015-11-26T05:45:00,Statale,in prossimitíæ,VIA NOMENTANA,,Scontro laterale fra veicoli in marcia,Rettilineo,Una carreggiata a doppio senso,Asciutto,Asfaltata,Verticale,Nuvoloso,Intenso,Buona,Sufficiente,0,0,0,3,12.55238,41.94111,True,z,della chilometrica,,15.9
2596785,5,2015-11-26T06:00:00,Strada Urbana,in corrispondenza,VIA GALLA PLACIDIA,,Veicolo in marcia contro veicolo in sosta,Rettilineo,Una carreggiata a senso unico di marcia,Asciutto,Asfaltata,Verticale ed orizzontale,Nuvoloso,Normale,Buona,Sufficiente,0,0,0,1,12.54297,41.90756,True,z,del civico n.,,25
2597334,4,2015-11-26T06:25:00,,in prossimitíæ,VIA DELLA BUFALOTTA,,Scontro frontale-laterale SX fra veicoli in marcia,,,,,,,,,,0,0,0,1,12.54075,41.94903,False,z,del civico n.,,124
2582266,15,2015-11-26T07:05:00,,all'intersezione con,VIA POGGIO VERDE,,Scontro frontale-laterale SX fra veicoli in marcia,,,,,,,,,,1,0,0,1,,,False,z,VIA DEI SAMPIERI,VIA DEI SAMPIERI,
2596191,9,2015-11-26T07:15:00,Strada Urbana,da specificare,VIA LATINA,ALT. VIA F. UGHELLI,Investimento di pedone,Rettilineo,Una carreggiata a senso unico di marcia,Asciutto,Asfaltata,Verticale ed orizzontale,Nuvoloso,Normale,Buona,Ore Diurne,1,0,0,1,12.93794,41.74076,False,z,,,
2597533,2,2015-11-26T08:00:00,Strada Urbana,in prossimitíæ,VIA SELCI IN SABINA,,Veicolo in marcia contro veicoli in sosta,Rettilineo,Una carreggiata a senso unico di marcia,Asciutto,Asfaltata,Verticale ed orizzontale,Nuvoloso,Scarso,Buona,Ore Diurne,0,0,0,0,12.51533,41.93176,True,z,del civico n.,,14
2596771,13,2015-11-26T08:00:00,Strada Urbana,da specificare,VIA OSTIENSE,dir. Ostia 20 mt. prima di Via L. Lepidio,Tamponamento,Rettilineo,Una carreggiata a doppio senso,Asciutto,Asfaltata,Verticale ed orizzontale,Nuvoloso,Intenso,Buona,Ore Diurne,3,0,0,2,12.28128,41.73336,False,z,,,
2596076,20,2015-11-26T08:00:00,Regionale,in prossimitíæ,VIA FLAMINIA,,Scontro laterale fra veicoli in marcia,Rettilineo,Due carreggiate,Bagnato (pioggia),Asfaltata,Verticale ed orizzontale,Nuvoloso,Intenso,Buona,Ore Diurne,0,0,0,2,,,False,z,del civico n.,,1113
2595876,7,2015-11-26T08:00:00,Strada Urbana,all'intersezione con,VIA PRENESTINA,,Scontro frontale-laterale DX fra veicoli in marcia,Intersezione stradale segnalata,Due carreggiate,Bagnato (pioggia),Asfaltata,Verticale ed orizzontale,Pioggia in atto,Normale,Buona,Ore Diurne,1,0,0,2,12.59115,41.89405,True,z,VIA DI TOR TRE TESTE,VIA DI TOR TRE TESTE,
2596851,9,2015-11-26T08:15:00,,da specificare,VIA DEI COLLI ALBANI,fronte civico 33,Infortunio per sola frenata improvvisa,,,,,,,,,,1,0,0,1,12.53318,41.86768,False,z,,,
2596119,12,2015-11-26T08:30:00,Strada Urbana,in prossimitíæ,VIA ROMOLO GIGLIOZZI,,Veicolo in marcia contro veicolo in sosta,Curva a visuale libera,Pií_ di due carreggiate,Asciutto,Asfaltata,Verticale ed orizzontale,Nuvoloso,Scarso,Buona,Ore Diurne,0,0,0,0,12.43326,41.77897,True,z,del civico n.,,98
2598134,1,2015-11-26T08:40:00,Strada Urbana,in prossimitíæ,VIALE GUIDO BACCELLI,,Infortunio per sola frenata improvvisa,Rettilineo,Una carreggiata a doppio senso,Bagnato (umiditíæ in atto),Asfaltata,Verticale ed orizzontale,Nuvoloso,Normale,Buona,Ore Diurne,1,0,0,0,,,False,z,del civico n.,,10
2596791,5,2015-11-26T08:50:00,Strada Urbana,all'intersezione con,VIALE DEL TECNOPOLO,,Scontro frontale-laterale SX fra veicoli in marcia,Incrocio,Due carreggiate,Bagnato (pioggia),Asfaltata,Verticale ed orizzontale,Nuvoloso,Normale,Buona,Ore Diurne,0,0,0,2,12.64018,41.93709,True,z,VIA GIACOMO PERONI,VIA GIACOMO PERONI,
2596848,15,2015-11-26T08:55:00,Strada Urbana,all'intersezione semaforizzata con,VIA QUIRINO MAJORANA,,Tamponamento,Intersezione semaforizzata,Due carreggiate,Bagnato (pioggia),Asfaltata,Verticale ed orizzontale,Pioggia in atto,Normale,Buona,Ore Diurne,0,0,0,2,12.46521,41.86557,True,z,VIA ODERISI DA GUBBIO,VIA ODERISI DA GUBBIO,
2596830,13,2015-11-26T09:00:00,Strada Urbana,all'intersezione con,VIA LISIPPO,,Scontro frontale-laterale SX fra veicoli in marcia,Incrocio,Una carreggiata a senso unico di marcia,Bagnato (pioggia),Asfaltata,Verticale ed orizzontale,Pioggia in atto,Normale,Buona,Ore Diurne,1,0,0,1,12.36884,41.76612,False,z,VIA IBICO,VIA IBICO,
2602148,18,2015-11-26T09:00:00,Strada Urbana,in corrispondenza,VIA CORNELIA,,Scontro frontale-laterale DX fra veicoli in marcia,Rettilineo,Una carreggiata a doppio senso,Bagnato (pioggia),Asfaltata,Verticale ed orizzontale,Pioggia in atto,Normale,Sufficiente,Ore Diurne,1,0,0,1,12.39885,41.91021,False,z,del civico n.,,7
2597418,3,2015-11-26T09:15:00,,all'intersezione con,VIA FORLI',,Scontro laterale fra veicoli in marcia,,,,,,,,,,1,0,0,1,,,False,z,VIA COMO,VIA COMO,
2597372,16,2015-11-26T09:15:00,Strada Urbana,all'intersezione con,VIALE DI TRASTEVERE,,Scontro laterale fra veicoli in marcia,Intersezione semaforizzata,Pií_ di due carreggiate,Bagnato (pioggia),Asfaltata,Verticale,Pioggia in atto,Normale,Buona,Ore Diurne,1,0,0,2,12.46804,41.88183,False,z,VIA CARLO PORTA,VIA CARLO PORTA,
2597539,2,2015-11-26T09:20:00,Strada Urbana,all'intersezione con,VIA ANAPO,,Scontro frontale-laterale SX fra veicoli in marcia,Incrocio,Due carreggiate,Bagnato (pioggia),Asfaltata,Verticale ed orizzontale,Pioggia in atto,Normale,Sufficiente,Ore Diurne,1,0,0,1,,,False,z,VIA CERESIO,VIA CERESIO,
2597799,16,2015-11-26T09:25:00,Strada Urbana,in prossimitíæ,VIALE DI TRASTEVERE,,Scontro frontale-laterale SX fra veicoli in marcia,Rettilineo,Una carreggiata a doppio senso,Bagnato (pioggia),Asfaltata,Verticale,Pioggia in atto,Normale,Buona,Ore Diurne,0,0,0,2,12.46789,41.88189,False,z,del civico n.,,142
2596291,4,2015-11-26T09:30:00,Strada Urbana,in corrispondenza,VIA DI S. MARIA DELLA SPERANZA,,Scontro frontale-laterale SX fra veicoli in marcia,Rettilineo,Una carreggiata a doppio senso,Bagnato (umiditíæ in atto),Asfaltata,Orizzontale,Nuvoloso,Scarso,Buona,Ore Diurne,0,0,0,2,,,False,z,del civico n.,,11
2598205,18,2015-11-26T09:30:00,Strada Urbana,in prossimitíæ,CIRCONVALLAZIONE AURELIA,,Scontro frontale-laterale SX fra veicoli in marcia,Rettilineo,Due carreggiate,Asciutto,Asfaltata,Orizzontale,Nuvoloso,Normale,Buona,Ore Diurne,0,0,0,3,12.42872,41.89611,True,z,del civico n.,,62
2597426,3,2015-11-26T09:30:00,Strada Urbana,all'intersezione con,CIRCONVALLAZIONE NOMENTANA,,Scontro frontale-laterale DX fra veicoli in marcia,Incrocio,Una carreggiata a senso unico di marcia,Bagnato (pioggia),Asfaltata,Verticale ed orizzontale,Pioggia in atto,Intenso,Sufficiente,Ore Diurne,1,0,0,2,12.52877,41.91098,False,z,VIA LORENZO IL MAGNIFICO,VIA LORENZO IL MAGNIFICO,
2597240,11,2015-11-26T09:40:00,Strada Urbana,all'intersezione con,VIA DI VIGNA MURATA,,Tamponamento,Incrocio,Una carreggiata a senso unico di marcia,Bagnato (pioggia),Asfaltata,Verticale ed orizzontale,Pioggia in atto,Normale,Buona,Ore Diurne,1,0,0,1,12.49872,41.82626,True,z,VIA DI GROTTE D'ARCACCIO,VIA DI GROTTE D'ARCACCIO,
2597127,13,2015-11-26T10:00:00,Strada Urbana,in prossimitíæ,LARGO GIROLAMO DA MONTESARCHIO,,Scontro laterale fra veicoli in marcia,Rettilineo,Una carreggiata a senso unico di marcia,Bagnato (pioggia),Asfaltata,Verticale ed orizzontale,Pioggia in atto,Normale,Buona,Ore Diurne,0,0,0,1,12.36436,41.78431,True,z,del civico n.,,22
2601226,12,2015-11-26T10:00:00,,in corrispondenza,VIA LAURENTINA,,Fuoriuscita dalla sede stradale,,,,,,,,,,1,0,0,2,12.4815,41.78465,False,z,della chilometrica,,17
2596359,19,2015-11-26T10:15:00,Strada Urbana,in corrispondenza,VIA UGO DE CAROLIS,,Scontro laterale fra veicoli in marcia,Rettilineo,Una carreggiata a doppio senso,Bagnato (pioggia),Asfaltata,Orizzontale,Pioggia in atto,Normale,Buona,Ore Diurne,1,0,0,1,12.44007,41.91517,True,z,del civico n.,,66
2597156,8,2015-11-26T10:30:00,Strada Urbana,in prossimitíæ,VIA URZULEI,,Tamponamento,Rettilineo,Una carreggiata a doppio senso,Bagnato (pioggia),Con buche,Assente,Pioggia in atto,Scarso,Buona,Ore Diurne,0,0,0,3,12.69593,41.88208,True,z,del civico n.,,13
2596196,7,2015-11-26T10:30:00,Strada Urbana,all'intersezione con,VIA TOR DE' SCHIAVI,,Scontro frontale-laterale DX fra veicoli in marcia,Intersezione stradale segnalata,Due carreggiate,Bagnato (pioggia),Asfaltata,Verticale ed orizzontale,Pioggia in atto,Normale,Buona,Ore Diurne,2,0,0,1,12.56351,41.88125,False,z,VIA DEI PLATANI,VIA DEI PLATANI,
2596868,13,2015-11-26T10:45:00,Strada Urbana,da specificare,VIA BACCHILIDE,IN CORRISPONDENZA DI VIALE DEI PESCATORI,Veicolo in marcia contro veicolo fermo,Rettilineo,,,,,,,,,0,0,0,2,,,False,z,,,
2602171,18,2015-11-26T11:00:00,Strada Urbana,in prossimitíæ,VIA DI BOCCEA,,Scontro frontale-laterale SX fra veicoli in marcia,Rettilineo,Una carreggiata a doppio senso,Bagnato (pioggia),Asfaltata,Verticale ed orizzontale,Pioggia in atto,Intenso,Sufficiente,Ore Diurne,1,0,0,1,12.4225,41.90312,False,z,del civico n.,,192
2598730,12,2015-11-26T11:10:00,,in prossimitíæ,VIA PONTINA,,Tamponamento Multiplo,,,,,,,,,,2,0,0,3,12.45106,41.79235,False,z,della chilometrica,,10.7
2597226,17,2015-11-26T11:20:00,Strada Urbana,in corrispondenza,CIRCONVALLAZIONE CLODIA,,Scontro frontale-laterale DX fra veicoli in marcia,Rettilineo,Due carreggiate,Bagnato (pioggia),Asfaltata,Verticale ed orizzontale,Pioggia in atto,Normale,Buona,Ore Diurne,0,0,0,2,12.4525,41.91502,True,z,del civico n.,,15
2596373,19,2015-11-26T11:20:00,Strada Urbana,all'intersezione con,VIA DELLA PINETA SACCHETTI,,Scontro frontale-laterale SX fra veicoli in marcia,Incrocio,Una carreggiata a senso unico di marcia,Bagnato (pioggia),Asfaltata,Orizzontale,Pioggia in atto,Normale,Buona,Ore Diurne,0,0,0,2,12.4266,41.93176,True,z,VIA DI VILLA MAGGIORANI,VIA DI VILLA MAGGIORANI,
2597465,7,2015-11-26T11:30:00,,in prossimitíæ,VIA DI TOR TRE TESTE,,Veicolo in marcia contro ostacolo fisso,,,,,,,,,,1,0,0,0,,,False,z,del palo luce n.,,62
2596323,10,2015-11-26T11:40:00,Strada Urbana,da specificare,VIALE PALMIRO TOGLIATTI,alt. fronte civ. 1,Scontro frontale-laterale SX fra veicoli in marcia,Rettilineo,Due carreggiate,Bagnato (pioggia),Asfaltata,Verticale ed orizzontale,Pioggia in atto,Normale,Buona,Ore Diurne,1,0,0,2,12.5706,41.85315,False,z,,,
2597378,7,2015-11-26T12:00:00,,all'intersezione con,VIA DELLE BEGONIE,,Scontro frontale-laterale DX fra veicoli in marcia,,,,,,,,,,1,0,0,1,12.56871,41.87694,False,z,VIA DEI PIOPPI,VIA DEI PIOPPI,
2597432,4,2015-11-26T12:15:00,Strada Urbana,in prossimitíæ,VIA DI CASAL BOCCONE,,Fuoriuscita dalla sede stradale,Curva a visuale libera,Due carreggiate,Bagnato (pioggia),Asfaltata,Verticale ed orizzontale,Pioggia in atto,Normale,Buona,Ore Diurne,0,0,0,1,12.55957,41.95324,False,z,del civico n.,,98
2597164,13,2015-11-26T12:30:00,Strada Urbana,da specificare,VIA DEL MARE,ALT. VIA DELLE CANARIE DIREZ. ROMA,Scontro laterale fra veicoli in marcia,Rettilineo,Una carreggiata a doppio senso,Bagnato (pioggia),Asfaltata,Verticale ed orizzontale,Pioggia in atto,Normale,Buona,Ore Diurne,1,0,0,1,12.28317,41.73893,False,z,,,
2596396,20,2015-11-26T12:30:00,Strada Urbana,da specificare,VIALE DEL FORO ITALICO,rampa per viale Giuseppe Volpi,Veicolo in marcia contro ostacolo fisso,Curva senza visuale libera,Una carreggiata a senso unico di marcia,Bagnato (umiditíæ in atto),Asfaltata,Orizzontale,Nuvoloso,Scarso,Buona,Ore Diurne,0,0,0,1,12.45827,41.93212,True,z,,,
2597159,8,2015-11-26T12:30:00,Statale entro l'abitato,all'intersezione con,VIA PRENESTINA,,Scontro frontale-laterale DX fra veicoli in marcia,Intersezione stradale segnalata,Una carreggiata a doppio senso,Bagnato (pioggia),Asfaltata,Verticale,Pioggia in atto,Intenso,Buona,Ore Diurne,0,0,0,2,12.62889,41.89254,True,z,VIA PEDICA DI TOR ANGELA,VIA PEDICA DI TOR ANGELA,
2597658,4,2015-11-26T12:45:00,Strada Urbana,in prossimitíæ,VIA GIOVANNI CONTI,,Veicolo in marcia contro ostacolo accidentale,Rettilineo,Una carreggiata a senso unico di marcia,Bagnato (pioggia),Asfaltata,Assente,Nuvoloso,Normale,Buona,Ore Diurne,0,0,0,1,12.53145,41.95463,True,z,del civico n.,,150
2597354,17,2015-11-26T13:25:00,Strada Urbana,in corrispondenza,CIRCONVALLAZIONE TRIONFALE,,Investimento di pedone,Rettilineo,Due carreggiate,Bagnato (pioggia),Asfaltata,Verticale ed orizzontale,Nuvoloso,Normale,Buona,Ore Diurne,1,0,0,1,12.44966,41.91206,False,z,del civico n.,,53
2597302,17,2015-11-26T13:35:00,Strada Urbana,in corrispondenza,VIA VIRGILIO,,Veicolo in marcia contro ostacolo accidentale,Rettilineo,Una carreggiata a senso unico di marcia,Bagnato (pioggia),Asfaltata,Verticale ed orizzontale,Nuvoloso,Normale,Buona,Ore Diurne,0,0,0,2,12.46573,41.90635,True,z,del civico n.,,13
2597677,4,2015-11-26T13:40:00,,all'intersezione semaforizzata con,VIA ARTURO GRAF,,Investimento di pedone,,,,,,,,,,1,0,0,1,12.55254,41.9432,False,z,VIA FRANCESCO D'OVIDIO,VIA FRANCESCO D'OVIDIO,
2597141,20,2015-11-26T13:50:00,Strada Urbana,in prossimitíæ,VIA DELLA GIUSTINIANA,,Tamponamento,Rettilineo,Una carreggiata a doppio senso,Asciutto,Asfaltata,Verticale ed orizzontale,Nuvoloso,Normale,Buona,Ore Diurne,1,0,0,1,,,False,z,del civico n.,,81
2597222,19,2015-11-26T14:00:00,Strada Urbana,in prossimitíæ,VIA DELLA STAZIONE DI MONTE MARIO,,Veicolo in marcia contro veicolo in sosta,Rettilineo,Una carreggiata a doppio senso,Asciutto,Asfaltata,Verticale ed orizzontale,Nuvoloso,Scarso,Buona,Ore Diurne,0,0,0,1,12.42295,41.93959,True,z,del civico n.,,25
2600931,18,2015-11-26T14:00:00,Strada Urbana,all'intersezione con,VIA PIO IX,,Tamponamento,Intersezione stradale segnalata,Due carreggiate,Bagnato (pioggia),Asfaltata,Verticale ed orizzontale,Pioggia in atto,Scarso,Buona,Ore Diurne,0,0,0,2,12.42377,41.90654,True,z,VIA SILVESTRO II,VIA SILVESTRO II,
2596572,9,2015-11-26T14:10:00,Strada Urbana,da specificare,VIA FALERIA,altezza via Cuma,Tamponamento Multiplo,Rettilineo,Una carreggiata a senso unico di marcia,Bagnato (pioggia),Asfaltata,Assente,Nuvoloso,Normale,Buona,Ore Diurne,0,0,0,4,12.50898,41.88232,True,z,,,
2596795,5,2015-11-26T14:30:00,,in prossimitíæ,VIALE EGIDIO GALBANI,,Tamponamento,,,,,,,,,,1,0,0,0,12.56129,41.93119,False,z,del civico n.,,70
2597397,3,2015-11-26T14:30:00,Strada Urbana,all'intersezione con,VIA COSTANTINO CORVISIERI,,Scontro frontale-laterale SX fra veicoli in marcia,Incrocio,Una carreggiata a senso unico di marcia,Bagnato (pioggia),Asfaltata,Verticale ed orizzontale,Pioggia in atto,Normale,Sufficiente,Sufficiente,0,0,0,2,12.52134,41.92008,True,z,VIA FELICE GROSSI GONDI,VIA FELICE GROSSI GONDI,
2596730,7,2015-11-26T14:45:00,Strada Urbana,all'intersezione con,VIALE DELLE GARDENIE,,Scontro frontale-laterale DX fra veicoli in marcia,Incrocio,Due carreggiate,Asciutto,Asfaltata,Verticale,Nuvoloso,Normale,Buona,Ore Diurne,3,0,0,1,12.56438,41.88615,True,z,VIA DELLE CELIDONIE,VIA DELLE CELIDONIE,
2597229,11,2015-11-26T14:45:00,Strada Urbana,da specificare,VIA DI VIGNA MURATA,PROSSIMITA' PALO ACEA 98,Scontro laterale fra veicoli in marcia,Rettilineo,Due carreggiate,Bagnato (pioggia),Asfaltata,Verticale ed orizzontale,Pioggia in atto,Normale,Buona,Ore Diurne,1,0,0,1,12.51533,41.82711,True,z,,,
2596882,13,2015-11-26T15:00:00,Strada Urbana,all'intersezione con,VIA GIULIO QUIRINO GIGLIOLI,,Veicolo in marcia contro ostacolo accidentale,Incrocio,Una carreggiata a doppio senso,Bagnato (pioggia),Asfaltata,Assente,Pioggia in atto,Normale,Buona,Ore Diurne,0,0,0,1,12.31233,41.76261,True,z,VIA AGOSTINO CHIGI,VIA AGOSTINO CHIGI,
2596704,7,2015-11-26T15:00:00,Strada Urbana,all'intersezione con,VIALE DELLE GARDENIE,,Scontro frontale-laterale SX fra veicoli in marcia,Incrocio,Due carreggiate,Asciutto,Asfaltata,Verticale,Nuvoloso,Normale,Buona,Ore Diurne,1,0,0,3,,,False,z,VIA DEI LAURI,VIA DEI LAURI,
2596684,12,2015-11-26T15:10:00,Strada Urbana,in prossimitíæ,VIALE DELL'OCEANO ATLANTICO,,Tamponamento Multiplo,Rettilineo,Due carreggiate,Bagnato (pioggia),Asfaltata,Verticale ed orizzontale,Pioggia in atto,Normale,Buona,Ore Diurne,0,0,0,5,12.46864,41.81978,True,z,del civico n.,,202
2597326,11,2015-11-26T15:30:00,Strada Urbana,in prossimitíæ,VIA APPIA ANTICA,,Tamponamento Multiplo,Rettilineo,Una carreggiata a doppio senso,Bagnato (pioggia),Asfaltata,Verticale ed orizzontale,Pioggia in atto,Normale,Buona,Ore Diurne,0,0,0,4,12.50199,41.87026,True,z,del civico n.,,18
2597170,8,2015-11-26T16:05:00,Strada Urbana,in prossimitíæ,VIA LUCIANO CONTI,,Scontro frontale-laterale SX fra veicoli in marcia,Rettilineo,Una carreggiata a doppio senso,Bagnato (umiditíæ in atto),Asfaltata,Verticale ed orizzontale,Nuvoloso,Normale,Buona,Ore Diurne,3,0,0,1,12.65948,41.90814,True,z,del civico n.,,64
2596686,6,2015-11-26T16:15:00,Provinciale entro l'abitato,in corrispondenza,VIA PRENESTINA,,Scontro laterale fra veicoli in marcia,Rettilineo,Pií_ di due carreggiate,Asciutto,Asfaltata,Orizzontale,Nuvoloso,Normale,Buona,Ore Diurne,1,0,0,1,12.5662,41.89515,True,z,del civico n.,,459
2597173,8,2015-11-26T16:40:00,Strada Urbana,all'intersezione con,VIA DELLA RISERVA NUOVA,,Scontro laterale fra veicoli in marcia,Intersezione non regolata-non segnalata,Una carreggiata a doppio senso,Bagnato (umiditíæ in atto),Asfaltata,Verticale ed orizzontale,Nuvoloso,Normale,Buona,Sufficiente,0,0,0,3,12.67812,41.89445,True,z,VIA ALBERTO LUTHULI,VIA ALBERTO LUTHULI,
2597281,19,2015-11-26T17:20:00,Strada Urbana,in prossimitíæ,VIA DI TORREVECCHIA,,Investimento di pedone,Rettilineo,Una carreggiata a doppio senso,Asciutto,Asfaltata,Orizzontale,Sereno,Normale,Buona,Sufficiente,1,0,0,1,12.41163,41.9225,True,z,del civico n.,,591
2597132,6,2015-11-26T17:20:00,Strada Urbana,in prossimitíæ,VIA TOR DE' SCHIAVI,,Scontro laterale fra veicoli in marcia,Rettilineo,Una carreggiata a doppio senso,Asciutto,Asfaltata,Verticale ed orizzontale,Nuvoloso,Normale,Sufficiente,Sufficiente,1,0,0,1,12.56102,41.88968,True,z,del civico n.,,306