_ID,_Gruppo,_DataOraIncidente,_Localizzazione1,_Localizzazione2,_Strada1,_DaSpecificare,_NaturaIncidente,_ParticolaritaStrade,_TipoStrada,_FondoStradale,_Pavimentazione,_Segnaletica,_CondizioneAtmosferica,_Traffico,_Visibilita,_Illuminazione,_NUM_FERITI,_NUM_RISERVATA,_NUM_MORTI,_NUM_ILLESI,_Longitudine,_Latitudine,_CONFERMATO,__prefix,_Strada02,_Strada2,_Chilometrica
2602779,18,2015-11-26T17:25:00,Strada Urbana,all'intersezione con,VIA AURELIA,,Investimento di pedone,Intersezione stradale segnalata,Due carreggiate,Bagnato (umiditíæ in atto),Asfaltata,Verticale ed orizzontale,Nuvoloso,Normale,Buona,Sufficiente,1,0,0,2,12.41273,41.89051,False,z,VIA DI PORTA PERTUSA,VIA DI PORTA PERTUSA,
2597087,13,2015-11-26T17:30:00,Strada Urbana,in corrispondenza,VIA CESARE MACCARI,,Scontro laterale fra veicoli in marcia,Rettilineo,Una carreggiata a doppio senso,Asciutto,Asfaltata,Assente,Nuvoloso,Normale,Buona,Sufficiente,0,0,0,4,12.35921,41.77187,True,z,del civico n.,,326
2598117,1,2015-11-26T17:40:00,Strada Urbana,in corrispondenza,VIA MERULANA,,Investimento di pedone,Rettilineo,Una carreggiata a doppio senso,Asciutto,Asfaltata,Verticale ed orizzontale,Nuvoloso,Normale,Sufficiente,Sufficiente,1,0,0,1,,,False,z,del civico n.,,19
2597463,17,2015-11-26T17:45:00,Strada Urbana,in corrispondenza,PIAZZA CAVOUR,,Scontro laterale fra veicoli in marcia,Rettilineo,Una carreggiata a doppio senso,Asciutto,Acciotolata,Verticale ed orizzontale,Nuvoloso,Normale,Buona,Sufficiente,0,0,0,2,12.46983,41.90583,True,z,del civico n.,,22-b
2596816,20,2015-11-26T17:50:00,Strada Urbana,in corrispondenza,VIA DELLA GIUSTINIANA,,Investimento di pedone,Rettilineo,Una carreggiata a doppio senso,Asciutto,Asfaltata,Verticale ed orizzontale,Sereno,Normale,Sufficiente,Sufficiente,1,0,0,2,,,False,z,del civico n.,,3
2596852,10,2015-11-26T17:50:00,Strada Urbana,in corrispondenza,VIA ANAGNINA,,Veicolo in marcia contro ostacolo accidentale,Rettilineo,Due carreggiate,Asciutto,Asfaltata,Verticale ed orizzontale,Sereno,Normale,Buona,Sufficiente,0,0,0,1,,,False,z,del civico n.,,376
2596867,7,2015-11-26T18:10:00,Strada Urbana,in prossimitíæ,VIALE GIORGIO DE CHIRICO,,Scontro laterale fra veicoli in marcia,Rettilineo,Due carreggiate,Asciutto,Asfaltata,Verticale,Nuvoloso,Normale,Sufficiente,Sufficiente,0,0,0,3,12.58603,41.90075,True,z,del palo luce n.,,15
2597541,2,2015-11-26T18:30:00,Strada Urbana,in prossimitíæ,PIAZZALE BRASILE,,Veicolo in marcia contro veicolo in sosta,Rettilineo,Due carreggiate,Asciutto,Asfaltata,Verticale ed orizzontale,Sereno,Normale,Sufficiente,Sufficiente,0,0,0,0,12.48901,41.9096,True,z,del civico n.,,1
2597163,20,2015-11-26T18:30:00,Strada Urbana,all'intersezione con,VIA RENATO SERRA,,Scontro laterale fra veicoli in marcia,Incrocio,Una carreggiata a senso unico di marcia,Asciutto,Asfaltata,Verticale ed orizzontale,Nuvoloso,Normale,Buona,Sufficiente,0,0,0,1,,,False,z,VIA PASQUALE JANNACCONE,VIA PASQUALE JANNACCONE,
2597409,3,2015-11-26T18:40:00,,all'intersezione semaforizzata con,VIALE REGINA MARGHERITA,,Investimento di pedone,,,,,,,,,,0,0,0,2,,,False,z,VIA SAVOIA,VIA SAVOIA,
2597376,19,2015-11-26T18:45:00,Strada Urbana,in prossimitíæ,VIA DELLA STORTA,,Veicolo in marcia contro ostacolo accidentale,Rettilineo,Una carreggiata a doppio senso,Asciutto,Asfaltata,Orizzontale,Sereno,Normale,Buona,Sufficiente,0,0,0,1,12.35694,41.95312,True,z,del civico n.,,264
2601163,18,2015-11-26T18:45:00,Strada Urbana,in prossimitíæ,VIA DI BOCCEA,,Scontro frontale fra veicoli in marcia,Rettilineo,Una carreggiata a doppio senso,Asciutto,Asfaltata,Verticale ed orizzontale,Nuvoloso,Intenso,Sufficiente,Sufficiente,0,0,0,2,12.41934,41.90341,True,z,del civico n.,,245
2598052,1,2015-11-26T19:00:00,Strada Urbana,in corrispondenza,VIALE DELLE TERME DI CARACALLA,,Scontro frontale-laterale SX fra veicoli in marcia,Rettilineo,Una carreggiata a doppio senso,Asciutto,Asfaltata,Verticale ed orizzontale,Sereno,Intenso,Sufficiente,Sufficiente,1,0,0,1,12.49516,41.87849,False,z,del palo luce n.,,22
2597110,6,2015-11-26T19:00:00,Strada Urbana,all'intersezione con,VIA CASILINA,,Scontro laterale fra veicoli in marcia,Incrocio,Una carreggiata a senso unico di marcia,Asciutto,Asfaltata,Verticale ed orizzontale,Sereno,Intenso,Buona,Sufficiente,0,0,0,2,12.52525,41.88773,True,z,VIA FIVIZZANO,VIA FIVIZZANO,
2597236,11,2015-11-26T19:15:00,Strada Urbana,in prossimitíæ,VIA DELLE SETTE CHIESE,,Tamponamento,Rettilineo,Una carreggiata a doppio senso,Asciutto,Asfaltata,Verticale ed orizzontale,Nuvoloso,Intenso,Sufficiente,Sufficiente,1,0,0,1,12.50887,41.85814,False,z,del civico n.,,293
2597184,8,2015-11-26T19:30:00,Strada Urbana,in prossimitíæ,VIA SELLIA,,Veicolo in marcia contro ostacolo accidentale,Rettilineo,Una carreggiata a doppio senso,Bagnato (umiditíæ in atto),Strada pavimentata dissestata,Assente,Nuvoloso,Scarso,Buona,Sufficiente,1,0,0,0,12.68709,41.87155,True,z,del civico n.,,45
2603192,18,2015-11-26T20:00:00,Strada Urbana,all'intersezione con,VIA CARDINALE OREGLIA,,Scontro frontale-laterale SX fra veicoli in marcia,Intersezione non regolata-non segnalata,Una carreggiata a doppio senso,Asciutto,Asfaltata,Verticale,Nuvoloso,Scarso,Sufficiente,Sufficiente,0,0,0,3,12.42364,41.90352,True,z,VIA CARDINALE CAPRARA,VIA CARDINALE CAPRARA,
2597201,15,2015-11-26T20:05:00,,all'intersezione con,VIA DELLA MAGLIANA,,Scontro frontale-laterale SX fra veicoli in marcia,,,,,,,,,,1,0,0,1,,,False,z,VIA DI GENEROSA,VIA DI GENEROSA,
2597182,8,2015-11-26T20:15:00,Strada Urbana,da specificare,VIA ENRICO GIGLIOLI,altezza Via delle Canapiglie,Scontro frontale-laterale SX fra veicoli in marcia,Rettilineo,Una carreggiata a doppio senso,Asciutto,Asfaltata,Verticale,Sereno,Normale,Sufficiente,Sufficiente,1,0,0,1,12.59812,41.86951,False,z,,,
2597267,11,2015-11-26T21:30:00,Strada Urbana,da specificare,VIA OSTIENSE,alt. civ. 2,Investimento di pedone,Rettilineo,Pií_ di due carreggiate,Asciutto,Asfaltata,Verticale ed orizzontale,Nuvoloso,Normale,Buona,Sufficiente,0,0,0,2,12.48074,41.876,True,z,,,
2597131,9,2015-11-26T23:30:00,,all'intersezione semaforizzata con,VIA APPIA PIGNATELLI,,Scontro frontale fra veicoli in marcia,,,,,,,,,,2,0,0,1,12.5456,41.83966,False,z,VIA ERODE ATTICO,VIA ERODE ATTICO,
2595862,20,2015-11-26T23:40:00,Strada Urbana,all'intersezione con,VIA LAGO TANA,,Ribaltamento senza urto contro ostacolo fisso,Intersezione stradale segnalata,Una carreggiata a senso unico di marcia,Bagnato (pioggia),Asfaltata,Verticale,Pioggia in atto,Normale,Sufficiente,Sufficiente,0,0,0,2,12.5212,41.93109,True,z,VIA TRIPOLITANIA,VIA TRIPOLITANIA,
2597849,1,2015-11-27T00:15:00,Strada Urbana,all'intersezione con,PIAZZA DEL VIMINALE,,Scontro laterale fra veicoli in marcia,Incrocio,Una carreggiata a doppio senso,Asciutto,In cubetti di porfido,Verticale ed orizzontale,Sereno,Scarso,Buona,Sufficiente,0,0,0,3,12.4945,41.89983,True,z,VIA DEL VIMINALE,VIA DEL VIMINALE,
2597479,7,2015-11-27T00:30:00,Strada Urbana,in prossimitíæ,VIA SICULIANA,,Ribaltamento senza urto contro ostacolo fisso,Rettilineo,Una carreggiata a doppio senso,Asciutto,Asfaltata,Orizzontale,Nuvoloso,Scarso,Sufficiente,Insufficiente,1,0,0,0,12.651,41.87538,False,z,del civico n.,,189
2597210,15,2015-11-27T01:10:00,Strada Urbana,in prossimitíæ,VIA DELLA MAGLIANA,,Scontro frontale-laterale SX fra veicoli in marcia,Rettilineo,Una carreggiata a doppio senso,Asciutto,Asfaltata,Orizzontale,Nuvoloso,Scarso,Buona,Sufficiente,0,0,0,2,12.45682,41.84643,True,z,del civico n.,,268A
2597975,13,2015-11-27T02:00:00,,da specificare,VIA DI PIANA BELLA,altezza cimitero,Veicolo in marcia contro ostacolo fisso,,,,,,,,,,1,1,0,1,,,False,z,,,
2597875,1,2015-11-27T02:00:00,Strada Urbana,in corrispondenza,VIA CAVOUR,,Veicolo in marcia contro veicoli in sosta,Rettilineo,Una carreggiata a doppio senso,Asciutto,Asfaltata,Verticale ed orizzontale,Sereno,Scarso,Sufficiente,Sufficiente,0,0,0,0,12.49194,41.89436,False,z,del civico n.,,169
2598618,17,2015-11-27T02:00:00,Strada Urbana,all'intersezione con,VIA SILLA,,Scontro frontale-laterale DX fra veicoli in marcia,Intersezione stradale segnalata,Una carreggiata a senso unico di marcia,Asciutto,Asfaltata,Verticale ed orizzontale,Nuvoloso,Scarso,Sufficiente,Sufficiente,1,0,0,2,12.45945,41.90888,False,z,VIA DEGLI SCIPIONI,VIA DEGLI SCIPIONI,
2597957,1,2015-11-27T02:00:00,Strada Urbana,all'intersezione con,VIA NICOLA SALVI,,Veicolo in marcia contro ostacolo fisso,Incrocio,Una carreggiata a senso unico di marcia,Asciutto,Asfaltata,Verticale ed orizzontale,Sereno,Scarso,Buona,Sufficiente,0,0,0,1,,,False,z,VIA DEL FAGUTALE,VIA DEL FAGUTALE,
2600905,2,2015-11-27T07:10:00,Strada Urbana,all'intersezione con,VIA DEI GIORDANI,,Scontro frontale-laterale DX fra veicoli in marcia,Incrocio,Una carreggiata a senso unico di marcia,Asciutto,Asfaltata,Verticale ed orizzontale,Nuvoloso,Normale,Buona,Ore Diurne,0,0,0,2,12.51021,41.9286,True,z,VIA DI TRASONE,VIA DI TRASONE,
2597331,1,2015-11-27T07:20:00,Strada Urbana,all'intersezione con,VIA DANDOLO,,Tamponamento,Incrocio,Una carreggiata a doppio senso,Asciutto,Asfaltata,Verticale ed orizzontale,Nuvoloso,Scarso,Buona,Ore Diurne,0,0,0,3,12.46512,41.88654,False,z,VIA NICOLA FABRIZI,VIA NICOLA FABRIZI,
2600671,19,2015-11-27T07:30:00,Strada Urbana,da specificare,VIA DELLA VALLE DEI FONTANILI,pross. Via dei Dumas,Scontro laterale fra veicoli in marcia,Pendenza,Una carreggiata a doppio senso,Asciutto,Asfaltata,Verticale ed orizzontale,Sereno,Normale,Buona,Ore Diurne,0,0,0,2,12.40821,41.92742,True,z,,,
2599631,10,2015-11-27T07:30:00,Statale,da specificare,VIA APPIA NUOVA,prossimita' via delle capannelle,Veicolo in marcia contro veicoli in arresto,Rettilineo,Due carreggiate,Asciutto,Asfaltata,Verticale ed orizzontale,Sereno,Intenso,Buona,Ore Diurne,0,0,0,2,12.56224,41.82403,True,z,,,
2601066,3,2015-11-27T07:40:00,Strada Urbana,in prossimitíæ,VIA LORENZO IL MAGNIFICO,,Veicolo in marcia contro veicolo fermo,Rettilineo,Una carreggiata a doppio senso,Asciutto,Asfaltata,Orizzontale,Sereno,Normale,Buona,Ore Diurne,0,0,0,3,12.52464,41.9122,True,z,del civico n.,,88
2597367,20,2015-11-27T07:50:00,Strada Urbana,da specificare,LARGO FERRARIS IV,alt. via Monti della Farnesina,Veicolo in marcia contro ostacolo accidentale,Curva a visuale libera,Una carreggiata a senso unico di marcia,Viscido da liquidi oleosi,Asfaltata,Orizzontale,Sereno,Normale,Buona,Ore Diurne,0,0,0,1,,,False,z,,,
2598651,4,2015-11-27T08:00:00,Strada Urbana,all'intersezione con,VIA DELLE VIGNE NUOVE,,Scontro frontale-laterale SX fra veicoli in marcia,Incrocio,Una carreggiata a doppio senso,Asciutto,Asfaltata,Verticale ed orizzontale,Nuvoloso,Intenso,Buona,Ore Diurne,0,0,0,3,12.53579,41.95549,True,z,VIA VILLA DI FAONTE,VIA VILLA DI FAONTE,
2598588,8,2015-11-27T08:10:00,,in prossimitíæ,VIA DI TOR BELLA MONACA,,Veicolo in marcia contro ostacolo accidentale,,,,,,,,,,0,0,0,2,12.62546,41.87778,False,z,del palo luce n.,,35
2597882,5,2015-11-27T08:15:00,Strada Urbana,da specificare,VIA DI MARCO SIMONE,p.tíæ rotatoria Palombarese (alt. centrale gas),Veicolo in marcia contro ostacolo fisso,Rettilineo,Una carreggiata a doppio senso,Asciutto,Asfaltata,Verticale ed orizzontale,Sereno,Normale,Buona,Ore Diurne,0,0,0,1,12.62489,41.95996,True,z,,,
2598169,15,2015-11-27T08:15:00,Strada Urbana,da specificare,VIA DELLA MAGLIANA,INTERSEZIONE RAMPA G.R.A. ANELLO INTERNO,Scontro laterale fra veicoli in marcia,Rettilineo,Una carreggiata a doppio senso,Asciutto,Asfaltata,Verticale ed orizzontale,Nuvoloso,Normale,Sufficiente,Ore Diurne,0,0,0,2,12.38985,41.82249,True,z,,,
2598652,17,2015-11-27T08:20:00,Strada Urbana,in corrispondenza,BORGO ANGELICO,,Veicolo in marcia contro veicolo in sosta,Rettilineo,Una carreggiata a senso unico di marcia,Asciutto,Asfaltata,Verticale ed orizzontale,Sereno,Normale,Buona,Ore Diurne,0,0,0,1,12.45918,41.90522,True,z,del civico n.,,18-b
2598590,8,2015-11-27T08:25:00,Strada Urbana,in prossimitíæ,VIALE DI TORRE MAURA,,Scontro frontale-laterale DX fra veicoli in marcia,Rettilineo,Due carreggiate,Asciutto,Asfaltata,Verticale ed orizzontale,Sereno,Intenso,Buona,Ore Diurne,0,0,0,3,12.59096,41.86466,True,z,del civico n.,,90
2597480,2,2015-11-27T08:30:00,Strada Urbana,in prossimitíæ,VIALE TIZIANO,,Veicolo in marcia contro ostacolo accidentale,Rettilineo,Una carreggiata a senso unico di marcia,Asciutto,Asfaltata,Temporanea di cantiere,Sereno,Normale,Buona,Ore Diurne,0,0,0,2,12.47263,41.92152,True,z,del civico n.,,10
2597441,10,2015-11-27T08:30:00,Strada Urbana,all'intersezione con,VIA LUCREZIA ROMANA,,Scontro frontale-laterale SX fra veicoli in marcia,Incrocio,Due carreggiate,Asciutto,Asfaltata,Verticale,Nuvoloso,Scarso,Buona,Ore Diurne,0,0,0,4,12.58641,41.82396,True,z,VIA LUCIO MARIANI,VIA LUCIO MARIANI,
2600688,19,2015-11-27T08:35:00,Strada Urbana,in prossimitíæ,VIA DEL FOSSO DI S. SPIRITO,,Scontro frontale-laterale DX fra veicoli in marcia,Rettilineo,Una carreggiata a doppio senso,Asciutto,Asfaltata,Assente,Sereno,Normale,Buona,Ore Diurne,1,0,0,2,12.38664,41.94247,True,z,del civico n.,,34
2597518,20,2015-11-27T08:45:00,Strada Urbana,da specificare,VIALE DELLE GALLINE BIANCHE,carr.ta dir. via Frassineto pross. via Baccano,Tamponamento,Curva a visuale libera,Due carreggiate,Asciutto,Asfaltata,Verticale ed orizzontale,Sereno,Normale,Buona,Ore Diurne,2,0,0,1,,,False,z,,,
2598150,1,2015-11-27T08:50:00,Strada Urbana,da specificare,PIAZZA DI S. CHIARA,lato Chiesa,Veicolo in marcia contro ostacolo fisso,Rettilineo,Una carreggiata a senso unico di marcia,Bagnato (umiditíæ in atto),In cubetti di porfido,Verticale ed orizzontale,Pioggia in atto,Normale,Buona,Ore Diurne,0,0,0,0,,,False,z,,,
2601019,3,2015-11-27T08:50:00,Strada Urbana,in prossimitíæ,VIA TIBURTINA,,Veicolo in marcia contro veicoli in sosta,Rettilineo,Una carreggiata a doppio senso,Asciutto,Asfaltata,Orizzontale,Sereno,Normale,Buona,Ore Diurne,1,0,0,1,12.5304,41.90812,False,z,del civico n.,,84
2600709,2,2015-11-27T08:50:00,Strada Urbana,in prossimitíæ,PIAZZA ANNIBALIANO,,Ribaltamento senza urto contro ostacolo fisso,Rettilineo,Due carreggiate,Asciutto,Asfaltata,Verticale ed orizzontale,Sereno,Normale,Buona,Ore Diurne,0,0,0,1,12.51617,41.92444,True,z,del civico n.,,18
2598154,12,2015-11-27T08:50:00,Strada Urbana,in prossimitíæ,VIALE DEGLI EROI DI CEFALONIA,,Tamponamento,Rettilineo,Una carreggiata a senso unico di marcia,Asciutto,Asfaltata,Verticale ed orizzontale,Sereno,Normale,Buona,Ore Diurne,0,0,0,3,12.43941,41.78032,True,z,del civico n.,,107
2598223,12,2015-11-27T09:15:00,Strada Urbana,da specificare,VIA WOOLF,prossimitíæ via F. Sapori (Palo Acea n. 2),Veicolo in marcia contro ostacolo accidentale,Rettilineo,Una carreggiata a senso unico di marcia,Asciutto,Con buche,Verticale ed orizzontale,Sereno,Scarso,Buona,Ore Diurne,0,0,0,1,12.48309,41.81035,True,z,,,
2597443,6,2015-11-27T09:20:00,Strada Urbana,all'intersezione con,PIAZZALE PRENESTINO,,Scontro frontale-laterale SX fra veicoli in marcia,Intersezione stradale segnalata,Una carreggiata a senso unico di marcia,Asciutto,Asfaltata,Verticale ed orizzontale,Sereno,Normale,Buona,Ore Diurne,0,0,0,2,12.52662,41.89091,True,z,VIA MACERATA,VIA MACERATA,
2600909,2,2015-11-27T09:25:00,Strada Urbana,all'intersezione semaforizzata con,VIALE PARIOLI,,Scontro laterale fra veicoli in marcia,Intersezione semaforizzata,Una carreggiata a doppio senso,Asciutto,Asfaltata,Verticale ed orizzontale,Nuvoloso,Intenso,Buona,Ore Diurne,1,0,0,1,12.49178,41.9229,False,z,VIA ANTONIO STOPPANI,VIA ANTONIO STOPPANI,
2598692,4,2015-11-27T09:25:00,Strada Urbana,da specificare,VIA VAGLIA,fronte VIA CINIGIANO,Scontro laterale fra veicoli in marcia,Curva a visuale libera,Una carreggiata a doppio senso,Asciutto,Asfaltata,Verticale ed orizzontale,Sereno,Intenso,Buona,Ore Diurne,0,0,0,2,12.51473,41.94998,True,z,,,
2597886,5,2015-11-27T09:50:00,Strada Urbana,da specificare,VIA TIBURTINA,alt. G.R.A. direzione Tivoli,Scontro laterale fra veicoli in marcia,Rettilineo,Una carreggiata a doppio senso,Asciutto,Asfaltata,Orizzontale,Sereno,Intenso,Buona,Ore Diurne,0,0,0,3,12.60289,41.93361,True,z,,,
2597493,1,2015-11-27T10:00:00,Strada Urbana,in prossimitíæ,VIA MERULANA,,Investimento di pedone,Rettilineo,Una carreggiata a doppio senso,Asciutto,Asfaltata,Verticale ed orizzontale,Sereno,Intenso,Buona,Ore Diurne,1,0,0,1,12.50284,41.89031,False,z,del civico n.,,117
2597531,11,2015-11-27T10:00:00,Strada Urbana,all'intersezione semaforizzata con,VIA CRISTOFORO COLOMBO,,Scontro laterale fra veicoli in marcia,Intersezione semaforizzata,Pií_ di due carreggiate,Asciutto,Asfaltata,Verticale ed orizzontale,Sereno,Normale,Buona,Ore Diurne,0,0,0,2,12.47554,41.84134,True,z,VIA LAURENTINA,VIA LAURENTINA,
2600643,19,2015-11-27T10:15:00,Strada Urbana,all'intersezione con,VIA DI BOCCEA,,Scontro laterale fra veicoli in marcia,Intersezione stradale segnalata,Una carreggiata a doppio senso,Asciutto,Asfaltata,Verticale ed orizzontale,Sereno,Normale,Buona,Ore Diurne,0,0,0,3,12.36169,41.92561,True,z,VIA MORSASCO,VIA MORSASCO,
2598208,12,2015-11-27T10:30:00,Strada Urbana,in prossimitíæ,VIA DI TRIGORIA,,Veicolo in marcia contro ostacolo accidentale,Rettilineo,Una carreggiata a doppio senso,Asciutto,Con buche,Verticale ed orizzontale,Sereno,Scarso,Buona,Ore Diurne,0,0,0,1,12.47854,41.76885,True,z,del civico n.,,73
2597547,7,2015-11-27T11:15:00,,all'intersezione con,VIALE PALMIRO TOGLIATTI,,Investimento di pedone,,,,,,,,,,2,0,0,0,12.5635,41.88127,False,z,VIA DEI PLATANI,VIA DEI PLATANI,
2597703,11,2015-11-27T11:50:00,Strada Urbana,all'intersezione semaforizzata con,VIALE GUGLIELMO MARCONI,,Tamponamento Multiplo,Intersezione semaforizzata,Due carreggiate,Asciutto,Asfaltata,Verticale ed orizzontale,Nuvoloso,Intenso,Buona,Ore Diurne,0,0,0,4,12.47148,41.85669,True,z,PIAZZALE TOMMASO EDISON,PIAZZALE TOMMASO EDISON,
2600654,19,2015-11-27T12:00:00,Strada Urbana,all'intersezione con,PIAZZA S. MARIA DELLA PIETA',,Scontro frontale-laterale DX fra veicoli in marcia,Incrocio,Una carreggiata a senso unico di marcia,Asciutto,Asfaltata,Orizzontale,Nuvoloso,Normale,Buona,Ore Diurne,0,0,0,3,12.41958,41.94092,True,z,VIA SEBASTIANO VINCI,VIA SEBASTIANO VINCI,
2597895,12,2015-11-27T12:00:00,Strada Urbana,in prossimitíæ,VIALE DON PASQUINO BORGHI,,Veicolo in marcia contro ostacolo fisso,Rettilineo,Una carreggiata a doppio senso,Asciutto,In cubetti di porfido,Assente,Nuvoloso,Scarso,Buona,Ore Diurne,0,0,0,1,12.44602,41.80869,True,z,del civico n.,,119
2597888,5,2015-11-27T12:10:00,Strada Urbana,in prossimitíæ,VIA TIBURTINA,,Tamponamento Multiplo,Rettilineo,Due carreggiate,Asciutto,Asfaltata,Orizzontale,Sereno,Intenso,Buona,Ore Diurne,1,0,0,0,12.53502,41.9081,False,z,del civico n.,,348
2601257,12,2015-11-27T12:15:00,,da specificare,VIA CRISTOFORO COLOMBO,prossimitíæ P.LE 25 MARZO 1957,Veicolo in marcia contro ostacolo accidentale,,,,,,,,,,1,0,0,4,12.46292,41.81822,False,z,,,
2598592,8,2015-11-27T12:15:00,Strada Urbana,all'intersezione con,VIA DI TORRENOVA,,Scontro frontale-laterale SX fra veicoli in marcia,Incrocio,Una carreggiata a doppio senso,Asciutto,Asfaltata,Verticale ed orizzontale,Nuvoloso,Normale,Sufficiente,Ore Diurne,2,0,0,1,12.6185,41.8775,False,z,VIA TESEO,VIA TESEO,
2598856,20,2015-11-27T12:20:00,Statale entro l'abitato,all'intersezione con,VIA CASSIA,,Scontro frontale-laterale SX fra veicoli in marcia,Intersezione non regolata-non segnalata,Una carreggiata a doppio senso,Asciutto,Asfaltata,Orizzontale,Sereno,Normale,Buona,Ore Diurne,1,0,0,1,,,False,z,VIA GIULIO GALLI,VIA GIULIO GALLI,
2598923,17,2015-11-27T12:25:00,Strada Urbana,in corrispondenza,VIA LEPANTO,,Scontro frontale-laterale SX fra veicoli in marcia,Rettilineo,Una carreggiata a doppio senso,Asciutto,Asfaltata,Verticale ed orizzontale,Sereno,Normale,Sufficiente,Ore Diurne,0,0,0,3,12.46568,41.91217,True,z,del civico n.,,4
2602694,12,2015-11-27T13:00:00,Strada Urbana,da specificare,VIA DI CASTEL DI LEVA,alt. via Cuppari 100 metri prima di v. Laurentina,Veicolo in marcia contro ostacolo fisso,Rettilineo,Una carreggiata a doppio senso,Asciutto,Asfaltata,Temporanea di cantiere,Sereno,Normale,Buona,Ore Diurne,0,0,0,1,12.52161,41.78534,True,z,,,
2603514,18,2015-11-27T13:20:00,Strada Urbana,all'intersezione con,VIA DEL CASALE DI S. PIO V,,Ribaltamento senza urto contro ostacolo fisso,Incrocio,Una carreggiata a doppio senso,Viscido da liquidi oleosi,Asfaltata,Verticale ed orizzontale,Nuvoloso,Normale,Buona,Ore Diurne,1,0,0,1,12.43213,41.89245,True,z,PIAZZA DI VILLA CARPEGNA,PIAZZA DI VILLA CARPEGNA,
2597881,18,2015-11-27T13:45:00,Strada Urbana,in corrispondenza,VIA GREGORIO VII,,Investimento di pedone,Rettilineo,Pií_ di due carreggiate,Asciutto,Asfaltata,Verticale ed orizzontale,Nuvoloso,Normale,Buona,Ore Diurne,1,0,0,1,12.44894,41.89573,False,z,del civico n.,,113
2598593,8,2015-11-27T14:00:00,Strada Urbana,in corrispondenza,VIA AMICO ASPERTINI,,Infortunio per caduta del veicolo,Curva a visuale libera,Una carreggiata a doppio senso,Asciutto,Asfaltata,Orizzontale,Nuvoloso,Normale,Buona,Ore Diurne,1,0,0,0,12.62993,41.87287,False,z,del civico n.,,305
2600416,5,2015-11-27T14:15:00,Strada Urbana,all'intersezione con,VIA GIUSEPPE BELLUCCI,,Veicolo in marcia contro veicolo in sosta,Incrocio,Una carreggiata a senso unico di marcia,Asciutto,Asfaltata,Verticale,Sereno,Normale,Buona,Ore Diurne,0,0,0,1,12.56842,41.93034,True,z,VIA CELSO ULPIANI,VIA CELSO ULPIANI,
2597970,10,2015-11-27T14:50:00,Strada Urbana,da specificare,VIA DELLE CAPANNELLE,alt. diramazione di via delle Capannelle 134,Scontro frontale-laterale DX fra veicoli in marcia,Rettilineo,Una carreggiata a doppio senso,Asciutto,Asfaltata,Orizzontale,Nuvoloso,Normale,Buona,Ore Diurne,0,0,0,2,12.5713,41.83524,True,z,,,
2601003,7,2015-11-27T15:15:00,Strada Urbana,all'intersezione con,VIALE DELLE GARDENIE,,Scontro frontale-laterale SX fra veicoli in marcia,Incrocio,Una carreggiata a senso unico di marcia,Asciutto,Asfaltata,Assente,Sereno,,Buona,Ore Diurne,0,0,0,2,12.56442,41.88613,True,z,VIA DELLE CELIDONIE,VIA DELLE CELIDONIE,
2597968,15,2015-11-27T15:15:00,Strada Urbana,all'intersezione con,VIA DELLA PISANA,,Scontro frontale-laterale SX fra veicoli in marcia,Incrocio,Una carreggiata a doppio senso,Asciutto,Asfaltata,Assente,Nuvoloso,Normale,Sufficiente,Ore Diurne,0,0,0,2,12.39764,41.85757,True,z,VIA DI BRAVA,VIA DI BRAVA,
2598108,2,2015-11-27T15:15:00,Strada Urbana,all'intersezione con,VIA GIUSEPPE MERCALLI,,Scontro frontale-laterale SX fra veicoli in marcia,Incrocio,Una carreggiata a senso unico di marcia,Asciutto,Asfaltata,Verticale ed orizzontale,Nuvoloso,Normale,Buona,Ore Diurne,0,0,0,3,12.48609,41.92365,True,z,VIA RUGGERO BOSCOVICH,VIA RUGGERO BOSCOVICH,
2598596,8,2015-11-27T15:20:00,,da specificare,VIA DI TOR BELLA MONACA,altezza svincolo via di TORRENOVA direzione GRA,Veicolo in marcia contro ostacolo accidentale,,,,,,,,,,0,0,0,1,12.61928,41.88276,False,z,,,
2598790,1,2015-11-27T15:40:00,Strada Urbana,all'intersezione con,VIA CAPO D'AFRICA,,Scontro frontale-laterale SX fra veicoli in marcia,Intersezione stradale segnalata,Una carreggiata a senso unico di marcia,Asciutto,Asfaltata,Verticale ed orizzontale,Nuvoloso,Normale,Sufficiente,Ore Diurne,1,0,0,1,,,False,z,VIA OSTILIA,VIA OSTILIA,