_ID,_Gruppo,_DataOraIncidente,_Localizzazione1,_Localizzazione2,_Strada1,_DaSpecificare,_NaturaIncidente,_ParticolaritaStrade,_TipoStrada,_FondoStradale,_Pavimentazione,_Segnaletica,_CondizioneAtmosferica,_Traffico,_Visibilita,_Illuminazione,_NUM_FERITI,_NUM_RISERVATA,_NUM_MORTI,_NUM_ILLESI,_Longitudine,_Latitudine,_CONFERMATO,__prefix,_Strada02,_Strada2,_Chilometrica
2598688,18,2015-11-27T15:45:00,Strada Urbana,all'intersezione con,VIA DELLA MAGLIANELLA,,Scontro frontale-laterale SX fra veicoli in marcia,Intersezione non regolata-non segnalata,Una carreggiata a doppio senso,Asciutto,Asfaltata,Orizzontale,Nuvoloso,Normale,Buona,Ore Diurne,2,0,0,0,12.38178,41.90343,False,z,SVINCOLO GRA,SVINCOLO GRA,
2598604,8,2015-11-27T16:00:00,Strada Urbana,all'intersezione con,VIA AMICO ASPERTINI,,Scontro frontale-laterale SX fra veicoli in marcia,Incrocio,Una carreggiata a doppio senso,Asciutto,Asfaltata,Verticale ed orizzontale,Nuvoloso,Normale,Buona,Ore Diurne,0,0,0,2,12.63246,41.86814,True,z,VIA FERNANDO CONTI,VIA FERNANDO CONTI,
2598600,8,2015-11-27T16:00:00,,da specificare,VIA DI TOR BELLA MONACA,altezza svincolo via TORRENOVA direzione GRA,Veicolo in marcia contro ostacolo accidentale,,,,,,,,,,0,0,0,1,12.61945,41.88187,False,z,,,
2599008,15,2015-11-27T16:00:00,Strada Urbana,in corrispondenza,VIA PORTUENSE,,Investimento di pedone,Curva a visuale libera,Due carreggiate,Asciutto,Asfaltata,Verticale ed orizzontale,Nuvoloso,Normale,Buona,Ore Diurne,1,0,0,3,12.46484,41.86853,True,z,del civico n.,,450
2598882,20,2015-11-27T16:00:00,Strada Urbana,da specificare,VIALE DI TOR DI QUINTO,prossimitíæ VIA FORNACI DI TOR DI QUINTO,Tamponamento,Rettilineo,Una carreggiata a doppio senso,Asciutto,Asfaltata,Verticale ed orizzontale,Sereno,Normale,Buona,Ore Diurne,0,0,0,2,12.47866,41.93844,True,z,,,
2598110,6,2015-11-27T16:30:00,Strada Urbana,in corrispondenza,VIA PRENESTINA,,Scontro laterale fra veicoli in marcia,Rettilineo,Pií_ di due carreggiate,Asciutto,Asfaltata,Orizzontale,Nuvoloso,Normale,Buona,Ore Diurne,0,0,0,4,12.53024,41.89159,True,z,del civico n.,,118
2598667,4,2015-11-27T16:30:00,Strada Urbana,all'intersezione con,VIA ANTONIO FOGAZZARO,,Scontro frontale-laterale DX fra veicoli in marcia,Intersezione stradale segnalata,Una carreggiata a senso unico di marcia,Bagnato (umiditíæ in atto),Asfaltata,Verticale,Nuvoloso,Normale,Buona,Sufficiente,0,0,0,2,12.54863,41.94177,True,z,VIA TEOFILO FOLENGO,VIA TEOFILO FOLENGO,
2599558,9,2015-11-27T16:55:00,Strada Urbana,all'intersezione con,VIA LUGNANO IN TEVERINA,,Veicolo in marcia contro veicolo in sosta,Incrocio,Una carreggiata a senso unico di marcia,Asciutto,Asfaltata,Assente,Sereno,Normale,Buona,Ore Diurne,0,0,0,1,12.53099,41.87963,True,z,VIA NOCERA UMBRA,VIA NOCERA UMBRA,
2598610,8,2015-11-27T17:00:00,Strada Urbana,da specificare,VIA COLLATINA,ingresso parcheggio stazione FS Lunghezza,Tamponamento,Rettilineo,Una carreggiata a doppio senso,Asciutto,Asfaltata,Verticale ed orizzontale,Nuvoloso,Intenso,Sufficiente,Sufficiente,2,0,0,5,12.65177,41.91623,False,z,,,
2600950,16,2015-11-27T17:15:00,Strada Urbana,in prossimitíæ,VIA SILVESTRI,,Scontro laterale fra veicoli in marcia,Rettilineo,Una carreggiata a doppio senso,Asciutto,Asfaltata,Orizzontale,Sereno,Intenso,Sufficiente,Sufficiente,0,0,0,2,12.61571,41.84813,True,z,del civico n.,,30
2598892,20,2015-11-27T17:15:00,,all'intersezione con,VIA CASSIA,,Scontro frontale-laterale SX fra veicoli in marcia,,,,,,,,,,0,0,0,2,,,False,z,VIA DELLA TORRE DELLE CORNACCHIE,VIA DELLA TORRE DELLE CORNACCHIE,
2598711,1,2015-11-27T17:15:00,Strada Urbana,all'intersezione con,PIAZZALE OSTIENSE,,Tamponamento,Incrocio,Una carreggiata a doppio senso,Asciutto,Asfaltata,Verticale ed orizzontale,Nuvoloso,Normale,Buona,Sufficiente,2,0,0,1,12.48098,41.87616,True,z,VIALE DEL CAMPO BOARIO,VIALE DEL CAMPO BOARIO,
2598230,19,2015-11-27T17:30:00,Strada Urbana,all'intersezione con,VIA TRIONFALE,,Scontro laterale fra veicoli in marcia,Incrocio,Una carreggiata a doppio senso,Asciutto,Asfaltata,Verticale ed orizzontale,Sereno,Normale,Buona,Sufficiente,0,0,0,2,12.4112,41.96013,True,z,VIA GIOVANNI GAETANO BOTTARI,VIA GIOVANNI GAETANO BOTTARI,
2598614,8,2015-11-27T17:45:00,Statale entro l'abitato,all'intersezione semaforizzata con,VIA CASILINA,,Scontro laterale fra veicoli in marcia,Intersezione semaforizzata,Una carreggiata a doppio senso,Asciutto,Asfaltata,Verticale ed orizzontale,Nuvoloso,Intenso,Sufficiente,Sufficiente,1,0,0,3,12.59251,41.86718,False,z,VIA DELLE RONDINI,VIA DELLE RONDINI,
2598776,1,2015-11-27T17:50:00,Strada Urbana,in prossimitíæ,VIA DEL TEATRO DI MARCELLO,,Investimento di pedone,Rettilineo,Una carreggiata a doppio senso,Asciutto,In cubetti di porfido,Verticale ed orizzontale,Sereno,Intenso,Buona,Sufficiente,1,0,0,2,,,False,z,del civico n.,,4
2598694,18,2015-11-27T18:05:00,Strada Urbana,all'intersezione con,VIA ENRICO BONDI,,Scontro laterale fra veicoli in marcia,Intersezione stradale segnalata,Una carreggiata a doppio senso,Asciutto,Asfaltata,Verticale ed orizzontale,Sereno,Normale,Buona,Sufficiente,0,0,0,3,12.41586,41.86914,True,z,VIA SUOR MARIA AGOSTINA,VIA SUOR MARIA AGOSTINA,
2600953,7,2015-11-27T18:10:00,Strada Urbana,all'intersezione con,VIA ACHILLE VERTUNNI,,Scontro frontale-laterale SX fra veicoli in marcia,Incrocio,Una carreggiata a doppio senso,Asciutto,Asfaltata,Verticale ed orizzontale,Sereno,Normale,Buona,Sufficiente,0,0,0,2,12.61299,41.90958,True,z,VIA VALERICO LACCETTI,VIA VALERICO LACCETTI,
2600856,12,2015-11-27T18:25:00,Strada Urbana,da specificare,VIALE DELL'OCEANO ATLANTICO,dir. P.zza Vita Finzi alt. Via Rhodesia,Scontro laterale fra veicoli in marcia,Rettilineo,Due carreggiate,Asciutto,Asfaltata,Verticale ed orizzontale,Nuvoloso,Intenso,Buona,Sufficiente,0,0,0,4,12.47054,41.82007,True,z,,,
2602356,3,2015-11-27T18:30:00,Strada Urbana,da specificare,CIRCONVALLAZIONE NOMENTANA,direzione Salaria altezza civico 251 bis,Veicolo in marcia contro veicolo in sosta,Rettilineo,Pií_ di due carreggiate,Asciutto,Asfaltata,Verticale ed orizzontale,Nuvoloso,Normale,Sufficiente,Sufficiente,0,0,0,1,12.52824,41.91316,True,z,,,
2598365,7,2015-11-27T18:30:00,Statale entro l'abitato,in prossimitíæ,VIA CASILINA,,Scontro laterale fra veicoli in marcia,Rettilineo,Due carreggiate,Asciutto,Asfaltata,Verticale ed orizzontale,Nuvoloso,Normale,Sufficiente,Sufficiente,1,0,0,3,12.55826,41.87568,True,z,del palo luce n.,,253
2599781,9,2015-11-27T18:30:00,,in prossimitíæ,VIA APPIA NUOVA,,Tamponamento Multiplo,,,,,,,,,,3,0,0,1,12.53273,41.8616,False,z,del civico n.,,700
2598547,6,2015-11-27T18:30:00,Strada Urbana,all'intersezione semaforizzata con,PIAZZA DELLA MARRANELLA,,Scontro laterale fra veicoli in marcia,Incrocio,Una carreggiata a doppio senso,Asciutto,Asfaltata,Verticale ed orizzontale,Sereno,Normale,Buona,Sufficiente,0,0,0,3,12.54229,41.88033,True,z,VIA CASILINA,VIA CASILINA,
2600433,5,2015-11-27T19:00:00,,in corrispondenza,PIAZZA DI S. MARIA CONSOLATRICE,,Investimento di pedone,,,,,,,,,,2,0,0,0,12.53455,41.89779,False,z,del civico n.,,3
2599639,10,2015-11-27T19:00:00,Strada Urbana,da specificare,VIA OTELLO STEFANINI,uscita parcheggio di scambio,Scontro frontale-laterale SX fra veicoli in marcia,Rettilineo,Una carreggiata a doppio senso,Asciutto,Asfaltata,Verticale ed orizzontale,Sereno,Normale,Buona,Sufficiente,0,0,0,3,12.58435,41.84385,True,z,,,
2599968,18,2015-11-27T19:30:00,Strada Urbana,da specificare,VIA GREGORIO XI,ROTATORIA VAL CANNUTA,Scontro frontale-laterale DX fra veicoli in marcia,Rotatoria,Una carreggiata a senso unico di marcia,Asciutto,Asfaltata,Verticale ed orizzontale,Nuvoloso,Scarso,Buona,Insufficiente,0,0,0,2,12.40216,41.89124,True,z,,,
2600941,16,2015-11-27T19:35:00,Strada Urbana,da specificare,VIA BERNARDINO RAMAZZINI,in prossimitíæ con Via Portuense,Scontro laterale fra veicoli in marcia,Rettilineo,Due carreggiate,Asciutto,Asfaltata,Verticale ed orizzontale,Sereno,Scarso,Buona,Sufficiente,0,0,0,2,12.45221,41.86241,True,z,,,
2598616,8,2015-11-27T19:37:00,Strada Urbana,all'intersezione con,VIA AMICO ASPERTINI,,Scontro laterale fra veicoli in marcia,Incrocio,Una carreggiata a doppio senso,Asciutto,Asfaltata,Verticale,Nuvoloso,Intenso,Buona,Insufficiente,0,0,0,2,12.63251,41.86811,True,z,VIA FERNANDO CONTI,VIA FERNANDO CONTI,
2598654,18,2015-11-27T20:00:00,Strada Urbana,all'intersezione semaforizzata con,VIA LUIGI SETTEMBRINI,,Scontro frontale-laterale SX fra veicoli in marcia,Intersezione semaforizzata,Due carreggiate,Asciutto,Asfaltata,Verticale ed orizzontale,Sereno,Normale,Buona,Sufficiente,1,0,0,1,12.46694,41.91483,False,z,VIA GIOVANNI NICOTERA,VIA GIOVANNI NICOTERA,
2602324,3,2015-11-27T20:35:00,,all'intersezione semaforizzata con,VIA TIBURTINA,,Tamponamento Multiplo,,,,,,,,,,1,0,0,4,,,False,z,PIAZZALE VALERIO MASSIMO,PIAZZALE VALERIO MASSIMO,
2598810,20,2015-11-27T20:35:00,,da specificare,CORSO DI FRANCIA,in prossimitíæ di VIA B. GOSIO,Tamponamento Multiplo,,,,,,,,,,2,0,0,3,,,False,z,,,
2598710,4,2015-11-27T20:50:00,,da specificare,VIA NOMENTANA,km 13.600,Tamponamento Multiplo,,,,,,,,,,0,0,0,5,,,False,z,,,
2598617,8,2015-11-27T21:00:00,Strada Urbana,in prossimitíæ,VIA PRENESTINA NUOVA,,Veicolo in marcia contro ostacolo accidentale,Rettilineo,Una carreggiata a doppio senso,Asciutto,Con buche,Assente,Nuvoloso,Normale,Insufficiente,Insufficiente,0,0,0,2,12.6936,41.88893,True,z,del civico n.,,4
2598673,1,2015-11-27T21:10:00,Strada Urbana,all'intersezione semaforizzata con,PORTO DI RIPA GRANDE,,Scontro laterale fra veicoli in marcia,Intersezione semaforizzata,Una carreggiata a senso unico di marcia,Asciutto,Asfaltata,Verticale ed orizzontale,Sereno,Normale,Buona,Sufficiente,0,0,0,4,12.47633,41.88503,True,z,PONTE SUBLICIO,PONTE SUBLICIO,
2598635,1,2015-11-27T21:50:00,Strada Urbana,in prossimitíæ,LUNGOTEVERE AVENTINO,,Tamponamento,Rettilineo,Una carreggiata a senso unico di marcia,Asciutto,Asfaltata,Verticale ed orizzontale,Sereno,Scarso,Buona,Sufficiente,0,0,0,4,,,False,z,del civico n.,,4
2598821,1,2015-11-27T22:50:00,Strada Urbana,in corrispondenza,VIA CAVOUR,,Scontro frontale-laterale DX fra veicoli in marcia,Rettilineo,Una carreggiata a doppio senso,Asciutto,Asfaltata,Verticale,Sereno,Scarso,Buona,Sufficiente,0,0,0,3,12.49842,41.8997,False,z,del civico n.,,33
2598787,20,2015-11-27T23:00:00,Regionale entro l'abitato,in prossimitíæ,VIA CASSIA,,Tamponamento Multiplo,Rettilineo,Una carreggiata a doppio senso,Asciutto,Asfaltata,Orizzontale,Sereno,Normale,Buona,Sufficiente,2,0,0,3,,,False,z,del civico n.,,850
2598620,8,2015-11-27T23:15:00,Strada Urbana,all'intersezione con,VIA CASILINA,,Veicolo in marcia contro ostacolo fisso,Rotatoria,Una carreggiata a senso unico di marcia,Asciutto,Asfaltata,Verticale ed orizzontale,Sereno,Scarso,Buona,Sufficiente,0,0,0,2,12.60955,41.86414,False,z,VIA DEGLI ORAFI,VIA DEGLI ORAFI,
2598630,8,2015-11-27T23:45:00,Strada Urbana,in corrispondenza,VIA CASILINA,,Scontro laterale fra veicoli in marcia,Rettilineo,Una carreggiata a doppio senso,Asciutto,Asfaltata,Orizzontale,Sereno,Scarso,Sufficiente,Sufficiente,0,0,0,3,12.61719,41.86308,False,z,del civico n.,,1386
2599561,9,2015-11-27T23:50:00,Strada Urbana,in prossimitíæ,VIA TORRE DI MEZZAVIA,,Tamponamento Multiplo,Curva senza visuale libera,Una carreggiata a doppio senso,Asciutto,Asfaltata,Verticale ed orizzontale,Sereno,Normale,Buona,Sufficiente,0,0,0,6,12.59378,41.83659,True,z,del civico n.,,51
2598555,11,2015-11-28T00:00:00,Strada Urbana,in prossimitíæ,VIA ARDEATINA,,Veicolo in marcia contro ostacolo fisso,Rettilineo,Una carreggiata a doppio senso,Asciutto,Asfaltata,Verticale ed orizzontale,Sereno,Scarso,Buona,Sufficiente,0,0,0,0,12.51716,41.84053,True,z,del civico n.,,404
2601347,17,2015-11-28T00:00:00,Strada Urbana,in corrispondenza,VIA OTRANTO,,Veicolo in marcia contro veicoli in sosta,Rettilineo,Una carreggiata a senso unico di marcia,Asciutto,Asfaltata,Verticale ed orizzontale,Sereno,Scarso,Buona,Ore Diurne,0,0,0,0,12.45704,41.91053,False,z,del civico n.,,47
2601075,3,2015-11-28T00:15:00,,in prossimitíæ,PIAZZALE DEL VERANO,,Scontro frontale-laterale DX fra veicoli in marcia,,,,,,,,,,1,0,0,1,,,False,z,del civico n.,,27
2600884,7,2015-11-28T00:30:00,,all'intersezione con,VIA PRENESTINA,,Scontro frontale-laterale SX fra veicoli in marcia,,,,,,,,,,1,0,0,1,12.59119,41.89422,False,z,VIA DI TOR TRE TESTE,VIA DI TOR TRE TESTE,
2598666,18,2015-11-28T02:15:00,Strada Urbana,all'intersezione con,VIA CRESCENZIO,,Scontro frontale-laterale SX fra veicoli in marcia,Intersezione stradale segnalata,Una carreggiata a doppio senso,Asciutto,Asfaltata,Verticale ed orizzontale,Sereno,Scarso,Buona,Sufficiente,1,0,0,1,12.46339,41.90574,False,z,VIA VARRONE,VIA VARRONE,
2599565,9,2015-11-28T03:00:00,Strada Urbana,all'intersezione semaforizzata con,VIA SIRIA,,Scontro frontale-laterale SX fra veicoli in marcia,Intersezione semaforizzata,Una carreggiata a doppio senso,Asciutto,Asfaltata,Verticale ed orizzontale,Sereno,Scarso,Buona,Sufficiente,0,0,0,3,12.51159,41.87437,True,z,CIRCONVALLAZIONE APPIA,CIRCONVALLAZIONE APPIA,
2601117,3,2015-11-28T03:00:00,,in prossimitíæ,VIALE DELLO SCALO S. LORENZO,,Scontro frontale fra veicoli in marcia,,,,,,,,,,1,0,0,2,,,False,z,del civico n.,,33
2598906,20,2015-11-28T03:00:00,,in corrispondenza,VIA FORMELLESE,,Fuoriuscita dalla sede stradale,,,,,,,,,,0,0,0,1,,,False,z,del civico n.,,198
2598606,1,2015-11-28T04:00:00,Strada Urbana,in prossimitíæ,VIA MARMORATA,,Veicolo in marcia contro veicoli in sosta,Rettilineo,Una carreggiata a doppio senso,Asciutto,Asfaltata,Orizzontale,Sereno,Scarso,Sufficiente,Sufficiente,0,0,0,3,12.47831,41.87953,False,z,del civico n.,,71
2601294,12,2015-11-28T04:15:00,Strada Urbana,all'intersezione con,VIA CRISTOFORO COLOMBO,,Scontro laterale fra veicoli in marcia,Intersezione semaforizzata,Una carreggiata a senso unico di marcia,Asciutto,Asfaltata,Verticale ed orizzontale,Sereno,Scarso,Buona,Sufficiente,0,0,0,3,12.46867,41.83086,True,z,PIAZZALE DELLE NAZIONI UNITE,PIAZZALE DELLE NAZIONI UNITE,
2600456,5,2015-11-28T05:30:00,Strada Urbana,in prossimitíæ,VIA DEI MONTI TIBURTINI,,Veicolo in marcia contro ostacolo fisso,Rettilineo,Due carreggiate,Asciutto,Asfaltata,Verticale ed orizzontale,Sereno,Normale,Buona,Ore Diurne,0,0,0,1,12.55281,41.91319,True,z,del civico n.,,768
2598860,1,2015-11-28T06:05:00,Strada Urbana,all'intersezione semaforizzata con,VIA DI S. MARCO,,Scontro frontale-laterale SX fra veicoli in marcia,Intersezione semaforizzata,Due carreggiate,Asciutto,Asfaltata,Verticale ed orizzontale,Sereno,Scarso,Buona,Ore Diurne,1,0,0,1,12.48068,41.89517,False,z,VIA D'ARACOELI,VIA D'ARACOELI,
2600543,1,2015-11-28T07:00:00,Strada Urbana,in corrispondenza,VIA DI PORTA MAGGIORE,,Veicolo in marcia contro veicolo in sosta,Rettilineo,Pií_ di due carreggiate,Asciutto,Asfaltata,Assente,Sereno,Scarso,Buona,Ore Diurne,1,0,0,1,12.51038,41.89315,True,z,del civico n.,,13
2599011,15,2015-11-28T07:10:00,Strada Urbana,in corrispondenza,VIA ENRICO CRUCIANI ALIBRANDI,,Veicolo in marcia contro ostacolo fisso,Rettilineo,Una carreggiata a senso unico di marcia,Asciutto,Asfaltata,Assente,Sereno,Scarso,Buona,Ore Diurne,0,0,0,1,12.45619,41.85895,True,z,del civico n.,,51
2600811,7,2015-11-28T08:00:00,Strada Urbana,all'intersezione con,VIALE DELLA PRIMAVERA,,Scontro frontale-laterale SX fra veicoli in marcia,Incrocio,Una carreggiata a doppio senso,Asciutto,Asfaltata,Verticale ed orizzontale,Sereno,Intenso,Buona,Ore Diurne,0,0,0,2,12.56121,41.88784,True,z,VIA ROMOLO TRINCHIERI,VIA ROMOLO TRINCHIERI,
2600761,17,2015-11-28T08:30:00,Strada Urbana,all'intersezione con,VIA DEGLI SCIPIONI,,Scontro frontale-laterale DX fra veicoli in marcia,Incrocio,Una carreggiata a senso unico di marcia,Asciutto,Asfaltata,Verticale ed orizzontale,Sereno,Scarso,Buona,Ore Diurne,0,0,0,3,12.4641,41.91011,True,z,VIA DUILIO,VIA DUILIO,
2601010,12,2015-11-28T08:55:00,Strada Urbana,da specificare,VIA DI ACQUA ACETOSA OSTIENSE,civico 430,Scontro laterale fra veicoli in marcia,Rettilineo,Una carreggiata a senso unico di marcia,Asciutto,Asfaltata,Verticale ed orizzontale,Sereno,Normale,Buona,Ore Diurne,0,0,0,2,12.45848,41.80691,True,z,,,
2600449,8,2015-11-28T09:00:00,Strada Urbana,all'intersezione con,VIA DI CARCARICOLA,,Tamponamento Multiplo,Intersezione stradale segnalata,Una carreggiata a senso unico di marcia,Asciutto,Asfaltata,Verticale ed orizzontale,Nebbia,Intenso,Buona,Ore Diurne,0,0,0,3,12.61315,41.85722,True,z,VIALE DELLA SORBONA,VIALE DELLA SORBONA,
2601295,16,2015-11-28T09:10:00,Strada Urbana,in corrispondenza,CIRCONVALLAZIONE GIANICOLENSE,,Investimento di pedone,Curva a visuale libera,Pií_ di due carreggiate,Asciutto,Asfaltata,Verticale ed orizzontale,Sereno,Normale,Buona,Ore Diurne,1,0,0,1,12.44366,41.87655,False,z,del civico n.,,247
2601088,3,2015-11-28T09:20:00,,all'intersezione con,VIA AGRIGENTO,,Scontro frontale fra veicoli in marcia,,,,,,,,,,1,0,0,1,,,False,z,VIA UDINE,VIA UDINE,
2599580,9,2015-11-28T09:25:00,,all'intersezione semaforizzata con,VIA TARANTO,,Scontro frontale-laterale SX fra veicoli in marcia,,,,,,,,,,1,0,0,1,12.51499,41.88455,False,z,VIA AOSTA,VIA AOSTA,
2599014,1,2015-11-28T10:00:00,Strada Urbana,all'intersezione con,VIA PANISPERNA,,Veicolo in marcia contro ostacolo accidentale,Intersezione stradale segnalata,Una carreggiata a senso unico di marcia,Viscido da liquidi oleosi,In cubetti di porfido,Verticale ed orizzontale,Sereno,Scarso,Buona,Ore Diurne,0,0,0,1,,,False,z,VIA DEI SERPENTI,VIA DEI SERPENTI,
2600830,1,2015-11-28T10:00:00,Strada Urbana,in prossimitíæ,VIA DELLE QUATTRO FONTANE,,Veicolo in marcia contro ostacolo accidentale,Rettilineo,Una carreggiata a senso unico di marcia,Asciutto,In cubetti di porfido,Verticale ed orizzontale,Sereno,Normale,Buona,Ore Diurne,0,0,0,3,12.49088,41.90191,True,z,del civico n.,,19
2600682,1,2015-11-28T10:45:00,Strada Urbana,in corrispondenza,LUNGOTEVERE IN AUGUSTA,,Tamponamento,Rettilineo,Una carreggiata a senso unico di marcia,Asciutto,Asfaltata,Assente,Sereno,Normale,Buona,Ore Diurne,1,0,0,2,,,False,z,del palo luce n.,,10
2599557,4,2015-11-28T10:45:00,Strada Urbana,all'intersezione con,VIA CORRADO ALVARO,,Tamponamento,Incrocio,Due carreggiate,Asciutto,Asfaltata,Verticale ed orizzontale,Sereno,Normale,Buona,Ore Diurne,0,0,0,3,12.55236,41.94547,False,z,VIA RENATO FUCINI,VIA RENATO FUCINI,
2601298,23,2015-11-28T10:47:00,,all'intersezione semaforizzata con,VIA CRISTOFORO COLOMBO,,Scontro frontale-laterale DX fra veicoli in marcia,,,,,,,,,,0,0,0,4,,,False,z,VIA DI ACILIA,VIA DI ACILIA,
2600590,7,2015-11-28T11:00:00,Strada Urbana,all'intersezione con,VIA TOR DE' SCHIAVI,,Scontro frontale-laterale DX fra veicoli in marcia,Incrocio,Una carreggiata a doppio senso,Asciutto,Asfaltata,Verticale ed orizzontale,Sereno,Intenso,Buona,Ore Diurne,1,0,0,2,12.56302,41.88712,False,z,VIA DEI GELSI,VIA DEI GELSI,
2600464,8,2015-11-28T11:05:00,Strada Urbana,da specificare,VIA DI TOR BELLA MONACA,inversione marcia via di Torrenova,Fuoriuscita dalla sede stradale,Curva a visuale libera,Due carreggiate,Asciutto,Asfaltata,Verticale ed orizzontale,Sereno,Normale,Buona,Ore Diurne,0,0,0,1,12.62114,41.88765,False,z,,,
2600454,8,2015-11-28T11:15:00,Strada Urbana,da specificare,VIA DEL FONTANILE DI CARCARICOLA,alt. V. della Ricerca Scientifica,Veicolo in marcia contro ostacolo accidentale,Rettilineo,Due carreggiate,Asciutto,Asfaltata,Verticale,Sereno,Normale,Buona,Ore Diurne,0,0,0,2,12.60783,41.85249,True,z,,,
2600049,18,2015-11-28T11:30:00,Statale,in corrispondenza,VIA AURELIA,,Tamponamento,Pendenza,Due carreggiate,Asciutto,Asfaltata,Verticale ed orizzontale,Sereno,Normale,Buona,Ore Diurne,1,0,0,2,12.34383,41.88225,False,z,della chilometrica,,13.9
2599981,18,2015-11-28T11:45:00,Strada Urbana,in corrispondenza,VIA NUOVA DELLE FORNACI,,Infortunio per sola frenata improvvisa,Curva a visuale libera,Una carreggiata a senso unico di marcia,Asciutto,Asfaltata,Verticale ed orizzontale,Sereno,Scarso,Buona,Ore Diurne,1,0,0,0,12.4576,41.89453,True,z,del civico n.,,20
2600465,5,2015-11-28T12:00:00,Strada Urbana,all'intersezione con,VIA NICOLA MARIA NICOLAI,,Scontro laterale fra veicoli in marcia,Incrocio,Una carreggiata a doppio senso,Asciutto,Asfaltata,Verticale ed orizzontale,Sereno,Normale,Buona,Ore Diurne,0,0,0,2,12.5703,41.94608,True,z,VIA POGGIO BRACCIOLINI,VIA POGGIO BRACCIOLINI,
2599076,13,2015-11-28T12:20:00,Strada Urbana,all'intersezione con,VIA CALVIGNANO,,Scontro frontale-laterale SX fra veicoli in marcia,Incrocio,Una carreggiata a doppio senso,Asciutto,Asfaltata,Verticale ed orizzontale,Sereno,Normale,Buona,Ore Diurne,0,0,0,2,12.33177,41.78003,True,z,VIA CREMOSANO,VIA CREMOSANO,
2603789,18,2015-11-28T12:30:00,Strada Urbana,all'intersezione con,VIA DI CASALOTTI,,Scontro frontale-laterale DX fra veicoli in marcia,Intersezione stradale segnalata,Una carreggiata a doppio senso,Asciutto,Asfaltata,Verticale,Sereno,Normale,Buona,Ore Diurne,0,0,0,4,12.37108,41.91603,True,z,VIA ARONA,VIA ARONA,
2600920,6,2015-11-28T12:30:00,,in prossimitíæ,VIA DEI GORDIANI,,Scontro frontale-laterale SX fra veicoli in marcia,,,,,,,,,,1,0,0,2,,,False,z,del civico n.,,12
2599246,12,2015-11-28T12:30:00,Strada Urbana,in prossimitíæ,VIALE EGEO,,Investimento di pedone,Rettilineo,Due carreggiate,Asciutto,Asfaltata,Verticale ed orizzontale,Sereno,Scarso,Buona,Ore Diurne,1,0,0,0,12.45441,41.82884,False,z,del civico n.,,133
2599304,15,2015-11-28T12:53:00,,da specificare,PIAZZA DELL'ARA COELI,fronte civico 3,Investimento di pedone,,,,,,,,,,1,0,0,2,,,False,z,,,
2599819,20,2015-11-28T13:05:00,,da specificare,VIA DEL FORO ITALICO,a metri 100 da GALLERIA GIOVANNI XXIII,Veicolo in marcia contro ostacolo accidentale,,,,,,,,,,0,0,0,2,,,False,z,,,
2599829,20,2015-11-28T13:06:00,Strada Urbana,da specificare,VIA DEL FORO ITALICO,a metri 100 da GALLERIA GIOVANNI XXIII,Veicolo in marcia contro ostacolo accidentale,Rettilineo,Due carreggiate,Asciutto,Asfaltata,Verticale ed orizzontale,Sereno,Intenso,Buona,Ore Diurne,0,0,0,1,,,False,z,,,
2599937,20,2015-11-28T13:07:00,,da specificare,VIA DEL FORO ITALICO, a metri 100 da GALLERIA GIOVANNI XXIII,Veicolo in marcia contro ostacolo accidentale,,,,,,,,,,0,0,0,1,,,False,z,,,
2599994,20,2015-11-28T13:08:00,Strada Urbana,da specificare,VIA DEL FORO ITALICO,a metri 100 da GALLERIA GIOVANNI XXIII,Veicolo in marcia contro ostacolo accidentale,Rettilineo,Due carreggiate,Asciutto,Asfaltata,Verticale ed orizzontale,Sereno,Intenso,Buona,Ore Diurne,0,0,0,1,,,False,z,,,
2599129,19,2015-11-28T13:10:00,Strada Urbana,in prossimitíæ,VIA DI SELVA NERA,,Scontro frontale-laterale DX fra veicoli in marcia,Rettilineo,Una carreggiata a senso unico di marcia,Asciutto,Asfaltata,Orizzontale,Sereno,Scarso,Buona,Ore Diurne,2,0,0,0,12.36845,41.94147,True,z,del civico n.,,323a
2600006,20,2015-11-28T13:10:00,Strada Urbana,da specificare,VIA DEL FORO ITALICO,a metri 100 da GALLERIA GIOVANNI XXIII,Veicolo in marcia contro ostacolo accidentale,Rettilineo,Due carreggiate,Asciutto,Asfaltata,Verticale ed orizzontale,Sereno,Intenso,Buona,Ore Diurne,0,0,0,1,,,False,z,,,
2600730,7,2015-11-28T13:10:00,Strada Urbana,all'intersezione con,VIA FILIPPO PARLATORE,,Scontro frontale-laterale DX fra veicoli in marcia,Incrocio,Una carreggiata a senso unico di marcia,Asciutto,Asfaltata,Verticale ed orizzontale,Sereno,Normale,Buona,Ore Diurne,0,0,0,4,12.56444,41.89138,False,z,PIAZZA TEOFRASTO,PIAZZA TEOFRASTO,
2600024,20,2015-11-28T13:11:00,Strada Urbana,da specificare,VIA DEL FORO ITALICO,a metri 100 da GALLERIA GIOVANNI XXIII,Veicolo in marcia contro ostacolo accidentale,Rettilineo,Due carreggiate,Asciutto,Asfaltata,Verticale ed orizzontale,Sereno,Intenso,Buona,Ore Diurne,0,0,0,3,,,False,z,,,