_ID,_Gruppo,_DataOraIncidente,_Localizzazione1,_Localizzazione2,_Strada1,_DaSpecificare,_NaturaIncidente,_ParticolaritaStrade,_TipoStrada,_FondoStradale,_Pavimentazione,_Segnaletica,_CondizioneAtmosferica,_Traffico,_Visibilita,_Illuminazione,_NUM_FERITI,_NUM_RISERVATA,_NUM_MORTI,_NUM_ILLESI,_Longitudine,_Latitudine,_CONFERMATO,__prefix,_Strada02,_Strada2,_Chilometrica
2602345,19,2015-12-01T09:25:00,Strada Urbana,in prossimitíæ,VIALE MONFORTANI,,Scontro frontale-laterale DX fra veicoli in marcia,Rettilineo,Una carreggiata a doppio senso,Asciutto,Asfaltata,Orizzontale,Sereno,Normale,Buona,Ore Diurne,2,0,0,2,12.42407,41.9371,True,z,del civico n.,,41
2602279,9,2015-12-01T09:30:00,Strada Urbana,in corrispondenza,VIA NUMANZIA,,Veicolo in marcia contro ostacolo accidentale,,Una carreggiata a doppio senso,Viscido da liquidi oleosi,Asfaltata,Assente,Sereno,Normale,Buona,,0,0,0,2,,,False,z,del civico n.,,13
2603831,4,2015-12-01T09:30:00,,all'intersezione con,VIA NOMENTANA NUOVA,,Scontro frontale-laterale DX fra veicoli in marcia,,,,,,,,,,0,0,0,3,12.53107,41.93435,False,z,VIA VAL D'OSSOLA,VIA VAL D'OSSOLA,
2603067,15,2015-12-01T09:40:00,,in prossimitíæ,VIA PORTUENSE,,Veicolo in marcia contro ostacolo fisso,,,,,,,,,,1,0,0,0,12.46052,41.86596,False,z,del civico n.,,236
2603580,8,2015-12-01T09:50:00,,da specificare,VIALE DUILIO CAMBELLOTTI,svincolo via Casilina direzione Tor Vergata,Veicolo in marcia contro ostacolo accidentale,,,,,,,,,,0,0,0,1,,,False,z,,,
2602252,11,2015-12-01T09:50:00,Strada Urbana,in prossimitíæ,VIALE DEL TINTORETTO,,Tamponamento,Rettilineo,Due carreggiate,Asciutto,Asfaltata,Verticale ed orizzontale,Sereno,Intenso,Buona,Ore Diurne,0,0,0,2,12.48853,41.83484,True,z,del palo luce n.,,40
2604695,12,2015-12-01T09:55:00,Strada Urbana,in prossimitíæ,VIA DI CASTEL DI LEVA,,Veicolo in marcia contro ostacolo accidentale,Rettilineo,Una carreggiata a doppio senso,Asciutto,Asfaltata,Verticale ed orizzontale,Sereno,Normale,Buona,Ore Diurne,0,0,0,1,12.53159,41.77947,True,z,del civico n.,,378
2604027,3,2015-12-01T10:00:00,Strada Urbana,da specificare,Tangenziale Est direzione S. Giovanni,altezza fronte Easy Box,Scontro laterale fra veicoli in marcia,Rettilineo,Due carreggiate,Asciutto,Asfaltata,Assente,Sereno,Normale,Buona,Ore Diurne,1,0,0,2,12.52422,41.89748,True,z,,,
2602440,10,2015-12-01T10:00:00,Strada Urbana,da specificare,VIA DEL CASALE FERRANTI,fronte civico 72,Scontro frontale-laterale DX fra veicoli in marcia,Curva senza visuale libera,Una carreggiata a doppio senso,Asciutto,Asfaltata,Verticale ed orizzontale,Sereno,Normale,Buona,Ore Diurne,1,0,0,2,,,False,z,,,
2602447,11,2015-12-01T10:00:00,Strada Urbana,in prossimitíæ,VIA CRISTOFORO COLOMBO,,Tamponamento Multiplo,Rettilineo,Pií_ di due carreggiate,Asciutto,Asfaltata,Verticale ed orizzontale,Sereno,Normale,Buona,Ore Diurne,2,0,0,2,12.49618,41.86791,True,z,del palo luce n.,,42
2603427,11,2015-12-01T10:15:00,Strada Urbana,da specificare,LUNGOTEVERE DI S. PAOLO,prossimitíæ via Ostiense (dir. Marconi),Scontro laterale fra veicoli in marcia,Curva a visuale libera,Una carreggiata a doppio senso,Asciutto,Asfaltata,Verticale ed orizzontale,Sereno,Normale,Buona,Ore Diurne,0,0,0,2,12.47137,41.85883,True,z,,,
2603002,1,2015-12-01T10:15:00,Strada Urbana,in prossimitíæ,PIAZZA VIDONI,,Veicolo in marcia contro veicolo fermo,Rettilineo,Una carreggiata a doppio senso,Asciutto,In cubetti di porfido,Assente,Nuvoloso,Scarso,Buona,Ore Diurne,0,0,0,2,12.47469,41.89607,False,z,del civico n.,,6
2604040,3,2015-12-01T10:35:00,Strada Urbana,in prossimitíæ,VIA DELLA LEGA LOMBARDA,,Scontro frontale-laterale SX fra veicoli in marcia,Rettilineo,Due carreggiate,Asciutto,Asfaltata,Verticale ed orizzontale,Sereno,Normale,Buona,Ore Diurne,0,0,0,3,12.52385,41.90855,True,z,del civico n.,,34
2603578,17,2015-12-01T10:35:00,Strada Urbana,all'intersezione semaforizzata con,VIALE GIULIO CESARE,,Scontro laterale fra veicoli in marcia,Intersezione semaforizzata,Pií_ di due carreggiate,Asciutto,Asfaltata,Verticale ed orizzontale,Nuvoloso,Intenso,Buona,Ore Diurne,0,0,0,2,12.46623,41.91122,True,z,VIA MARCANTONIO COLONNA,VIA MARCANTONIO COLONNA,
2602446,7,2015-12-01T10:45:00,Strada Urbana,in prossimitíæ,VIA DI TOR TRE TESTE,,Veicolo in marcia contro ostacolo accidentale,Rettilineo,Una carreggiata a doppio senso,Sdrucciolevole (pietrisco),Asfaltata,Verticale ed orizzontale,Sereno,Normale,Buona,Ore Diurne,1,0,0,0,12.58646,41.87326,True,z,del civico n.,,78
2603502,19,2015-12-01T11:00:00,Strada Urbana,all'intersezione con,VIA CARMINE CALíÍ,,Scontro laterale fra veicoli in marcia,Intersezione stradale segnalata,Una carreggiata a doppio senso,Asciutto,Asfaltata,Verticale ed orizzontale,Sereno,Normale,Buona,Ore Diurne,0,0,0,2,12.37883,41.94385,True,z,VIA VERGINIA TONELLI,VIA VERGINIA TONELLI,
2602712,2,2015-12-01T11:30:00,Strada Urbana,all'intersezione con,VIA TOLMINO,,Scontro laterale fra veicoli in marcia,Incrocio,Una carreggiata a doppio senso,Asciutto,Asfaltata,Verticale ed orizzontale,Sereno,Normale,Buona,Ore Diurne,0,0,0,2,12.51385,41.91899,True,z,VIALE GORIZIA,VIALE GORIZIA,
2603589,7,2015-12-01T11:40:00,Strada Urbana,da specificare,VIA PRENESTINA,rotatoria con via Emilio Longoni,Scontro laterale fra veicoli in marcia,Rotatoria,Una carreggiata a senso unico di marcia,Asciutto,Asfaltata,Verticale ed orizzontale,Sereno,Intenso,Buona,Ore Diurne,0,0,0,3,12.6041,41.8935,True,z,,,
2602499,9,2015-12-01T11:40:00,Strada Urbana,da specificare,VIA MAGNAGRECIA,altezza via Corfinio,Scontro laterale fra veicoli in marcia,Rettilineo,Una carreggiata a doppio senso,Asciutto,Asfaltata,Verticale ed orizzontale,Nuvoloso,Intenso,Buona,Ore Diurne,0,0,0,2,12.50913,41.88412,True,z,,,
2602488,6,2015-12-01T11:50:00,Strada Urbana,da specificare,VIA TOR DE' SCHIAVI,alt. via Romolo Trinchieri,Scontro laterale fra veicoli in marcia,Rettilineo,Due carreggiate,Asciutto,Asfaltata,Orizzontale,Nuvoloso,Intenso,Buona,Ore Diurne,1,0,0,2,12.56115,41.88788,True,z,,,
2603147,1,2015-12-01T12:10:00,Strada Urbana,in prossimitíæ,VIA PRINCIPE EUGENIO,,Tamponamento,Rettilineo,Pií_ di due carreggiate,Asciutto,Asfaltata,Verticale ed orizzontale,Sereno,Normale,Buona,Ore Diurne,3,0,0,5,12.50924,41.89343,False,z,del civico n.,,100
2603582,8,2015-12-01T12:15:00,Statale,in prossimitíæ,VIA CASILINA,,Tamponamento,Rettilineo,Due carreggiate,Asciutto,Asfaltata,Orizzontale,Sereno,Normale,Buona,Ore Diurne,0,0,0,2,12.68263,41.86274,False,z,del civico n.,,1808
2602711,1,2015-12-01T12:15:00,Strada Urbana,in corrispondenza,VIA LUIGI VANVITELLI,,Scontro laterale fra veicoli in marcia,Rettilineo,Una carreggiata a senso unico di marcia,Asciutto,Asfaltata,Verticale ed orizzontale,Sereno,Scarso,Buona,Ore Diurne,0,0,0,2,12.47634,41.88034,False,z,del civico n.,,39
2603164,9,2015-12-01T12:15:00,Strada Urbana,all'intersezione con,VIA MACEDONIA,,Investimento di pedone,Incrocio,Una carreggiata a doppio senso,Asciutto,Asfaltata,Verticale ed orizzontale,Nuvoloso,Intenso,Buona,Ore Diurne,0,0,0,2,12.51189,41.87372,True,z,VIA LATINA,VIA LATINA,
2603571,13,2015-12-01T13:15:00,Strada Urbana,da specificare,VIA DEI PESCATORI,in prossimitíæ Via Mar dei Coralli,Tamponamento,Rettilineo,Una carreggiata a doppio senso,Asciutto,Asfaltata,Verticale ed orizzontale,Sereno,Intenso,Buona,Ore Diurne,0,0,0,2,12.33443,41.75221,True,z,,,
2603585,19,2015-12-01T13:45:00,Strada Urbana,all'intersezione con,VIA ALESSANDRO VII,,Investimento di pedone,Incrocio,Una carreggiata a senso unico di marcia,Asciutto,Asfaltata,Orizzontale,Sereno,Normale,Buona,Ore Diurne,1,0,0,1,12.42259,41.92199,True,z,VIA DI S. CLETO PAPA,VIA DI S. CLETO PAPA,
2603531,5,2015-12-01T14:00:00,,da specificare,Tang Est dir San Giovanni,altezza USCITA STAZIONE TIBURTINA,Tamponamento Multiplo,,,,,,,,,,2,0,0,0,12.53317,41.91026,False,z,,,
2602755,20,2015-12-01T14:05:00,,da specificare,VIALE DI TOR DI QUINTO,.,Scontro frontale-laterale DX fra veicoli in marcia,,,Asciutto,,,Sereno,Normale,,,2,0,0,0,,,False,z,,,
2603988,4,2015-12-01T14:20:00,Strada Urbana,all'intersezione con,VIA FRANCO SACCHETTI,,Scontro laterale fra veicoli in marcia,Incrocio,Una carreggiata a doppio senso,Asciutto,Asfaltata,Verticale ed orizzontale,Sereno,Normale,Buona,Ore Diurne,0,0,0,2,12.544,41.94918,True,z,VIA ADOLFO ALBERTAZZI,VIA ADOLFO ALBERTAZZI,
2603588,8,2015-12-01T14:40:00,Provinciale entro l'abitato,in prossimitíæ,VIA COLLATINA,,Veicolo in marcia contro ostacolo accidentale,Rettilineo,Una carreggiata a doppio senso,Asciutto,Asfaltata,Orizzontale,Sereno,Normale,Buona,Ore Diurne,0,0,0,2,12.6647,41.9218,False,z,del civico n.,,960
2602835,1,2015-12-01T14:50:00,Strada Urbana,in prossimitíæ,VIA MERULANA,,Scontro laterale fra veicoli in marcia,Rettilineo,Una carreggiata a doppio senso,Asciutto,Asfaltata,Verticale ed orizzontale,Sereno,Normale,Buona,Ore Diurne,1,0,0,1,12.50047,41.89399,True,z,del civico n.,,247
2603683,18,2015-12-01T15:00:00,Strada Urbana,in prossimitíæ,LARGO ORESTE GIORGI,,Veicolo in marcia contro veicoli in sosta,Rettilineo,Una carreggiata a doppio senso,Asciutto,Asfaltata,Verticale,Sereno,Normale,Buona,Ore Diurne,1,0,0,1,12.44294,41.89743,False,z,del civico n.,,14
2602870,10,2015-12-01T15:00:00,Statale entro l'abitato,all'intersezione semaforizzata con,VIA APPIA NUOVA,,Tamponamento Multiplo,Intersezione semaforizzata,Due carreggiate,Asciutto,Asfaltata,Verticale ed orizzontale,Sereno,Normale,Buona,Ore Diurne,1,0,0,6,12.56234,41.82437,False,z,VIA DELLE CAPANNELLE,VIA DELLE CAPANNELLE,
2603400,15,2015-12-01T15:15:00,Strada Urbana,in prossimitíæ,VIA PORTUENSE,,Scontro laterale fra veicoli in marcia,Rettilineo,Una carreggiata a doppio senso,Asciutto,Asfaltata,Orizzontale,Sereno,Normale,Buona,Ore Diurne,0,0,0,2,12.46473,41.86834,True,z,del civico n.,,409
2603622,18,2015-12-01T15:15:00,Strada Urbana,in prossimitíæ,VIA GREGORIO VII,,Scontro laterale fra veicoli in marcia,Rettilineo,Una carreggiata a senso unico di marcia,Asciutto,Asfaltata,Verticale ed orizzontale,Sereno,Normale,Buona,Ore Diurne,0,0,0,2,12.43416,41.89359,True,z,del civico n.,,416
2603066,9,2015-12-01T15:15:00,Strada Urbana,in corrispondenza,VIA MONZA,,Veicolo in marcia contro veicolo fermo,Rettilineo,Una carreggiata a doppio senso,Asciutto,Asfaltata,Verticale ed orizzontale,Sereno,Normale,Buona,Ore Diurne,0,0,0,2,12.51512,41.88547,True,z,del civico n.,,2-a
2603529,19,2015-12-01T15:20:00,Strada Urbana,all'intersezione con,VIA AUGUSTO CONTI,,Scontro frontale-laterale SX fra veicoli in marcia,Incrocio,Una carreggiata a senso unico di marcia,Asciutto,Asfaltata,Verticale ed orizzontale,Sereno,Normale,Buona,Ore Diurne,1,0,0,3,12.42515,41.94687,True,z,VIA GIOVANNI GHERARDINI,VIA GIOVANNI GHERARDINI,
2603551,5,2015-12-01T15:30:00,,all'intersezione semaforizzata con,VIA TIBURTINA,,Tamponamento,,,,,,,,,,2,0,0,0,12.56151,41.91567,False,z,PIAZZA DI S. MARIA DEL SOCCORSO,PIAZZA DI S. MARIA DEL SOCCORSO,
2603581,13,2015-12-01T15:30:00,Strada Urbana,da specificare,VIA DELL'IDROSCALO,prossimitíæ Via della Tortuga,Investimento di pedone,Rettilineo,Una carreggiata a doppio senso,Asciutto,Asfaltata,Verticale,Sereno,Intenso,Buona,Ore Diurne,1,0,0,1,12.25186,41.73948,False,z,,,
2603594,8,2015-12-01T16:15:00,,all'intersezione con,VIA DI LUNGHEZZA,,Scontro frontale-laterale DX fra veicoli in marcia,,,,,,,,,,0,0,0,3,12.66891,41.92374,False,z,VIA DELLA TENUTA DEL CAVALIERE,VIA DELLA TENUTA DEL CAVALIERE,
2603542,5,2015-12-01T16:20:00,Strada Urbana,da specificare,VIA TIBURTINA,altezza VIA RIPA TEATINA,Investimento di pedone,Rettilineo,Una carreggiata a doppio senso,Asciutto,Asfaltata,Verticale ed orizzontale,Sereno,Intenso,Buona,Ore Diurne,1,0,0,1,12.57211,41.92465,False,z,,,
2602925,20,2015-12-01T16:25:00,,all'intersezione con,VIA CASSIA,,Scontro laterale fra veicoli in marcia,,,Asciutto,,,Sereno,,Sufficiente,Sufficiente,0,0,0,2,,,False,z,VIA DELLA CAPPELLETTA DELLA GIUSTINIANA,VIA DELLA CAPPELLETTA DELLA GIUSTINIANA,
2604170,3,2015-12-01T16:55:00,Strada Urbana,da specificare,VIA NOMENTANA,altezza civico 261 A,Investimento di pedone,Rettilineo,Pií_ di due carreggiate,Asciutto,Asfaltata,Verticale ed orizzontale,Sereno,Intenso,Buona,Ore Diurne,1,0,0,1,,,False,z,,,
2603402,15,2015-12-01T17:00:00,Strada Urbana,in corrispondenza,VIA ODERISI DA GUBBIO,,Scontro frontale-laterale SX fra veicoli in marcia,Rettilineo,Una carreggiata a doppio senso,Asciutto,Asfaltata,Orizzontale,Sereno,Normale,Buona,Sufficiente,2,0,0,1,12.46585,41.86674,True,z,del civico n.,,86
2603555,13,2015-12-01T17:05:00,Strada Urbana,all'intersezione semaforizzata con,VIALE VASCO DE GAMA,,Scontro frontale-laterale SX fra veicoli in marcia,Intersezione semaforizzata,Due carreggiate,Asciutto,Asfaltata,Verticale ed orizzontale,Sereno,Intenso,Buona,Sufficiente,2,0,0,1,12.27462,41.73467,False,z,VIA DEI BRAGOZZI,VIA DEI BRAGOZZI,
2603079,6,2015-12-01T17:10:00,Strada Urbana,all'intersezione con,VIA ROBERTO MALATESTA,,Scontro frontale-laterale SX fra veicoli in marcia,Incrocio,Due carreggiate,Asciutto,Asfaltata,Verticale ed orizzontale,Sereno,Normale,Sufficiente,Sufficiente,1,0,0,1,12.53651,41.88749,False,z,VIA ERASMO GATTAMELATA,VIA ERASMO GATTAMELATA,
2603190,2,2015-12-01T17:15:00,Strada Urbana,all'intersezione semaforizzata con,VIA SALARIA,,Scontro laterale fra veicoli in marcia,Intersezione semaforizzata,Una carreggiata a doppio senso,Asciutto,Asfaltata,Verticale ed orizzontale,Sereno,Intenso,Buona,Ore Diurne,0,0,0,4,12.50076,41.92004,True,z,VIA RUBICONE,VIA RUBICONE,
2603552,20,2015-12-01T17:15:00,Regionale entro l'abitato,in corrispondenza,VIA CASSIA,,Scontro frontale-laterale SX fra veicoli in marcia,Rettilineo,Una carreggiata a doppio senso,Asciutto,Asfaltata,Orizzontale,Sereno,Normale,Sufficiente,Sufficiente,1,0,0,1,,,False,z,del civico n.,,1778
2603095,18,2015-12-01T17:30:00,Strada Urbana,in prossimitíæ,VIA AURELIA,,Tamponamento,Rettilineo,Una carreggiata a doppio senso,Asciutto,Asfaltata,Verticale ed orizzontale,Sereno,Normale,Sufficiente,Sufficiente,3,0,0,2,12.43706,41.89777,False,z,del civico n.,,294
2603415,15,2015-12-01T17:40:00,Strada Urbana,all'intersezione con,VIALE VENTIMIGLIA,,Scontro frontale-laterale DX fra veicoli in marcia,Intersezione non regolata-non segnalata,Una carreggiata a senso unico di marcia,Bagnato (pioggia),Asfaltata,Verticale ed orizzontale,Sereno,Scarso,Sufficiente,Sufficiente,0,0,0,3,12.43838,41.84095,True,z,VIA CAMPAGNATICO,VIA CAMPAGNATICO,
2603640,13,2015-12-01T17:57:00,Strada Urbana,in corrispondenza,VIALE DEI PROMONTORI,,Veicolo in marcia contro veicolo in sosta,Rettilineo,Due carreggiate,Asciutto,Asfaltata,Verticale ed orizzontale,Sereno,Normale,Buona,Sufficiente,0,0,0,2,12.29621,41.73595,True,z,del civico n.,,306
2603801,1,2015-12-01T18:05:00,Strada Urbana,in prossimitíæ,PIAZZA DI PORTA METRONIA,,Scontro laterale fra veicoli in marcia,Curva a visuale libera,Una carreggiata a senso unico di marcia,Asciutto,Asfaltata,Verticale ed orizzontale,Sereno,Normale,Buona,Sufficiente,0,0,0,2,,,False,z,del palo luce n.,,3
2603520,10,2015-12-01T18:10:00,,in prossimitíæ,VIALE SPARTACO,,Veicolo in marcia contro veicolo in sosta,,,,,,,,,,0,0,0,0,,,False,z,del civico n.,,26
2603464,7,2015-12-01T18:10:00,Strada Urbana,in prossimitíæ,VIA CASILINA,,Tamponamento,Rettilineo,Una carreggiata a doppio senso,Asciutto,Asfaltata,Verticale ed orizzontale,Sereno,Normale,Sufficiente,Sufficiente,0,0,0,3,12.65079,41.86347,True,z,del civico n.,,1013
2603134,1,2015-12-01T18:15:00,Strada Urbana,in prossimitíæ,VIA DEL TEATRO DI MARCELLO,,Investimento di pedone,Curva a visuale libera,Una carreggiata a doppio senso,Asciutto,In cubetti di porfido,Verticale ed orizzontale,Sereno,Normale,Buona,Sufficiente,1,0,0,1,12.48043,41.89217,False,z,del palo luce n.,,22
2604046,4,2015-12-01T18:20:00,Strada Urbana,in corrispondenza,VIA DEI PRATI FISCALI,,Tamponamento,Rettilineo,Due carreggiate,Asciutto,Asfaltata,Verticale ed orizzontale,Sereno,Normale,Buona,Sufficiente,0,0,0,4,12.51749,41.94613,True,z,del civico n.,,231
2603662,13,2015-12-01T18:30:00,Strada Urbana,in corrispondenza,VIA TANCREDI CHIARALUCE,,Scontro laterale fra veicoli in marcia,Rettilineo,Una carreggiata a senso unico di marcia,Asciutto,Asfaltata,Verticale ed orizzontale,Sereno,Normale,Buona,Sufficiente,0,0,0,2,12.26324,41.74216,True,z,del civico n.,,8
2603570,10,2015-12-01T18:30:00,Strada Urbana,da specificare,VIA VINCENZO LAMARO,alt. fronte civico 30,Tamponamento,Rettilineo,Una carreggiata a doppio senso,Asciutto,Asfaltata,Verticale ed orizzontale,Sereno,Normale,Sufficiente,Sufficiente,0,0,0,2,12.57479,41.85331,True,z,,,
2603546,10,2015-12-01T18:30:00,Strada Urbana,in prossimitíæ,VIA ANAGNINA,,Scontro frontale-laterale DX fra veicoli in marcia,Rettilineo,Due carreggiate,Asciutto,Asfaltata,Verticale ed orizzontale,Sereno,Normale,Insufficiente,Inesistente,0,0,0,2,12.62695,41.8093,True,z,del civico n.,,480
2603462,9,2015-12-01T18:30:00,,all'intersezione semaforizzata con,VIA DI PORTA FURBA,,Tamponamento,,,,,,,,,,0,0,0,1,,,False,z,VIA TUSCOLANA,VIA TUSCOLANA,
2603782,17,2015-12-01T18:50:00,Strada Urbana,in corrispondenza,VIA TRIBONIANO,,Tamponamento,Rettilineo,Una carreggiata a senso unico di marcia,Asciutto,Asfaltata,Verticale ed orizzontale,Sereno,Intenso,Buona,Sufficiente,0,0,0,2,12.46924,41.90398,False,z,del civico n.,,5
2603591,13,2015-12-01T19:00:00,Strada Urbana,in corrispondenza,CORSO REGINA MARIA PIA,,Veicolo in marcia contro veicoli in sosta,Rettilineo,Una carreggiata a doppio senso,Asciutto,Asfaltata,Verticale ed orizzontale,Sereno,Normale,Buona,Sufficiente,0,0,0,1,12.28673,41.72887,True,z,del civico n.,,89
2603596,8,2015-12-01T19:30:00,Strada Urbana,in prossimitíæ,VIA DI TOR BELLA MONACA,,Veicolo in marcia contro ostacolo accidentale,Rettilineo,Una carreggiata a doppio senso,Asciutto,Con buche,Verticale ed orizzontale,Sereno,Normale,Sufficiente,Sufficiente,0,0,0,2,12.62813,41.87636,False,z,del palo luce n.,,55
2603564,5,2015-12-01T19:30:00,Strada Urbana,da specificare,VIA TIBURTINA,altezza VIA DI PONTE MAMMOLO,Tamponamento Multiplo,Rettilineo,Due carreggiate,Asciutto,Con buche,Verticale ed orizzontale,Sereno,Intenso,Sufficiente,Sufficiente,0,0,0,4,12.5708,41.92425,True,z,,,
2604010,4,2015-12-01T19:50:00,Strada Urbana,all'intersezione con,VIA DEI PRATI FISCALI,,Scontro laterale fra veicoli in marcia,Intersezione semaforizzata,Due carreggiate,Asciutto,Asfaltata,Verticale ed orizzontale,Sereno,Normale,Buona,Sufficiente,0,0,0,2,12.517,41.94595,True,z,VIA CAVRIGLIA,VIA CAVRIGLIA,
2636873,23,2015-12-01T20:10:00,Comunale extraurbana,da specificare,VIA CRISTOFORO COLOMBO,carregiata lat. dir. GRA alt. Km. 19.800,Veicolo in marcia contro ostacolo accidentale,Rettilineo,Pií_ di due carreggiate,Asciutto,Asfaltata,Verticale ed orizzontale,Sereno,Scarso,Buona,Sufficiente,0,0,0,1,12.39589,41.77404,False,z,,,
2603605,8,2015-12-01T20:20:00,Strada Urbana,all'intersezione con,VIALE FRANCESCO CALTAGIRONE,,Scontro laterale fra veicoli in marcia,Incrocio,Due carreggiate,Asciutto,Asfaltata,Verticale ed orizzontale,Sereno,Normale,Sufficiente,Sufficiente,2,0,0,3,12.65512,41.909,False,z,VIA ARTURO MALIGNANI,VIA ARTURO MALIGNANI,
2603608,8,2015-12-01T20:25:00,Strada Urbana,da specificare,VIA DI TOR BELLA MONACA,tratto svincolo v.Torrenova dir. G.R.A. ,Veicolo in marcia contro ostacolo accidentale,Rettilineo,Due carreggiate,Asciutto,Con buche,Orizzontale,Sereno,Normale,Sufficiente,Sufficiente,0,0,0,1,,,False,z,,,
2604182,3,2015-12-01T20:30:00,,da specificare,VIALE DELLE PROVINCIE,altezza civico 198,Investimento di pedone,,,,,,,,,,1,0,0,1,,,False,z,,,
2603610,8,2015-12-01T20:35:00,,da specificare,VIA DI TOR BELLA MONACA,tratto svincolo via di Torrenova direzione GRA,Veicolo in marcia contro ostacolo accidentale,,,,,,,,,,0,0,0,1,,,False,z,,,
2604357,16,2015-12-01T20:40:00,Strada Urbana,in corrispondenza,VIA ANTON GIULIO BARRILI,,Tamponamento Multiplo,Rettilineo,Una carreggiata a doppio senso,Asciutto,Asfaltata,Orizzontale,Sereno,Scarso,Buona,Sufficiente,0,0,0,3,12.46047,41.87952,True,z,del civico n.,,29
2604088,23,2015-12-01T21:20:00,,all'intersezione semaforizzata con,VIA CRISTOFORO COLOMBO,,Scontro frontale-laterale SX fra veicoli in marcia,,,,,,,,,,0,0,0,4,,,False,z,VIA PINDARO,VIA PINDARO,
2609962,16,2015-12-02T00:05:00,Strada Urbana,da specificare,LARGO DON LUIGI GUANELLA,FRONTE CIVICO 1,Veicolo in marcia contro ostacolo accidentale,Rettilineo,Una carreggiata a doppio senso,Asciutto,Asfaltata,Assente,Sereno,Normale,Buona,Sufficiente,0,0,0,1,12.42157,41.88827,False,z,,,
2604042,4,2015-12-02T00:20:00,,in prossimitíæ,VIA NOMENTANA,,Investimento di pedone,,,,,,,,,,1,0,0,1,12.57022,41.94973,False,z,del civico n.,,1051
2603568,6,2015-12-02T06:00:00,Strada Urbana,in corrispondenza,VIA CASILINA,,Tamponamento,Rettilineo,Pií_ di due carreggiate,Asciutto,Asfaltata,Orizzontale,Sereno,Scarso,Buona,Sufficiente,1,0,0,1,12.54494,41.87907,True,z,del civico n.,,561
2605075,8,2015-12-02T06:30:00,Strada Urbana,in corrispondenza,VIA DI TOR BELLA MONACA,,Veicolo in marcia contro ostacolo accidentale,Rettilineo,Due carreggiate,Bagnato (umiditíæ in atto),Asfaltata,Verticale ed orizzontale,Sereno,Normale,Buona,Sufficiente,0,0,0,1,12.62546,41.87778,True,z,del palo luce n.,,35
2603569,10,2015-12-02T07:10:00,Strada Urbana,da specificare,CIRCONVALLAZIONE TUSCOLANA,interno parcheggio f.te civ. 36,Scontro laterale fra veicoli in marcia,Rettilineo,Una carreggiata a doppio senso,Asciutto,Asfaltata,Assente,Sereno,Normale,Buona,Ore Diurne,0,0,0,2,12.56787,41.85094,True,z,,,
2605058,8,2015-12-02T07:30:00,Statale entro l'abitato,da specificare,VIA CASILINA,alt. Via Ruderi di Torrenova,Scontro laterale fra veicoli in marcia,Rettilineo,Una carreggiata a doppio senso,Asciutto,Asfaltata,Verticale ed orizzontale,Sereno,Normale,Buona,Ore Diurne,0,0,0,2,12.60454,41.86453,True,z,,,
2605203,19,2015-12-02T07:45:00,Strada Urbana,in corrispondenza,VIA MARIO FANI,,Scontro frontale-laterale SX fra veicoli in marcia,Rettilineo,Una carreggiata a doppio senso,Asciutto,Asfaltata,Orizzontale,Sereno,Normale,Buona,Ore Diurne,1,0,0,8,12.44127,41.93887,True,z,del civico n.,,139
2604397,16,2015-12-02T08:10:00,,all'intersezione con,VIA FELICE CAVALLOTTI,,Scontro frontale-laterale DX fra veicoli in marcia,,,,,,,,,,1,0,0,2,12.46227,41.88097,False,z,VIA FEDERICO TORRE,VIA FEDERICO TORRE,
2603720,10,2015-12-02T08:20:00,Strada Urbana,in prossimitíæ,VIA WALTER PROCACCINI,,Veicolo in marcia contro veicoli in sosta,Rettilineo,Due carreggiate,Asciutto,Asfaltata,Orizzontale,Sereno,Normale,Buona,Ore Diurne,1,0,0,0,12.58448,41.84636,True,z,del palo luce n.,,47
2605172,10,2015-12-02T08:30:00,Strada Urbana,all'intersezione con,VIA DEL QUADRARO,,Scontro frontale-laterale SX fra veicoli in marcia,Intersezione stradale segnalata,Una carreggiata a doppio senso,Asciutto,Asfaltata,Verticale ed orizzontale,Sereno,Normale,Buona,Ore Diurne,0,0,0,3,12.55338,41.85704,True,z,VIA ERMINIO,VIA ERMINIO,
2604617,9,2015-12-02T08:35:00,,all'intersezione semaforizzata con,VIA AOSTA,,Infortunio per sola frenata improvvisa,,,,,,,,,,1,0,0,1,,,False,z,VIA TARANTO,VIA TARANTO,
2605237,19,2015-12-02T08:40:00,Strada Urbana,in corrispondenza,VIA TRIONFALE,,Tamponamento,Rettilineo,Una carreggiata a doppio senso,Asciutto,Asfaltata,Verticale ed orizzontale,Sereno,Normale,Buona,Ore Diurne,0,0,0,2,12.4211,41.94163,True,z,del civico n.,,8956