_ID,_Gruppo,_DataOraIncidente,_Localizzazione1,_Localizzazione2,_Strada1,_DaSpecificare,_NaturaIncidente,_ParticolaritaStrade,_TipoStrada,_FondoStradale,_Pavimentazione,_Segnaletica,_CondizioneAtmosferica,_Traffico,_Visibilita,_Illuminazione,_NUM_FERITI,_NUM_RISERVATA,_NUM_MORTI,_NUM_ILLESI,_Longitudine,_Latitudine,_CONFERMATO,__prefix,_Strada02,_Strada2,_Chilometrica
2605088,8,2015-12-02T08:45:00,Strada Urbana,in corrispondenza,VIA DI TORRE SPACCATA,,Scontro frontale-laterale SX fra veicoli in marcia,Rettilineo,Una carreggiata a doppio senso,Asciutto,Asfaltata,Verticale ed orizzontale,Sereno,Normale,Buona,Ore Diurne,1,0,0,1,12.58689,41.86626,True,z,del civico n.,,224
2605706,12,2015-12-02T09:00:00,Strada Urbana,da specificare,VIA CRISTOFORO COLOMBO,"direzione Roma centro, alt. V.le America",Scontro laterale fra veicoli in marcia,Curva a visuale libera,Due carreggiate,Asciutto,Asfaltata,Verticale ed orizzontale,Sereno,Intenso,Sufficiente,Ore Diurne,1,0,0,1,12.44704,41.80373,False,z,,,
2605104,5,2015-12-02T09:00:00,Strada Urbana,in prossimitíæ,PIAZZA RICCARDO BALSAMO CRIVELLI,,Scontro laterale fra veicoli in marcia,Rettilineo,Due carreggiate,Asciutto,Asfaltata,Assente,Sereno,Normale,Buona,Ore Diurne,0,0,0,4,12.5524,41.90547,True,z,del civico n.,,66
2605148,13,2015-12-02T09:19:00,Strada Urbana,all'intersezione con,VIA LUDOVICO BELLANDA,,Scontro laterale fra veicoli in marcia,Incrocio,Una carreggiata a doppio senso,Asciutto,Asfaltata,Assente,Sereno,Scarso,Sufficiente,Ore Diurne,0,0,0,2,12.36658,41.74923,True,z,VIA PASQUALE ANFOSSI,VIA PASQUALE ANFOSSI,
2604299,17,2015-12-02T09:20:00,Strada Urbana,in prossimitíæ,VIALE DELLE MILIZIE,,Investimento di pedone,Rettilineo,Pií_ di due carreggiate,Asciutto,Asfaltata,Verticale ed orizzontale,Sereno,Normale,Buona,Ore Diurne,0,0,1,1,12.46518,41.91282,False,z,del civico n.,,3D
2605105,8,2015-12-02T09:30:00,Statale entro l'abitato,da specificare,VIA PRENESTINA,intersezione GRA,Scontro laterale fra veicoli in marcia,Rettilineo,Una carreggiata a doppio senso,Asciutto,Asfaltata,Verticale,Sereno,Intenso,Buona,Ore Diurne,0,0,0,3,12.61393,41.8932,True,z,,,
2605536,3,2015-12-02T09:30:00,Strada Urbana,all'intersezione con,VIALE DELLO SCALO S. LORENZO,,Scontro laterale fra veicoli in marcia,Intersezione non regolata-non segnalata,Pií_ di due carreggiate,Asciutto,Asfaltata,Assente,Sereno,Normale,Buona,Ore Diurne,0,0,0,3,12.51573,41.89302,True,z,VIA DI PORTA LABICANA,VIA DI PORTA LABICANA,
2603842,1,2015-12-02T09:30:00,Strada Urbana,all'intersezione con,VIA SARDEGNA,,Veicolo in marcia contro veicolo in sosta,Incrocio,Una carreggiata a senso unico di marcia,Asciutto,Asfaltata,Verticale ed orizzontale,Sereno,Intenso,Buona,Ore Diurne,0,0,0,1,12.49403,41.91009,False,z,VIA ROMAGNA,VIA ROMAGNA,
2604649,9,2015-12-02T09:55:00,,da specificare,PIAZZALE LABICANO,(ALT. SCALO SAN LORENZO),Scontro laterale fra veicoli in marcia,,,,,,,,,,0,0,0,2,,,False,z,,,
2604738,9,2015-12-02T10:00:00,,in prossimitíæ,VIALE CASTRENSE,,Veicolo in marcia contro ostacolo accidentale,,,,,,,,,,1,0,0,0,12.51163,41.88649,False,z,del civico n.,,48
2603903,20,2015-12-02T10:05:00,,in corrispondenza,VIA CASSIA,,Investimento di pedone,,,Asciutto,,,Sereno,Normale,,,2,0,0,1,,,False,z,del civico n.,,1729
2605144,4,2015-12-02T10:30:00,Strada Urbana,da specificare,VIA VAL D'ALA,fronte civico 36,Scontro frontale-laterale SX fra veicoli in marcia,Curva a visuale libera,Una carreggiata a doppio senso,Asciutto,Asfaltata,Verticale ed orizzontale,Sereno,Normale,Buona,Ore Diurne,0,0,0,2,12.51625,41.94257,False,z,,,
2605068,5,2015-12-02T10:30:00,Strada Urbana,in prossimitíæ,VIA DEI MONTI TIBURTINI,,Tamponamento Multiplo,Rettilineo,Due carreggiate,Asciutto,Asfaltata,Orizzontale,Sereno,Intenso,Buona,Ore Diurne,1,0,0,2,12.55124,41.91435,False,z,del civico n.,,481
2605708,12,2015-12-02T10:35:00,Strada Urbana,da specificare,VIALE DELL'ARTE,"fronte civico 60, dir. v.le Europa",Scontro laterale fra veicoli in marcia,Rettilineo,Una carreggiata a doppio senso,Asciutto,Asfaltata,Verticale ed orizzontale,Sereno,Normale,Buona,Ore Diurne,0,0,0,3,12.47442,41.82979,False,z,,,
2603991,1,2015-12-02T10:40:00,Strada Urbana,in corrispondenza,LUNGOTEVERE RAFFAELLO SANZIO,,Tamponamento Multiplo,Rettilineo,Una carreggiata a senso unico di marcia,Asciutto,Asfaltata,Verticale ed orizzontale,Sereno,Normale,Buona,Ore Diurne,2,0,0,2,,,False,z,del civico n.,,1
2605096,5,2015-12-02T10:40:00,Strada Urbana,in corrispondenza,VIALE BATTISTA BARDANZELLU,,Veicolo in marcia contro veicolo in sosta,Rettilineo,Due carreggiate,Asciutto,Sterrata,Assente,Sereno,Scarso,Buona,Ore Diurne,0,0,0,2,12.57754,41.91443,True,z,del civico n.,,130
2605931,23,2015-12-02T10:45:00,Strada Urbana,all'intersezione semaforizzata con,VIA CRISTOFORO COLOMBO,,Scontro frontale-laterale DX fra veicoli in marcia,Intersezione semaforizzata,Pií_ di due carreggiate,Asciutto,Asfaltata,Verticale ed orizzontale,Sereno,Normale,Buona,Ore Diurne,0,0,0,3,12.36978,41.75489,True,z,VIA PINDARO,VIA PINDARO,
2605349,2,2015-12-02T11:15:00,,in prossimitíæ,VIA PANAMA,,Scontro frontale-laterale DX fra veicoli in marcia,,,,,,,,,,1,0,0,1,12.50113,41.92335,False,z,del civico n.,,118A
2605687,17,2015-12-02T11:20:00,Strada Urbana,all'intersezione con,LUNGOTEVERE DELLA VITTORIA,,Investimento di pedone,Intersezione stradale segnalata,Una carreggiata a doppio senso,Asciutto,Asfaltata,Orizzontale,Sereno,Normale,Buona,Ore Diurne,0,0,0,2,,,False,z,VIA ORTIGARA,VIA ORTIGARA,
2605089,8,2015-12-02T11:55:00,Strada Urbana,in prossimitíæ,VIA DI TOR BELLA MONACA,,Veicolo in marcia contro ostacolo accidentale,Curva a visuale libera,Due carreggiate,Asciutto,Asfaltata,Verticale ed orizzontale,Sereno,Normale,Buona,Ore Diurne,0,0,0,3,12.62546,41.87778,True,z,del palo luce n.,,55
2605142,7,2015-12-02T12:00:00,,in prossimitíæ,VIALE DELLA PRIMAVERA,,Scontro laterale fra veicoli in marcia,,,,,,,,,,0,0,0,3,12.5613,41.88683,False,z,del civico n.,,21
2604750,9,2015-12-02T12:00:00,,in prossimitíæ,VIA TUSCOLANA,,Veicolo in marcia contro veicolo in sosta,,,,,,,,,,0,0,0,2,12.5175,41.88223,False,z,del civico n.,,119
2605181,13,2015-12-02T12:30:00,Strada Urbana,in prossimitíæ,VIA ISOLE DEL CAPO VERDE,,Veicolo in marcia contro veicolo in sosta,Rettilineo,Due carreggiate,Asciutto,Asfaltata,Verticale ed orizzontale,Sereno,Normale,Buona,Ore Diurne,0,0,0,2,12.27094,41.73769,True,z,del civico n.,,292
2605095,8,2015-12-02T12:30:00,Strada Urbana,da specificare,VIA CASILINA,pross. Via Grotte Celoni,Tamponamento,Rettilineo,Due carreggiate,Asciutto,Asfaltata,Verticale,Sereno,Normale,Buona,Ore Diurne,1,0,0,2,12.60933,41.86405,False,z,,,
2605060,5,2015-12-02T12:30:00,Strada Urbana,all'intersezione con,VIA NINO TAMASSIA,,Scontro laterale fra veicoli in marcia,Incrocio,Due carreggiate,Asciutto,Asfaltata,Verticale ed orizzontale,Sereno,Normale,Buona,Ore Diurne,0,0,0,2,12.58681,41.94465,True,z,VIA SAN SEVERINO MARCHE,VIA SAN SEVERINO MARCHE,
2604701,12,2015-12-02T12:40:00,,all'intersezione con,VIALE CITTA' D'EUROPA,,Scontro frontale-laterale SX fra veicoli in marcia,,,,,,,,,,1,0,0,1,,,False,z,VIA SALISBURGO,VIA SALISBURGO,
2606538,7,2015-12-02T12:40:00,Strada Urbana,da specificare,VIALE PALMIRO TOGLIATTI,all'altezza di via dei Pioppi,Veicolo in marcia contro ostacolo accidentale,Curva senza visuale libera,Due carreggiate,Asciutto,Con buche,Verticale ed orizzontale,Sereno,Normale,Buona,Ore Diurne,0,0,0,1,12.57011,41.87411,True,z,,,
2604760,9,2015-12-02T12:40:00,Strada Urbana,in corrispondenza,VIA DEI CESSATI SPIRITI,,Veicolo in marcia contro veicolo in sosta,Rettilineo,Una carreggiata a senso unico di marcia,Asciutto,Asfaltata,Verticale ed orizzontale,Sereno,Scarso,Buona,Ore Diurne,0,0,0,1,12.52952,41.86794,False,z,del civico n.,,8
2605103,4,2015-12-02T12:50:00,Strada Urbana,in corrispondenza,VIA DEI PRATI FISCALI,,Tamponamento Multiplo,Rettilineo,Due carreggiate,Asciutto,Asfaltata,Verticale,Sereno,Normale,Buona,Ore Diurne,0,0,0,3,12.51383,41.94517,True,z,del civico n.,,313
2605141,20,2015-12-02T12:50:00,Strada Urbana,all'intersezione con,VIA FLAMINIA,,Scontro laterale fra veicoli in marcia,Intersezione non regolata-non segnalata,Una carreggiata a senso unico di marcia,Asciutto,Asfaltata,Verticale,Sereno,Normale,Buona,Ore Diurne,0,0,0,2,,,False,z,VIA DEI FABI,VIA DEI FABI,
2605920,23,2015-12-02T13:05:00,,da specificare,VIALE DI PORTA ARDEATINA,50 metri dopo via C. Colombo,Scontro frontale-laterale SX fra veicoli in marcia,,,,,,,,,,0,0,0,2,,,False,z,,,
2605206,13,2015-12-02T13:10:00,Strada Urbana,in corrispondenza,VIA DI SAPONARA,,Scontro frontale-laterale DX fra veicoli in marcia,Pendenza,Una carreggiata a doppio senso,Asciutto,Asfaltata,Orizzontale,Sereno,Normale,Buona,Ore Diurne,0,0,0,2,12.35448,41.77757,True,z,del civico n.,,181
2605145,4,2015-12-02T13:25:00,,in corrispondenza,CIRCONVALLAZIONE NOMENTANA,,Investimento di pedone,,,,,,,,,,1,0,0,2,12.52641,41.92168,False,z,del civico n.,,657
2604264,20,2015-12-02T13:30:00,Strada Urbana,da specificare,VIALE DI TOR DI QUINTO,sotto cavalcavia ponte Flaminio dir. GRA,Tamponamento Multiplo,Rettilineo,Una carreggiata a doppio senso,Asciutto,Asfaltata,Orizzontale,Sereno,Intenso,Buona,Ore Diurne,2,0,0,1,,,False,z,,,
2605031,11,2015-12-02T13:35:00,Strada Urbana,in prossimitíæ,VIA APPIA ANTICA,,Veicolo in marcia contro ostacolo accidentale,Rettilineo,Una carreggiata a senso unico di marcia,Asciutto,Acciotolata,Orizzontale,Sereno,Scarso,Buona,Ore Diurne,0,0,0,1,12.51091,41.8608,True,z,del civico n.,,107
2605694,17,2015-12-02T14:00:00,Strada Urbana,in corrispondenza,VIALE DEGLI AMMIRAGLI,,Veicolo in marcia contro veicolo in sosta,Rettilineo,Due carreggiate,Asciutto,Asfaltata,Verticale ed orizzontale,Sereno,Scarso,Buona,Ore Diurne,0,0,0,1,12.44408,41.90589,True,z,del civico n.,,90
2605554,3,2015-12-02T14:05:00,Strada Urbana,da specificare,VIA DI S. IPPOLITO,fronte civ. 9,Scontro laterale fra veicoli in marcia,Curva a visuale libera,Una carreggiata a senso unico di marcia,Asciutto,Asfaltata,Verticale ed orizzontale,Sereno,Scarso,Buona,Ore Diurne,0,0,0,2,12.52273,41.91013,True,z,,,
2605079,8,2015-12-02T14:15:00,Strada Urbana,da specificare,VIA DEL TORRACCIO DI TORRENOVA,altezza civico 124,Veicolo in marcia contro ostacolo accidentale,Rettilineo,Una carreggiata a doppio senso,Asciutto,Asfaltata,Verticale,Sereno,Normale,Buona,Ore Diurne,0,0,0,1,12.62574,41.86849,True,z,,,
2605769,18,2015-12-02T14:20:00,Strada Urbana,all'intersezione con,VIA S. ADEODATO,,Scontro frontale-laterale SX fra veicoli in marcia,Incrocio,Una carreggiata a doppio senso,Asciutto,Asfaltata,Verticale ed orizzontale,Sereno,Normale,Buona,Ore Diurne,1,0,0,3,12.44192,41.89365,True,z,VIA SABINIANO,VIA SABINIANO,
2605563,3,2015-12-02T14:30:00,Strada Urbana,in prossimitíæ,VIALE DEL POLICLINICO,,Veicolo in marcia contro veicoli in sosta,Rettilineo,Pií_ di due carreggiate,Asciutto,Asfaltata,Verticale ed orizzontale,Sereno,Normale,Buona,Ore Diurne,0,0,0,0,12.51032,41.9051,True,z,del civico n.,,151
2605108,8,2015-12-02T14:40:00,Strada Urbana,all'intersezione con,VIA DEL FOSSO DI S. MAURA,,Scontro laterale fra veicoli in marcia,Rotatoria,Una carreggiata a senso unico di marcia,Asciutto,Asfaltata,Verticale ed orizzontale,Sereno,Normale,Buona,Ore Diurne,0,0,0,2,12.5942,41.85803,True,z,VIALE DELLA SORBONA,VIALE DELLA SORBONA,
2605510,2,2015-12-02T15:15:00,Strada Urbana,in corrispondenza,CORSO TRIESTE,,Scontro frontale-laterale SX fra veicoli in marcia,Rettilineo,Due carreggiate,Asciutto,Asfaltata,Verticale ed orizzontale,Sereno,Normale,Buona,Ore Diurne,0,0,0,3,12.50965,41.92091,True,z,del civico n.,,95
2605534,2,2015-12-02T15:45:00,,da specificare,VIA DI S. COSTANZA,in prossimitíæ di Via Cattaro,Infortunio per caduta del veicolo,,,,,,,,,,2,0,0,0,,,False,z,,,
2605772,17,2015-12-02T15:50:00,Strada Urbana,in prossimitíæ,VIA LEONE IV,,Tamponamento Multiplo,Rettilineo,Due carreggiate,Asciutto,Asfaltata,Verticale ed orizzontale,Sereno,Intenso,Buona,Ore Diurne,0,0,0,3,12.45539,41.9084,False,z,del civico n.,,2
2605118,5,2015-12-02T16:00:00,,da specificare,VIALE PALMIRO TOGLIATTI,30 m circa dopo Via U. Cioccetti,Scontro laterale fra veicoli in marcia,,,,,,,,,,1,0,0,0,12.56936,41.9162,False,z,,,
2605562,2,2015-12-02T16:15:00,Strada Urbana,all'intersezione con,VIALE ROMANIA,,Infortunio per sola frenata improvvisa,Incrocio,Una carreggiata a doppio senso,Asciutto,Asfaltata,Assente,Sereno,Normale,Buona,Ore Diurne,0,0,0,1,12.49282,41.92445,True,z,VIA VITTORIO LOCCHI,VIA VITTORIO LOCCHI,
2605609,3,2015-12-02T16:30:00,Strada Urbana,in prossimitíæ,VIALE REGINA ELENA,,Veicolo in marcia contro veicolo in sosta,Rettilineo,Una carreggiata a doppio senso,Asciutto,Asfaltata,Verticale ed orizzontale,Sereno,Scarso,Sufficiente,Sufficiente,0,0,0,1,12.51639,41.90538,True,z,del civico n.,,291
2604650,6,2015-12-02T16:40:00,Strada Urbana,in prossimitíæ,VIA CHERSO,,Scontro laterale fra veicoli in marcia,Rettilineo,Una carreggiata a doppio senso,Asciutto,Asfaltata,Orizzontale,Nuvoloso,Normale,Buona,Sufficiente,0,0,0,3,12.55924,41.89593,True,z,del civico n.,,80
2605027,11,2015-12-02T16:45:00,Strada Urbana,da specificare,VIA OSTIENSE,DIREZIONE S. PAOLO FR CIV 182,Tamponamento,Rettilineo,Pií_ di due carreggiate,Asciutto,Asfaltata,Verticale ed orizzontale,Sereno,Normale,Buona,Ore Diurne,0,0,0,3,12.47848,41.86319,True,z,,,
2605083,8,2015-12-02T16:50:00,Strada Urbana,da specificare,VIA GIORGIO GRAPPELLI,pross. rotatoria con Piazza Nottolini,Veicolo in marcia contro ostacolo accidentale,Rettilineo,Due carreggiate,Asciutto,Asfaltata,Verticale ed orizzontale,Sereno,Normale,Buona,Insufficiente,0,0,0,1,12.65753,41.91169,True,z,,,
2605093,8,2015-12-02T17:00:00,Provinciale entro l'abitato,all'intersezione con,VIA PRENESTINA,,Scontro frontale-laterale DX fra veicoli in marcia,Intersezione non regolata-non segnalata,Una carreggiata a doppio senso,Asciutto,Asfaltata,Verticale ed orizzontale,Sereno,Intenso,Buona,Sufficiente,0,0,0,4,12.62809,41.89255,True,z,VIA CALABRITTO,VIA CALABRITTO,
2605071,8,2015-12-02T17:10:00,Strada Urbana,in corrispondenza,VIA NICOLOSI,,Veicolo in marcia contro ostacolo accidentale,Rettilineo,Una carreggiata a senso unico di marcia,Asciutto,Con buche,Verticale ed orizzontale,Sereno,Normale,Sufficiente,Sufficiente,0,0,0,2,12.66368,41.85612,True,z,del civico n.,,91
2605045,15,2015-12-02T17:15:00,,all'intersezione con,PIAZZA DELLA RADIO,,Scontro frontale-laterale SX fra veicoli in marcia,,,,,,,,,,1,0,0,1,,,False,z,VIA ANTONIO PACINOTTI,VIA ANTONIO PACINOTTI,
2605099,8,2015-12-02T17:30:00,Strada Urbana,all'intersezione con,VIA PETRALIA SOTTANA,,Scontro frontale-laterale DX fra veicoli in marcia,Incrocio,Una carreggiata a doppio senso,Asciutto,Asfaltata,Verticale ed orizzontale,Sereno,Scarso,Sufficiente,Sufficiente,0,0,0,2,12.67192,41.86633,True,z,VIA CALTAVUTURO,VIA CALTAVUTURO,
2604713,20,2015-12-02T17:30:00,Strada Urbana,in corrispondenza,VIA TRIONFALE,,Veicolo in marcia contro veicoli in arresto,Rettilineo,Una carreggiata a senso unico di marcia,Asciutto,Asfaltata,Verticale ed orizzontale,Sereno,Normale,Sufficiente,Sufficiente,0,0,0,3,12.40693,41.98448,True,z,del civico n.,,14115
2605597,3,2015-12-02T17:50:00,Strada Urbana,in corrispondenza,VIALE DELLO SCALO S. LORENZO,,Investimento di pedone,Rettilineo,Pií_ di due carreggiate,Asciutto,Asfaltata,Verticale ed orizzontale,Sereno,Intenso,Buona,Sufficiente,1,0,0,1,12.51892,41.89609,False,z,del civico n.,,64
2605943,23,2015-12-02T18:00:00,Strada Urbana,all'intersezione semaforizzata con,VIA PELLEGRINO MATTEUCCI,,Scontro frontale-laterale DX fra veicoli in marcia,Intersezione semaforizzata,Una carreggiata a doppio senso,Asciutto,Asfaltata,Verticale ed orizzontale,Sereno,Intenso,Buona,Sufficiente,0,0,0,2,12.48033,41.87238,False,z,VIA OSTIENSE,VIA OSTIENSE,
2606057,12,2015-12-02T18:05:00,Strada Urbana,all'intersezione semaforizzata con,VIALE BEETHOVEN,,Scontro laterale fra veicoli in marcia,Intersezione semaforizzata,Una carreggiata a doppio senso,Asciutto,Asfaltata,Verticale ed orizzontale,Sereno,Intenso,Buona,Ore Diurne,0,0,0,2,12.46609,41.83173,True,z,VIALE EUROPA,VIALE EUROPA,
2605602,2,2015-12-02T18:20:00,Strada Urbana,da specificare,PIAZZA ANTONIO MANCINI,fronte civ. 1,Scontro laterale fra veicoli in marcia,Rettilineo,Una carreggiata a senso unico di marcia,Asciutto,Asfaltata,Verticale ed orizzontale,Sereno,Normale,Buona,Sufficiente,0,0,0,3,12.46412,41.93106,True,z,,,
2605170,13,2015-12-02T18:20:00,Strada Urbana,in prossimitíæ,VIA OSTIENSE,,Veicolo in marcia contro ostacolo fisso,Rettilineo,Una carreggiata a doppio senso,Asciutto,Asfaltata,Assente,Sereno,Scarso,Buona,Inesistente,0,0,0,1,12.31327,41.76509,True,z,del civico n.,,2355c
2605184,13,2015-12-02T18:30:00,Strada Urbana,in prossimitíæ,VIA DEI MONTI DI S. PAOLO,,Veicolo in marcia contro veicoli in arresto,Rettilineo,Una carreggiata a doppio senso,Asciutto,Asfaltata,Orizzontale,Sereno,Normale,Sufficiente,Sufficiente,0,0,0,3,12.3596,41.78586,True,z,del civico n.,,18
2605059,15,2015-12-02T18:30:00,,all'intersezione con,VIA DI S. RAFFAELE,,Scontro frontale-laterale DX fra veicoli in marcia,,,,,,,,,,1,0,0,3,,,False,z,VIA CAMPAGNATICO,VIA CAMPAGNATICO,
2605028,7,2015-12-02T18:40:00,Strada Urbana,in corrispondenza,VIA DEI GLICINI,,Veicolo in marcia contro veicolo in sosta,Rettilineo,Una carreggiata a doppio senso,Asciutto,Asfaltata,Orizzontale,Sereno,Intenso,Buona,Sufficiente,0,0,0,1,12.56709,41.87959,True,z,del civico n.,,83
2605044,6,2015-12-02T19:15:00,Strada Urbana,all'intersezione semaforizzata con,VIA PRENESTINA,,Scontro laterale fra veicoli in marcia,Intersezione semaforizzata,Pií_ di due carreggiate,Asciutto,Asfaltata,Verticale ed orizzontale,Sereno,Normale,Buona,Sufficiente,0,0,0,3,12.56315,41.89498,False,z,VIA COLLATINA,VIA COLLATINA,
2605140,5,2015-12-02T19:20:00,Strada Urbana,all'intersezione semaforizzata con,VIA TIBURTINA,,Scontro laterale fra veicoli in marcia,Intersezione semaforizzata,Pií_ di due carreggiate,Asciutto,Asfaltata,Verticale ed orizzontale,Sereno,Normale,Buona,Sufficiente,0,0,0,3,12.57129,41.92456,True,z,VIA DI CASAL DEI PAZZI,VIA DI CASAL DEI PAZZI,
2605617,16,2015-12-02T19:25:00,Strada Urbana,all'intersezione con,VIALE DELLE MURA GIANICOLENSI,,Scontro laterale fra veicoli in marcia,Intersezione stradale segnalata,Una carreggiata a doppio senso,Asciutto,Asfaltata,Verticale ed orizzontale,Sereno,Normale,Sufficiente,Sufficiente,0,0,0,2,12.46165,41.88511,True,z,VIA FRATELLI BONNET,VIA FRATELLI BONNET,
2605932,16,2015-12-02T19:30:00,Strada Urbana,all'intersezione con,VIALE DEI QUATTRO VENTI,,Investimento di pedone,Intersezione semaforizzata,Una carreggiata a doppio senso,Asciutto,Asfaltata,Verticale ed orizzontale,Sereno,Normale,Buona,Sufficiente,1,0,0,1,12.45851,41.87951,False,z,VIA FRANCESCO BOLOGNESI,VIA FRANCESCO BOLOGNESI,
2605944,16,2015-12-02T19:45:00,,all'intersezione con,VIA LUIGI ARATI,,Tamponamento,,,,,,,,,,0,0,0,2,,,False,z,VIA VINCENZO TIZZANI,VIA VINCENZO TIZZANI,
2605102,8,2015-12-02T20:00:00,Strada Urbana,all'intersezione con,VIA GIORGIO GRAPPELLI,,Veicolo in marcia contro ostacolo accidentale,Rotatoria,Due carreggiate,Asciutto,Asfaltata,Verticale ed orizzontale,Sereno,Scarso,Insufficiente,Insufficiente,0,0,0,1,12.65206,41.91237,True,z,PIAZZA LORENZO NOTTOLINI,PIAZZA LORENZO NOTTOLINI,
2605530,5,2015-12-02T20:15:00,Strada Urbana,da specificare,VIA BELMONTE IN SABINA,ALTEZZA G.R.A. DIREZIONE TORRACCIA,Veicolo in marcia contro ostacolo fisso,Rettilineo,Una carreggiata a senso unico di marcia,Asciutto,Asfaltata,Verticale ed orizzontale,Sereno,Normale,Buona,Sufficiente,1,0,0,0,12.59336,41.94672,False,z,,,
2605173,10,2015-12-02T20:40:00,Strada Urbana,in prossimitíæ,VIA ELIO ANDRISCO,,Veicolo in marcia contro veicolo in sosta,Rettilineo,Una carreggiata a senso unico di marcia,Asciutto,Asfaltata,Verticale,Sereno,Scarso,Buona,Sufficiente,0,0,0,1,12.54008,41.84074,True,z,del civico n.,,53
2605062,6,2015-12-02T21:15:00,Strada Urbana,all'intersezione semaforizzata con,VIA PRENESTINA,,Veicolo in marcia contro veicolo arresto,Intersezione semaforizzata,Pií_ di due carreggiate,Asciutto,Asfaltata,Verticale ed orizzontale,Sereno,Normale,Buona,Sufficiente,0,0,0,3,12.5497,41.89377,True,z,VIALE RONCHI,VIALE RONCHI,
2605570,2,2015-12-02T21:30:00,,da specificare,VIALE MARESCIALLO PILSUDSKI,altezza Via San Valentino,Scontro laterale fra veicoli in marcia,,,,,,,,,,1,0,0,1,,,False,z,,,
2605966,18,2015-12-02T22:30:00,Strada Urbana,in prossimitíæ,VIA DI BOCCEA,,Veicolo in marcia contro ostacolo fisso,Pendenza,Una carreggiata a doppio senso,Asciutto,Asfaltata,Assente,Sereno,Scarso,Buona,Sufficiente,1,0,0,0,,,False,z,del civico n.,,443
2605616,3,2015-12-02T22:50:00,Strada Urbana,all'intersezione con,VIA RUGGERO LEONCAVALLO,,Scontro frontale-laterale DX fra veicoli in marcia,Intersezione stradale segnalata,Una carreggiata a senso unico di marcia,Asciutto,Asfaltata,Verticale,Sereno,Scarso,Buona,Sufficiente,0,0,0,2,12.51257,41.93661,True,z,VIALE ARRIGO BOITO,VIALE ARRIGO BOITO,
2605193,13,2015-12-02T23:00:00,Provinciale,da specificare,VIA LITORANEA,50 m prima del cancello n. 1 (dir. Torvajanica),Veicolo in marcia contro ostacolo fisso,Rettilineo,Una carreggiata a doppio senso,Asciutto,Asfaltata,Verticale ed orizzontale,Sereno,Scarso,Insufficiente,Inesistente,0,0,0,1,12.37354,41.68762,False,z,,,
2605122,13,2015-12-02T23:50:00,,da specificare,LUNGOMARE DUILIO,altezza palo luce n. 93,Veicolo in marcia contro ostacolo fisso,,,,,,,,,,1,1,0,1,12.29661,41.72212,False,z,,,
2605938,12,2015-12-03T00:00:00,,in corrispondenza,VIA OSTIENSE,,Fuoriuscita dalla sede stradale,,,,,,,,,,2,0,0,0,,,False,z,del palo luce n.,,265
2605329,1,2015-12-03T01:40:00,Strada Urbana,all'intersezione con,VIALE MANZONI,,Scontro frontale-laterale DX fra veicoli in marcia,Intersezione semaforizzata,Una carreggiata a doppio senso,Asciutto,Asfaltata,Verticale ed orizzontale,Sereno,Normale,Sufficiente,Sufficiente,0,0,0,2,,,False,z,VIA DI PORTA MAGGIORE,VIA DI PORTA MAGGIORE,
2605390,4,2015-12-03T03:00:00,,in prossimitíæ,VIA SALARIA,,Tamponamento,,,,,,,,,,3,0,0,0,12.50739,41.94312,False,z,del civico n.,,711
2605297,1,2015-12-03T03:30:00,Strada Urbana,in prossimitíæ,PIAZZA DELLA ROTONDA,,Veicolo in marcia contro ostacolo fisso,Rettilineo,Una carreggiata a senso unico di marcia,Asciutto,In cubetti di porfido,Verticale,Sereno,Scarso,Sufficiente,Sufficiente,0,0,0,1,,,False,z,del civico n.,,68-B
2605313,1,2015-12-03T04:00:00,Strada Urbana,in prossimitíæ,VIA DI PORTA MAGGIORE,,Veicolo in marcia contro ostacolo fisso,Rettilineo,Pií_ di due carreggiate,Asciutto,Asfaltata,Verticale ed orizzontale,Sereno,Scarso,Sufficiente,Sufficiente,0,0,0,1,,,False,z,del civico n.,,87
2605178,10,2015-12-03T04:20:00,Provinciale entro l'abitato,all'intersezione semaforizzata con,VIA TUSCOLANA,,Tamponamento,Intersezione semaforizzata,Due carreggiate,Asciutto,Asfaltata,Verticale ed orizzontale,Sereno,Scarso,Sufficiente,Sufficiente,0,0,0,3,12.53802,41.86913,True,z,VIA DELL'ARCO DI TRAVERTINO,VIA DELL'ARCO DI TRAVERTINO,
2605065,8,2015-12-03T05:30:00,Provinciale entro l'abitato,da specificare,VIA PRENESTINA,prossimitíæ GRA,Veicolo in marcia contro ostacolo accidentale,Rettilineo,Una carreggiata a doppio senso,Asciutto,Asfaltata,Orizzontale,Sereno,Scarso,Buona,Sufficiente,0,0,0,1,12.61578,41.8933,True,z,,,
2606518,5,2015-12-03T06:00:00,Strada Urbana,all'intersezione con,VIA DONATO MENICHELLA,,Scontro frontale-laterale SX fra veicoli in marcia,Incrocio,Una carreggiata a senso unico di marcia,Asciutto,Asfaltata,Verticale ed orizzontale,Sereno,Scarso,Buona,Ore Diurne,1,0,0,0,12.58673,41.94749,False,z,VIA COSTANTINO MORTATI,VIA COSTANTINO MORTATI,