_ID,_Gruppo,_DataOraIncidente,_Localizzazione1,_Localizzazione2,_Strada1,_DaSpecificare,_NaturaIncidente,_ParticolaritaStrade,_TipoStrada,_FondoStradale,_Pavimentazione,_Segnaletica,_CondizioneAtmosferica,_Traffico,_Visibilita,_Illuminazione,_NUM_FERITI,_NUM_RISERVATA,_NUM_MORTI,_NUM_ILLESI,_Longitudine,_Latitudine,_CONFERMATO,__prefix,_Strada02,_Strada2,_Chilometrica
2605498,1,2015-12-03T06:20:00,Strada Urbana,da specificare,VICO JUGARIO,IN PROSS. FRONTE PALO LUCE 3,Veicolo in marcia contro veicolo in sosta,Curva a visuale libera,Una carreggiata a doppio senso,Asciutto,In cubetti di porfido,Verticale ed orizzontale,Sereno,Scarso,Sufficiente,Sufficiente,0,0,0,1,,,False,z,,,
2606520,5,2015-12-03T06:30:00,Strada Urbana,all'intersezione con,VIA TIBURTINA,,Scontro frontale-laterale SX fra veicoli in marcia,Intersezione stradale segnalata,Una carreggiata a doppio senso,Asciutto,Asfaltata,Verticale ed orizzontale,Sereno,Normale,Buona,Sufficiente,1,0,0,1,12.64514,41.94171,True,z,VIA DI MARCO SIMONE,VIA DI MARCO SIMONE,
2606148,13,2015-12-03T07:10:00,Statale,all'intersezione con,VIA OSTIENSE,,Scontro frontale-laterale SX fra veicoli in marcia,Incrocio,Una carreggiata a doppio senso,Asciutto,Asfaltata,Verticale ed orizzontale,Nuvoloso,Normale,Buona,Ore Diurne,1,0,0,2,12.37588,41.78912,False,z,VIA DI PONTE LADRONE,VIA DI PONTE LADRONE,
2605845,15,2015-12-03T07:25:00,Strada Urbana,da specificare,VIADOTTO DELLA MAGLIANA,prossimitíæ Via del Cappellaccio,Veicolo in marcia contro ostacolo accidentale,Rettilineo,Due carreggiate,Asciutto,Asfaltata,Verticale ed orizzontale,Nuvoloso,Normale,Sufficiente,Ore Diurne,0,0,0,1,12.46221,41.84062,True,z,,,
2606672,4,2015-12-03T07:40:00,,in prossimitíæ,VIA DEI PRATI FISCALI,,Scontro frontale-laterale SX fra veicoli in marcia,,,,,,,,,,0,0,0,2,12.52308,41.94628,False,z,del civico n.,,46
2605820,18,2015-12-03T07:45:00,Strada Urbana,da specificare,VIA FRATEL GIUSEPPE LAZZARO,altezza via A. Lucci,Scontro laterale fra veicoli in marcia,Rettilineo,Una carreggiata a doppio senso,Asciutto,Asfaltata,Assente,Nuvoloso,Normale,Buona,Ore Diurne,1,0,0,2,12.40109,41.91344,False,z,,,
2606662,3,2015-12-03T07:45:00,Strada Urbana,all'intersezione semaforizzata con,VIA NOMENTANA,,Scontro frontale-laterale SX fra veicoli in marcia,Intersezione semaforizzata,Pií_ di due carreggiate,Asciutto,Asfaltata,Verticale ed orizzontale,Nuvoloso,Intenso,Buona,Ore Diurne,1,0,0,1,12.51466,41.91848,True,z,VIALE GORIZIA,VIALE GORIZIA,
2606715,17,2015-12-03T08:00:00,,in prossimitíæ,VIA ANDREA DORIA,,Scontro laterale fra veicoli in marcia,,,,,,,,,,0,0,0,2,12.45455,41.91038,False,z,del civico n.,,10
2605543,1,2015-12-03T08:25:00,Strada Urbana,all'intersezione semaforizzata con,VIALE DELLE TERME DI CARACALLA,,Scontro laterale fra veicoli in marcia,Intersezione semaforizzata,Pií_ di due carreggiate,Asciutto,Asfaltata,Verticale ed orizzontale,Nuvoloso,Normale,Buona,Ore Diurne,0,0,0,2,,,False,z,PIAZZA DI PORTA CAPENA,PIAZZA DI PORTA CAPENA,
2605295,10,2015-12-03T08:30:00,Statale entro l'abitato,da specificare,VIA APPIA NUOVA,intersezione con uscita Aeroporto di Ciampino,Scontro laterale fra veicoli in marcia,Rotatoria,Una carreggiata a senso unico di marcia,Asciutto,Asfaltata,Verticale ed orizzontale,Nuvoloso,Normale,Buona,Ore Diurne,0,0,0,2,12.5876,41.79734,True,z,,,
2606563,10,2015-12-03T08:35:00,Altra strada,da specificare,VIA VINCENZO GIUDICE,prox ingresso arrivi Cotral,Scontro laterale fra veicoli in marcia,Curva a visuale libera,Una carreggiata a senso unico di marcia,Asciutto,Asfaltata,Verticale ed orizzontale,Nuvoloso,Normale,Buona,Ore Diurne,0,0,0,2,12.58726,41.84373,True,z,,,
2606025,18,2015-12-03T08:50:00,Strada Urbana,da specificare,VIA GREGORIO VII,fronte civico 368,Ribaltamento senza urto contro ostacolo fisso,Rettilineo,Pií_ di due carreggiate,Asciutto,Asfaltata,Verticale ed orizzontale,Nuvoloso,Intenso,Buona,Ore Diurne,1,0,0,1,12.44042,41.89603,False,z,,,
2605371,6,2015-12-03T08:50:00,Provinciale entro l'abitato,all'intersezione semaforizzata con,VIA PRENESTINA,,Investimento di pedone,Intersezione semaforizzata,Pií_ di due carreggiate,Asciutto,Asfaltata,Verticale ed orizzontale,Nuvoloso,Normale,Buona,Ore Diurne,1,0,0,0,12.55505,41.89436,True,z,VIA OLEVANO ROMANO,VIA OLEVANO ROMANO,
2605275,9,2015-12-03T08:55:00,Strada Urbana,in prossimitíæ,VIA CILICIA,,Scontro laterale fra veicoli in marcia,Rettilineo,Due carreggiate,Asciutto,Asfaltata,Orizzontale,Nuvoloso,Intenso,Buona,Ore Diurne,1,0,0,1,,,False,z,del civico n.,,51
2606915,17,2015-12-03T09:00:00,Strada Urbana,in corrispondenza,VIA CIPRO,,Tamponamento Multiplo,Rettilineo,Due carreggiate,Asciutto,Asfaltata,Verticale ed orizzontale,Nebbia,Normale,Buona,Ore Diurne,0,0,0,3,12.44622,41.90643,True,z,del civico n.,,53
2605330,7,2015-12-03T09:25:00,Strada Urbana,all'intersezione con,VIA TOR DE' SCHIAVI,,Scontro frontale-laterale SX fra veicoli in marcia,Incrocio,Una carreggiata a doppio senso,Asciutto,Asfaltata,Verticale ed orizzontale,Nuvoloso,Normale,Buona,Ore Diurne,1,0,0,2,12.56021,41.88004,True,z,VIA DEI GLICINI,VIA DEI GLICINI,
2606207,16,2015-12-03T09:30:00,Strada Urbana,all'intersezione con,VIA PAOLA FALCONIERI,,Scontro laterale fra veicoli in marcia,Intersezione stradale segnalata,Una carreggiata a senso unico di marcia,Asciutto,Asfaltata,Verticale ed orizzontale,Sereno,Normale,Buona,Ore Diurne,0,0,0,2,12.45248,41.87547,False,z,VIA GIOVANNI STEFANO ROCCATAGLIATA,VIA GIOVANNI STEFANO ROCCATAGLIATA,
2605541,19,2015-12-03T09:30:00,Strada Urbana,in prossimitíæ,VIA PASQUALE II,,Scontro frontale-laterale SX fra veicoli in marcia,Rettilineo,Una carreggiata a doppio senso,Asciutto,Asfaltata,Verticale ed orizzontale,Nuvoloso,Normale,Buona,Ore Diurne,0,0,0,2,12.40938,41.90704,True,z,del civico n.,,236
2606206,16,2015-12-03T09:30:00,Strada Urbana,in corrispondenza,CIRCONVALLAZIONE GIANICOLENSE,,Veicolo in marcia contro ostacolo accidentale,Rettilineo,Una carreggiata a senso unico di marcia,Asciutto,Asfaltata,Verticale ed orizzontale,Sereno,Normale,Buona,Ore Diurne,0,0,0,1,12.45288,41.87033,True,z,del civico n.,,168
2606440,11,2015-12-03T09:45:00,Strada Urbana,in prossimitíæ,VIA AUGUSTO VERA,,Tamponamento,Rettilineo,Due carreggiate,Asciutto,Asfaltata,Verticale ed orizzontale,Nuvoloso,Scarso,Buona,Ore Diurne,0,0,0,2,12.48761,41.84526,True,z,del civico n.,,19
2605363,20,2015-12-03T09:50:00,Regionale,in prossimitíæ,VIA FLAMINIA,,Scontro frontale-laterale SX fra veicoli in marcia,Curva senza visuale libera,Una carreggiata a doppio senso,Asciutto,Asfaltata,Verticale ed orizzontale,Nuvoloso,Intenso,Buona,Ore Diurne,1,0,0,2,,,False,z,della chilometrica,,10
2606591,4,2015-12-03T10:00:00,,in corrispondenza,LARGO VALSUGANA,,Scontro frontale-laterale SX fra veicoli in marcia,,,,,,,,,,1,0,0,1,12.52586,41.93165,False,z,del civico n.,,5
2606610,12,2015-12-03T10:15:00,Strada Urbana,in corrispondenza,VIA JOYCE,,Scontro frontale fra veicoli in marcia,Rettilineo,Una carreggiata a senso unico di marcia,Asciutto,Asfaltata,Verticale,Sereno,Scarso,Buona,Ore Diurne,0,0,0,2,12.48079,41.80994,True,z,del civico n.,,85
2605457,10,2015-12-03T10:15:00,Strada Urbana,in prossimitíæ,VIA ANNIA REGILLA,,Scontro laterale fra veicoli in marcia,Rettilineo,Una carreggiata a senso unico di marcia,Asciutto,Asfaltata,Orizzontale,Nuvoloso,Scarso,Buona,Ore Diurne,1,0,0,1,12.54902,41.8449,False,z,del civico n.,,155
2605501,9,2015-12-03T10:30:00,Strada Urbana,all'intersezione con,VIA LATINA,,Scontro frontale-laterale SX fra veicoli in marcia,Incrocio,Una carreggiata a doppio senso,Asciutto,Asfaltata,Verticale ed orizzontale,Nuvoloso,Normale,Buona,Ore Diurne,0,0,0,2,12.50485,41.87532,True,z,VIA TALAMONE,VIA TALAMONE,
2605553,19,2015-12-03T11:05:00,Strada Urbana,da specificare,VIA DEL MONTE DELLA CAPANNA,da pross via Podere Trieste 50 m. dir. Quartaccio,Veicolo in marcia contro ostacolo accidentale,Rettilineo,Una carreggiata a doppio senso,Asciutto,Asfaltata,Temporanea di cantiere,Nebbia,Normale,Buona,Ore Diurne,0,0,0,1,12.39363,41.91892,True,z,,,
2605875,18,2015-12-03T11:10:00,Strada Urbana,in prossimitíæ,VIA DI BOCCEA,,Scontro laterale fra veicoli in marcia,Pendenza,Una carreggiata a doppio senso,Asciutto,Asfaltata,Verticale ed orizzontale,Nuvoloso,Intenso,Buona,Ore Diurne,0,0,0,2,12.41205,41.90301,True,z,del civico n.,,319-B
2606058,15,2015-12-03T11:15:00,Strada Urbana,in corrispondenza,VIA FRANCESCO GRIMALDI,,Tamponamento Multiplo,Rettilineo,Due carreggiate,Asciutto,Asfaltata,Orizzontale,Nuvoloso,Normale,Buona,Ore Diurne,0,0,0,3,12.466,41.86513,True,z,del civico n.,,115
2606603,8,2015-12-03T11:15:00,Strada Urbana,in prossimitíæ,VIA SANT'ALFIO,,Scontro laterale fra veicoli in marcia,Rettilineo,Una carreggiata a senso unico di marcia,Asciutto,Asfaltata,Verticale,Nuvoloso,Scarso,Buona,Ore Diurne,0,0,0,2,12.64885,41.87572,True,z,del palo luce n.,,1
2606614,8,2015-12-03T11:20:00,,in prossimitíæ,VIA DI TORRENOVA,,Veicolo in marcia contro ostacolo accidentale,,,,,,,,,,0,0,0,2,12.6185,41.8775,False,z,del palo luce n.,,117
2606924,23,2015-12-03T11:20:00,Strada Urbana,in prossimitíæ,CORSO DEL RINASCIMENTO,,Tamponamento,Rettilineo,Una carreggiata a doppio senso,Asciutto,Lastricata,Verticale ed orizzontale,Nuvoloso,Normale,Buona,Ore Diurne,0,0,0,3,12.47394,41.89788,False,z,del civico n.,,21
2605691,10,2015-12-03T11:30:00,Strada Urbana,da specificare,VIA SCRIBONIO CURIONE,via Aurelio Cotta,Scontro laterale fra veicoli in marcia,Rettilineo,Due carreggiate,Asciutto,Asfaltata,Orizzontale,Nuvoloso,Normale,Buona,Ore Diurne,0,0,0,2,,,False,z,,,
2606883,4,2015-12-03T11:30:00,Strada Urbana,in prossimitíæ,VIA NICOLA MALDACEA,,Scontro frontale-laterale SX fra veicoli in marcia,Rettilineo,Una carreggiata a doppio senso,Asciutto,Asfaltata,Assente,Nuvoloso,Normale,Buona,Ore Diurne,0,0,0,1,12.51331,41.96332,True,z,del civico n.,,58
2606830,4,2015-12-03T12:00:00,Statale entro l'abitato,da specificare,VIA SALARIA,PROSS. VIA SAMBUCA PISTOIESE,Scontro laterale fra veicoli in marcia,Rettilineo,Due carreggiate,Asciutto,Asfaltata,Verticale ed orizzontale,Nuvoloso,Intenso,Buona,Ore Diurne,0,0,0,3,12.50624,41.96289,True,z,,,
2606082,15,2015-12-03T12:15:00,,in corrispondenza,VIA DELLA MAGLIANA,,Investimento di pedone,,,,,,,,,,1,0,0,1,12.4582,41.84836,False,z,del civico n.,,231-A
2606173,13,2015-12-03T12:40:00,Strada Urbana,all'intersezione con,VIA MASSIMO TROISI,,Scontro frontale-laterale DX fra veicoli in marcia,Incrocio,Una carreggiata a doppio senso,Asciutto,Asfaltata,Verticale ed orizzontale,Nuvoloso,Scarso,Buona,Ore Diurne,2,0,0,2,12.3913,41.78585,False,z,VIA PAOLO STOPPA,VIA PAOLO STOPPA,
2606090,15,2015-12-03T12:45:00,,in corrispondenza,VIA DELLA MAGLIANA,,Scontro frontale fra veicoli in marcia,,,,,,,,,,1,0,0,1,12.43646,41.83425,False,z,del civico n.,,238
2606426,9,2015-12-03T12:45:00,,in corrispondenza,VIA TUSCOLANA,,Scontro laterale fra veicoli in marcia,,,,,,,,,,1,0,0,3,,,False,z,del civico n.,,126
2606633,8,2015-12-03T13:00:00,Strada Urbana,in corrispondenza,VIA DEL FUOCO SACRO,,Tamponamento,Rettilineo,Una carreggiata a doppio senso,Asciutto,Asfaltata,Verticale ed orizzontale,Nuvoloso,Normale,Buona,Ore Diurne,2,0,0,1,12.64209,41.86519,False,z,del civico n.,,84
2608546,1,2015-12-03T13:05:00,Strada Urbana,all'intersezione con,PIAZZA VITTORIO EMANUELE II,,Tamponamento,Incrocio,Una carreggiata a doppio senso,Asciutto,Asfaltata,Orizzontale,Sereno,Normale,Buona,Ore Diurne,1,0,0,2,12.50482,41.89511,False,z,VIA BUONARROTI,VIA BUONARROTI,
2606621,8,2015-12-03T13:10:00,Strada Urbana,da specificare,VIALE OXFORD,civ 81 prox parcheggio multipiano,Scontro frontale-laterale DX fra veicoli in marcia,Rettilineo,Una carreggiata a senso unico di marcia,Asciutto,Asfaltata,Verticale ed orizzontale,Sereno,Normale,Buona,Ore Diurne,0,0,0,2,12.62742,41.85798,False,z,,,
2606415,9,2015-12-03T13:15:00,Strada Urbana,all'intersezione semaforizzata con,VIA FAENZA,,Scontro laterale fra veicoli in marcia,Intersezione semaforizzata,Una carreggiata a senso unico di marcia,Asciutto,Asfaltata,Verticale ed orizzontale,Nuvoloso,Intenso,Buona,Ore Diurne,0,0,0,2,12.51121,41.88512,True,z,VIA TARANTO,VIA TARANTO,
2606522,5,2015-12-03T13:25:00,Strada Urbana,in corrispondenza,VIA DI PORTONACCIO,,Scontro laterale fra veicoli in marcia,Rettilineo,Una carreggiata a doppio senso,Asciutto,Asfaltata,Verticale ed orizzontale,Sereno,Intenso,Buona,Ore Diurne,1,0,0,1,12.53489,41.90677,True,z,del civico n.,,15
2606209,16,2015-12-03T13:40:00,Strada Urbana,in corrispondenza,VIA RAFFAELE BATTISTINI,,Scontro frontale-laterale SX fra veicoli in marcia,Curva a visuale libera,Una carreggiata a doppio senso,Asciutto,Asfaltata,Verticale,Nuvoloso,Scarso,Buona,Ore Diurne,1,0,0,1,12.44651,41.8658,False,z,del civico n.,,20
2606420,11,2015-12-03T13:45:00,Strada Urbana,all'intersezione con,VIA VEDANA,,Tamponamento,Intersezione stradale segnalata,Una carreggiata a senso unico di marcia,Asciutto,Asfaltata,Verticale ed orizzontale,Sereno,Scarso,Buona,Ore Diurne,0,0,0,2,12.48162,41.84688,True,z,VIA LUIGI PERNA,VIA LUIGI PERNA,
2606685,3,2015-12-03T14:05:00,,da specificare,VIALE DEL POLICLINICO,altezza civico 149,Tamponamento,,,,,,,,,,0,0,0,2,,,False,z,,,
2605786,15,2015-12-03T14:10:00,Comunale extraurbana,in prossimitíæ,VIA DELLA PISANA,,Scontro laterale fra veicoli in marcia,Curva a visuale libera,Una carreggiata a doppio senso,Asciutto,Asfaltata,Verticale,Nuvoloso,Normale,Sufficiente,Ore Diurne,0,0,0,2,12.38318,41.85387,True,z,del civico n.,,1078
2606521,20,2015-12-03T14:20:00,Altra strada,in corrispondenza,VIA DI QUARTO ANNUNZIATA,,Scontro frontale fra veicoli in marcia,Rettilineo,Una carreggiata a doppio senso,Asciutto,Asfaltata,Orizzontale,Sereno,Scarso,Buona,Ore Diurne,1,0,0,1,,,False,z,del civico n.,,48
2606095,1,2015-12-03T14:25:00,Strada Urbana,in prossimitíæ,PIAZZA DELL'ARA COELI,,Infortunio per sola frenata improvvisa,Rotatoria,Una carreggiata a senso unico di marcia,Asciutto,Acciotolata,Verticale ed orizzontale,Nuvoloso,Normale,Buona,Ore Diurne,0,0,0,2,,,False,z,del civico n.,,8
2606700,2,2015-12-03T14:30:00,Strada Urbana,in corrispondenza,VIA GUGLIELMO CALDERINI,,Scontro laterale fra veicoli in marcia,Rettilineo,Una carreggiata a senso unico di marcia,Asciutto,Asfaltata,Verticale ed orizzontale,Sereno,Scarso,Buona,Ore Diurne,0,0,0,2,12.46766,41.9318,True,z,del civico n.,,fr 1F
2606781,4,2015-12-03T14:30:00,Strada Urbana,da specificare,VIALE PANTELLERIA,fronte civico 19-A,Veicolo in marcia contro veicolo in sosta,Rettilineo,Due carreggiate,Asciutto,Asfaltata,Orizzontale,Nuvoloso,Normale,Buona,Ore Diurne,0,0,0,2,12.52914,41.94526,True,z,,,
2605926,7,2015-12-03T15:00:00,Strada Urbana,da specificare,VIA PRENESTINA,Via Prenestina bis,Veicolo in marcia contro ostacolo fisso,Rotatoria,Due carreggiate,Asciutto,Asfaltata,Verticale ed orizzontale,Sereno,Normale,Buona,Ore Diurne,0,0,0,1,12.5816,41.89318,True,z,,,
2606702,3,2015-12-03T15:00:00,Strada Urbana,da specificare,VIALE DEL POLICLINICO,fermata Atac nr. 70133,Scontro laterale fra veicoli in marcia,Rettilineo,Una carreggiata a doppio senso,Asciutto,Asfaltata,Verticale ed orizzontale,Sereno,Normale,Buona,Ore Diurne,0,0,0,2,12.50768,41.90919,False,z,,,
2610152,18,2015-12-03T15:00:00,Strada Urbana,in prossimitíæ,VIA AURELIA,,Scontro laterale fra veicoli in marcia,Rettilineo,Due carreggiate,Asciutto,Asfaltata,Verticale ed orizzontale,Sereno,Normale,Buona,Ore Diurne,1,0,0,2,,,False,z,del civico n.,,456-C
2605890,11,2015-12-03T15:00:00,Strada Urbana,all'intersezione con,VIA ROSA RAIMONDI GARIBALDI,,Scontro frontale-laterale DX fra veicoli in marcia,Intersezione stradale segnalata,Una carreggiata a senso unico di marcia,Asciutto,Asfaltata,Verticale ed orizzontale,Nuvoloso,Normale,Buona,Ore Diurne,0,0,0,5,12.49087,41.85757,True,z,VIA ROSA GUARNIERI CARDUCCI,VIA ROSA GUARNIERI CARDUCCI,
2606634,20,2015-12-03T15:00:00,Strada Urbana,all'intersezione semaforizzata con,VIA FLAMINIA,,Scontro laterale fra veicoli in marcia,Incrocio,Una carreggiata a doppio senso,Asciutto,Asfaltata,Verticale ed orizzontale,Nuvoloso,Normale,Buona,Ore Diurne,0,0,0,4,,,False,z,CORSO DI FRANCIA,CORSO DI FRANCIA,
2605939,18,2015-12-03T15:15:00,Strada Urbana,in prossimitíæ,VIALE DI VALLE AURELIA,,Tamponamento,Rettilineo,Pií_ di due carreggiate,Asciutto,Asfaltata,Verticale ed orizzontale,Sereno,Normale,Buona,Ore Diurne,1,0,0,1,12.43737,41.90382,True,z,del civico n.,,92
2606528,5,2015-12-03T15:30:00,Strada Urbana,da specificare,VIA TIBURTINA,altezza VIA CASTEL MADAMA,Scontro laterale fra veicoli in marcia,Rettilineo,Due carreggiate,Asciutto,Asfaltata,Verticale ed orizzontale,Sereno,Intenso,Buona,Ore Diurne,0,0,0,2,12.60553,41.93404,True,z,,,
2606908,23,2015-12-03T15:40:00,Comunale extraurbana,in prossimitíæ,VIA CRISTOFORO COLOMBO,,Veicolo in marcia contro ostacolo fisso,Rettilineo,Pií_ di due carreggiate,Asciutto,Asfaltata,Verticale ed orizzontale,Sereno,Scarso,Buona,Ore Diurne,0,0,0,1,12.36911,41.75432,False,z,della chilometrica,,24.9
2606135,19,2015-12-03T15:45:00,Strada Urbana,in corrispondenza,VIA DI SELVA CANDIDA,,Scontro frontale-laterale DX fra veicoli in marcia,Rettilineo,Una carreggiata a doppio senso,Asciutto,Asfaltata,Assente,Sereno,Normale,Buona,Ore Diurne,1,0,0,1,12.37609,41.92958,True,z,del civico n.,,197
2610138,18,2015-12-03T16:00:00,Strada Urbana,in prossimitíæ,VIA GRAZIANO,,Investimento di pedone,Rettilineo,Una carreggiata a senso unico di marcia,Asciutto,Asfaltata,Verticale ed orizzontale,Nuvoloso,Scarso,Buona,Ore Diurne,1,0,0,1,12.43173,41.9006,False,z,del civico n.,,62
2609272,18,2015-12-03T16:20:00,Strada Urbana,in prossimitíæ,CIRCONVALLAZIONE AURELIA,,Scontro laterale fra veicoli in marcia,Rettilineo,Pií_ di due carreggiate,Asciutto,Asfaltata,Verticale ed orizzontale,Sereno,Scarso,Sufficiente,Sufficiente,0,0,0,3,12.42815,41.89815,False,z,del civico n.,,7
2606676,20,2015-12-03T16:45:00,Strada Urbana,in prossimitíæ,LUNGOTEVERE FLAMINIO,,Scontro laterale fra veicoli in marcia,Rettilineo,Una carreggiata a doppio senso,Asciutto,Asfaltata,Verticale ed orizzontale,Sereno,Normale,Buona,Ore Diurne,0,0,0,4,,,False,z,del civico n.,,80
2606628,8,2015-12-03T17:00:00,,in corrispondenza,VIA DI TOR VERGATA,,Veicolo in marcia contro ostacolo accidentale,,,,,,,,,,0,0,0,1,12.62176,41.86015,False,z,del civico n.,,20-c
2606706,2,2015-12-03T17:10:00,,da specificare,VIA TAGLIAMENTO,ALTEZZA N. CIV. 78,Tamponamento,,,,,,,,,,1,0,0,2,,,False,z,,,
2606580,4,2015-12-03T17:15:00,,in prossimitíæ,VIA SALARIA,,Investimento di pedone,,,,,,,,,,0,0,0,2,12.50624,41.96289,False,z,del civico n.,,1970
2606122,18,2015-12-03T17:30:00,Strada Urbana,in corrispondenza,VIA DI BOCCEA,,Investimento di pedone,Rettilineo,Una carreggiata a doppio senso,Asciutto,Asfaltata,Verticale ed orizzontale,Sereno,Intenso,Buona,Sufficiente,1,0,0,0,12.42872,41.89991,True,z,del civico n.,,39-b
2608574,1,2015-12-03T17:30:00,Strada Urbana,in prossimitíæ,VIA PRINCIPE AMEDEO,,Veicolo in marcia contro veicoli in sosta,Rettilineo,,Asciutto,Asfaltata,Verticale ed orizzontale,Sereno,Scarso,Buona,Sufficiente,0,0,0,0,,,False,z,del civico n.,,307
2606416,9,2015-12-03T17:30:00,,in corrispondenza,VIA APPIA NUOVA,,Scontro laterale fra veicoli in marcia,,,,,,,,,,0,0,0,4,,,False,z,del civico n.,,4
2607258,12,2015-12-03T17:30:00,Strada Urbana,all'intersezione semaforizzata con,VIA DI ACQUA ACETOSA OSTIENSE,,Scontro laterale fra veicoli in marcia,Intersezione semaforizzata,Una carreggiata a doppio senso,Asciutto,Asfaltata,Verticale ed orizzontale,Sereno,Normale,Buona,Sufficiente,0,0,0,2,12.48123,41.80144,True,z,VIA LAURENTINA,VIA LAURENTINA,
2606571,20,2015-12-03T17:40:00,Strada Urbana,da specificare,CORSO DI FRANCIA,pross. civico 80 (Mc Donald),Tamponamento,Rettilineo,Due carreggiate,Asciutto,Asfaltata,Orizzontale,Sereno,Normale,Buona,Sufficiente,1,0,0,3,,,False,z,,,
2606532,5,2015-12-03T17:45:00,Strada Urbana,da specificare,VIA DI PIETRALATA,in prossimitíæ di VIA TIBURTINA,Scontro frontale-laterale DX fra veicoli in marcia,Rettilineo,Una carreggiata a doppio senso,Asciutto,Asfaltata,Verticale ed orizzontale,Sereno,Normale,Buona,Sufficiente,0,0,0,2,12.55579,41.91318,True,z,,,
2606483,11,2015-12-03T18:20:00,Strada Urbana,all'intersezione con,VIA DELLE CONCE,,Scontro laterale fra veicoli in marcia,Incrocio,Una carreggiata a doppio senso,Asciutto,Asfaltata,Verticale ed orizzontale,Sereno,Normale,Buona,Sufficiente,0,0,0,2,12.4783,41.8734,True,z,VIA GIOVANNI DA EMPOLI,VIA GIOVANNI DA EMPOLI,
2606607,8,2015-12-03T18:40:00,Strada Urbana,all'intersezione con,VIA COLUMBIA,,Scontro laterale fra veicoli in marcia,Rotatoria,Una carreggiata a senso unico di marcia,Asciutto,Asfaltata,Verticale ed orizzontale,Sereno,Intenso,Buona,Sufficiente,0,0,0,4,12.61703,41.85563,True,z,VIALE DELLA SORBONA,VIALE DELLA SORBONA,
2610320,12,2015-12-03T19:00:00,Strada Urbana,da specificare,VIADOTTO DELLA MAGLIANA,", dir. Fiumicino, 500 mt prima v. CAPPELLACCIO",Tamponamento Multiplo,Rettilineo,Due carreggiate,Asciutto,Asfaltata,Verticale ed orizzontale,Sereno,Intenso,Buona,Sufficiente,0,0,0,6,12.46221,41.84062,True,z,,,
2606421,9,2015-12-03T19:10:00,Strada Urbana,in corrispondenza,VIA CAMPO BARBARICO,,Veicolo in marcia contro ostacolo accidentale,Rettilineo,Una carreggiata a doppio senso,Asciutto,Asfaltata,Verticale ed orizzontale,Sereno,Scarso,Buona,Sufficiente,0,0,0,1,12.54071,41.85866,True,z,del civico n.,,37-b
2606456,13,2015-12-03T19:50:00,Provinciale,all'intersezione con,VIA OSTIENSE,,Scontro frontale-laterale DX fra veicoli in marcia,Incrocio,Una carreggiata a doppio senso,Asciutto,Asfaltata,Verticale ed orizzontale,Sereno,Normale,Buona,Sufficiente,1,0,0,1,12.37443,41.78888,False,z,VIA DEL CASALETTO DI GIANO,VIA DEL CASALETTO DI GIANO,
2608583,1,2015-12-03T20:00:00,Strada Urbana,in prossimitíæ,VIA CERNAIA,,Scontro laterale fra veicoli in marcia,Rettilineo,Una carreggiata a doppio senso,Asciutto,Asfaltata,Verticale ed orizzontale,Sereno,Normale,Sufficiente,Sufficiente,0,0,0,4,,,False,z,del civico n.,,9-A
2606845,2,2015-12-03T20:00:00,,da specificare,PIAZZA UNGHERIA,alt. v.le dei Parioli.,Scontro frontale-laterale SX fra veicoli in marcia,,,,,,,,,,1,0,0,1,,,False,z,,,
2606469,11,2015-12-03T20:10:00,Strada Urbana,all'intersezione con,VIA DI GROTTA PERFETTA,,Investimento di pedone,Incrocio,Una carreggiata a doppio senso,Asciutto,Asfaltata,Verticale ed orizzontale,Sereno,Scarso,Sufficiente,Sufficiente,1,0,0,1,12.49206,41.84377,False,z,VIA POGGIO AMENO,VIA POGGIO AMENO,
2606519,20,2015-12-03T20:20:00,Strada Urbana,all'intersezione con,VIA VALLE DELLA STORTA,,Scontro frontale-laterale DX fra veicoli in marcia,Intersezione stradale segnalata,Una carreggiata a doppio senso,Asciutto,Asfaltata,Assente,Sereno,Scarso,Buona,Sufficiente,0,0,0,3,,,False,z,VIA FRANCESCO D'ISA,VIA FRANCESCO D'ISA,
2606806,4,2015-12-03T21:00:00,,all'intersezione con,VIA NOMENTANA NUOVA,,Tamponamento,,,,,,,,,,2,0,0,1,12.5307,41.93404,False,z,VIA VAL D'OSSOLA,VIA VAL D'OSSOLA,
2606541,5,2015-12-03T21:00:00,Strada Urbana,in corrispondenza,VIA DI MARCO SIMONE,,Veicolo in marcia contro veicolo in sosta,Rettilineo,Una carreggiata a doppio senso,Asciutto,Asfaltata,Verticale ed orizzontale,Sereno,Scarso,Insufficiente,Insufficiente,0,0,0,3,12.64603,41.94829,True,z,del civico n.,,6