_ID,_Gruppo,_DataOraIncidente,_Localizzazione1,_Localizzazione2,_Strada1,_DaSpecificare,_NaturaIncidente,_ParticolaritaStrade,_TipoStrada,_FondoStradale,_Pavimentazione,_Segnaletica,_CondizioneAtmosferica,_Traffico,_Visibilita,_Illuminazione,_NUM_FERITI,_NUM_RISERVATA,_NUM_MORTI,_NUM_ILLESI,_Longitudine,_Latitudine,_CONFERMATO,__prefix,_Strada02,_Strada2,_Chilometrica
2606703,2,2015-12-03T21:00:00,Strada Urbana,in prossimitíæ,VIA NOMENTANA,,Scontro frontale-laterale SX fra veicoli in marcia,Rettilineo,Pií_ di due carreggiate,Asciutto,Asfaltata,Verticale ed orizzontale,Nuvoloso,Scarso,Buona,Sufficiente,1,0,0,2,,,False,z,del civico n.,,fr. 329
2607435,3,2015-12-03T21:15:00,Strada Urbana,da specificare,VIA DEI PELIGNI,prossimitíæ entrata Parco dei Caduti,Veicolo in marcia contro veicolo in sosta,Rettilineo,Una carreggiata a doppio senso,Asciutto,Asfaltata,Verticale ed orizzontale,Nuvoloso,Scarso,Sufficiente,Sufficiente,0,0,0,1,12.51212,41.89753,True,z,,,
2606461,7,2015-12-03T22:00:00,Strada Urbana,in prossimitíæ,VIA TUSCOLANA,,Scontro frontale-laterale SX fra veicoli in marcia,Rettilineo,Una carreggiata a senso unico di marcia,Asciutto,Asfaltata,Assente,Sereno,Scarso,Buona,Sufficiente,2,0,0,2,12.56177,41.85723,False,z,del civico n.,,887
2606708,2,2015-12-03T22:15:00,Strada Urbana,all'intersezione con,VIA DEI CAMPI SPORTIVI,,Veicolo in marcia contro veicolo in sosta,Incrocio,Una carreggiata a doppio senso,Asciutto,Asfaltata,Verticale,Sereno,Scarso,Sufficiente,Sufficiente,1,0,0,0,,,False,z,LARGO GIULIO ONESTI,LARGO GIULIO ONESTI,
2606499,1,2015-12-03T22:35:00,Strada Urbana,all'intersezione semaforizzata con,VIA SALARIA,,Investimento di pedone,Intersezione semaforizzata,Due carreggiate,Asciutto,Asfaltata,Verticale ed orizzontale,Sereno,Normale,Buona,Sufficiente,0,0,1,1,12.51707,41.99698,True,z,VIA DEL CASALE DI SETTEBAGNI,VIA DEL CASALE DI SETTEBAGNI,
2606639,3,2015-12-04T00:10:00,,da specificare,VIA FLAMINIA,"Km 21,700",Scontro frontale-laterale DX fra veicoli in marcia,,,,,,,,,,1,0,0,2,,,False,z,,,
2606744,12,2015-12-04T02:00:00,Strada Urbana,in corrispondenza,VIALE DEI CADUTI PER LA RESISTENZA,,Veicolo in marcia contro veicolo in sosta,Rettilineo,Due carreggiate,Asciutto,Asfaltata,Verticale ed orizzontale,Nuvoloso,Scarso,Sufficiente,Sufficiente,1,0,0,0,,,False,z,del civico n.,,720
2607441,3,2015-12-04T07:25:00,Strada Urbana,da specificare,CIRCONVALLAZIONE TIBURTINA,prox. Sacrario militare dir. San Giovanni,Veicolo in marcia contro ostacolo accidentale,Rettilineo,Due carreggiate,Asciutto,Con buche,Verticale ed orizzontale,Sereno,Intenso,Buona,Ore Diurne,0,0,0,1,12.52804,41.89941,True,z,,,
2606881,4,2015-12-04T07:40:00,Provinciale,da specificare,VIA NOMENTANA,"km. 12,100",Scontro frontale-laterale SX fra veicoli in marcia,Rettilineo,Una carreggiata a doppio senso,Asciutto,Asfaltata,Verticale,Sereno,Normale,Buona,Ore Diurne,0,0,0,2,12.55238,41.94111,True,z,,,
2607863,8,2015-12-04T08:10:00,,in prossimitíæ,VIA WALTER TOBAGI,,Scontro laterale fra veicoli in marcia,,,,,,,,,,1,0,0,1,,,False,z,del civico n.,,13
2608091,23,2015-12-04T08:10:00,Strada Urbana,all'intersezione semaforizzata con,VIA CRISTOFORO COLOMBO,,Scontro laterale fra veicoli in marcia,Incrocio,Pií_ di due carreggiate,Asciutto,Asfaltata,Verticale ed orizzontale,Nuvoloso,Normale,Buona,Ore Diurne,0,0,0,4,12.44704,41.80373,False,z,VIA DI ACILIA,VIA DI ACILIA,
2607411,1,2015-12-04T08:15:00,Strada Urbana,all'intersezione semaforizzata con,PIAZZA DI S. CROCE IN GERUSALEMME,,Scontro laterale fra veicoli in marcia,Intersezione semaforizzata,Pií_ di due carreggiate,Asciutto,Asfaltata,Verticale ed orizzontale,Sereno,Normale,Sufficiente,Ore Diurne,0,0,0,2,12.51432,41.88806,False,z,VIA NOLA,VIA NOLA,
2607847,11,2015-12-04T08:40:00,Strada Urbana,in corrispondenza,VIA COLOSSI,,Veicolo in marcia contro veicolo fermo,Rettilineo,Una carreggiata a doppio senso,Asciutto,Asfaltata,Verticale ed orizzontale,Sereno,Scarso,Buona,Ore Diurne,0,0,0,2,12.47407,41.85643,True,z,del civico n.,,53
2609097,1,2015-12-04T08:45:00,Strada Urbana,in corrispondenza,VIA CRISTOFORO COLOMBO,,Veicolo in marcia contro ostacolo fisso,Rettilineo,Pií_ di due carreggiate,Asciutto,Asfaltata,Verticale ed orizzontale,Sereno,Normale,Sufficiente,Ore Diurne,1,0,0,3,12.44704,41.80373,False,z,del palo luce n.,,2
2607561,16,2015-12-04T08:55:00,,in corrispondenza,VIA RAFFAELE BATTISTINI,,Scontro frontale fra veicoli in marcia,,,,,,,,,,1,0,0,1,,,False,z,del civico n.,,56
2606837,20,2015-12-04T09:00:00,Strada Urbana,in prossimitíæ,VIA ANTONIO SERRA,,Veicolo in marcia contro veicolo in sosta,Curva a visuale libera,Una carreggiata a senso unico di marcia,Asciutto,Asfaltata,Assente,Sereno,Scarso,Buona,Ore Diurne,0,0,0,1,,,False,z,del civico n.,,72
2607855,11,2015-12-04T09:00:00,Strada Urbana,in corrispondenza,VIALE DI TOR MARANCIA,,Scontro frontale-laterale SX fra veicoli in marcia,Rettilineo,Due carreggiate,Asciutto,Asfaltata,Verticale ed orizzontale,Sereno,Normale,Buona,Ore Diurne,0,0,0,2,12.49806,41.85192,True,z,del civico n.,,43
2607375,1,2015-12-04T09:15:00,Strada Urbana,in corrispondenza,VIALE MARCO POLO,,Scontro frontale-laterale SX fra veicoli in marcia,Rettilineo,Una carreggiata a doppio senso,Asciutto,Asfaltata,Verticale ed orizzontale,Nuvoloso,Normale,Buona,Ore Diurne,1,0,0,1,,,False,z,del civico n.,,127
2606862,19,2015-12-04T09:15:00,Strada Urbana,all'intersezione con,VIA TRIONFALE,,Scontro frontale fra veicoli in marcia,Incrocio,Una carreggiata a doppio senso,Asciutto,Asfaltata,Verticale ed orizzontale,Sereno,Normale,Buona,Ore Diurne,2,0,0,1,12.42116,41.94165,True,z,VIA ARISTIDE GABELLI,VIA ARISTIDE GABELLI,
2606776,18,2015-12-04T10:00:00,Strada Urbana,all'intersezione semaforizzata con,PIAZZA IRNERIO,,Scontro laterale fra veicoli in marcia,Intersezione semaforizzata,Due carreggiate,Asciutto,Asfaltata,Verticale ed orizzontale,Sereno,Normale,Buona,Ore Diurne,1,0,0,4,,,False,z,VIA DI BOCCEA,VIA DI BOCCEA,
2606982,2,2015-12-04T10:00:00,Strada Urbana,in prossimitíæ,VIA GIULIO GAUDINI,,Scontro laterale fra veicoli in marcia,Rettilineo,Una carreggiata a doppio senso,Asciutto,Asfaltata,Verticale ed orizzontale,Sereno,Normale,Buona,Ore Diurne,1,0,0,2,12.49637,41.90278,False,z,del civico n.,,fr.1
2610418,12,2015-12-04T10:00:00,Strada Urbana,in corrispondenza,VIA ETTORE ARENA,,Scontro frontale-laterale DX fra veicoli in marcia,Rettilineo,Una carreggiata a doppio senso,Asciutto,Asfaltata,Verticale ed orizzontale,Nuvoloso,Scarso,Buona,Ore Diurne,0,0,0,3,12.44561,41.79114,True,z,del civico n.,,181
2607575,16,2015-12-04T10:25:00,Strada Urbana,in corrispondenza,VIA GIACOMO FOLCHI,,Tamponamento,Rettilineo,Una carreggiata a doppio senso,Asciutto,Asfaltata,Verticale ed orizzontale,Sereno,Normale,Buona,Ore Diurne,0,0,0,2,12.45502,41.86549,True,z,del civico n.,,6
2607873,8,2015-12-04T10:30:00,,da specificare,VIALE DUILIO CAMBELLOTTI,prossimitíæ svincolo via Casilina,Veicolo in marcia contro ostacolo accidentale,,,,,,,,,,0,0,0,1,,,False,z,,,
2607589,16,2015-12-04T10:30:00,Strada Urbana,in corrispondenza,VIA ORESTE REGNOLI,,Infortunio per sola frenata improvvisa,Rettilineo,Una carreggiata a senso unico di marcia,Asciutto,Asfaltata,Assente,Sereno,Normale,Buona,Ore Diurne,0,0,0,3,12.45946,41.88383,True,z,del civico n.,,21
2608381,1,2015-12-04T11:05:00,Strada Urbana,da specificare,LUNGOTEVERE DEGLI ALBERTESCHI,ANGOLO PONTE PALATINO,Tamponamento,Curva a visuale libera,Una carreggiata a senso unico di marcia,Asciutto,Asfaltata,Verticale ed orizzontale,Sereno,Normale,Buona,Ore Diurne,1,0,0,2,,,False,z,,,
2607022,2,2015-12-04T11:15:00,Strada Urbana,in prossimitíæ,PIAZZA APOLLODORO,,Scontro laterale fra veicoli in marcia,Rettilineo,Una carreggiata a doppio senso,Asciutto,Asfaltata,Verticale ed orizzontale,Sereno,Normale,Buona,Ore Diurne,0,0,0,2,12.46936,41.92872,True,z,del civico n.,,fr.26
2606993,18,2015-12-04T11:50:00,,all'intersezione con,VIA TEMISTOCLE CALISTI,,Scontro frontale-laterale SX fra veicoli in marcia,,,,,,,,,,2,0,0,0,,,False,z,VIA FRANCESCO AZZURRI,VIA FRANCESCO AZZURRI,
2607447,3,2015-12-04T12:00:00,,in prossimitíæ,VIA DEI FRENTANI,,Scontro frontale-laterale SX fra veicoli in marcia,,,,,,,,,,1,0,0,1,,,False,z,del civico n.,,5
2609754,7,2015-12-04T12:10:00,Strada Urbana,da specificare,VIA PRENESTINA,all'intersezione rotatoria Via Longoni,Scontro laterale fra veicoli in marcia,Rotatoria,Una carreggiata a senso unico di marcia,Asciutto,Asfaltata,Verticale ed orizzontale,Sereno,Normale,Buona,Ore Diurne,0,0,0,3,12.60428,41.89326,False,z,,,
2607165,9,2015-12-04T12:30:00,Strada Urbana,all'intersezione con,VIA GENZANO,,Investimento di pedone,Incrocio,Una carreggiata a doppio senso,Asciutto,Asfaltata,Verticale ed orizzontale,Sereno,Normale,Buona,Ore Diurne,2,0,0,1,,,False,z,VIA ALBANO,VIA ALBANO,
2607901,8,2015-12-04T12:40:00,Statale entro l'abitato,da specificare,VIA CASILINA,altezza rampa uscita carreggaita esterna G.R.A.,Tamponamento,Curva a visuale libera,Una carreggiata a senso unico di marcia,Asciutto,Asfaltata,Verticale ed orizzontale,Sereno,Normale,Buona,Ore Diurne,1,0,0,1,12.60933,41.86405,False,z,,,
2607267,9,2015-12-04T12:40:00,Strada Urbana,in corrispondenza,VIA APPIA NUOVA,,Veicolo in marcia contro veicoli in sosta,Rettilineo,Due carreggiate,Asciutto,Asfaltata,Orizzontale,Sereno,Intenso,Buona,Ore Diurne,0,0,0,0,,,False,z,del civico n.,,524
2607026,9,2015-12-04T13:00:00,Strada Urbana,in prossimitíæ,VIA PAOLO PARUTA,,Investimento di pedone,Rettilineo,Una carreggiata a doppio senso,Asciutto,Asfaltata,Assente,Sereno,Scarso,Buona,Ore Diurne,1,0,0,1,12.52015,41.87566,False,z,del civico n.,,1
2610087,19,2015-12-04T13:15:00,Strada Urbana,all'intersezione con,VIA DI CASAL DEL MARMO,,Scontro frontale-laterale DX fra veicoli in marcia,Intersezione stradale segnalata,Una carreggiata a doppio senso,Asciutto,Asfaltata,Verticale ed orizzontale,Nuvoloso,Normale,Buona,Ore Diurne,1,0,0,1,12.38894,41.9421,True,z,VIA MAGNAGO,VIA MAGNAGO,
2607081,20,2015-12-04T13:30:00,Regionale,da specificare,VIA FLAMINIA,altezza uscita via Grottarossa-Sant'Andrea,Tamponamento,Rettilineo,Due carreggiate,Asciutto,Asfaltata,Verticale ed orizzontale,Sereno,Intenso,Buona,Ore Diurne,2,0,0,4,,,False,z,,,
2609886,4,2015-12-04T13:30:00,Provinciale entro l'abitato,in corrispondenza,VIA NOMENTANA,,Tamponamento,Rettilineo,Una carreggiata a doppio senso,Asciutto,Asfaltata,Orizzontale,Nuvoloso,Normale,Buona,Ore Diurne,0,0,0,5,12.55685,41.94288,True,z,del civico n.,,907
2608518,1,2015-12-04T13:35:00,Strada Urbana,in prossimitíæ,CORSO VITTORIO EMANUELE II,,Scontro laterale fra veicoli in marcia,Rettilineo,Una carreggiata a senso unico di marcia,Asciutto,Asfaltata,Verticale ed orizzontale,Nuvoloso,Normale,Buona,Ore Diurne,0,0,0,2,,,False,z,del civico n.,,347
2609940,11,2015-12-04T13:40:00,Strada Urbana,in prossimitíæ,LARGO CORINTO,,Veicolo in marcia contro veicolo in sosta,Rettilineo,Una carreggiata a doppio senso,Asciutto,Asfaltata,Verticale ed orizzontale,Nuvoloso,Scarso,Buona,Ore Diurne,0,0,0,1,12.47573,41.853,False,z,del civico n.,,3
2611623,17,2015-12-04T13:40:00,Strada Urbana,da specificare,PIAZZALE DEGLI EROI,fronte civ. 11,Investimento di pedone,Rettilineo,Due carreggiate,Asciutto,Asfaltata,Verticale ed orizzontale,Sereno,Normale,Buona,Ore Diurne,1,0,0,0,12.44847,41.90904,False,z,,,
2607101,11,2015-12-04T13:50:00,Strada Urbana,da specificare,VIALE DEL TINTORETTO,prossimitíæ civ. 373,Veicolo in marcia contro ostacolo accidentale,Rettilineo,Due carreggiate,Asciutto,Asfaltata,Verticale ed orizzontale,Sereno,Normale,Buona,Ore Diurne,0,0,0,1,12.49435,41.83348,True,z,,,
2607454,1,2015-12-04T14:00:00,Strada Urbana,da specificare,PIAZZALE UGO LA MALFA,ALT. ALBERO 78,Veicolo in marcia contro ostacolo fisso,Rettilineo,Una carreggiata a doppio senso,Asciutto,Asfaltata,Verticale ed orizzontale,Sereno,Intenso,Sufficiente,Ore Diurne,0,0,0,1,,,False,z,,,
2607610,12,2015-12-04T14:10:00,Strada Urbana,all'intersezione semaforizzata con,VIALE EUROPA,,Infortunio per sola frenata improvvisa,Intersezione semaforizzata,Una carreggiata a doppio senso,Asciutto,Asfaltata,Verticale ed orizzontale,Sereno,Normale,Buona,Ore Diurne,0,0,0,2,12.46607,41.83175,True,z,VIALE BEETHOVEN,VIALE BEETHOVEN,
2607908,8,2015-12-04T14:20:00,Strada Urbana,in corrispondenza,VIA CASTELBELLINO,,Veicolo in marcia contro veicoli in arresto,Rettilineo,Una carreggiata a doppio senso,Asciutto,Asfaltata,Assente,Nuvoloso,Scarso,Buona,Ore Diurne,0,0,0,3,12.7242,41.922,True,z,del civico n.,,42
2612756,18,2015-12-04T14:30:00,Strada Urbana,all'intersezione con,VIA DOMENICO TARDINI,,Scontro laterale fra veicoli in marcia,Intersezione stradale segnalata,Una carreggiata a senso unico di marcia,Asciutto,Asfaltata,Verticale ed orizzontale,Sereno,Normale,Buona,Ore Diurne,0,0,0,7,12.42555,41.90349,False,z,VIA NOSTRA SIGNORA DI LOURDES,VIA NOSTRA SIGNORA DI LOURDES,
2607910,8,2015-12-04T14:50:00,,all'intersezione con,VIA WALTER TOBAGI,,Scontro laterale fra veicoli in marcia,,,,,,,,,,0,0,0,1,,,False,z,VIA DEL PETTIROSSO,VIA DEL PETTIROSSO,
2608991,2,2015-12-04T14:55:00,,in corrispondenza,VIALE BRUNO BUOZZI,,Scontro frontale-laterale DX fra veicoli in marcia,,,,,,,,,,1,0,0,1,12.482,41.92159,False,z,del palo luce n.,,54A
2608082,23,2015-12-04T15:40:00,Comunale extraurbana,in prossimitíæ,VIA CRISTOFORO COLOMBO,,Tamponamento,Rettilineo,Due carreggiate,Asciutto,Asfaltata,Orizzontale,Sereno,Intenso,Buona,Ore Diurne,0,0,0,2,12.44704,41.80373,True,z,della chilometrica,,17.65
2607617,12,2015-12-04T15:40:00,Strada Urbana,da specificare,VIA CRISTOFORO COLOMBO,"prossimitíæ Km. 15,200 (Direzione Ostia)",Scontro laterale fra veicoli in marcia,Rettilineo,Due carreggiate,Asciutto,Asfaltata,Verticale ed orizzontale,Sereno,Intenso,Buona,Ore Diurne,0,0,0,2,12.42488,41.78856,True,z,,,
2607264,10,2015-12-04T15:50:00,Strada Urbana,da specificare,VIALE BRUNO PELIZZI,rotatoria altezza Via R. Scintu ,Scontro laterale fra veicoli in marcia,Rotatoria,Due carreggiate,Asciutto,Asfaltata,Verticale ed orizzontale,Sereno,Normale,Buona,Ore Diurne,2,0,0,2,12.58274,41.85253,True,z,,,
2610006,4,2015-12-04T16:00:00,Strada Urbana,in corrispondenza,VIALE JONIO,,Scontro laterale fra veicoli in marcia,Rettilineo,Due carreggiate,Asciutto,Asfaltata,Verticale ed orizzontale,Nuvoloso,Normale,Buona,Ore Diurne,0,0,0,3,12.5442,41.94384,True,z,del civico n.,,46
2607300,7,2015-12-04T16:15:00,Strada Urbana,all'intersezione con,VIA DI TOR CERVARA,,Scontro frontale-laterale DX fra veicoli in marcia,Incrocio,Una carreggiata a doppio senso,Asciutto,Asfaltata,Verticale ed orizzontale,Nuvoloso,Intenso,Buona,Ore Diurne,1,0,0,2,12.58881,41.90864,False,z,VIA RAFFAELE COSTI,VIA RAFFAELE COSTI,
2610038,16,2015-12-04T16:20:00,Strada Urbana,da specificare,VIA LUIGI ZAMBARELLI,prossimitíæ fronte civico 49,Scontro laterale fra veicoli in marcia,Rettilineo,Una carreggiata a doppio senso,Asciutto,Asfaltata,Orizzontale,Sereno,Normale,Buona,Ore Diurne,0,0,0,4,,,False,z,,,
2607331,20,2015-12-04T16:25:00,Strada Urbana,all'intersezione semaforizzata con,LARGO MARESCIALLO DIAZ,,Scontro frontale fra veicoli in marcia,Intersezione semaforizzata,Due carreggiate,Asciutto,Asfaltata,Orizzontale,Sereno,Intenso,Sufficiente,Sufficiente,0,0,0,2,12.46527,41.93651,True,z,LUNGOTEVERE MARESCIALLO DIAZ,LUNGOTEVERE MARESCIALLO DIAZ,
2608461,13,2015-12-04T16:30:00,Provinciale,in prossimitíæ,VIA DEL MARE,,Scontro frontale fra veicoli in marcia,Rettilineo,Una carreggiata a doppio senso,Asciutto,Asfaltata,Verticale ed orizzontale,Nuvoloso,Intenso,Buona,Ore Diurne,1,2,0,2,,,False,z,della chilometrica,,21.9
2610101,19,2015-12-04T16:30:00,Strada Urbana,da specificare,PIAZZALE DELLE MEDAGLIE D'ORO,fronte civico 2,Veicolo in marcia contro veicolo in sosta,Rettilineo,Una carreggiata a senso unico di marcia,Asciutto,Asfaltata,Verticale ed orizzontale,Sereno,Normale,Buona,Ore Diurne,0,0,0,1,12.44692,41.92384,True,z,,,
2607917,17,2015-12-04T16:40:00,Strada Urbana,da specificare,VIALE DEI CAVALIERI DI VITTORIO VENETO,tratto a salire pross. area sosta emergenza,Scontro laterale fra veicoli in marcia,Curva a visuale libera,Una carreggiata a senso unico di marcia,Asciutto,Asfaltata,Verticale ed orizzontale,Sereno,Normale,Sufficiente,Sufficiente,1,0,0,2,12.45246,41.91959,False,z,,,
2607367,11,2015-12-04T16:40:00,Strada Urbana,all'intersezione semaforizzata con,VIA DEL PORTO FLUVIALE,,Scontro laterale fra veicoli in marcia,Intersezione semaforizzata,Una carreggiata a doppio senso,Asciutto,Asfaltata,Verticale ed orizzontale,Nuvoloso,Normale,Buona,Sufficiente,0,0,0,5,12.48014,41.87235,True,z,VIA OSTIENSE,VIA OSTIENSE,
2608115,23,2015-12-04T16:45:00,Strada Urbana,all'intersezione semaforizzata con,PIAZZALE MARESCIALLO GIARDINO,,Scontro frontale-laterale DX fra veicoli in marcia,Intersezione semaforizzata,Pií_ di due carreggiate,Asciutto,Asfaltata,Verticale ed orizzontale,Sereno,Intenso,Buona,Sufficiente,0,0,0,2,12.45874,41.92401,True,z,LUNGOTEVERE DELLA VITTORIA,LUNGOTEVERE DELLA VITTORIA,
2607401,10,2015-12-04T17:00:00,Strada Urbana,in corrispondenza,VIA TUSCOLANA,,Veicolo in marcia contro veicolo fermo,Rettilineo,Due carreggiate,Asciutto,Asfaltata,Assente,Sereno,Normale,Sufficiente,Sufficiente,1,0,0,1,,,False,z,del civico n.,,741
2607893,20,2015-12-04T17:20:00,Strada Urbana,in prossimitíæ,VIA CASSIA,,Tamponamento,Rettilineo,Una carreggiata a senso unico di marcia,Asciutto,Asfaltata,Verticale ed orizzontale,Sereno,Intenso,Sufficiente,Sufficiente,0,0,0,2,,,False,z,del civico n.,,118
2608505,1,2015-12-04T17:20:00,Strada Urbana,all'intersezione con,LARGO VISCONTI VENOSTA,,Scontro frontale fra veicoli in marcia,Incrocio,Una carreggiata a doppio senso,Asciutto,Asfaltata,Verticale ed orizzontale,Nuvoloso,Normale,Buona,Ore Diurne,0,0,0,3,12.49322,41.89468,True,z,VIA CAVOUR,VIA CAVOUR,
2609976,16,2015-12-04T17:35:00,,all'intersezione con,VIALE DI TRASTEVERE,,Scontro frontale fra veicoli in marcia,,,,,,,,,,1,0,0,3,,,False,z,VIALE AURELIO SAFFI,VIALE AURELIO SAFFI,
2607954,17,2015-12-04T17:35:00,Strada Urbana,da specificare,PONTE DUCA D'AOSTA,.,Scontro laterale fra veicoli in marcia,Rettilineo,Una carreggiata a doppio senso,Asciutto,Asfaltata,Orizzontale,Sereno,Intenso,Sufficiente,Sufficiente,0,0,0,2,12.46109,41.93107,True,z,,,
2608412,13,2015-12-04T17:40:00,Strada Urbana,in corrispondenza,VIA LUDOVICO DE FILIPPI,,Scontro laterale fra veicoli in marcia,Rettilineo,Una carreggiata a doppio senso,Asciutto,Asfaltata,Verticale ed orizzontale,Sereno,Normale,Buona,Ore Diurne,0,0,0,3,12.28979,41.73373,True,z,del civico n.,,11
2608462,1,2015-12-04T17:55:00,Strada Urbana,all'intersezione con,VIA VICENZA,,Scontro frontale-laterale SX fra veicoli in marcia,Intersezione stradale segnalata,Una carreggiata a senso unico di marcia,Asciutto,Asfaltata,Verticale ed orizzontale,Sereno,Scarso,Sufficiente,Sufficiente,1,0,0,3,,,False,z,VIA VITTORIO BACHELET,VIA VITTORIO BACHELET,
2608884,1,2015-12-04T17:55:00,Strada Urbana,all'intersezione semaforizzata con,VIA LABICANA,,Scontro laterale fra veicoli in marcia,Intersezione semaforizzata,Due carreggiate,Asciutto,Asfaltata,Verticale ed orizzontale,Sereno,Intenso,Buona,Sufficiente,0,0,0,3,,,False,z,VIA MERULANA,VIA MERULANA,
2607443,20,2015-12-04T18:00:00,Strada Urbana,in corrispondenza,VIA PIETRO LUPI,,Tamponamento Multiplo,Curva a visuale libera,Una carreggiata a doppio senso,Asciutto,Asfaltata,Orizzontale,Sereno,Normale,Sufficiente,Sufficiente,0,0,0,3,12.47221,41.93772,True,z,del palo luce n.,,3
2609972,16,2015-12-04T18:00:00,Strada Urbana,in corrispondenza,VIA DI BRAVETTA,,Scontro frontale-laterale SX fra veicoli in marcia,Rettilineo,Una carreggiata a doppio senso,Asciutto,Asfaltata,Verticale ed orizzontale,Sereno,Normale,Buona,Sufficiente,0,0,0,2,12.42439,41.87533,True,z,del civico n.,,452
2609278,6,2015-12-04T18:15:00,Strada Urbana,in prossimitíæ,VIA DEL PIGNETO,,Scontro frontale-laterale SX fra veicoli in marcia,Rettilineo,Una carreggiata a senso unico di marcia,Asciutto,Asfaltata,Orizzontale,Nuvoloso,Normale,Sufficiente,Sufficiente,0,0,0,1,12.53012,41.88795,True,z,del civico n.,,108
2607618,12,2015-12-04T18:15:00,Strada Urbana,all'intersezione semaforizzata con,VIALE DELLA TECNICA,,Scontro laterale fra veicoli in marcia,Intersezione semaforizzata,Una carreggiata a senso unico di marcia,Asciutto,Asfaltata,Verticale ed orizzontale,Sereno,Normale,Buona,Sufficiente,1,0,0,1,12.45691,41.825,False,z,VIALE DELL'OCEANO PACIFICO,VIALE DELL'OCEANO PACIFICO,
2607852,11,2015-12-04T18:43:00,Strada Urbana,da specificare,LARGO DELLE SETTE CHIESE,in prossimitíæ di Via A. M. Strozzi,Investimento di pedone,Rettilineo,Una carreggiata a doppio senso,Asciutto,Asfaltata,Verticale ed orizzontale,Sereno,Scarso,Buona,Sufficiente,1,0,0,1,12.4866,41.86071,False,z,,,
2608400,1,2015-12-04T19:00:00,Strada Urbana,all'intersezione semaforizzata con,PONTE UMBERTO I,,Scontro frontale-laterale SX fra veicoli in marcia,Intersezione semaforizzata,Una carreggiata a senso unico di marcia,Asciutto,Asfaltata,Verticale ed orizzontale,Sereno,Scarso,Sufficiente,Sufficiente,1,0,0,1,,,False,z,PIAZZA DI PONTE UMBERTO I,PIAZZA DI PONTE UMBERTO I,
2609286,6,2015-12-04T19:15:00,Strada Urbana,all'intersezione con,VIA TOR DE' SCHIAVI,,Scontro frontale-laterale SX fra veicoli in marcia,Incrocio,Due carreggiate,Asciutto,Asfaltata,Verticale ed orizzontale,Sereno,Normale,Sufficiente,Sufficiente,0,0,0,3,12.56144,41.88877,True,z,VIA DELLE PALME,VIA DELLE PALME,
2609690,9,2015-12-04T19:15:00,Strada Urbana,da specificare,PIAZZA DEI RE DI ROMA,prox via Albalonga,Scontro laterale fra veicoli in marcia,Curva a visuale libera,Una carreggiata a senso unico di marcia,Asciutto,Lastricata,Orizzontale,Sereno,Normale,Sufficiente,Sufficiente,0,0,0,3,12.51377,41.8813,True,z,,,
2608480,1,2015-12-04T20:00:00,Strada Urbana,in prossimitíæ,PIAZZA DELLA REPUBBLICA,,Veicolo in marcia contro ostacolo accidentale,Rotatoria,Una carreggiata a senso unico di marcia,Viscido da liquidi oleosi,In cubetti di porfido,Orizzontale,Sereno,Normale,Sufficiente,Sufficiente,0,0,0,1,,,False,z,del civico n.,,10
2608488,13,2015-12-04T20:00:00,Strada Urbana,in prossimitíæ,VIALE DEI ROMAGNOLI,,Tamponamento Multiplo,Rettilineo,Una carreggiata a doppio senso,Asciutto,Asfaltata,Verticale ed orizzontale,Sereno,Intenso,Buona,Sufficiente,2,0,0,2,12.35559,41.78182,False,z,del civico n.,,1951
2608496,1,2015-12-04T20:01:00,Strada Urbana,da specificare,PIAZZA DELLA REPUBBLICA,ALT. INGRESSO BASILICA S. MARIA DEGLI ANGELI E MAR,Veicolo in marcia contro ostacolo accidentale,Rotatoria,Una carreggiata a senso unico di marcia,Asciutto,Acciotolata,Assente,Sereno,Intenso,Buona,Sufficiente,0,0,0,1,,,False,z,,,
2614281,18,2015-12-04T20:50:00,Strada Urbana,in corrispondenza,VIA DEI SAVORELLI,,Scontro frontale-laterale SX fra veicoli in marcia,Curva senza visuale libera,Una carreggiata a doppio senso,Asciutto,Asfaltata,Assente,Sereno,Scarso,Sufficiente,Sufficiente,1,0,0,2,12.43859,41.89667,False,z,del civico n.,,94
2609015,2,2015-12-04T21:30:00,,all'intersezione semaforizzata con,VIALE MARESCIALLO PILSUDSKI,,Scontro laterale fra veicoli in marcia,,,,,,,,,,1,0,0,1,12.47578,41.928,False,z,VIA DEL SACRO CUORE DI MARIA,VIA DEL SACRO CUORE DI MARIA,
2607911,8,2015-12-04T22:00:00,,da specificare,VIA DI LUNGHEZZINA,500 mt dopo lo svincolo a24 dir. Polense,Veicolo in marcia contro ostacolo accidentale,,,,,,,,,,0,0,0,1,,,False,z,,,