_ID,_Gruppo,_DataOraIncidente,_Localizzazione1,_Localizzazione2,_Strada1,_DaSpecificare,_NaturaIncidente,_ParticolaritaStrade,_TipoStrada,_FondoStradale,_Pavimentazione,_Segnaletica,_CondizioneAtmosferica,_Traffico,_Visibilita,_Illuminazione,_NUM_FERITI,_NUM_RISERVATA,_NUM_MORTI,_NUM_ILLESI,_Longitudine,_Latitudine,_CONFERMATO,__prefix,_Strada02,_Strada2,_Chilometrica
2610405,12,2015-12-04T22:15:00,Strada Urbana,da specificare,VIA CRISTOFORO COLOMBO,prossimita VIALE UMANESIMO direzione ROMA,Scontro laterale fra veicoli in marcia,Curva a visuale libera,Due carreggiate,Asciutto,Asfaltata,Verticale ed orizzontale,Nuvoloso,Normale,Buona,Sufficiente,0,0,0,3,,,False,z,,,
2609065,2,2015-12-04T22:20:00,,da specificare,VIA DEL FORO ITALICO,in prossimitíæ svincolo Salaria direzione centro,Veicolo in marcia contro ostacolo fisso,,,,,,,,,,2,0,0,0,12.48104,41.94025,False,z,,,
2607841,15,2015-12-04T22:40:00,Strada Urbana,all'intersezione con,PIAZZA DELLA RADIO,,Scontro frontale-laterale SX fra veicoli in marcia,Intersezione stradale segnalata,Una carreggiata a doppio senso,Asciutto,Asfaltata,Verticale ed orizzontale,Sereno,Normale,Buona,Sufficiente,0,0,0,3,12.46761,41.86983,True,z,VIA ANTONIO PACINOTTI,VIA ANTONIO PACINOTTI,
2611936,16,2015-12-05T00:00:00,Strada Urbana,all'intersezione con,VIA DUCHESSA DI GALLIERA,,Scontro frontale-laterale DX fra veicoli in marcia,Intersezione non regolata-non segnalata,Una carreggiata a doppio senso,Asciutto,Asfaltata,Assente,Sereno,Scarso,Sufficiente,Sufficiente,0,0,0,2,12.44853,41.87009,False,z,VIA CATERINA FIESCHI,VIA CATERINA FIESCHI,
2608336,1,2015-12-05T00:30:00,,da specificare,VIA PRENESTINA,ALTEZZA STAZIONE PRENESTINA,Scontro laterale fra veicoli in marcia,,,,,,,,,,0,0,0,2,,,False,z,,,
2608490,13,2015-12-05T00:50:00,,all'intersezione con,VIALE VASCO DE GAMA,,Scontro frontale-laterale DX fra veicoli in marcia,,,,,,,,,,0,0,0,1,,,False,z,VIA DEI VELIERI,VIA DEI VELIERI,
2609746,10,2015-12-05T01:40:00,,all'intersezione con,VIALE MARCO FULVIO NOBILIORE,,Scontro frontale-laterale DX fra veicoli in marcia,,,,,,,,,,0,0,0,2,,,False,z,PIAZZA S. GIOVANNI BOSCO,PIAZZA S. GIOVANNI BOSCO,
2609299,6,2015-12-05T01:45:00,Strada Urbana,all'intersezione con,VIA SCRIBONIO CURIONE,,Scontro frontale-laterale SX fra veicoli in marcia,Intersezione stradale segnalata,Una carreggiata a senso unico di marcia,Asciutto,Asfaltata,Verticale ed orizzontale,Sereno,Scarso,Sufficiente,Sufficiente,0,0,0,2,12.55455,41.86449,True,z,VIA VESTRICIO SPURINNA,VIA VESTRICIO SPURINNA,
2610027,3,2015-12-05T01:45:00,,da specificare,CIRCONVALLAZIONE TIBURTINA,Alt. largo Passamonti dir. A24,Veicolo in marcia contro ostacolo fisso,,,,,,,,,,1,0,0,0,,,False,z,,,
2607842,15,2015-12-05T02:20:00,,in corrispondenza,VIA DELLA MAGLIANA,,Scontro frontale-laterale SX fra veicoli in marcia,,,,,,,,,,3,0,0,2,12.44647,41.83424,False,z,del civico n.,,400
2607913,8,2015-12-05T03:30:00,Statale entro l'abitato,all'intersezione con,VIA CASILINA,,Scontro laterale fra veicoli in marcia,Incrocio,Una carreggiata a doppio senso,Asciutto,Asfaltata,Verticale ed orizzontale,Sereno,Scarso,Buona,Sufficiente,1,0,0,3,12.6191,41.86338,False,z,VIA DI TORRENOVA,VIA DI TORRENOVA,
2609752,11,2015-12-05T03:31:00,Strada Urbana,in prossimitíæ,VIA GIACOMO BOVE,,Veicolo in marcia contro veicoli in sosta,Rettilineo,Una carreggiata a doppio senso,Asciutto,Asfaltata,Verticale ed orizzontale,Sereno,Scarso,Sufficiente,Sufficiente,0,0,0,0,12.4814,41.87046,True,z,del civico n.,,73
2609303,6,2015-12-05T04:00:00,Strada Urbana,da specificare,VIA TIBURTINA,ponte ferrovia prossimitíæ via di portonaccio,Veicolo in marcia contro ostacolo fisso,Rettilineo,Due carreggiate,Asciutto,Asfaltata,Verticale ed orizzontale,Sereno,Normale,Sufficiente,Sufficiente,0,0,0,1,12.53425,41.90806,True,z,,,
2615489,18,2015-12-05T04:30:00,Statale,da specificare,VIA AURELIA,"in pross. km 8,200 dir. Civitavecchia",Veicolo in marcia contro ostacolo fisso,Rettilineo,Due carreggiate,Asciutto,Asfaltata,Verticale ed orizzontale,Sereno,Scarso,Sufficiente,Sufficiente,0,0,0,1,12.41273,41.89051,False,z,,,
2607933,8,2015-12-05T05:20:00,,in prossimitíæ,VIA PRENESTINA,,Scontro laterale fra veicoli in marcia,,,,,,,,,,1,0,0,0,,,False,z,del civico n.,,1149
2627950,17,2015-12-05T05:35:00,Strada Urbana,all'intersezione con,VIA IGEA,,Scontro laterale fra veicoli in marcia,Incrocio,Una carreggiata a doppio senso,Asciutto,Asfaltata,Verticale ed orizzontale,Sereno,Scarso,Sufficiente,Sufficiente,0,0,0,2,12.44238,41.93481,False,z,VIA BERNARDO BLUMENSTIHL,VIA BERNARDO BLUMENSTIHL,
2608157,15,2015-12-05T05:45:00,Strada Urbana,in corrispondenza,VIA DELLA MAGLIANA,,Veicolo in marcia contro veicoli in sosta,Rettilineo,Una carreggiata a doppio senso,Asciutto,Asfaltata,Verticale ed orizzontale,Sereno,Scarso,Buona,Ore Diurne,0,0,0,1,12.42401,41.83394,True,z,del palo luce n.,,327
2609085,2,2015-12-05T06:15:00,Strada Urbana,in corrispondenza,VIA DEI CAMPI SPORTIVI,,Veicolo in marcia contro ostacolo fisso,Rettilineo,Una carreggiata a doppio senso,Asciutto,Asfaltata,Verticale ed orizzontale,Sereno,Normale,Buona,Sufficiente,1,0,0,0,12.49025,41.93584,False,z,del palo luce n.,,112
2609838,7,2015-12-05T06:30:00,Strada Urbana,in prossimitíæ,VIALE PALMIRO TOGLIATTI,,Tamponamento,Rettilineo,Due carreggiate,Asciutto,Asfaltata,Verticale ed orizzontale,Sereno,Scarso,Buona,Ore Diurne,0,0,0,2,12.57434,41.89552,True,z,del palo luce n.,,359
2607909,10,2015-12-05T06:45:00,Strada Urbana,all'intersezione semaforizzata con,VIA TUSCOLANA,,Scontro frontale-laterale DX fra veicoli in marcia,Intersezione semaforizzata,Due carreggiate,Asciutto,Asfaltata,Verticale ed orizzontale,Sereno,Scarso,Buona,Ore Diurne,1,0,0,3,,,False,z,VIA PONZIO COMINIO,VIA PONZIO COMINIO,
2609739,9,2015-12-05T07:30:00,,da specificare,VIA APPIA NUOVA,prox P.za Finocchiaro Aprile,Scontro frontale-laterale SX fra veicoli in marcia,,,,,,,,,,1,0,0,2,,,False,z,,,
2608337,20,2015-12-05T08:30:00,Regionale entro l'abitato,in corrispondenza,VIA CASSIA,,Scontro frontale-laterale SX fra veicoli in marcia,Rettilineo,Una carreggiata a doppio senso,Asciutto,Asfaltata,Verticale ed orizzontale,Sereno,Normale,Buona,Ore Diurne,1,0,0,1,,,False,z,del civico n.,,1543
2610332,17,2015-12-05T09:20:00,Strada Urbana,all'intersezione con,VIALE GIUSEPPE MAZZINI,,Scontro laterale fra veicoli in marcia,Incrocio,Due carreggiate,Asciutto,Asfaltata,Verticale ed orizzontale,Sereno,Normale,Buona,Ore Diurne,0,0,0,2,12.46287,41.91582,True,z,VIA FULCIERI PAULUCCI DE CALBOLI,VIA FULCIERI PAULUCCI DE CALBOLI,
2609664,5,2015-12-05T09:35:00,Strada Urbana,in prossimitíæ,VIALE SACCO E VANZETTI,,Scontro laterale fra veicoli in marcia,Rettilineo,Una carreggiata a doppio senso,Asciutto,Asfaltata,Verticale ed orizzontale,Sereno,Normale,Buona,Ore Diurne,0,0,0,2,12.5696,41.90992,True,z,del civico n.,,144
2609031,1,2015-12-05T09:35:00,Strada Urbana,in prossimitíæ,VIA CESARE BATTISTI,,Scontro frontale-laterale SX fra veicoli in marcia,Rettilineo,Una carreggiata a doppio senso,Asciutto,In cubetti di porfido,Orizzontale,Sereno,Normale,Buona,Ore Diurne,0,0,0,2,,,False,z,del civico n.,,120 b
2611831,11,2015-12-05T09:45:00,Strada Urbana,in corrispondenza,VIA OSTIENSE,,Scontro frontale fra veicoli in marcia,Rettilineo,Pií_ di due carreggiate,Asciutto,Asfaltata,Verticale ed orizzontale,Sereno,Normale,Buona,Ore Diurne,0,0,0,2,12.48037,41.8744,True,z,del civico n.,,34
2610056,4,2015-12-05T09:55:00,Strada Urbana,in corrispondenza,VIA PIERO FOSCARI,,Scontro frontale fra veicoli in marcia,Rettilineo,Una carreggiata a doppio senso,Asciutto,Asfaltata,Verticale ed orizzontale,Sereno,Normale,Buona,Ore Diurne,0,0,0,2,12.5181,41.95144,True,z,del civico n.,,115
2609312,6,2015-12-05T10:10:00,Strada Urbana,all'intersezione con,VIALE DELL'ACQUEDOTTO ALESSANDRINO,,Scontro frontale-laterale DX fra veicoli in marcia,Incrocio,Una carreggiata a senso unico di marcia,Asciutto,Asfaltata,Verticale ed orizzontale,Sereno,Scarso,Buona,Ore Diurne,0,0,0,3,12.5436,41.87614,True,z,VIA CARLO DELLA ROCCA,VIA CARLO DELLA ROCCA,
2609072,1,2015-12-05T10:25:00,Strada Urbana,in prossimitíæ,VIA ARENULA,,Veicolo in marcia contro veicolo fermo,Rettilineo,Pií_ di due carreggiate,Sdrucciolevole (fango),Asfaltata,Verticale ed orizzontale,Sereno,Normale,Buona,Ore Diurne,0,0,0,2,,,False,z,del civico n.,,20-a
2609054,1,2015-12-05T10:25:00,Strada Urbana,in corrispondenza,VIA ARENULA,,Infortunio per sola frenata improvvisa,Rettilineo,Due carreggiate,Viscido da liquidi oleosi,Asfaltata,Verticale ed orizzontale,Sereno,Normale,Buona,Ore Diurne,1,0,0,0,,,False,z,del civico n.,,12
2608097,10,2015-12-05T10:30:00,Strada Urbana,all'intersezione con,VIALE DEI CONSOLI,,Scontro laterale fra veicoli in marcia,Incrocio,Due carreggiate,Asciutto,Asfaltata,Verticale ed orizzontale,Sereno,Scarso,Buona,Ore Diurne,0,0,0,2,12.55247,41.86401,False,z,VIA TELEGONO,VIA TELEGONO,
2609061,1,2015-12-05T10:35:00,Strada Urbana,all'intersezione con,VIA ARENULA,,Veicolo in marcia contro ostacolo accidentale,Incrocio,Due carreggiate,Sdrucciolevole (fango),Asfaltata,Verticale ed orizzontale,Sereno,Normale,Buona,Ore Diurne,1,0,0,0,,,False,z,VIA CAIROLI,VIA CAIROLI,
2610019,4,2015-12-05T11:00:00,Strada Urbana,da specificare,VIALE JONIO,prossimitíæ via romagnoli,Veicolo in marcia contro ostacolo fisso,Rettilineo,Due carreggiate,Asciutto,Asfaltata,Verticale ed orizzontale,Sereno,Normale,Buona,Ore Diurne,0,0,0,1,12.54679,41.9438,True,z,,,
2608515,20,2015-12-05T11:15:00,Regionale,da specificare,VIA FLAMINIA,altezza SAXA RUBRA,Tamponamento,Rettilineo,Due carreggiate,Asciutto,Asfaltata,Verticale ed orizzontale,Sereno,Intenso,Buona,Ore Diurne,0,0,0,3,,,False,z,,,
2608414,2,2015-12-05T11:45:00,Strada Urbana,all'intersezione con,VIA FOGLIANO,,Scontro frontale-laterale DX fra veicoli in marcia,Incrocio,Una carreggiata a senso unico di marcia,Asciutto,Asfaltata,Verticale,Sereno,Scarso,Buona,Ore Diurne,2,0,0,1,12.50613,41.92545,False,z,VIA ARCHIANO,VIA ARCHIANO,
2609688,11,2015-12-05T12:00:00,Strada Urbana,da specificare,VIA CRISTOFORO COLOMBO,in prossimitíæ di Via Oropa,Scontro laterale fra veicoli in marcia,Rettilineo,Pií_ di due carreggiate,Asciutto,Asfaltata,Verticale ed orizzontale,Sereno,Normale,Buona,Ore Diurne,0,0,0,2,12.48075,41.84757,False,z,,,
2608592,8,2015-12-05T12:10:00,Strada Urbana,in corrispondenza,VIA CASILINA,,Tamponamento Multiplo,Rettilineo,Una carreggiata a doppio senso,Asciutto,Asfaltata,Verticale ed orizzontale,Sereno,Intenso,Buona,Ore Diurne,0,0,0,2,12.67257,41.86401,True,z,del civico n.,,1787C
2609668,5,2015-12-05T12:20:00,Strada Urbana,all'intersezione con,VIA DELLE CAVE DI PIETRALATA,,Scontro frontale-laterale DX fra veicoli in marcia,Incrocio,Una carreggiata a senso unico di marcia,Asciutto,Asfaltata,Verticale ed orizzontale,Sereno,Normale,Buona,Ore Diurne,0,0,0,5,12.53992,41.91279,True,z,VIA FILIPPO MEDA,VIA FILIPPO MEDA,
2610523,3,2015-12-05T12:25:00,Strada Urbana,da specificare,tangenziale - est dir. salaria,altezza sopraelevata,Scontro laterale fra veicoli in marcia,Curva a visuale libera,Due carreggiate,Asciutto,Asfaltata,Verticale ed orizzontale,Sereno,Normale,Buona,Ore Diurne,0,0,0,2,12.52068,41.89154,True,z,,,
2608386,20,2015-12-05T12:30:00,Regionale entro l'abitato,in corrispondenza,VIA CASSIA,,Scontro laterale fra veicoli in marcia,Rettilineo,Una carreggiata a doppio senso,Asciutto,Asfaltata,Verticale ed orizzontale,Sereno,Normale,Buona,Ore Diurne,1,0,0,1,,,False,z,del civico n.,,1811
2610111,19,2015-12-05T12:30:00,Strada Urbana,in prossimitíæ,VIA DI SELVA NERA,,Tamponamento Multiplo,Curva a visuale libera,Una carreggiata a doppio senso,Asciutto,Asfaltata,Verticale ed orizzontale,Sereno,Scarso,Buona,Ore Diurne,0,0,0,4,12.36041,41.92842,True,z,del civico n.,,21
2608284,20,2015-12-05T12:30:00,Strada Urbana,all'intersezione con,VIALE DEI CIPRESSI,,Scontro frontale-laterale SX fra veicoli in marcia,Incrocio,Una carreggiata a doppio senso,Asciutto,Asfaltata,Verticale ed orizzontale,Sereno,Scarso,Buona,Ore Diurne,0,0,0,5,,,False,z,VIALE ARCICONFRATERNITA DELLA PASSIONE,VIALE ARCICONFRATERNITA DELLA PASSIONE,
2609766,10,2015-12-05T12:35:00,,in prossimitíæ,VIA DEL CASALE AGOSTINELLI,,Investimento di pedone,,,,,,,,,,0,0,0,3,,,False,z,del civico n.,,133
2608452,1,2015-12-05T12:45:00,Strada Urbana,in prossimitíæ,VIA TOMACELLI,,Scontro laterale fra veicoli in marcia,Rettilineo,Una carreggiata a doppio senso,Asciutto,Asfaltata,Verticale ed orizzontale,Sereno,Scarso,Buona,Ore Diurne,1,0,0,0,12.47575,41.90482,True,z,del civico n.,,107
2610051,16,2015-12-05T12:45:00,,all'intersezione con,VIA SILVESTRI,,Scontro frontale-laterale SX fra veicoli in marcia,,,,,,,,,,1,0,0,1,12.42867,41.87713,False,z,VIA CAMILLO SERAFINI,VIA CAMILLO SERAFINI,
2618330,18,2015-12-05T13:00:00,Statale,da specificare,VIA AURELIA,nella canalizzazione per Via Casal Selce,Veicolo in marcia contro ostacolo accidentale,Curva senza visuale libera,Una carreggiata a senso unico di marcia,Viscido da liquidi oleosi,Asfaltata,Verticale ed orizzontale,Sereno,Scarso,Buona,Ore Diurne,0,0,0,1,12.4138,41.89218,False,z,,,
2609087,1,2015-12-05T13:00:00,Strada Urbana,in prossimitíæ,VIA DEGLI SPAGNOLI,,Scontro laterale fra veicoli in marcia,Rettilineo,Una carreggiata a senso unico di marcia,Asciutto,In cubetti di porfido,Verticale ed orizzontale,Sereno,Scarso,Buona,Ore Diurne,0,0,0,1,,,False,z,del civico n.,,44
2609325,6,2015-12-05T13:20:00,Strada Urbana,all'intersezione con,VIA TOR DE' SCHIAVI,,Scontro laterale fra veicoli in marcia,Incrocio,Due carreggiate,Asciutto,Asfaltata,Verticale ed orizzontale,Sereno,Normale,Buona,Ore Diurne,1,0,0,2,12.55967,41.89219,True,z,VIA VEROLI,VIA VEROLI,
2609096,2,2015-12-05T13:30:00,,all'intersezione semaforizzata con,VIA ULISSE ALDROVANDI,,Veicolo in marcia contro ostacolo accidentale,,,,,,,,,,1,0,0,0,12.48584,41.91892,False,z,VIALE GIOACCHINO ROSSINI,VIALE GIOACCHINO ROSSINI,
2611885,1,2015-12-05T13:30:00,Strada Urbana,da specificare,PIAZZA DI PORTA S. PAOLO,altezza fermata BUS N.72106,Veicolo in marcia contro ostacolo accidentale,Rettilineo,Pií_ di due carreggiate,Sdrucciolevole (pietrisco),In cubetti di porfido,Assente,Sereno,Normale,Buona,Ore Diurne,1,0,0,0,,,False,z,,,
2609671,9,2015-12-05T13:40:00,Strada Urbana,in prossimitíæ,CIRCONVALLAZIONE APPIA,,Scontro frontale fra veicoli in marcia,Rettilineo,Una carreggiata a doppio senso,Asciutto,Asfaltata,Assente,Sereno,Normale,Buona,Ore Diurne,0,0,0,2,12.51678,41.87629,True,z,del civico n.,,37
2610484,12,2015-12-05T13:50:00,Statale,da specificare,VIA OSTIENSE,direzione OSTIA altezza G.R.A.,Tamponamento Multiplo,Rettilineo,Due carreggiate,Asciutto,Asfaltata,Verticale ed orizzontale,Sereno,Normale,Buona,Ore Diurne,0,0,0,5,12.41816,41.8067,True,z,,,
2618357,18,2015-12-05T14:05:00,Strada Urbana,all'intersezione con,VIA GREGORIO XIII,,Ribaltamento senza urto contro ostacolo fisso,Intersezione non regolata-non segnalata,Due carreggiate,Asciutto,Asfaltata,Verticale ed orizzontale,Sereno,Scarso,Buona,Ore Diurne,1,0,0,1,12.41862,41.9057,False,z,VIA PROSPERO SANTACROCE,VIA PROSPERO SANTACROCE,
2609681,11,2015-12-05T14:30:00,Strada Urbana,all'intersezione con,VIA LAURENTINA,,Scontro frontale-laterale DX fra veicoli in marcia,Incrocio,Due carreggiate,Asciutto,Asfaltata,Verticale ed orizzontale,Sereno,Normale,Buona,Ore Diurne,0,0,0,3,12.47992,41.84497,True,z,VIA LUIGI PERNA,VIA LUIGI PERNA,
2608472,19,2015-12-05T14:30:00,Strada Urbana,in prossimitíæ,VIA GIAMBATTISTA SORIA,,Scontro laterale fra veicoli in marcia,Rettilineo,Una carreggiata a senso unico di marcia,Asciutto,Asfaltata,Assente,Sereno,Scarso,Buona,Ore Diurne,0,0,0,1,12.41046,41.90759,True,z,del civico n.,,48
2609389,15,2015-12-05T14:40:00,Strada Urbana,in corrispondenza,VIA PORTUENSE,,Tamponamento,Rettilineo,Una carreggiata a doppio senso,Asciutto,Asfaltata,Orizzontale,Sereno,Normale,Buona,Ore Diurne,1,0,0,2,12.45273,41.86178,True,z,del civico n.,,465-A
2609666,4,2015-12-05T14:45:00,Strada Urbana,all'intersezione con,VIA UGO OJETTI,,Investimento di pedone,Intersezione stradale segnalata,Due carreggiate,Asciutto,Asfaltata,Orizzontale,Sereno,Normale,Buona,Ore Diurne,1,1,0,0,12.55461,41.94712,False,z,VIA MARIA BARBARA TOSATTI,VIA MARIA BARBARA TOSATTI,
2610434,17,2015-12-05T14:50:00,Strada Urbana,all'intersezione con,LARGO TRIONFALE,,Infortunio per sola frenata improvvisa,Intersezione semaforizzata,Due carreggiate,Asciutto,Asfaltata,Verticale ed orizzontale,Sereno,Normale,Buona,Ore Diurne,1,0,0,1,12.45458,41.91041,False,z,VIA LEONE IV,VIA LEONE IV,
2608550,19,2015-12-05T15:00:00,Strada Urbana,all'intersezione con,VIA DELLA PINETA SACCHETTI,,Scontro laterale fra veicoli in marcia,Incrocio,Una carreggiata a senso unico di marcia,Asciutto,Asfaltata,Orizzontale,Sereno,Normale,Buona,Ore Diurne,0,0,0,3,12.42647,41.92667,True,z,VIA LUIGI ARBIB PASCUCCI,VIA LUIGI ARBIB PASCUCCI,
2610070,16,2015-12-05T15:00:00,,all'intersezione con,VIA FELICE CAVALLOTTI,,Scontro frontale-laterale SX fra veicoli in marcia,,,,,,,,,,1,0,0,1,12.46227,41.88101,False,z,VIA FEDERICO TORRE,VIA FEDERICO TORRE,
2609680,9,2015-12-05T15:00:00,,da specificare,PIAZZALE LABICANO,prossimitíæ archi di Via Eleniana,Investimento di pedone,,,,,,,,,,1,0,0,1,,,False,z,,,
2609816,8,2015-12-05T15:00:00,Strada Urbana,da specificare,VIA COLLATINA,altezza civico 960,Veicolo in marcia contro ostacolo accidentale,Rettilineo,Una carreggiata a doppio senso,Asciutto,Con buche,Orizzontale,Sereno,Normale,Buona,Ore Diurne,0,0,0,1,12.61053,41.90604,True,z,,,
2609674,5,2015-12-05T15:00:00,Strada Urbana,in corrispondenza,VIA SILVANO,,Scontro frontale-laterale SX fra veicoli in marcia,Rettilineo,Una carreggiata a doppio senso,Asciutto,Asfaltata,Assente,Sereno,Scarso,Buona,Ore Diurne,0,0,0,2,12.55261,41.91771,True,z,del civico n.,,10
2609776,10,2015-12-05T15:00:00,,in corrispondenza,VIA SCRIBONIO CURIONE,,Veicolo in marcia contro ostacolo fisso,,,,,,,,,,1,0,0,0,,,False,z,del civico n.,,70
2608603,8,2015-12-05T15:30:00,Strada Urbana,in prossimitíæ,VIA CINO DEL DUCA,,Veicolo in marcia contro ostacolo accidentale,Rettilineo,Una carreggiata a doppio senso,Asciutto,Asfaltata,Verticale ed orizzontale,Sereno,Scarso,Buona,Ore Diurne,0,0,0,1,,,False,z,del civico n.,,34
2608593,8,2015-12-05T15:45:00,,in corrispondenza,VIA CASILINA,,Tamponamento,,,,,,,,,,2,0,0,0,,,False,z,del civico n.,,1790
2609678,5,2015-12-05T15:45:00,Strada Urbana,all'intersezione con,VIA PIO MOLAJONI,,Scontro frontale-laterale DX fra veicoli in marcia,Incrocio,Una carreggiata a doppio senso,Asciutto,Asfaltata,Verticale ed orizzontale,Sereno,Normale,Buona,Ore Diurne,0,0,0,4,12.53805,41.90731,True,z,VIA DI S. ROMANO,VIA DI S. ROMANO,
2610231,12,2015-12-05T16:00:00,Strada Urbana,da specificare,VIA DEL PONTE DI PISCINA CUPA,fronte civico 113,Scontro laterale fra veicoli in marcia,Rettilineo,Una carreggiata a doppio senso,Asciutto,Asfaltata,Verticale ed orizzontale,Sereno,Normale,Buona,Ore Diurne,0,0,0,3,12.44701,41.71771,True,z,,,
2610476,17,2015-12-05T16:45:00,Strada Urbana,all'intersezione con,VIA COLA DI RIENZO,,Veicolo in marcia contro ostacolo accidentale,Incrocio,Una carreggiata a doppio senso,Asciutto,Acciotolata,Verticale ed orizzontale,Sereno,Normale,Buona,Sufficiente,0,0,0,2,12.46394,41.90765,False,z,VIA PAOLO EMILIO,VIA PAOLO EMILIO,
2609711,9,2015-12-05T17:35:00,Strada Urbana,all'intersezione con,VIA APPIA NUOVA,,Scontro frontale-laterale SX fra veicoli in marcia,Intersezione non regolata-non segnalata,Due carreggiate,Asciutto,Asfaltata,Verticale ed orizzontale,Sereno,Normale,Sufficiente,Sufficiente,0,0,0,4,12.52656,41.87213,False,z,VIA DI S. MARIA AUSILIATRICE,VIA DI S. MARIA AUSILIATRICE,
2608588,20,2015-12-05T17:45:00,Strada Urbana,da specificare,VIALE DEL FORO ITALICO,uscita galleria Giovanni XXIII ,Veicolo in marcia contro ostacolo accidentale,Curva a visuale libera,Due carreggiate,Asciutto,Asfaltata,Verticale ed orizzontale,Sereno,Normale,Insufficiente,Inesistente,0,0,0,2,,,False,z,,,
2609780,10,2015-12-05T18:00:00,Comunale extraurbana,all'intersezione con,VIA DI VERMICINO,,Scontro laterale fra veicoli in marcia,Incrocio,Una carreggiata a doppio senso,Asciutto,Asfaltata,Verticale ed orizzontale,Sereno,Intenso,Buona,Sufficiente,0,0,0,2,12.67241,41.85173,False,z,VIA TUSCOLANA,VIA TUSCOLANA,
2609815,7,2015-12-05T18:30:00,Strada Urbana,all'intersezione con,VIA CASILINA,,Scontro laterale fra veicoli in marcia,Incrocio,Una carreggiata a doppio senso,Asciutto,Asfaltata,Verticale ed orizzontale,Sereno,Normale,Buona,Sufficiente,1,0,0,2,,,False,z,PIAZZA SOR CAPANNA,PIAZZA SOR CAPANNA,
2610123,4,2015-12-05T18:47:00,,in prossimitíæ,VIA SALARIA,,Tamponamento,,,,,,,,,,0,0,0,2,12.50625,41.9506,False,z,del civico n.,,970
2609741,8,2015-12-05T19:00:00,Strada Urbana,da specificare,VIA DEL PONTE DI NONA,200MT DA VIA PRENESTINA,Veicolo in marcia contro ostacolo accidentale,Rettilineo,Una carreggiata a doppio senso,Asciutto,Asfaltata,Orizzontale,Sereno,Normale,Sufficiente,Sufficiente,0,0,0,2,12.65966,41.90273,True,z,,,
2610490,17,2015-12-05T19:05:00,Strada Urbana,da specificare,VIALE DELLO STADIO OLIMPICO,altezza palo ACEA 33,Fuoriuscita dalla sede stradale,Rettilineo,Una carreggiata a senso unico di marcia,Asciutto,Asfaltata,Verticale ed orizzontale,Sereno,Normale,Buona,Sufficiente,0,0,0,1,12.45417,41.9299,False,z,,,
2608893,12,2015-12-05T20:00:00,Strada Urbana,da specificare,VIA DI TRIGORIA,altezza rotatoria di Via Laurentina dir. G.R.A.,Scontro laterale fra veicoli in marcia,Rotatoria,Una carreggiata a senso unico di marcia,Asciutto,Asfaltata,Verticale ed orizzontale,Sereno,Scarso,Insufficiente,Insufficiente,0,0,0,3,12.48061,41.77555,True,z,,,
2610184,19,2015-12-05T20:10:00,Strada Urbana,in corrispondenza,VIA FRANCESCO MARIA TORRIGIO,,Veicolo in marcia contro veicolo in sosta,Rettilineo,Una carreggiata a doppio senso,Asciutto,Asfaltata,Assente,Sereno,Scarso,Buona,Sufficiente,0,0,0,2,12.41431,41.91221,True,z,del civico n.,,14-D-C
2609745,8,2015-12-05T20:10:00,Strada Urbana,all'intersezione con,VIA CASILINA,,Veicolo in marcia contro ostacolo accidentale,Incrocio,Una carreggiata a doppio senso,Asciutto,Asfaltata,Verticale ed orizzontale,Sereno,Normale,Sufficiente,Sufficiente,0,0,0,1,12.59267,41.86716,True,z,VIA DEI COLOMBI,VIA DEI COLOMBI,
2610069,4,2015-12-05T20:30:00,,in prossimitíæ,VIA MONTE CERVIALTO,,Scontro frontale-laterale SX fra veicoli in marcia,,,,,,,,,,0,0,0,2,12.52393,41.95258,False,z,del civico n.,,80
2609400,15,2015-12-05T20:35:00,Strada Urbana,all'intersezione semaforizzata con,VIA DELLA MAGLIANA,,Scontro frontale-laterale DX fra veicoli in marcia,Intersezione semaforizzata,Una carreggiata a doppio senso,Asciutto,Asfaltata,Verticale ed orizzontale,Nuvoloso,Normale,Buona,Sufficiente,0,0,0,2,12.42401,41.83394,True,z,VIA PIAN DUE TORRI,VIA PIAN DUE TORRI,
2608839,18,2015-12-05T21:30:00,Strada Urbana,in prossimitíæ,VIA DI ACQUAFREDDA,,Tamponamento,Rettilineo,Una carreggiata a doppio senso,Asciutto,Asfaltata,Verticale ed orizzontale,Sereno,Scarso,Sufficiente,Sufficiente,0,0,1,0,12.42815,41.89815,False,z,del civico n.,,70
2609787,10,2015-12-05T22:00:00,,all'intersezione con,VIA APPIA NUOVA,,Scontro frontale-laterale SX fra veicoli in marcia,,,,,,,,,,2,0,0,2,,,False,z,VIA ALLUMIERE,VIA ALLUMIERE,
2608919,13,2015-12-05T22:45:00,Statale entro l'abitato,da specificare,VIA DEL MARE,alt. svincolo Acilia,Scontro laterale fra veicoli in marcia,Rettilineo,Una carreggiata a doppio senso,Asciutto,Asfaltata,Verticale ed orizzontale,Sereno,Normale,Sufficiente,Sufficiente,0,0,0,4,12.368,41.78665,False,z,,,