_ID,_Gruppo,_DataOraIncidente,_Localizzazione1,_Localizzazione2,_Strada1,_DaSpecificare,_NaturaIncidente,_ParticolaritaStrade,_TipoStrada,_FondoStradale,_Pavimentazione,_Segnaletica,_CondizioneAtmosferica,_Traffico,_Visibilita,_Illuminazione,_NUM_FERITI,_NUM_RISERVATA,_NUM_MORTI,_NUM_ILLESI,_Longitudine,_Latitudine,_CONFERMATO,__prefix,_Strada02,_Strada2,_Chilometrica
2610012,17,2015-12-06T00:01:00,,all'intersezione semaforizzata con,PIAZZALE DEGLI EROI,,Scontro laterale fra veicoli in marcia,,,,,,,,,,0,0,0,0,12.44847,41.90904,False,z,CIRCONVALLAZIONE TRIONFALE,CIRCONVALLAZIONE TRIONFALE,
2609971,23,2015-12-06T00:45:00,,in prossimitíæ,VIA CRISTOFORO COLOMBO,,Tamponamento,,,,,,,,,,3,0,0,0,,,False,z,del civico n.,,2120
2608918,20,2015-12-06T01:05:00,Strada Urbana,all'intersezione con,VIA ASMARA,,Scontro frontale fra veicoli in marcia,Intersezione non regolata-non segnalata,Una carreggiata a senso unico di marcia,Asciutto,Asfaltata,Verticale ed orizzontale,Sereno,Scarso,Buona,Sufficiente,0,0,0,3,,,False,z,VIA DEL GIUBA,VIA DEL GIUBA,
2610142,4,2015-12-06T01:10:00,Strada Urbana,in corrispondenza,VIA DELLA BUFALOTTA,,Scontro laterale fra veicoli in marcia,Rettilineo,Una carreggiata a doppio senso,Asciutto,Asfaltata,Verticale ed orizzontale,Sereno,Scarso,Sufficiente,Sufficiente,0,0,0,3,12.54129,41.94976,True,z,del civico n.,,148
2609002,1,2015-12-06T02:00:00,Strada Urbana,in prossimitíæ,SALITA DI S. ONOFRIO,,Veicolo in marcia contro ostacolo accidentale,Rettilineo,Una carreggiata a senso unico di marcia,Asciutto,Lastricata,Verticale ed orizzontale,Sereno,Scarso,Buona,Sufficiente,0,0,0,0,,,False,z,del civico n.,,61
2610068,16,2015-12-06T02:00:00,Strada Urbana,all'intersezione semaforizzata con,CIRCONVALLAZIONE GIANICOLENSE,,Tamponamento,Incrocio,Pií_ di due carreggiate,Asciutto,Asfaltata,Verticale ed orizzontale,Sereno,Scarso,Buona,Sufficiente,0,0,0,2,12.44956,41.87247,True,z,VIALE DI TRASTEVERE,VIALE DI TRASTEVERE,
2609807,10,2015-12-06T02:30:00,Strada Urbana,all'intersezione con,VIA BERNARDINO ALIMENA,,Scontro laterale fra veicoli in marcia,Incrocio,Una carreggiata a doppio senso,Asciutto,Asfaltata,Verticale ed orizzontale,Sereno,Scarso,Sufficiente,Sufficiente,0,0,0,4,12.59767,41.84854,True,z,VIA ORAZIO RAIMONDO,VIA ORAZIO RAIMONDO,
2594972,2,2015-12-06T03:00:00,,all'intersezione con,VIA NOMENTANA,,Scontro frontale-laterale SX fra veicoli in marcia,,,,,,,,,,2,0,0,2,,,False,z,VIA LAZZARO SPALLANZANI,VIA LAZZARO SPALLANZANI,
2610118,19,2015-12-06T03:20:00,Strada Urbana,in prossimitíæ,VIA DEI MONTI DI PRIMAVALLE,,Veicolo in marcia contro veicoli in sosta,Curva a visuale libera,Una carreggiata a doppio senso,Asciutto,Asfaltata,Verticale ed orizzontale,Sereno,Scarso,Buona,Sufficiente,1,0,0,0,12.41261,41.9107,True,z,del civico n.,,130-A
2608879,12,2015-12-06T04:00:00,Strada Urbana,all'intersezione con,PIAZZALE LUIGI STURZO,,Scontro frontale-laterale SX fra veicoli in marcia,Incrocio,Una carreggiata a doppio senso,Asciutto,Asfaltata,Verticale ed orizzontale,Sereno,Scarso,Sufficiente,Sufficiente,1,0,0,7,12.46729,41.83415,False,z,VIA LISZT,VIA LISZT,
2608983,1,2015-12-06T04:00:00,Strada Urbana,all'intersezione semaforizzata con,VIA DI S. GREGORIO,,Scontro frontale-laterale DX fra veicoli in marcia,Intersezione semaforizzata,Una carreggiata a doppio senso,Asciutto,Asfaltata,Verticale ed orizzontale,Sereno,Scarso,Sufficiente,Sufficiente,3,0,0,3,,,False,z,PIAZZA DI PORTA CAPENA,PIAZZA DI PORTA CAPENA,
2609729,8,2015-12-06T04:30:00,Strada Urbana,da specificare,VIA CASILINA,DIR.FUORI ROMA 50MT DOPO VIA E. BREDA,Veicolo in marcia contro ostacolo accidentale,Rettilineo,Due carreggiate,Asciutto,Con buche,Verticale ed orizzontale,Sereno,Scarso,Buona,Sufficiente,0,0,0,1,12.64281,41.86238,True,z,,,
2609402,15,2015-12-06T06:50:00,Strada Urbana,all'intersezione semaforizzata con,PIAZZA DELLA RADIO,,Scontro frontale-laterale SX fra veicoli in marcia,Intersezione semaforizzata,Una carreggiata a doppio senso,Asciutto,Asfaltata,Verticale ed orizzontale,Sereno,Scarso,Buona,Ore Diurne,0,0,0,2,12.46761,41.86983,False,z,VIA ANTONIO PACINOTTI,VIA ANTONIO PACINOTTI,
2609021,20,2015-12-06T08:45:00,Provinciale entro l'abitato,in corrispondenza,VIA ANGUILLARESE,,Tamponamento,Rettilineo,Una carreggiata a doppio senso,Asciutto,Asfaltata,Verticale ed orizzontale,Sereno,Scarso,Buona,Ore Diurne,0,0,0,4,,,False,z,della chilometrica,,1.15
2618552,18,2015-12-06T10:15:00,Strada Urbana,in corrispondenza,VIA DI BOCCEA,,Tamponamento,Pendenza,Una carreggiata a doppio senso,Asciutto,Asfaltata,Orizzontale,Sereno,Normale,Buona,Ore Diurne,1,0,0,2,12.37925,41.91627,False,z,del civico n.,,573
2609726,13,2015-12-06T10:15:00,Strada Urbana,da specificare,LUNGOMARE DUILIO,altezza Piazza Sirio,Tamponamento,Rettilineo,Due carreggiate,Asciutto,Asfaltata,Verticale ed orizzontale,Sereno,Normale,Buona,Ore Diurne,0,0,0,2,12.29661,41.72212,False,z,,,
2610596,12,2015-12-06T10:15:00,Strada Urbana,da specificare,VIA LAURENTINA,interno Cimitero Laurentino,Veicolo in marcia contro veicolo in sosta,Rettilineo,Una carreggiata a senso unico di marcia,Asciutto,Asfaltata,Verticale ed orizzontale,Sereno,Scarso,Buona,Ore Diurne,0,0,0,0,12.49918,41.76289,True,z,,,
2609138,20,2015-12-06T11:00:00,Regionale entro l'abitato,in corrispondenza,VIA CASSIA,,Scontro frontale-laterale SX fra veicoli in marcia,Rettilineo,Una carreggiata a doppio senso,Asciutto,Asfaltata,Verticale ed orizzontale,Sereno,Normale,Buona,Ore Diurne,1,0,0,1,,,False,z,del civico n.,,1541
2610578,12,2015-12-06T11:00:00,Strada Urbana,all'intersezione con,VIA DI TRIGORIA,,Scontro frontale-laterale SX fra veicoli in marcia,Incrocio,Una carreggiata a doppio senso,Asciutto,Asfaltata,Verticale ed orizzontale,Sereno,Scarso,Buona,Ore Diurne,0,0,0,2,12.47911,41.76989,True,z,VIA GROTTE DI PENSERONI,VIA GROTTE DI PENSERONI,
2610079,19,2015-12-06T11:10:00,Strada Urbana,in prossimitíæ,VIA PRISCIANO,,Tamponamento,Rettilineo,Una carreggiata a doppio senso,Asciutto,Asfaltata,Verticale ed orizzontale,Nuvoloso,Normale,Buona,Ore Diurne,0,0,0,3,12.44718,41.92619,True,z,del civico n.,,75
2609998,23,2015-12-06T11:40:00,Comunale extraurbana,all'intersezione semaforizzata con,VIA CRISTOFORO COLOMBO,,Scontro frontale-laterale DX fra veicoli in marcia,Intersezione semaforizzata,Pií_ di due carreggiate,Asciutto,Asfaltata,Verticale ed orizzontale,Nuvoloso,Normale,Buona,Ore Diurne,0,0,0,4,12.33821,41.72999,False,z,VIA LIDO DI CASTEL PORZIANO,VIA LIDO DI CASTEL PORZIANO,
2609820,10,2015-12-06T12:00:00,,da specificare,VIA APPIA NUOVA,in prossimitíæ km 10,Scontro laterale fra veicoli in marcia,,,,,,,,,,1,0,0,1,,,False,z,,,
2610580,17,2015-12-06T12:30:00,Strada Urbana,in prossimitíæ,VIA PIETRO CAVALLINI,,Fuoriuscita dalla sede stradale,Rettilineo,Una carreggiata a senso unico di marcia,Asciutto,Asfaltata,Verticale ed orizzontale,Sereno,Normale,Buona,Sufficiente,0,0,0,3,12.47287,41.9058,False,z,del civico n.,,32
2610074,4,2015-12-06T12:40:00,Strada Urbana,da specificare,PIAZZA GIUSEPPE PRIMOLI,altezza rotatoria,Scontro laterale fra veicoli in marcia,Rotatoria,Una carreggiata a senso unico di marcia,Asciutto,Asfaltata,Verticale ed orizzontale,Nuvoloso,Normale,Buona,Ore Diurne,0,0,0,3,12.55257,41.94499,True,z,,,
2609762,11,2015-12-06T12:45:00,Strada Urbana,da specificare,VIA LAURENTINA,fronte civico (dir. centro),Tamponamento Multiplo,Rettilineo,Due carreggiate,Asciutto,Asfaltata,Orizzontale,Sereno,Scarso,Buona,Ore Diurne,0,0,0,5,12.47927,41.82458,True,z,,,
2609701,5,2015-12-06T13:15:00,Strada Urbana,in corrispondenza,VIA BALDASSARRE ORERO,,Veicolo in marcia contro veicolo fermo,Rettilineo,Una carreggiata a doppio senso,Asciutto,Asfaltata,Verticale,Nuvoloso,Scarso,Buona,Ore Diurne,0,0,0,4,12.53842,41.89801,True,z,del civico n.,,64
2609821,8,2015-12-06T13:30:00,Strada Urbana,in prossimitíæ,VIA BORGHESIANA,,Tamponamento,Rettilineo,Una carreggiata a doppio senso,Asciutto,Asfaltata,Verticale ed orizzontale,Nuvoloso,Normale,Buona,Ore Diurne,0,0,0,2,12.66861,41.88272,False,z,del civico n.,,126
2609827,13,2015-12-06T13:45:00,Provinciale,da specificare,VIA LITORANEA,"altezza chiosco ""Dar Zagaia""",Scontro frontale-laterale DX fra veicoli in marcia,Rettilineo,Una carreggiata a doppio senso,Asciutto,Asfaltata,Orizzontale,Nuvoloso,Scarso,Buona,Ore Diurne,0,0,0,6,12.37354,41.68762,False,z,,,
2609829,10,2015-12-06T14:00:00,Strada Urbana,in corrispondenza,VIA DEL CASALE AGOSTINELLI,,Veicolo in marcia contro ostacolo accidentale,Rettilineo,Una carreggiata a senso unico di marcia,Asciutto,Asfaltata,Assente,Sereno,Scarso,Buona,Ore Diurne,0,0,0,1,12.61094,41.80945,False,z,del civico n.,,4
2609718,20,2015-12-06T14:00:00,Strada Urbana,da specificare,VIA COLLEGIOVE,in prossimitíæ di via Calcata,Ribaltamento senza urto contro ostacolo fisso,Rettilineo,,,,,,,,,0,0,0,5,,,False,z,,,
2609735,8,2015-12-06T14:30:00,Strada Urbana,in corrispondenza,VIA DI PRATOLUNGO CASILINO,,Veicolo in marcia contro ostacolo accidentale,Rettilineo,Una carreggiata a doppio senso,Asciutto,Con buche,Orizzontale,Nuvoloso,Scarso,Buona,Ore Diurne,1,0,0,0,12.66133,41.88984,True,z,del civico n.,,27
2610011,23,2015-12-06T15:00:00,,all'intersezione con,VIA LITORANEA,,Scontro frontale-laterale SX fra veicoli in marcia,,,,,,,,,,1,0,0,3,,,False,z,VIA LIDO DI CASTEL PORZIANO,VIA LIDO DI CASTEL PORZIANO,
2609785,20,2015-12-06T15:30:00,Strada Urbana,in prossimitíæ,VIA DELLA FARNESINA,,Scontro laterale fra veicoli in marcia,Rettilineo,Una carreggiata a doppio senso,Asciutto,Asfaltata,Verticale ed orizzontale,Nuvoloso,Normale,Buona,Ore Diurne,0,0,0,2,,,False,z,del civico n.,,f.c. 3
2610037,16,2015-12-06T16:10:00,Strada Urbana,all'intersezione con,VIALE DEI QUATTRO VENTI,,Scontro frontale-laterale SX fra veicoli in marcia,Incrocio,Una carreggiata a doppio senso,Asciutto,Asfaltata,Verticale,Sereno,Scarso,Buona,Ore Diurne,0,0,0,3,12.45851,41.87951,True,z,VIA ANDREA BUSIRI VICI,VIA ANDREA BUSIRI VICI,
2609728,5,2015-12-06T16:25:00,Strada Urbana,in prossimitíæ,VIA SEBASTIANO SATTA,,Veicolo in marcia contro ostacolo fisso,Rettilineo,Una carreggiata a doppio senso,Asciutto,Asfaltata,Verticale ed orizzontale,Sereno,Scarso,Buona,Ore Diurne,0,0,0,0,12.551,41.90521,False,z,del civico n.,,7
2609753,5,2015-12-06T16:30:00,Strada Urbana,da specificare,VIALE PALMIRO TOGLIATTI,alt. rampa A24 dir. Prenestina,Tamponamento Multiplo,Rettilineo,Due carreggiate,Asciutto,Asfaltata,Verticale ed orizzontale,Nuvoloso,Normale,Sufficiente,Sufficiente,1,0,0,4,12.5726,41.90814,False,z,,,
2609833,10,2015-12-06T17:00:00,Strada Urbana,all'intersezione con,VIA TUSCOLANA,,Scontro laterale fra veicoli in marcia,Incrocio,Una carreggiata a doppio senso,Asciutto,Asfaltata,Verticale ed orizzontale,Sereno,Normale,Buona,Sufficiente,0,0,0,7,12.65399,41.8326,True,z,VIA DI VERMICINO,VIA DI VERMICINO,
2610522,12,2015-12-06T17:45:00,Strada Urbana,all'intersezione con,VIA LAURENTINA,,Scontro laterale fra veicoli in marcia,Intersezione semaforizzata,Due carreggiate,Asciutto,Asfaltata,Verticale ed orizzontale,Nuvoloso,Scarso,Buona,Sufficiente,0,0,0,4,12.47927,41.82458,False,z,VIA DI ACQUA ACETOSA OSTIENSE,VIA DI ACQUA ACETOSA OSTIENSE,
2611570,1,2015-12-06T17:45:00,Strada Urbana,in prossimitíæ,PIAZZA VITTORIO EMANUELE II,,Tamponamento,Rettilineo,Una carreggiata a doppio senso,Asciutto,Acciotolata,Verticale ed orizzontale,Sereno,Scarso,Buona,Sufficiente,1,0,0,1,12.50617,41.89397,True,z,del civico n.,,70
2609448,6,2015-12-06T18:00:00,Strada Urbana,all'intersezione con,VIA DI PORTONACCIO,,Scontro laterale fra veicoli in marcia,Incrocio,Due carreggiate,Asciutto,Asfaltata,Verticale ed orizzontale,Nuvoloso,Normale,Sufficiente,Sufficiente,0,0,0,3,12.54193,41.89303,True,z,VIA VERRIO FLACCO,VIA VERRIO FLACCO,
2609758,11,2015-12-06T18:05:00,Strada Urbana,da specificare,VIA ALBERTO ASCARI,alt. civ. n. 172,Investimento di pedone,Rettilineo,Una carreggiata a senso unico di marcia,Asciutto,Asfaltata,Verticale ed orizzontale,Sereno,Normale,Buona,Sufficiente,1,0,0,1,12.50549,41.83461,False,z,,,
2609040,2,2015-12-06T18:50:00,Strada Urbana,all'intersezione con,LUNGOTEVERE ARNALDO DA BRESCIA,,Scontro frontale-laterale DX fra veicoli in marcia,Intersezione semaforizzata,Una carreggiata a senso unico di marcia,Asciutto,Asfaltata,Verticale ed orizzontale,Nebbia,Normale,Sufficiente,Sufficiente,4,0,0,1,12.47261,41.9123,False,z,VIA DOMENICO ALBERTO AZUNI,VIA DOMENICO ALBERTO AZUNI,
2609748,6,2015-12-06T19:30:00,Strada Urbana,in prossimitíæ,VIA TARCENTO,,Scontro frontale-laterale DX fra veicoli in marcia,Rettilineo,Una carreggiata a senso unico di marcia,Asciutto,Asfaltata,Verticale,Sereno,Scarso,Buona,Sufficiente,0,0,0,3,12.56366,41.89898,False,z,del civico n.,,7
2609772,20,2015-12-06T20:50:00,Strada Urbana,all'intersezione con,VIA ISCHIA DI CASTRO,,Scontro frontale-laterale DX fra veicoli in marcia,Intersezione non regolata-non segnalata,Una carreggiata a doppio senso,Asciutto,Asfaltata,Assente,Sereno,Scarso,Buona,Sufficiente,0,0,0,3,,,False,z,VIA GALLESE,VIA GALLESE,
2609756,5,2015-12-06T21:00:00,Strada Urbana,all'intersezione con,VIA DEI CASTANI,,Veicolo in marcia contro veicolo arresto,Intersezione stradale segnalata,Una carreggiata a doppio senso,Asciutto,Asfaltata,Verticale ed orizzontale,Sereno,Scarso,Buona,Sufficiente,0,0,0,3,12.56684,41.88411,True,z,VIA DEI FAGGI,VIA DEI FAGGI,
2609747,7,2015-12-06T23:30:00,Strada Urbana,all'intersezione con,VIA DELLE AZALEE,,Scontro frontale-laterale SX fra veicoli in marcia,Incrocio,Una carreggiata a senso unico di marcia,Asciutto,Asfaltata,Verticale ed orizzontale,Sereno,Normale,Buona,Sufficiente,0,0,0,2,12.56913,41.87943,False,z,VIA DEI GLICINI,VIA DEI GLICINI,
2609846,10,2015-12-07T00:05:00,Strada Urbana,all'intersezione semaforizzata con,PIAZZA CAMILLO RE,,Scontro frontale-laterale DX fra veicoli in marcia,Incrocio,Una carreggiata a doppio senso,Bagnato (umiditíæ in atto),Asfaltata,Verticale ed orizzontale,Sereno,Scarso,Sufficiente,Sufficiente,0,0,0,2,12.51643,41.87655,True,z,CIRCONVALLAZIONE APPIA,CIRCONVALLAZIONE APPIA,
2609822,8,2015-12-07T00:15:00,Strada Urbana,in prossimitíæ,VIA PRENESTINA,,Tamponamento,Rettilineo,Una carreggiata a doppio senso,Asciutto,Asfaltata,Verticale ed orizzontale,Nuvoloso,Scarso,Buona,Sufficiente,0,0,0,3,12.6337,41.89255,False,z,del civico n.,,1240
2609952,1,2015-12-07T00:30:00,Strada Urbana,in prossimitíæ,VIA ARENULA,,Veicolo in marcia contro ostacolo accidentale,Rettilineo,Una carreggiata a senso unico di marcia,Asciutto,Asfaltata,Verticale ed orizzontale,Sereno,Scarso,Sufficiente,Sufficiente,0,0,0,0,,,False,z,del civico n.,,18
2609824,7,2015-12-07T01:20:00,Strada Urbana,in corrispondenza,VIALE PALMIRO TOGLIATTI,,Veicolo in marcia contro ostacolo accidentale,Rettilineo,Una carreggiata a senso unico di marcia,Asciutto,Asfaltata,Verticale ed orizzontale,Nebbia,Normale,Buona,Sufficiente,0,0,0,0,,,False,z,del civico n.,,714
2610534,3,2015-12-07T01:55:00,Strada Urbana,all'intersezione con,VIA DEI SARDI,,Scontro frontale-laterale SX fra veicoli in marcia,Incrocio,Una carreggiata a senso unico di marcia,Asciutto,Asfaltata,Verticale ed orizzontale,Sereno,Scarso,Sufficiente,Sufficiente,0,0,0,3,12.5155,41.89794,True,z,VIA DEI VOLSCI,VIA DEI VOLSCI,
2609920,1,2015-12-07T02:00:00,Strada Urbana,all'intersezione semaforizzata con,VIALE ENRICO DE NICOLA,,Scontro frontale-laterale DX fra veicoli in marcia,Intersezione semaforizzata,,Asciutto,Asfaltata,Verticale ed orizzontale,Sereno,Scarso,Sufficiente,Sufficiente,1,0,0,1,,,False,z,VIA MARSALA,VIA MARSALA,
2609897,8,2015-12-07T05:30:00,Strada Urbana,da specificare,VIA COLLATINA,100 MT PRIMA VIA DI SALONE DIR. FUORI RM,Veicolo in marcia contro ostacolo accidentale,Rettilineo,Una carreggiata a doppio senso,Asciutto,Strada pavimentata dissestata,Verticale ed orizzontale,Nuvoloso,Normale,Sufficiente,Sufficiente,0,0,0,1,12.61053,41.90604,True,z,,,
2611673,7,2015-12-07T06:50:00,Strada Urbana,all'intersezione con,VIA PRENESTINA,,Scontro laterale fra veicoli in marcia,Intersezione stradale segnalata,Una carreggiata a doppio senso,Asciutto,Asfaltata,Verticale,Sereno,Scarso,Buona,Sufficiente,0,0,0,3,12.5924,41.89454,False,z,VIA DI TOR TRE TESTE,VIA DI TOR TRE TESTE,
2610046,1,2015-12-07T06:55:00,Strada Urbana,all'intersezione semaforizzata con,PONTE SUBLICIO,,Scontro frontale-laterale DX fra veicoli in marcia,Intersezione semaforizzata,Una carreggiata a doppio senso,Asciutto,Asfaltata,Verticale ed orizzontale,Nuvoloso,Normale,Buona,Ore Diurne,1,0,0,1,,,False,z,LUNGOTEVERE TESTACCIO,LUNGOTEVERE TESTACCIO,
2606632,1,2015-12-07T08:00:00,Strada Urbana,all'intersezione con,VIA DI S. GIOVANNI IN LATERANO,,Scontro frontale-laterale SX fra veicoli in marcia,Intersezione stradale segnalata,Una carreggiata a doppio senso,Asciutto,In cubetti di porfido,Verticale ed orizzontale,Sereno,Normale,Buona,Ore Diurne,0,0,0,3,12.50044,41.8882,False,z,VIA DEI QUERCETI,VIA DEI QUERCETI,
2612108,1,2015-12-07T08:03:00,Strada Urbana,in prossimitíæ,PIAZZA BENEDETTO CAIROLI,,Veicolo in marcia contro ostacolo accidentale,Rettilineo,Una carreggiata a senso unico di marcia,Viscido da liquidi oleosi,In cubetti di porfido,Assente,Sereno,Scarso,Buona,Ore Diurne,0,0,0,2,,,False,z,del civico n.,,120
2611785,11,2015-12-07T08:40:00,Strada Urbana,in prossimitíæ,VIA DI VIGNA MURATA,,Veicolo in marcia contro ostacolo fisso,Rettilineo,Due carreggiate,Asciutto,Asfaltata,Orizzontale,Sereno,Normale,Buona,Ore Diurne,0,0,0,5,12.49615,41.82683,True,z,del civico n.,,175
2611971,18,2015-12-07T08:40:00,Strada Urbana,all'intersezione semaforizzata con,PIAZZA PIO XI,,Scontro frontale-laterale DX fra veicoli in marcia,Intersezione semaforizzata,Pií_ di due carreggiate,Asciutto,Asfaltata,Verticale ed orizzontale,Sereno,Normale,Buona,Ore Diurne,1,0,0,1,12.4375,41.89412,True,z,VIA GREGORIO VII,VIA GREGORIO VII,
2609867,20,2015-12-07T08:45:00,Strada Urbana,all'intersezione con,VIA AL SESTO MIGLIO,,Scontro frontale-laterale DX fra veicoli in marcia,Incrocio,Una carreggiata a doppio senso,Asciutto,Asfaltata,Verticale ed orizzontale,Sereno,Normale,Buona,Ore Diurne,1,0,0,3,,,False,z,VIA LUBRIANO,VIA LUBRIANO,
2612325,2,2015-12-07T08:50:00,Strada Urbana,in corrispondenza,VIALE LIEGI,,Tamponamento,Rettilineo,Una carreggiata a senso unico di marcia,Asciutto,Asfaltata,Verticale ed orizzontale,Sereno,Normale,Buona,Ore Diurne,0,0,0,2,12.4948,41.92177,True,z,del civico n.,,50
2612170,4,2015-12-07T09:00:00,,in prossimitíæ,VIA SALARIA,,Fuoriuscita dalla sede stradale,,,,,,,,,,0,0,0,1,12.50624,41.96289,False,z,della chilometrica,,19.5
2610888,8,2015-12-07T09:00:00,Strada Urbana,in prossimitíæ,VIA DELL'ACQUA VERGINE,,Fuoriuscita dalla sede stradale,Curva a visuale libera,Una carreggiata a doppio senso,Asciutto,Asfaltata,Orizzontale,Sereno,Scarso,Buona,Ore Diurne,0,0,0,1,12.62592,41.89616,False,z,del palo luce n.,,38
2612132,1,2015-12-07T09:08:00,Strada Urbana,all'intersezione semaforizzata con,VIA ARENULA,,Veicolo in marcia contro ostacolo accidentale,Intersezione semaforizzata,Due carreggiate,Viscido da liquidi oleosi,Asfaltata,Verticale ed orizzontale,Sereno,Normale,Buona,Ore Diurne,0,0,0,1,,,False,z,LARGO DI TORRE ARGENTINA,LARGO DI TORRE ARGENTINA,
2611741,11,2015-12-07T10:00:00,Strada Urbana,in corrispondenza,VIA CRISTOFORO COLOMBO,,Scontro frontale-laterale SX fra veicoli in marcia,Rettilineo,Una carreggiata a senso unico di marcia,Asciutto,Asfaltata,Verticale ed orizzontale,Sereno,Normale,Buona,Ore Diurne,0,0,0,2,12.44704,41.80373,True,z,del palo luce n.,,189
2612773,23,2015-12-07T10:15:00,Strada Urbana,in prossimitíæ,VIA CRISTOFORO COLOMBO,,Tamponamento Multiplo,Rettilineo,Pií_ di due carreggiate,Asciutto,Asfaltata,Verticale ed orizzontale,Sereno,Normale,Buona,Ore Diurne,1,0,0,2,12.39532,41.7746,True,z,della chilometrica,,18.1
2610183,12,2015-12-07T10:15:00,Strada Urbana,all'intersezione con,VIA MATTEO BARTOLI,,Scontro frontale-laterale DX fra veicoli in marcia,Incrocio,Una carreggiata a doppio senso,Asciutto,Asfaltata,Verticale ed orizzontale,Sereno,Normale,Buona,Ore Diurne,1,0,0,3,12.48889,41.81846,False,z,VIA DELLA DIVISIONE TORINO,VIA DELLA DIVISIONE TORINO,
2610892,8,2015-12-07T10:20:00,Strada Urbana,in prossimitíæ,VIA DEI RUDERI DI TORRENOVA,,Veicolo in marcia contro veicolo fermo,Rettilineo,Una carreggiata a doppio senso,Asciutto,Asfaltata,Verticale,Sereno,Normale,Buona,Ore Diurne,1,0,0,3,12.60454,41.86519,False,z,del civico n.,,9
2610018,20,2015-12-07T10:20:00,Provinciale entro l'abitato,in corrispondenza,VIA DI VALLE MURICANA,,Scontro laterale fra veicoli in marcia,Curva a visuale libera,Una carreggiata a doppio senso,Asciutto,Asfaltata,Orizzontale,Sereno,Normale,Buona,Ore Diurne,1,0,0,2,,,False,z,del civico n.,,559
2612419,17,2015-12-07T10:35:00,Strada Urbana,in corrispondenza,VIA ENNIO QUIRINO VISCONTI,,Veicolo in marcia contro veicolo arresto,Rettilineo,Una carreggiata a senso unico di marcia,Asciutto,Asfaltata,Verticale ed orizzontale,Nuvoloso,Normale,Buona,Ore Diurne,0,0,0,5,12.46811,41.90708,True,z,del civico n.,,97A
2610531,3,2015-12-07T10:50:00,Strada Urbana,da specificare,VIA DEI MARSI,altezza via degli Apuli,Tamponamento,Rettilineo,Una carreggiata a senso unico di marcia,Asciutto,Asfaltata,Verticale ed orizzontale,Sereno,Scarso,Buona,Ore Diurne,0,0,0,4,12.51565,41.89629,True,z,,,
2611798,11,2015-12-07T10:50:00,Strada Urbana,all'intersezione con,VIA EFESO,,Investimento di pedone,Intersezione stradale segnalata,Una carreggiata a senso unico di marcia,Asciutto,Asfaltata,Verticale,Sereno,Normale,Buona,Ore Diurne,1,0,0,1,12.47457,41.85434,False,z,VIA DAMASCO,VIA DAMASCO,
2611667,11,2015-12-07T10:50:00,Strada Urbana,all'intersezione con,VIA DELLA VILLA DI LUCINA,,Scontro frontale fra veicoli in marcia,Incrocio,Una carreggiata a doppio senso,Asciutto,Asfaltata,Verticale ed orizzontale,Sereno,Normale,Insufficiente,Ore Diurne,0,0,0,2,12.48504,41.85716,False,z,VIA COSTANTINO,VIA COSTANTINO,
2611598,7,2015-12-07T11:00:00,Strada Urbana,in corrispondenza,VIA DELLA RUSTICA,,Veicolo in marcia contro veicolo fermo,Rettilineo,Una carreggiata a doppio senso,Asciutto,Asfaltata,Assente,Sereno,Normale,Buona,Ore Diurne,0,0,0,2,12.60924,41.91329,True,z,del civico n.,,246
2610193,2,2015-12-07T11:10:00,Strada Urbana,da specificare,VIA ANTONIO BERTOLONI,fronte civico 8,Scontro frontale-laterale SX fra veicoli in marcia,Rettilineo,Una carreggiata a doppio senso,Asciutto,Asfaltata,Verticale ed orizzontale,Sereno,Normale,Buona,Ore Diurne,1,0,0,1,,,False,z,,,
2612137,4,2015-12-07T11:20:00,,in prossimitíæ,VIA DELLE VIGNE NUOVE,,Investimento di pedone,,,,,,,,,,1,0,0,1,12.53668,41.95146,False,z,del civico n.,,232
2611033,5,2015-12-07T11:30:00,Strada Urbana,in prossimitíæ,VIA GRISOLIA,,Veicolo in marcia contro ostacolo accidentale,Rettilineo,Una carreggiata a doppio senso,Asciutto,Asfaltata,Assente,Sereno,Scarso,Buona,Ore Diurne,0,0,0,1,12.6187,41.83214,True,z,del civico n.,,118
2610417,15,2015-12-07T11:30:00,Strada Urbana,all'intersezione con,VIA NARCAO,,Scontro frontale fra veicoli in marcia,Incrocio,Una carreggiata a doppio senso,Asciutto,Asfaltata,Assente,Sereno,Scarso,Buona,Ore Diurne,0,0,0,2,12.35634,41.8333,True,z,VIA SENORBI,VIA SENORBI,
2610293,2,2015-12-07T12:10:00,Strada Urbana,in prossimitíæ,VIA TRIPOLITANIA,,Investimento di pedone,Rettilineo,Una carreggiata a senso unico di marcia,Asciutto,Asfaltata,Verticale ed orizzontale,Sereno,Normale,Buona,Ore Diurne,1,0,0,1,,,False,z,del civico n.,,100