_ID,_Gruppo,_DataOraIncidente,_Localizzazione1,_Localizzazione2,_Strada1,_DaSpecificare,_NaturaIncidente,_ParticolaritaStrade,_TipoStrada,_FondoStradale,_Pavimentazione,_Segnaletica,_CondizioneAtmosferica,_Traffico,_Visibilita,_Illuminazione,_NUM_FERITI,_NUM_RISERVATA,_NUM_MORTI,_NUM_ILLESI,_Longitudine,_Latitudine,_CONFERMATO,__prefix,_Strada02,_Strada2,_Chilometrica
2611834,4,2015-12-07T12:25:00,Strada Urbana,in prossimitíæ,VIALE JONIO,,Veicolo in marcia contro ostacolo fisso,Rettilineo,Una carreggiata a senso unico di marcia,Asciutto,Con buche,Verticale ed orizzontale,Nuvoloso,Normale,Buona,Ore Diurne,0,0,0,2,12.53456,41.94499,True,z,del civico n.,,206
2611739,11,2015-12-07T12:25:00,Strada Urbana,in prossimitíæ,VIA OSTIENSE,,Scontro laterale fra veicoli in marcia,Rettilineo,Pií_ di due carreggiate,Asciutto,Asfaltata,Verticale ed orizzontale,Sereno,Normale,Buona,Ore Diurne,1,0,0,3,12.47825,41.85905,False,z,del civico n.,,251
2610598,13,2015-12-07T12:30:00,Strada Urbana,all'intersezione con,VIA DEL FOSSO DI DRAGONCELLO,,Scontro frontale-laterale SX fra veicoli in marcia,Incrocio,Una carreggiata a doppio senso,Asciutto,Asfaltata,Verticale ed orizzontale,Nuvoloso,Normale,Buona,Ore Diurne,0,0,0,3,12.32494,41.76682,True,z,VIA DI SAPONARA,VIA DI SAPONARA,
2610277,10,2015-12-07T13:00:00,Strada Urbana,all'intersezione con,VIA SANDRO PENNA,,Scontro laterale fra veicoli in marcia,Intersezione stradale segnalata,Una carreggiata a doppio senso,Asciutto,Asfaltata,Verticale ed orizzontale,Sereno,Normale,Buona,Ore Diurne,0,0,0,2,12.62274,41.8417,True,z,VIA DI TOR VERGATA,VIA DI TOR VERGATA,
2612548,17,2015-12-07T14:20:00,Strada Urbana,all'intersezione con,VIA DUILIO,,Veicolo in marcia contro veicoli in sosta,Intersezione stradale segnalata,Una carreggiata a senso unico di marcia,Asciutto,Asfaltata,Verticale ed orizzontale,Nuvoloso,Normale,Buona,Ore Diurne,0,0,0,3,12.46419,41.91007,True,z,VIA DEGLI SCIPIONI,VIA DEGLI SCIPIONI,
2612151,1,2015-12-07T14:20:00,Strada Urbana,all'intersezione con,LARGO BRANCACCIO,,Investimento di pedone,Intersezione non regolata-non segnalata,Una carreggiata a doppio senso,Asciutto,Asfaltata,Verticale ed orizzontale,Nuvoloso,Normale,Buona,Ore Diurne,1,0,0,1,12.49921,41.89505,False,z,VIA GIOVANNI LANZA,VIA GIOVANNI LANZA,
2611758,4,2015-12-07T14:45:00,Strada Urbana,in corrispondenza,VIALE JONIO,,Scontro laterale fra veicoli in marcia,Rettilineo,Due carreggiate,Asciutto,Asfaltata,Verticale,Sereno,Normale,Buona,Ore Diurne,0,0,0,3,12.52934,41.94605,True,z,del civico n.,,324
2610632,7,2015-12-07T15:00:00,Strada Urbana,da specificare,VIA MURACCIO DI RISCHIARO,in prossimitíæ di via Prenestina,Scontro laterale fra veicoli in marcia,Rettilineo,Una carreggiata a senso unico di marcia,Asciutto,Asfaltata,Assente,Sereno,Normale,Buona,Ore Diurne,0,0,0,3,12.60636,41.89335,True,z,,,
2610581,6,2015-12-07T15:00:00,Strada Urbana,all'intersezione con,VIA RICCARDO PITTERI,,Veicolo in marcia contro veicolo in sosta,Incrocio,Una carreggiata a senso unico di marcia,Asciutto,Asfaltata,Verticale,Nuvoloso,Scarso,Buona,Ore Diurne,0,0,0,1,12.5485,41.89426,True,z,VIA ATTILIO HORTIS,VIA ATTILIO HORTIS,
2610893,8,2015-12-07T15:15:00,Strada Urbana,in prossimitíæ,VIA ROMETTA,,Veicolo in marcia contro veicoli in sosta,Pendenza,Una carreggiata a doppio senso,Asciutto,Asfaltata,Orizzontale,Sereno,Scarso,Buona,Ore Diurne,2,0,0,0,12.67957,41.8677,False,z,del civico n.,,118
2610895,8,2015-12-07T15:30:00,Strada Urbana,da specificare,VIALE DUILIO CAMBELLOTTI,altezza via O. Placidi,Veicolo in marcia contro ostacolo accidentale,Rettilineo,Due carreggiate,Asciutto,Asfaltata,Verticale ed orizzontale,Nuvoloso,Normale,Buona,Ore Diurne,0,0,0,1,12.62935,41.86719,True,z,,,
2611596,9,2015-12-07T15:30:00,,in corrispondenza,VIA CARLO SIGONIO,,Veicolo in marcia contro veicolo in sosta,,,,,,,,,,0,0,0,0,12.52094,41.87435,False,z,del civico n.,,51-53
2611743,1,2015-12-07T15:30:00,Strada Urbana,all'intersezione con,PIAZZA VITTORIO EMANUELE II,,Investimento di pedone,Incrocio,Pií_ di due carreggiate,Asciutto,Asfaltata,Verticale ed orizzontale,Sereno,Normale,Buona,Ore Diurne,1,0,0,1,12.50428,41.89552,False,z,VIA MAMIANI,VIA MAMIANI,
2610414,20,2015-12-07T15:30:00,,all'intersezione semaforizzata con,VIA CASSIA,,Veicolo in marcia contro ostacolo accidentale,,,,,,,,,,3,0,0,1,,,False,z,VIA MASSAROSA,VIA MASSAROSA,
2610896,8,2015-12-07T15:31:00,Strada Urbana,da specificare,VIALE DUILIO CAMBELLOTTI,altezza via O. Placidi,Veicolo in marcia contro ostacolo accidentale,Rettilineo,Due carreggiate,Asciutto,Asfaltata,Verticale ed orizzontale,Nuvoloso,Normale,Buona,Ore Diurne,0,0,0,1,12.62935,41.86719,True,z,,,
2610623,7,2015-12-07T15:45:00,Strada Urbana,da specificare,VIA FRANCESCO TOVAGLIERI,in prossimitíæ di via Angelo Viscogliosi,Tamponamento,Curva a visuale libera,Una carreggiata a doppio senso,Asciutto,Asfaltata,Verticale ed orizzontale,Sereno,Normale,Buona,Ore Diurne,1,0,0,2,12.5909,41.8818,True,z,,,
2612121,17,2015-12-07T15:45:00,Strada Urbana,all'intersezione semaforizzata con,VIA BARLETTA,,Veicolo in marcia contro veicolo fermo,Intersezione semaforizzata,Pií_ di due carreggiate,Asciutto,Asfaltata,Verticale ed orizzontale,Nuvoloso,Normale,Sufficiente,Ore Diurne,0,0,0,1,12.45804,41.90952,False,z,VIALE GIULIO CESARE,VIALE GIULIO CESARE,
2612013,16,2015-12-07T16:00:00,Strada Urbana,in prossimitíæ,VIA AURELIA ANTICA,,Veicolo in marcia contro ostacolo fisso,Curva a visuale libera,Una carreggiata a doppio senso,Asciutto,Asfaltata,Verticale,Sereno,Normale,Buona,Ore Diurne,2,0,0,1,12.45751,41.88737,False,z,del civico n.,,34
2611719,13,2015-12-07T16:40:00,Strada Urbana,in corrispondenza,VIA MARIO CAROTENUTO,,Scontro frontale-laterale SX fra veicoli in marcia,Curva a visuale libera,Una carreggiata a doppio senso,Asciutto,Asfaltata,Verticale ed orizzontale,Sereno,Normale,Buona,Sufficiente,0,0,0,3,12.39161,41.78977,True,z,del civico n.,,34
2613460,12,2015-12-07T17:25:00,Strada Urbana,da specificare,PIAZZALE DEI MILITARI CADUTI NEI LAGER,altezza via Casali di Tor Pagnotta,Scontro laterale fra veicoli in marcia,Rettilineo,Una carreggiata a doppio senso,Asciutto,Asfaltata,Assente,Nuvoloso,Scarso,Sufficiente,Inesistente,0,0,0,2,12.48324,41.8006,True,z,,,
2611348,15,2015-12-07T17:30:00,Strada Urbana,in corrispondenza,PIAZZA AUGUSTO LORENZINI,,Scontro laterale fra veicoli in marcia,Rettilineo,Una carreggiata a senso unico di marcia,Asciutto,Asfaltata,Verticale ed orizzontale,Nevicata in atto,Normale,Buona,Sufficiente,0,0,0,3,12.45036,41.85556,True,z,del civico n.,,6
2612264,2,2015-12-07T18:00:00,Strada Urbana,all'intersezione con,PIAZZALE ANKARA,,Tamponamento,Intersezione semaforizzata,Una carreggiata a senso unico alternato,Asciutto,Asfaltata,Verticale,Sereno,Normale,Buona,Sufficiente,0,0,0,2,12.47187,41.92414,True,z,VIALE MARESCIALLO PILSUDSKI,VIALE MARESCIALLO PILSUDSKI,
2610866,6,2015-12-07T18:00:00,Strada Urbana,all'intersezione con,VIA DEGLI ANGELI,,Tamponamento,Incrocio,Una carreggiata a doppio senso,Asciutto,Asfaltata,Verticale ed orizzontale,Nuvoloso,Normale,Buona,Sufficiente,0,0,0,2,12.54744,41.87252,True,z,VIA DEI CICERI,VIA DEI CICERI,
2610897,8,2015-12-07T20:00:00,Strada Urbana,da specificare,VIA DI TOR BELLA MONACA,prossimitíæ semaforo pedonale altezza Parasacchi,Veicolo in marcia contro ostacolo accidentale,Rettilineo,Due carreggiate,Asciutto,Asfaltata,Verticale ed orizzontale,Sereno,Normale,Sufficiente,Sufficiente,0,0,0,2,12.62546,41.87778,True,z,,,
2611822,10,2015-12-07T20:20:00,Strada Urbana,all'intersezione con,VIA SAVONA,,Scontro laterale fra veicoli in marcia,Incrocio,Due carreggiate,Asciutto,Asfaltata,Verticale ed orizzontale,Sereno,Scarso,Sufficiente,Sufficiente,0,0,0,3,12.52046,41.8871,False,z,VIA LA SPEZIA,VIA LA SPEZIA,
2611268,16,2015-12-07T20:45:00,Strada Urbana,all'intersezione con,VIA DEGLI ALDOBRANDESCHI,,Scontro laterale fra veicoli in marcia,Intersezione non regolata-non segnalata,Una carreggiata a doppio senso,Asciutto,Asfaltata,Verticale ed orizzontale,Sereno,Scarso,Buona,Sufficiente,0,0,0,4,12.4506,41.90619,False,z,VIA SASSELLO,VIA SASSELLO,
2611031,5,2015-12-07T21:00:00,,da specificare,PIAZZALE DELLA STAZIONE TIBURTINA,altezza box COTRAL,Investimento di pedone,,,,,,,,,,1,0,0,0,12.53047,41.90982,False,z,,,
2611737,11,2015-12-07T21:20:00,Strada Urbana,in prossimitíæ,VIALE DEL CAMPO BOARIO,,Infortunio per caduta del veicolo,Rettilineo,Una carreggiata a doppio senso,Viscido da liquidi oleosi,Asfaltata,Verticale,Nuvoloso,Scarso,Sufficiente,Sufficiente,2,0,0,0,12.4759,41.87366,True,z,del civico n.,,60
2611919,1,2015-12-07T21:30:00,,in prossimitíæ,VIALE DI TRASTEVERE,,Scontro frontale-laterale SX fra veicoli in marcia,,,,,,,,,,1,0,0,2,,,False,z,del civico n.,,81
2618442,18,2015-12-07T21:40:00,Statale,in prossimitíæ,VIA AURELIA,,Scontro laterale fra veicoli in marcia,Rettilineo,Due carreggiate,Asciutto,Asfaltata,Verticale ed orizzontale,Sereno,Normale,Buona,Sufficiente,0,0,0,4,12.41273,41.89051,False,z,della chilometrica,,10.8
2612079,17,2015-12-07T21:40:00,Strada Urbana,all'intersezione semaforizzata con,CIRCONVALLAZIONE CLODIA,,Scontro frontale-laterale SX fra veicoli in marcia,Intersezione semaforizzata,Due carreggiate,Asciutto,Asfaltata,Verticale ed orizzontale,Nuvoloso,Normale,Buona,Sufficiente,1,0,0,1,12.45668,41.91899,True,z,VIA DURAZZO,VIA DURAZZO,
2611602,9,2015-12-07T22:00:00,,all'intersezione semaforizzata con,VIA BRITANNIA,,Scontro laterale fra veicoli in marcia,,,,,,,,,,1,0,0,2,,,False,z,PIAZZA TUSCOLO,PIAZZA TUSCOLO,
2610902,8,2015-12-07T22:15:00,Strada Urbana,all'intersezione con,VIA GIORGIO GRAPPELLI,,Veicolo in marcia contro ostacolo accidentale,Incrocio,Due carreggiate,Asciutto,Con buche,Verticale ed orizzontale,Sereno,Scarso,Insufficiente,Insufficiente,0,0,0,4,,,False,z,PIAZZA LORENZO NOTTOLINI,PIAZZA LORENZO NOTTOLINI,
2610904,8,2015-12-07T23:00:00,Strada Urbana,in corrispondenza,VIA GIORGIO GRAPPELLI,,Veicolo in marcia contro ostacolo accidentale,Curva a visuale libera,Due carreggiate,Asciutto,Con buche,Verticale ed orizzontale,Sereno,Scarso,Sufficiente,Sufficiente,0,0,0,2,,,False,z,del palo luce n.,,5
2611823,1,2015-12-07T23:40:00,Strada Urbana,all'intersezione semaforizzata con,VIA CRISTOFORO COLOMBO,,Scontro frontale-laterale SX fra veicoli in marcia,Intersezione semaforizzata,Pií_ di due carreggiate,Asciutto,Asfaltata,Verticale ed orizzontale,Sereno,Scarso,Sufficiente,Sufficiente,4,0,0,1,,,False,z,VIALE DI PORTA ARDEATINA,VIALE DI PORTA ARDEATINA,
2612296,2,2015-12-07T23:50:00,Strada Urbana,all'intersezione con,VIA GIULIO GAUDINI,,Veicolo in marcia contro ostacolo fisso,Rotatoria,Una carreggiata a senso unico di marcia,Asciutto,Asfaltata,Verticale ed orizzontale,Nuvoloso,Scarso,Buona,Sufficiente,0,0,0,1,12.47642,41.93039,True,z,VIALE PIETRO DE COUBERTIN,VIALE PIETRO DE COUBERTIN,
2612189,12,2015-12-07T23:50:00,Strada Urbana,da specificare,VIA DELLE SETTE CHIESE,in corrispondenza con via Ardeatina,Scontro frontale-laterale DX fra veicoli in marcia,Rettilineo,Una carreggiata a doppio senso,Asciutto,Asfaltata,Verticale,Sereno,Scarso,Buona,Sufficiente,0,0,0,2,12.49735,41.85978,True,z,,,
2611794,17,2015-12-08T00:00:00,Strada Urbana,in corrispondenza,VIA DI PORTA CASTELLO,,Veicolo in marcia contro veicoli in sosta,Rettilineo,Una carreggiata a senso unico di marcia,Asciutto,Asfaltata,Verticale ed orizzontale,Sereno,Scarso,Buona,Sufficiente,0,0,0,0,12.46309,41.90438,False,z,del civico n.,,20
2610877,6,2015-12-08T01:10:00,Strada Urbana,all'intersezione semaforizzata con,VIA PRENESTINA,,Scontro frontale-laterale SX fra veicoli in marcia,Intersezione semaforizzata,Due carreggiate,Asciutto,Asfaltata,Verticale ed orizzontale,Sereno,Scarso,Sufficiente,Sufficiente,0,0,0,4,,,False,z,VIALE GIOVANNI BATTISTA VALENTE,VIALE GIOVANNI BATTISTA VALENTE,
2611606,9,2015-12-08T02:00:00,,all'intersezione con,VIA ROCCA DI PAPA,,Scontro frontale-laterale SX fra veicoli in marcia,,,,,,,,,,0,0,0,6,,,False,z,VIA GENZANO,VIA GENZANO,
2612791,23,2015-12-08T04:00:00,Strada Urbana,in corrispondenza,VIA DI MALAFEDE,,Fuoriuscita dalla sede stradale,Curva a visuale libera,Una carreggiata a doppio senso,Asciutto,Asfaltata,Verticale ed orizzontale,Nuvoloso,Scarso,Sufficiente,Sufficiente,0,0,0,2,12.40305,41.76871,True,z,del palo luce n.,,34
2611350,15,2015-12-08T04:40:00,,in prossimitíæ,VIA ALBERTO MANCINI,,Veicolo in marcia contro ostacolo fisso,,,,,,,,,,2,0,0,2,12.45516,41.8561,False,z,del civico n.,,61
2611278,16,2015-12-08T05:30:00,Strada Urbana,in prossimitíæ,VIA PORTUENSE,,Scontro frontale-laterale SX fra veicoli in marcia,Sottopasso non illuminato,Una carreggiata a doppio senso,Asciutto,Asfaltata,Assente,Nuvoloso,Scarso,Sufficiente,Sufficiente,1,0,0,2,12.46079,41.86604,False,z,del civico n.,,226
2610883,1,2015-12-08T06:15:00,Strada Urbana,in corrispondenza,VIA DELL'AMBA ARADAM,,Veicolo in marcia contro veicoli in sosta,Rettilineo,Una carreggiata a doppio senso,Asciutto,Asfaltata,Verticale ed orizzontale,Nuvoloso,Scarso,Buona,Ore Diurne,1,0,0,1,12.50018,41.88377,False,z,del civico n.,,22
2610915,10,2015-12-08T06:55:00,Strada Urbana,in corrispondenza,VIALE LUIGI SCHIAVONETTI,,Veicolo in marcia contro ostacolo accidentale,Rettilineo,Una carreggiata a senso unico di marcia,Asciutto,Asfaltata,Orizzontale,Nuvoloso,Scarso,Buona,Ore Diurne,0,0,0,1,12.61785,41.84511,True,z,del civico n.,,290
2611130,12,2015-12-08T08:00:00,Comunale extraurbana,in prossimitíæ,VIA DI TRIGORIA,,Veicolo in marcia contro ostacolo fisso,Rettilineo,Una carreggiata a doppio senso,Asciutto,Asfaltata,Orizzontale,Nuvoloso,Scarso,Buona,Ore Diurne,1,0,0,0,12.45757,41.72346,False,z,del civico n.,,321
2612182,1,2015-12-08T08:30:00,Strada Urbana,da specificare,LUNGOTEVERE DEI VALLATI,in prossimitíæ VIA DEL CONSERVATORIO,Veicolo in marcia contro ostacolo accidentale,Curva a visuale libera,Una carreggiata a senso unico di marcia,Bagnato (umiditíæ in atto),Asfaltata,Verticale ed orizzontale,Nuvoloso,Scarso,Buona,Ore Diurne,0,0,0,1,,,False,z,,,
2611683,11,2015-12-08T08:30:00,Strada Urbana,in prossimitíæ,VIA DELLE CONCE,,Veicolo in marcia contro veicoli in sosta,Rettilineo,Una carreggiata a doppio senso,Asciutto,Asfaltata,Verticale ed orizzontale,Sereno,Normale,Buona,Ore Diurne,0,0,0,1,12.47856,41.87253,False,z,del civico n.,,1
2612386,3,2015-12-08T08:50:00,,da specificare,VIALE DELLO SCALO S. LORENZO,altezza Largo Talamo direzione Porta Maggiore,Tamponamento,,,,,,,,,,1,0,0,1,,,False,z,,,
2611912,13,2015-12-08T09:00:00,Strada Urbana,in corrispondenza,LUNGOMARE DUCA DEGLI ABRUZZI,,Scontro laterale fra veicoli in marcia,Rettilineo,Una carreggiata a doppio senso,Bagnato (pioggia),Asfaltata,Orizzontale,Pioggia in atto,Scarso,Buona,Ore Diurne,0,0,0,2,12.26073,41.73487,True,z,del civico n.,,26
2611153,12,2015-12-08T10:00:00,Strada Urbana,da specificare,VIA CRISTOFORO COLOMBO,altezza sottovia Pontina,Veicolo in marcia contro ostacolo fisso,Curva senza visuale libera,Una carreggiata a senso unico di marcia,Asciutto,Asfaltata,Verticale ed orizzontale,Nuvoloso,Normale,Buona,Ore Diurne,1,0,0,0,12.45994,41.81181,False,z,,,
2611724,19,2015-12-08T10:20:00,Strada Urbana,in prossimitíæ,VIA BRACCIANENSE NUOVA,,Veicolo in marcia contro ostacolo fisso,Rettilineo,Una carreggiata a doppio senso,Bagnato (pioggia),Asfaltata,Orizzontale,Nuvoloso,Scarso,Buona,Ore Diurne,0,0,0,1,12.29673,42.03117,True,z,della chilometrica,,0.3
2611864,2,2015-12-08T10:35:00,Strada Urbana,da specificare,VIALE TIZIANO,fronte civico 2-C,Tamponamento,Rettilineo,Una carreggiata a senso unico di marcia,Asciutto,Asfaltata,Assente,Sereno,Scarso,Buona,Ore Diurne,0,1,0,1,12.47354,41.91919,False,z,,,
2611351,15,2015-12-08T10:40:00,,in corrispondenza,VIA PORTUENSE,,Veicolo in marcia contro ostacolo fisso,,,,,,,,,,1,0,0,0,12.34439,41.81756,False,z,del civico n.,,1349
2611284,16,2015-12-08T11:30:00,,in corrispondenza,VIA DELLA MAGLIANA,,Scontro frontale-laterale SX fra veicoli in marcia,,,,,,,,,,0,0,0,2,,,False,z,del civico n.,,424
2611608,9,2015-12-08T12:00:00,,all'intersezione con,VIA CERVETERI,,Investimento di pedone,,,,,,,,,,1,0,0,1,12.51324,41.88166,False,z,PIAZZA DEI RE DI ROMA,PIAZZA DEI RE DI ROMA,
2611632,9,2015-12-08T12:40:00,,da specificare,VIA APPIA NUOVA,fronte viale furio camillo,Tamponamento,,,,,,,,,,1,0,0,2,12.5516,41.83656,False,z,,,
2612139,4,2015-12-08T12:45:00,Strada Urbana,all'intersezione con,VIA RADICOFANI,,Scontro laterale fra veicoli in marcia,Intersezione non regolata-non segnalata,Una carreggiata a doppio senso,Asciutto,Asfaltata,Verticale,Nuvoloso,Normale,Buona,Ore Diurne,0,0,0,2,12.5154,41.97272,True,z,VIA PRATOVECCHIO,VIA PRATOVECCHIO,
2611684,9,2015-12-08T13:40:00,Strada Urbana,da specificare,PIAZZA RAGUSA,prossimitíæ via taranto,Scontro frontale-laterale DX fra veicoli in marcia,Rotatoria,Una carreggiata a senso unico di marcia,Asciutto,Asfaltata,Verticale ed orizzontale,Nuvoloso,Scarso,Buona,Ore Diurne,0,0,0,2,12.52259,41.88167,True,z,,,
2611651,8,2015-12-08T13:45:00,Strada Urbana,in prossimitíæ,VIA COLLATINA,,Veicolo in marcia contro ostacolo accidentale,Curva a visuale libera,Una carreggiata a doppio senso,Asciutto,Con buche,Orizzontale,Sereno,Scarso,Buona,Ore Diurne,0,0,0,2,12.6647,41.9218,True,z,del civico n.,,960
2613746,12,2015-12-08T14:00:00,Strada Urbana,all'intersezione con,VIALE AFRICA,,Scontro frontale-laterale SX fra veicoli in marcia,Incrocio,Una carreggiata a doppio senso,Asciutto,Asfaltata,Verticale ed orizzontale,Nuvoloso,Scarso,Buona,Ore Diurne,0,0,0,2,12.47405,41.82493,True,z,VIA DELLE MONTAGNE ROCCIOSE,VIA DELLE MONTAGNE ROCCIOSE,
2611417,13,2015-12-08T14:40:00,Strada Urbana,in prossimitíæ,VIA ANTONIO ZOTTI,,Tamponamento,Rettilineo,Una carreggiata a doppio senso,Bagnato (pioggia),Asfaltata,Verticale ed orizzontale,Pioggia in atto,Scarso,Buona,Ore Diurne,0,0,0,5,12.26782,41.73742,False,z,del civico n.,,11
2611696,10,2015-12-08T15:50:00,,in corrispondenza,VIA DELLE CAPANNELLE,,Investimento di pedone,,,,,,,,,,1,0,0,1,,,False,z,del palo luce n.,,91
2611671,8,2015-12-08T16:00:00,,in prossimitíæ,VIA DI VERMICINO,,Scontro laterale fra veicoli in marcia,,,,,,,,,,0,0,0,4,,,False,z,del civico n.,,75
2611770,10,2015-12-08T16:25:00,,in corrispondenza,VIA LIVIO SALINATORE,,Scontro laterale fra veicoli in marcia,,,,,,,,,,0,0,0,2,,,False,z,del civico n.,,18
2614683,8,2015-12-08T18:00:00,Strada Urbana,da specificare,VIALE DUILIO CAMBELLOTTI,inversione di marcia,Veicolo in marcia contro ostacolo accidentale,Rettilineo,Due carreggiate,Asciutto,Strada pavimentata dissestata,Verticale ed orizzontale,Sereno,Normale,Sufficiente,Insufficiente,0,0,0,1,,,False,z,,,
2611445,15,2015-12-08T18:15:00,Strada Urbana,in prossimitíæ,VIA DELLA MAGLIANA,,Investimento di pedone,Rettilineo,Una carreggiata a doppio senso,Bagnato (umiditíæ in atto),Asfaltata,Orizzontale,Nuvoloso,Normale,Insufficiente,Insufficiente,1,0,0,0,12.45792,41.84835,False,z,del civico n.,,224
2611601,5,2015-12-08T18:25:00,Strada Urbana,in prossimitíæ,VIA DI CASAL DEI PAZZI,,Scontro laterale fra veicoli in marcia,Rettilineo,Una carreggiata a doppio senso,Asciutto,Asfaltata,Orizzontale,Sereno,Scarso,Sufficiente,Sufficiente,1,0,0,5,12.57062,41.92626,False,z,del civico n.,,37
2612228,1,2015-12-08T18:30:00,Strada Urbana,in corrispondenza,PIAZZA DEL POPOLO,,Veicolo in marcia contro ostacolo accidentale,Curva a visuale libera,Una carreggiata a senso unico di marcia,Bagnato (umiditíæ in atto),In cubetti di porfido,Verticale ed orizzontale,Sereno,Scarso,Buona,Sufficiente,2,0,0,0,,,False,z,del civico n.,,6
2611712,18,2015-12-08T18:30:00,Strada Urbana,in corrispondenza,VIA DELLA PINETA SACCHETTI,,Investimento di pedone,Rettilineo,Una carreggiata a doppio senso,Asciutto,Asfaltata,Orizzontale,Sereno,Scarso,Buona,Sufficiente,2,0,0,0,12.4234,41.91268,False,z,del civico n.,,69B
2611612,9,2015-12-08T18:30:00,,in corrispondenza,VIA APPIA NUOVA,,Scontro laterale fra veicoli in marcia,,,,,,,,,,0,0,0,3,,,False,z,del palo luce n.,,264
2611725,8,2015-12-08T18:30:00,Strada Urbana,all'intersezione con,VIA CASILINA,,Veicolo in marcia contro ostacolo accidentale,Intersezione semaforizzata,Due carreggiate,Asciutto,Con buche,Verticale ed orizzontale,Nuvoloso,Normale,Sufficiente,Sufficiente,0,0,0,1,12.60933,41.86405,True,z,VIA DEI COLOMBI,VIA DEI COLOMBI,
2611440,15,2015-12-08T18:35:00,,all'intersezione con,VIA DELLA MAGLIANA,,Investimento di pedone,,,,,,,,,,1,0,0,1,,,False,z,VIA DI GENEROSA,VIA DI GENEROSA,
2611666,8,2015-12-08T18:50:00,Strada Urbana,in prossimitíæ,VIA DI LUNGHEZZA,,Tamponamento,Rettilineo,Una carreggiata a doppio senso,Asciutto,Asfaltata,Verticale,Sereno,Normale,Buona,Sufficiente,0,0,0,2,12.67073,41.92323,False,z,del civico n.,,11
2611604,5,2015-12-08T19:50:00,Strada Urbana,all'intersezione con,VIA TIBURTINA,,Tamponamento Multiplo,Incrocio,Due carreggiate,Asciutto,Asfaltata,Orizzontale,Sereno,Normale,Buona,Sufficiente,0,0,0,6,12.53809,41.90854,True,z,VIA BENIAMINO DE RITIS,VIA BENIAMINO DE RITIS,
2611582,6,2015-12-08T20:00:00,Strada Urbana,all'intersezione con,VIA DI ACQUA BULLICANTE,,Tamponamento,Incrocio,Una carreggiata a doppio senso,Asciutto,Asfaltata,Verticale ed orizzontale,Sereno,Scarso,Buona,Sufficiente,0,0,0,2,12.54347,41.88383,True,z,VIA CANOSA DI PUGLIA,VIA CANOSA DI PUGLIA,
2611882,4,2015-12-08T20:00:00,,all'intersezione semaforizzata con,VIA NOMENTANA,,Scontro frontale fra veicoli in marcia,,,,,,,,,,1,0,0,3,12.55238,41.94111,False,z,VIA VAL BREMBANA,VIA VAL BREMBANA,
2612029,17,2015-12-08T21:30:00,Strada Urbana,all'intersezione con,VIA TRIONFALE,,Scontro frontale-laterale DX fra veicoli in marcia,Intersezione stradale segnalata,Una carreggiata a senso unico di marcia,Asciutto,Asfaltata,Verticale ed orizzontale,Sereno,Scarso,Buona,Sufficiente,1,0,0,2,12.45377,41.91111,False,z,VIA TOMMASO CAMPANELLA,VIA TOMMASO CAMPANELLA,
2612299,1,2015-12-08T22:00:00,Strada Urbana,all'intersezione semaforizzata con,PONTE PRINCIPE AMEDEO SAVOIA AOSTA,,Veicolo in marcia contro veicolo arresto,Intersezione semaforizzata,Una carreggiata a senso unico di marcia,Asciutto,Asfaltata,Verticale ed orizzontale,Sereno,Normale,Sufficiente,Sufficiente,0,0,0,3,,,False,z,LUNGOTEVERE DEI FIORENTINI,LUNGOTEVERE DEI FIORENTINI,
2611867,13,2015-12-08T22:10:00,Strada Urbana,in prossimitíæ,VIA DI ACILIA,,Investimento di pedone,Rettilineo,Una carreggiata a doppio senso,Bagnato (pioggia),Asfaltata,Orizzontale,Pioggia in atto,Scarso,Buona,Sufficiente,1,0,0,1,12.36511,41.7836,False,z,del civico n.,,37
2612901,19,2015-12-08T22:30:00,Strada Urbana,in corrispondenza,VIA LEZZENO,,Veicolo in marcia contro veicolo in sosta,Rettilineo,Una carreggiata a doppio senso,Asciutto,Asfaltata,Assente,Sereno,Scarso,Buona,Sufficiente,0,0,0,1,12.38458,41.94935,True,z,del civico n.,,63
2615524,18,2015-12-08T22:55:00,Strada Urbana,all'intersezione con,VIA GREGORIO XIII,,Scontro frontale-laterale DX fra veicoli in marcia,Intersezione stradale segnalata,Una carreggiata a doppio senso,Asciutto,Asfaltata,Verticale ed orizzontale,Sereno,Scarso,Sufficiente,Sufficiente,0,0,0,2,12.41869,41.9061,True,z,VIA PROSPERO SANTACROCE,VIA PROSPERO SANTACROCE,
2611716,13,2015-12-08T23:20:00,Strada Urbana,all'intersezione con,VIALE VASCO DE GAMA,,Scontro frontale-laterale DX fra veicoli in marcia,Intersezione semaforizzata,Due carreggiate,Bagnato (umiditíæ in atto),Asfaltata,Orizzontale,Nuvoloso,Scarso,Buona,Sufficiente,2,0,0,0,12.277,41.73381,False,z,VIA ORAZIO DELLO SBIRRO,VIA ORAZIO DELLO SBIRRO,