_ID,_Gruppo,_DataOraIncidente,_Localizzazione1,_Localizzazione2,_Strada1,_DaSpecificare,_NaturaIncidente,_ParticolaritaStrade,_TipoStrada,_FondoStradale,_Pavimentazione,_Segnaletica,_CondizioneAtmosferica,_Traffico,_Visibilita,_Illuminazione,_NUM_FERITI,_NUM_RISERVATA,_NUM_MORTI,_NUM_ILLESI,_Longitudine,_Latitudine,_CONFERMATO,__prefix,_Strada02,_Strada2,_Chilometrica
2612423,2,2015-12-08T23:30:00,Strada Urbana,all'intersezione con,VIA LARIANA,,Scontro frontale-laterale DX fra veicoli in marcia,Incrocio,Una carreggiata a doppio senso,Asciutto,Asfaltata,Verticale ed orizzontale,Sereno,Scarso,Buona,Sufficiente,0,0,0,3,,,False,z,VIA DI VILLA ADA,VIA DI VILLA ADA,
2611722,8,2015-12-08T23:30:00,Statale entro l'abitato,all'intersezione con,VIA CASILINA,,Veicolo in marcia contro ostacolo accidentale,Intersezione semaforizzata,Una carreggiata a doppio senso,Asciutto,Asfaltata,Verticale ed orizzontale,Sereno,Scarso,Buona,Sufficiente,0,0,0,2,12.60933,41.86405,True,z,VIA DEI COLOMBI,VIA DEI COLOMBI,
2616883,1,2015-12-09T00:00:00,Strada Urbana,all'intersezione semaforizzata con,LARGO ARENULA,,Veicolo in marcia contro ostacolo accidentale,Intersezione semaforizzata,Due carreggiate,Viscido da liquidi oleosi,Asfaltata,Verticale ed orizzontale,Nuvoloso,Scarso,Buona,Sufficiente,0,0,0,1,,,False,z,VIA FLORIDA,VIA FLORIDA,
2591982,4,2015-12-09T00:35:00,Strada Urbana,da specificare,VIALE DELLO SCALO S. LORENZO,ALTEZZA TANGENZIALE EST,Veicolo in marcia contro veicolo in sosta,Rettilineo,Una carreggiata a senso unico di marcia,Asciutto,Asfaltata,Verticale ed orizzontale,Sereno,Scarso,Buona,Insufficiente,0,0,0,4,12.52088,41.89797,False,z,,,
2611615,5,2015-12-09T01:10:00,,in prossimitíæ,VIA TIBURTINA,,Scontro laterale fra veicoli in marcia,,,,,,,,,,0,0,0,0,12.56875,41.92356,False,z,del civico n.,,910
2612007,20,2015-12-09T03:35:00,Strada Urbana,in corrispondenza,LUNGOTEVERE FLAMINIO,,Veicolo in marcia contro veicoli in sosta,Rettilineo,Due carreggiate,Asciutto,Asfaltata,Orizzontale,Sereno,Scarso,Buona,Sufficiente,0,0,0,1,,,False,z,del civico n.,,58
2613167,5,2015-12-09T07:10:00,Strada Urbana,da specificare,VIA VIRGINIA CHIODI,in prossimitíæ di via B. Longo,Scontro laterale fra veicoli in marcia,Rettilineo,Una carreggiata a senso unico di marcia,Asciutto,Asfaltata,Verticale ed orizzontale,Sereno,Normale,Buona,Ore Diurne,0,0,0,2,12.56833,41.93178,True,z,,,
2616851,1,2015-12-09T07:15:00,Strada Urbana,all'intersezione semaforizzata con,VIA EMANUELE FILIBERTO,,Tamponamento,Intersezione semaforizzata,Una carreggiata a senso unico alternato,Asciutto,Asfaltata,Verticale ed orizzontale,Sereno,Normale,Buona,Ore Diurne,0,0,0,2,12.50864,41.88654,True,z,PIAZZA DI PORTA S. GIOVANNI,PIAZZA DI PORTA S. GIOVANNI,
2612448,16,2015-12-09T07:35:00,,all'intersezione con,VIA DEGLI STRADIVARI,,Scontro laterale fra veicoli in marcia,,,,,,,,,,0,0,0,4,,,False,z,LUNGOTEVERE PORTUENSE,LUNGOTEVERE PORTUENSE,
2616799,1,2015-12-09T07:55:00,Strada Urbana,in prossimitíæ,VIA CRISTOFORO COLOMBO,,Scontro frontale-laterale SX fra veicoli in marcia,Rettilineo,Pií_ di due carreggiate,Asciutto,Asfaltata,Verticale ed orizzontale,Sereno,Scarso,Buona,Ore Diurne,0,0,0,3,,,False,z,del palo luce n.,,7
2612814,18,2015-12-09T08:00:00,Strada Urbana,all'intersezione con,VIA DI BOCCEA,,Scontro laterale fra veicoli in marcia,Intersezione stradale segnalata,Una carreggiata a doppio senso,Asciutto,Asfaltata,Verticale ed orizzontale,Sereno,Intenso,Buona,Ore Diurne,0,0,0,2,12.42092,41.90371,True,z,VIA PIO IX,VIA PIO IX,
2613859,17,2015-12-09T08:10:00,Strada Urbana,in prossimitíæ,VIALE VATICANO,,Tamponamento,Pendenza,Una carreggiata a doppio senso,Asciutto,Asfaltata,Verticale ed orizzontale,Sereno,Normale,Buona,Ore Diurne,0,0,0,5,12.44952,41.91311,True,z,del civico n.,,42
2612484,15,2015-12-09T08:15:00,Strada Urbana,all'intersezione con,VIA ENRICO FERMI,,Scontro frontale-laterale SX fra veicoli in marcia,Rotatoria,Una carreggiata a doppio senso,Asciutto,Asfaltata,Verticale ed orizzontale,Sereno,Normale,Buona,Ore Diurne,0,0,0,2,12.47207,41.86468,True,z,LUNGOTEVERE DI PIETRA PAPA,LUNGOTEVERE DI PIETRA PAPA,
2611880,6,2015-12-09T08:20:00,Strada Urbana,all'intersezione con,VIA HERBERT SPENCER,,Scontro frontale-laterale SX fra veicoli in marcia,Incrocio,Una carreggiata a doppio senso,Asciutto,Asfaltata,Verticale ed orizzontale,Sereno,Normale,Buona,Ore Diurne,2,0,0,1,12.56243,41.9005,False,z,VIA ROBERTO MICHELS,VIA ROBERTO MICHELS,
2613234,8,2015-12-09T08:22:00,Strada Urbana,all'intersezione con,VIA MATTE' TRUCCO,,Scontro frontale-laterale SX fra veicoli in marcia,Incrocio,Una carreggiata a senso unico di marcia,Asciutto,Asfaltata,Verticale ed orizzontale,Sereno,Normale,Buona,Ore Diurne,0,0,0,2,12.65914,41.90175,False,z,VIA MARC SEGUIN,VIA MARC SEGUIN,
2612208,7,2015-12-09T08:40:00,Strada Urbana,in prossimitíæ,VIALE PALMIRO TOGLIATTI,,Scontro laterale fra veicoli in marcia,Rettilineo,Due carreggiate,Asciutto,Asfaltata,Verticale ed orizzontale,Sereno,Normale,Buona,Ore Diurne,0,0,0,2,12.56894,41.87325,True,z,del civico n.,,497
2612360,3,2015-12-09T08:50:00,,in corrispondenza,VIA TIBURTINA,,Tamponamento Multiplo,,,,,,,,,,1,0,0,2,,,False,z,del civico n.,,20
2611933,20,2015-12-09T08:55:00,Strada Urbana,da specificare,VIALE DEL FORO ITALICO,dir. Stadio Olimpico uscita Tor di Quinto,Tamponamento Multiplo,Rettilineo,Due carreggiate,Asciutto,Asfaltata,Verticale ed orizzontale,Sereno,Normale,Buona,Ore Diurne,1,0,0,4,,,False,z,,,
2616758,1,2015-12-09T09:00:00,Strada Urbana,in corrispondenza,LARGO ARENULA,,Veicolo in marcia contro ostacolo accidentale,Curva a visuale libera,Pií_ di due carreggiate,Viscido da liquidi oleosi,Asfaltata,Verticale ed orizzontale,Sereno,Normale,Buona,Ore Diurne,0,0,0,2,12.4764,41.89471,False,z,del civico n.,,11
2611966,9,2015-12-09T09:00:00,Strada Urbana,da specificare,VIA CASILINA,fronte VIA CASILINA VECCHIA,Scontro laterale fra veicoli in marcia,Rettilineo,Una carreggiata a doppio senso,Asciutto,Asfaltata,Verticale ed orizzontale,Sereno,Normale,Buona,Ore Diurne,0,0,0,2,,,False,z,,,
2611935,10,2015-12-09T09:00:00,Strada Urbana,da specificare,VIALE LUIGI SCHIAVONETTI,rotatoria con v. B: Alimena,Scontro laterale fra veicoli in marcia,Rotatoria,Una carreggiata a senso unico di marcia,Asciutto,Asfaltata,Verticale ed orizzontale,Sereno,Normale,Buona,Ore Diurne,0,0,0,2,12.61082,41.84509,True,z,,,
2612884,18,2015-12-09T09:00:00,Statale entro l'abitato,all'intersezione semaforizzata con,VIA AURELIA,,Scontro laterale fra veicoli in marcia,Intersezione semaforizzata,Pií_ di due carreggiate,Asciutto,Asfaltata,Verticale ed orizzontale,Sereno,Intenso,Buona,Ore Diurne,0,0,0,2,12.4138,41.89218,True,z,VIA NICOLA COVIELLO,VIA NICOLA COVIELLO,
2613894,17,2015-12-09T09:00:00,Strada Urbana,all'intersezione con,PIAZZA GIUSEPPE MAZZINI,,Scontro laterale fra veicoli in marcia,Incrocio,Una carreggiata a senso unico di marcia,Asciutto,Asfaltata,Verticale ed orizzontale,Sereno,Normale,Buona,Ore Diurne,1,0,0,2,12.46323,41.91521,False,z,VIA ANGELO BROFFERIO,VIA ANGELO BROFFERIO,
2611926,11,2015-12-09T09:15:00,Strada Urbana,in prossimitíæ,VIALE GUGLIELMO MARCONI,,Tamponamento,Rettilineo,Due carreggiate,Asciutto,Asfaltata,Verticale ed orizzontale,Sereno,Intenso,Buona,Ore Diurne,1,0,0,3,12.47176,41.85621,False,z,del civico n.,,431
2616787,1,2015-12-09T09:20:00,Strada Urbana,da specificare,VIA QUATTRO NOVEMBRE,altezza VIA DELLA PILOTTA,Scontro laterale fra veicoli in marcia,Curva a visuale libera,Una carreggiata a doppio senso,Asciutto,In cubetti di porfido,Verticale ed orizzontale,Sereno,Normale,Buona,Ore Diurne,0,0,0,2,12.48506,41.89719,False,z,,,
2613221,20,2015-12-09T09:20:00,Strada Urbana,all'intersezione con,VIA DI GROTTAROSSA,,Tamponamento,Rotatoria,Una carreggiata a doppio senso,Asciutto,Asfaltata,Verticale ed orizzontale,Sereno,Scarso,Buona,Ore Diurne,1,0,0,1,,,False,z,VIA DI QUARTO PEPERINO,VIA DI QUARTO PEPERINO,
2613253,8,2015-12-09T09:30:00,Strada Urbana,all'intersezione con,VIA MARCIO RUTILIO,,Scontro frontale-laterale SX fra veicoli in marcia,Incrocio,Una carreggiata a doppio senso,Asciutto,Asfaltata,Verticale ed orizzontale,Sereno,Normale,Buona,Ore Diurne,0,0,0,3,12.57234,41.87056,True,z,VIA CORNELIO SISENNA,VIA CORNELIO SISENNA,
2613277,19,2015-12-09T09:40:00,Strada Urbana,in prossimitíæ,VIA DELLA BALDUINA,,Ribaltamento senza urto contro ostacolo fisso,Rettilineo,Una carreggiata a doppio senso,Asciutto,Asfaltata,Assente,Sereno,Normale,Buona,Ore Diurne,1,0,0,0,12.44207,41.91538,True,z,del civico n.,,33-d
2613583,12,2015-12-09T09:45:00,Strada Urbana,in prossimitíæ,VIALE DELL'OCEANO ATLANTICO,,Scontro laterale fra veicoli in marcia,Rettilineo,Due carreggiate,Asciutto,Asfaltata,Verticale ed orizzontale,Sereno,Normale,Buona,Ore Diurne,0,0,0,4,12.47144,41.8202,True,z,del palo luce n.,,35
2613455,4,2015-12-09T09:50:00,Strada Urbana,all'intersezione con,VIA NOMENTANA NUOVA,,Scontro frontale-laterale DX fra veicoli in marcia,Rotatoria,Una carreggiata a senso unico di marcia,Asciutto,Asfaltata,Orizzontale,Sereno,Normale,Buona,Ore Diurne,1,0,0,1,12.52967,41.93339,False,z,VIA VAL TROMPIA,VIA VAL TROMPIA,
2612471,16,2015-12-09T09:55:00,Strada Urbana,all'intersezione semaforizzata con,VIALE DEI COLLI PORTUENSI,,Veicoli in marcia contro veicolo fermo,Intersezione semaforizzata,Pií_ di due carreggiate,Asciutto,Asfaltata,Verticale ed orizzontale,Sereno,Normale,Buona,Ore Diurne,0,0,0,7,12.44401,41.86665,True,z,LARGO ALBERTO MISSIROLI,LARGO ALBERTO MISSIROLI,
2612128,9,2015-12-09T10:00:00,Strada Urbana,in corrispondenza,VIA ACIREALE,,Scontro laterale fra veicoli in marcia,Rettilineo,Una carreggiata a senso unico di marcia,Asciutto,Asfaltata,Orizzontale,Sereno,Normale,Buona,Ore Diurne,1,0,0,1,12.51993,41.88755,False,z,del civico n.,,17
2612069,6,2015-12-09T10:00:00,Strada Urbana,in prossimitíæ,VIA DI ACQUA BULLICANTE,,Scontro laterale fra veicoli in marcia,Rettilineo,Una carreggiata a doppio senso,Asciutto,Asfaltata,Verticale ed orizzontale,Sereno,Normale,Buona,Ore Diurne,0,0,0,2,12.54188,41.89168,True,z,del civico n.,,322
2612388,1,2015-12-09T10:10:00,Strada Urbana,in prossimitíæ,PIAZZA DI S. MARTINO AI MONTI,,Veicolo in marcia contro veicolo in sosta,Rettilineo,Una carreggiata a doppio senso,Asciutto,In cubetti di porfido,Verticale ed orizzontale,Sereno,Scarso,Buona,Ore Diurne,0,0,0,0,12.49737,41.89497,False,z,del civico n.,,142 A
2616722,1,2015-12-09T10:15:00,Strada Urbana,da specificare,LUNGOTEVERE DEI TEBALDI,altezza VIA DEI PETTINARI,Scontro laterale fra veicoli in marcia,Rettilineo,Una carreggiata a senso unico di marcia,Asciutto,Asfaltata,Verticale ed orizzontale,Sereno,Normale,Buona,Ore Diurne,0,0,0,3,12.47127,41.89268,False,z,,,
2612520,7,2015-12-09T10:15:00,Strada Urbana,all'intersezione con,VIALE ALESSANDRINO,,Investimento di pedone,Incrocio,Una carreggiata a doppio senso,Asciutto,Asfaltata,Verticale,Sereno,Normale,Buona,Ore Diurne,1,0,0,1,12.5799,41.87164,False,z,VIA BIAGIO BARTALINI,VIA BIAGIO BARTALINI,
2613309,19,2015-12-09T10:20:00,Strada Urbana,da specificare,VIA DELLA PINETA SACCHETTI,altezza Via Pascucci,Investimento di pedone,Rettilineo,Pií_ di due carreggiate,Asciutto,Asfaltata,Verticale ed orizzontale,Sereno,Intenso,Buona,Ore Diurne,1,0,0,1,12.42659,41.9264,True,z,,,
2612917,18,2015-12-09T10:20:00,Strada Urbana,in corrispondenza,VIA DEI SAVORELLI,,Veicolo in marcia contro veicolo in sosta,Curva a visuale libera,Una carreggiata a doppio senso,Asciutto,Asfaltata,Assente,Sereno,Scarso,Buona,Ore Diurne,0,0,0,1,12.43861,41.89675,False,z,del civico n.,,95
2612437,16,2015-12-09T10:30:00,Strada Urbana,in prossimitíæ,VIALE DI TRASTEVERE,,Veicolo in marcia contro ostacolo fisso,Rettilineo,Pií_ di due carreggiate,Asciutto,Asfaltata,Verticale ed orizzontale,Sereno,Normale,Buona,Ore Diurne,0,0,0,1,12.46875,41.88244,True,z,del civico n.,,191
2613242,8,2015-12-09T10:30:00,Strada Urbana,in prossimitíæ,VIA DEL TORRACCIO DI TORRENOVA,,Veicolo in marcia contro ostacolo accidentale,Rettilineo,Una carreggiata a doppio senso,Asciutto,Con buche,Verticale ed orizzontale,Sereno,Normale,Buona,Ore Diurne,0,0,0,1,12.63083,41.86499,True,z,del civico n.,,24 b
2612267,2,2015-12-09T10:35:00,Strada Urbana,in prossimitíæ,PIAZZA EUCLIDE,,Veicolo in marcia contro ostacolo accidentale,Rettilineo,Una carreggiata a senso unico di marcia,Bagnato (umiditíæ in atto),Asfaltata,Verticale ed orizzontale,Sereno,Normale,Buona,Ore Diurne,1,0,0,0,12.48147,41.92679,False,z,del civico n.,,31
2614206,16,2015-12-09T10:45:00,,all'intersezione con,VIA FEDERICO DI DONATO,,Scontro frontale-laterale DX fra veicoli in marcia,,,,,,,,,,0,0,0,2,,,False,z,VIA FELICE AMADORI,VIA FELICE AMADORI,
2613516,23,2015-12-09T11:05:00,Strada Urbana,da specificare,PIAZZA DELLA ROVERE,in corrispondenza impianto semaforico dir. Gianico,Tamponamento,Rettilineo,Due carreggiate,Asciutto,Asfaltata,Verticale ed orizzontale,Sereno,Scarso,Buona,Ore Diurne,0,0,0,5,12.46256,41.89967,True,z,,,
2612113,10,2015-12-09T11:20:00,Strada Urbana,in corrispondenza,VIA TUSCOLANA,,Tamponamento,Rettilineo,Due carreggiate,Asciutto,Asfaltata,Orizzontale,Sereno,Normale,Buona,Ore Diurne,0,0,0,2,,,False,z,del civico n.,,1175
2613228,7,2015-12-09T11:40:00,Strada Urbana,all'intersezione con,VIA DELLA RUSTICA,,Scontro frontale-laterale SX fra veicoli in marcia,Incrocio,Una carreggiata a doppio senso,Asciutto,Asfaltata,Verticale ed orizzontale,Sereno,Normale,Buona,Ore Diurne,2,0,0,0,12.59499,41.90521,True,z,VIA DELLA STAZIONE DI TOR SAPIENZA,VIA DELLA STAZIONE DI TOR SAPIENZA,
2613903,17,2015-12-09T11:50:00,Strada Urbana,in prossimitíæ,VIALE DELLE MEDAGLIE D'ORO,,Scontro frontale-laterale DX fra veicoli in marcia,Rettilineo,Una carreggiata a doppio senso,Asciutto,Asfaltata,Verticale ed orizzontale,Sereno,Normale,Buona,Ore Diurne,1,0,0,3,12.44671,41.91041,False,z,del civico n.,,39
2612876,18,2015-12-09T12:05:00,Strada Urbana,all'intersezione con,VIA MONTE CARMELO,,Scontro frontale-laterale SX fra veicoli in marcia,Intersezione non regolata-non segnalata,Una carreggiata a doppio senso,Asciutto,Asfaltata,Assente,Sereno,Scarso,Buona,Ore Diurne,0,0,0,2,12.40977,41.89997,True,z,VIA S. GIOVANNI DELLA CROCE,VIA S. GIOVANNI DELLA CROCE,
2613847,12,2015-12-09T12:20:00,Strada Urbana,in prossimitíæ,VIALE DELL'OCEANO PACIFICO,,Scontro frontale-laterale SX fra veicoli in marcia,Rettilineo,Una carreggiata a doppio senso,Asciutto,Asfaltata,Verticale ed orizzontale,Sereno,Normale,Buona,Ore Diurne,1,0,0,1,,,False,z,del palo luce n.,,23
2612322,20,2015-12-09T12:25:00,Regionale,da specificare,VIA FLAMINIA,altezza cavalcavia G.R.A. direzione centro,Scontro laterale fra veicoli in marcia,Curva a visuale libera,Due carreggiate,Asciutto,Asfaltata,Verticale ed orizzontale,Nuvoloso,Scarso,Buona,Ore Diurne,0,0,0,2,12.49291,41.98553,True,z,,,
2616859,1,2015-12-09T12:25:00,Strada Urbana,da specificare,LUNGOTEVERE DEI TEBALDI,in prossimitíæ albero n.34,Tamponamento Multiplo,Rettilineo,Una carreggiata a senso unico di marcia,Asciutto,Asfaltata,Assente,Sereno,Normale,Buona,Ore Diurne,0,0,0,3,,,False,z,,,
2612326,10,2015-12-09T12:30:00,Strada Urbana,da specificare,VIA VITTORIO RAGUSA,Svinc. Via l. Schiavonetti,Scontro laterale fra veicoli in marcia,Curva a visuale libera,Due carreggiate,Asciutto,Asfaltata,Verticale ed orizzontale,Sereno,Normale,Buona,Ore Diurne,0,0,0,4,,,False,z,,,
2613184,13,2015-12-09T12:30:00,Strada Urbana,in corrispondenza,LARGO GIROLAMO DA MONTESARCHIO,,Veicolo in marcia contro veicolo in sosta,Rettilineo,Due carreggiate,Asciutto,Asfaltata,Assente,Sereno,Normale,Buona,Ore Diurne,1,0,0,0,12.36401,41.78406,False,z,del civico n.,,2a
2613773,12,2015-12-09T12:30:00,Strada Urbana,da specificare,VIA CRISTOFORO COLOMBO,"CARREGGIATA LATERALE, DIREZIONE OSTIA, ALTEZZA P.L",Tamponamento,Rettilineo,Pií_ di due carreggiate,Asciutto,Asfaltata,Verticale ed orizzontale,Nuvoloso,Normale,Buona,Ore Diurne,1,0,0,1,,,False,z,,,
2613194,20,2015-12-09T13:00:00,Strada Urbana,in prossimitíæ,VIA DELLA GIUSTINIANA,,Investimento di pedone,Rettilineo,Una carreggiata a doppio senso,Asciutto,Asfaltata,Orizzontale,Sereno,Normale,Buona,Ore Diurne,1,0,0,1,,,False,z,del civico n.,,81
2613190,5,2015-12-09T13:00:00,Strada Urbana,da specificare,VIA PIETRO OTTOBONI,CIVICO 33,Tamponamento,Rettilineo,Una carreggiata a doppio senso,Asciutto,Asfaltata,Verticale ed orizzontale,Sereno,Normale,Buona,Ore Diurne,0,0,0,2,12.53983,41.90717,True,z,,,
2612427,11,2015-12-09T13:40:00,Strada Urbana,all'intersezione con,VIA PELLEGRINO MATTEUCCI,,Investimento di pedone,Incrocio,Due carreggiate,Asciutto,Asfaltata,Verticale ed orizzontale,Nuvoloso,Normale,Buona,Ore Diurne,3,0,0,0,12.48165,41.8721,False,z,VIA GIACOMO BOVE,VIA GIACOMO BOVE,
2613229,8,2015-12-09T13:45:00,Strada Urbana,in prossimitíæ,VIA DI TORRENOVA,,Veicolo in marcia contro ostacolo accidentale,Rettilineo,Una carreggiata a doppio senso,Asciutto,Asfaltata,Verticale ed orizzontale,Nuvoloso,Normale,Buona,Ore Diurne,1,0,0,0,12.61925,41.87532,False,z,del civico n.,,167
2613642,4,2015-12-09T13:45:00,,in corrispondenza,VIA DELLA BUFALOTTA,,Scontro frontale-laterale DX fra veicoli in marcia,,,,,,,,,,1,0,0,1,12.54124,41.94985,False,z,del civico n.,,168
2613176,13,2015-12-09T14:15:00,Strada Urbana,all'intersezione con,PIAZZALE LORENZO GASPARRI,,Scontro frontale-laterale DX fra veicoli in marcia,Incrocio,Una carreggiata a doppio senso,Asciutto,Asfaltata,Verticale ed orizzontale,Sereno,Scarso,Buona,Ore Diurne,1,0,0,1,12.25824,41.73675,False,z,VIA GUIDO VINCON,VIA GUIDO VINCON,
2613282,8,2015-12-09T14:20:00,Strada Urbana,in prossimitíæ,VIA MELPOMENE,,Scontro laterale fra veicoli in marcia,Rettilineo,Una carreggiata a senso unico alternato,Asciutto,Asfaltata,Orizzontale,Sereno,Scarso,Buona,Ore Diurne,0,0,0,5,12.61502,41.87371,True,z,del civico n.,,22
2613232,8,2015-12-09T14:30:00,Strada Urbana,in prossimitíæ,VIA DI TORRENOVA,,Investimento di pedone,Rettilineo,Una carreggiata a doppio senso,Asciutto,Asfaltata,Verticale ed orizzontale,Sereno,Normale,Buona,Ore Diurne,1,0,0,2,,,False,z,del civico n.,,145
2613202,5,2015-12-09T15:00:00,,da specificare,VIA DI GROTTA DI GREGNA,ALTEZZA VIA COLLATINA VECCHIA,Tamponamento,,,,,,,,,,0,0,0,0,12.56709,41.90185,False,z,,,
2613364,3,2015-12-09T15:10:00,Strada Urbana,all'intersezione con,VIA DEI RAMNI,,Scontro frontale-laterale DX fra veicoli in marcia,Intersezione stradale segnalata,Due carreggiate,Asciutto,Asfaltata,Verticale ed orizzontale,Sereno,Normale,Buona,Ore Diurne,2,0,0,2,12.51235,41.8998,False,z,VIA DEI LIBURNI,VIA DEI LIBURNI,
2613427,2,2015-12-09T15:15:00,Strada Urbana,all'intersezione con,LUNGOTEVERE ARNALDO DA BRESCIA,,Scontro laterale fra veicoli in marcia,Intersezione semaforizzata,Una carreggiata a senso unico di marcia,Asciutto,Asfaltata,Verticale ed orizzontale,Sereno,Intenso,Sufficiente,Ore Diurne,0,0,0,2,12.47261,41.9123,True,z,VIA DEGLI SCIALOJA,VIA DEGLI SCIALOJA,
2613284,8,2015-12-09T15:20:00,Provinciale entro l'abitato,all'intersezione con,VIA PRENESTINA,,Scontro frontale-laterale SX fra veicoli in marcia,Intersezione semaforizzata,Una carreggiata a doppio senso,Asciutto,Asfaltata,Verticale ed orizzontale,Nuvoloso,Normale,Buona,Ore Diurne,0,0,0,2,12.66663,41.89045,True,z,VIA DELLA RISERVA NUOVA,VIA DELLA RISERVA NUOVA,
2613433,2,2015-12-09T15:20:00,Strada Urbana,in corrispondenza,VIA GUIDUBALDO DEL MONTE,,Veicolo in marcia contro ostacolo accidentale,Rettilineo,Una carreggiata a senso unico di marcia,Viscido da liquidi oleosi,Asfaltata,Verticale ed orizzontale,Sereno,Intenso,Buona,Ore Diurne,0,0,0,1,12.47977,41.92765,True,z,del civico n.,,24
2613370,4,2015-12-09T15:30:00,,in prossimitíæ,VIALE CARNARO,,Tamponamento Multiplo,,,,,,,,,,3,0,0,2,12.53377,41.93752,False,z,del civico n.,,7c
2613949,17,2015-12-09T15:30:00,Strada Urbana,all'intersezione con,VIALE GIUSEPPE MAZZINI,,Investimento di pedone,Incrocio,Due carreggiate,Asciutto,Asfaltata,Verticale ed orizzontale,Sereno,Normale,Buona,Ore Diurne,1,0,0,2,12.46731,41.91735,False,z,VIA GIOVANNI NICOTERA,VIA GIOVANNI NICOTERA,
2612507,1,2015-12-09T15:35:00,Strada Urbana,all'intersezione con,PIAZZALE UGO LA MALFA,,Scontro frontale-laterale DX fra veicoli in marcia,Incrocio,Una carreggiata a doppio senso,Asciutto,Asfaltata,Verticale ed orizzontale,Sereno,Normale,Buona,Ore Diurne,1,0,0,2,12.48491,41.88531,True,z,VIA DELLE TERME DECIANE,VIA DELLE TERME DECIANE,
2612508,6,2015-12-09T15:40:00,Strada Urbana,da specificare,VIA PRENESTINA,fronte civico 310,Investimento di pedone,Rettilineo,Pií_ di due carreggiate,Asciutto,Asfaltata,Verticale ed orizzontale,Nuvoloso,Normale,Buona,Ore Diurne,1,0,0,1,12.55107,41.8936,True,z,,,
2612538,20,2015-12-09T15:45:00,,in corrispondenza,VIA CASSIA,,Ribaltamento senza urto contro ostacolo fisso,,,,,,Nuvoloso,Normale,Buona,Ore Diurne,2,0,0,1,,,False,z,del civico n.,,38
2613238,20,2015-12-09T16:00:00,Strada Urbana,in corrispondenza,VIALE DI TOR DI QUINTO,,Scontro laterale fra veicoli in marcia,Rettilineo,Pií_ di due carreggiate,Asciutto,Asfaltata,Verticale ed orizzontale,Sereno,Normale,Buona,Ore Diurne,0,0,0,4,,,False,z,del civico n.,,110
2613223,5,2015-12-09T16:15:00,,all'intersezione con,VIA DEI DURANTINI,,Scontro frontale-laterale DX fra veicoli in marcia,,,,,,,,,,1,0,0,0,12.54524,41.91903,False,z,VIA GIUSEPPE SCARABELLI,VIA GIUSEPPE SCARABELLI,
2613436,2,2015-12-09T16:30:00,Strada Urbana,all'intersezione con,VIA DELLE ALPI,,Scontro frontale-laterale SX fra veicoli in marcia,Intersezione non regolata-non segnalata,Una carreggiata a senso unico di marcia,Asciutto,Asfaltata,Verticale ed orizzontale,Sereno,Normale,Buona,Sufficiente,0,0,0,2,12.50777,41.91682,True,z,VIA DALMAZIA,VIA DALMAZIA,
2613279,10,2015-12-09T16:50:00,Strada Urbana,da specificare,VIA APPIA NUOVA,altezza svincolo per ciampino,Tamponamento Multiplo,Rettilineo,Una carreggiata a senso unico di marcia,Asciutto,Asfaltata,Verticale ed orizzontale,Sereno,Normale,Buona,Sufficiente,2,0,0,1,12.5516,41.83656,False,z,,,
2612653,10,2015-12-09T16:55:00,Strada Urbana,in prossimitíæ,VIA TUSCOLANA,,Scontro laterale fra veicoli in marcia,Rettilineo,Due carreggiate,Asciutto,Asfaltata,Verticale ed orizzontale,Nuvoloso,Normale,Buona,Sufficiente,0,0,0,3,12.57516,41.84886,True,z,del palo luce n.,,987
2613114,11,2015-12-09T17:00:00,Strada Urbana,all'intersezione con,VIA ADELAIDE BONO CAIROLI,,Investimento di pedone,Intersezione non regolata-non segnalata,Una carreggiata a senso unico di marcia,Asciutto,Asfaltata,Verticale ed orizzontale,Sereno,Normale,Buona,Sufficiente,1,0,0,1,12.48991,41.85954,False,z,VIA ALESSANDRA MACINGHI STROZZI,VIA ALESSANDRA MACINGHI STROZZI,
2612660,7,2015-12-09T17:05:00,Strada Urbana,all'intersezione con,VIALE DELLA BELLA VILLA,,Scontro frontale-laterale SX fra veicoli in marcia,Incrocio,Due carreggiate,Asciutto,Asfaltata,Assente,Sereno,Normale,Buona,Sufficiente,0,0,0,4,12.57342,41.87398,False,z,VIA DEI SALICI,VIA DEI SALICI,
2612682,20,2015-12-09T17:10:00,,da specificare,VIA CONCESIO,corrispondenza passo carrabile n.70,Scontro frontale-laterale DX fra veicoli in marcia,,,Asciutto,,Verticale ed orizzontale,Nuvoloso,Normale,Insufficiente,Insufficiente,2,0,0,1,,,False,z,,,
2614038,16,2015-12-09T17:15:00,,in prossimitíæ,VIA DI BRAVETTA,,Scontro laterale fra veicoli in marcia,,,,,,,,,,0,0,0,3,12.42642,41.88048,False,z,del civico n.,,276