_ID,_Gruppo,_DataOraIncidente,_Localizzazione1,_Localizzazione2,_Strada1,_DaSpecificare,_NaturaIncidente,_ParticolaritaStrade,_TipoStrada,_FondoStradale,_Pavimentazione,_Segnaletica,_CondizioneAtmosferica,_Traffico,_Visibilita,_Illuminazione,_NUM_FERITI,_NUM_RISERVATA,_NUM_MORTI,_NUM_ILLESI,_Longitudine,_Latitudine,_CONFERMATO,__prefix,_Strada02,_Strada2,_Chilometrica
2615084,23,2015-12-09T17:20:00,,all'intersezione semaforizzata con,VIA MARMORATA,,Investimento di pedone,,,,,,,,,,1,0,0,0,,,False,z,LARGO MANLIO GELSOMINI,LARGO MANLIO GELSOMINI,
2613521,4,2015-12-09T17:30:00,Provinciale,da specificare,CIRCONVALLAZIONE NOMENTANA,all'intersezione con via Poggio Fiorito,Scontro frontale-laterale DX fra veicoli in marcia,Rettilineo,Una carreggiata a doppio senso,Asciutto,Asfaltata,Verticale ed orizzontale,Sereno,Normale,Buona,Sufficiente,0,0,0,2,12.61342,41.97292,True,z,,,
2612908,19,2015-12-09T17:40:00,Strada Urbana,in corrispondenza,VIALE DELLE MEDAGLIE D'ORO,,Scontro laterale fra veicoli in marcia,Rettilineo,Una carreggiata a doppio senso,Asciutto,Asfaltata,Orizzontale,Sereno,Normale,Buona,Sufficiente,0,0,0,3,12.44368,41.91361,True,z,del civico n.,,128
2613387,3,2015-12-09T17:45:00,,in corrispondenza,VIALE REGINA ELENA,,Scontro frontale-laterale SX fra veicoli in marcia,,,,,,,,,,1,0,0,1,,,False,z,del civico n.,,295B
2613654,12,2015-12-09T18:15:00,Strada Urbana,da specificare,PIAZZALE DELL'UMANESIMO,DIREZIONE VIALE DELL'UMANESIMO PROSSIMITA' VIA RHO,Investimento di pedone,Rettilineo,Due carreggiate,Asciutto,Asfaltata,Verticale ed orizzontale,Nuvoloso,Normale,Buona,Sufficiente,2,0,0,4,,,False,z,,,
2612914,19,2015-12-09T18:20:00,Strada Urbana,in corrispondenza,VIA DI CASAL DEL MARMO,,Scontro laterale fra veicoli in marcia,Rettilineo,Una carreggiata a doppio senso,Asciutto,Asfaltata,Assente,Sereno,Normale,Buona,Sufficiente,0,0,0,2,12.38683,41.94062,True,z,del civico n.,,606
2613948,16,2015-12-09T18:30:00,,da specificare,VIALE ISACCO NEWTON,in prossimitíæ di Via F.Bellotti,Tamponamento,,,,,,,,,,1,0,0,2,,,False,z,,,
2613220,20,2015-12-09T18:30:00,Strada Urbana,in prossimitíæ,VIA VITORCHIANO,,Scontro laterale fra veicoli in marcia,Rettilineo,Una carreggiata a doppio senso,Asciutto,Asfaltata,Assente,Sereno,Scarso,Buona,Sufficiente,0,0,0,2,,,False,z,del civico n.,,99
2612844,18,2015-12-09T18:35:00,Strada Urbana,all'intersezione con,VIA MATTIA BATTISTINI,,Scontro laterale fra veicoli in marcia,Intersezione semaforizzata,Una carreggiata a doppio senso,Asciutto,Asfaltata,Verticale ed orizzontale,Sereno,Normale,Buona,Sufficiente,0,0,0,3,12.41472,41.90648,True,z,VIA DEI MONTI DI PRIMAVALLE,VIA DEI MONTI DI PRIMAVALLE,
2616819,1,2015-12-09T18:40:00,Strada Urbana,da specificare,VIA CRISTOFORO COLOMBO,altezza CIRC.NE OSTIENSE,Scontro laterale fra veicoli in marcia,Rettilineo,Pií_ di due carreggiate,Asciutto,Asfaltata,Verticale ed orizzontale,Sereno,Intenso,Buona,Ore Diurne,0,0,0,1,,,False,z,,,
2612831,7,2015-12-09T18:40:00,Strada Urbana,da specificare,VIA PRENESTINA,rotatoria altezza via E. Longoni,Scontro laterale fra veicoli in marcia,Rotatoria,Una carreggiata a senso unico di marcia,Asciutto,Asfaltata,Orizzontale,Sereno,Normale,Buona,Ore Diurne,0,0,0,4,12.60429,41.8933,False,z,,,
2620891,18,2015-12-09T18:45:00,Strada Urbana,all'intersezione con,PIAZZA DEI GIURECONSULTI,,Scontro laterale fra veicoli in marcia,Intersezione semaforizzata,Due carreggiate,Asciutto,Asfaltata,Verticale ed orizzontale,Sereno,Normale,Buona,Sufficiente,0,0,0,2,,,False,z,VIA DI BOCCEA,VIA DI BOCCEA,
2613272,10,2015-12-09T18:50:00,Strada Urbana,all'intersezione con,VIA ANAGNINA,,Scontro laterale fra veicoli in marcia,Incrocio,Una carreggiata a senso unico di marcia,Asciutto,Asfaltata,Verticale ed orizzontale,Sereno,Normale,Buona,Sufficiente,0,0,0,2,12.60619,41.82351,True,z,VIA BELLICO CALPURNIO,VIA BELLICO CALPURNIO,
2619839,9,2015-12-09T19:10:00,,all'intersezione con,CIRCONVALLAZIONE APPIA,,Scontro laterale fra veicoli in marcia,,,,,,,,,,1,0,0,1,,,False,z,VIA MARCO TABARRINI,VIA MARCO TABARRINI,
2615135,1,2015-12-09T19:30:00,Strada Urbana,in prossimitíæ,VIA CERNAIA,,Investimento di pedone,Rettilineo,Una carreggiata a senso unico di marcia,Asciutto,Asfaltata,Verticale ed orizzontale,Sereno,Intenso,Buona,Sufficiente,1,0,0,1,,,False,z,del civico n.,,45 C
2613458,17,2015-12-09T19:50:00,Strada Urbana,all'intersezione con,VIA ANDREA DORIA,,Scontro laterale fra veicoli in marcia,Incrocio,Una carreggiata a doppio senso,Asciutto,Asfaltata,Verticale ed orizzontale,Sereno,Normale,Sufficiente,Sufficiente,1,0,0,1,12.45315,41.90998,False,z,VIA SANTAMAURA,VIA SANTAMAURA,
2613189,8,2015-12-09T19:50:00,,all'intersezione con,VIA ROCCALUMERA,,Scontro laterale fra veicoli in marcia,,,,,,,,,,1,0,0,2,,,False,z,VIA SAN FRATELLO,VIA SAN FRATELLO,
2613153,9,2015-12-09T20:00:00,,in corrispondenza,PIAZZA DEI RE DI ROMA,,Scontro laterale fra veicoli in marcia,,,,,,,,,,1,0,0,2,,,False,z,del civico n.,,7
2613465,2,2015-12-09T20:05:00,Strada Urbana,all'intersezione con,VIA GIOVANNI PAISIELLO,,Scontro laterale fra veicoli in marcia,Incrocio,Due carreggiate,Asciutto,Asfaltata,Verticale ed orizzontale,Sereno,Normale,Buona,Sufficiente,1,0,0,2,,,False,z,LARGO BONIFACIO ASIOLI,LARGO BONIFACIO ASIOLI,
2613357,19,2015-12-09T20:20:00,Strada Urbana,all'intersezione con,VIA ALESSANDRO VII,,Scontro frontale-laterale SX fra veicoli in marcia,Incrocio,Una carreggiata a senso unico di marcia,Asciutto,Asfaltata,Verticale ed orizzontale,Sereno,Normale,Buona,Sufficiente,0,0,0,3,12.42259,41.92199,True,z,VIA CLEMENTE XII,VIA CLEMENTE XII,
2613476,4,2015-12-09T20:30:00,,in corrispondenza,VIA DARIO NICCODEMI,,Scontro frontale-laterale SX fra veicoli in marcia,,,,,,,,,,1,0,0,2,12.54834,41.95366,False,z,del civico n.,,39
2613368,19,2015-12-09T20:45:00,Strada Urbana,all'intersezione con,VIA DI CASAL DEL MARMO,,Scontro laterale fra veicoli in marcia,Incrocio,Una carreggiata a doppio senso,Asciutto,Asfaltata,Orizzontale,Sereno,Normale,Buona,Sufficiente,0,0,0,2,12.38714,41.94127,True,z,VIA DELLA PALMAROLA,VIA DELLA PALMAROLA,
2613227,8,2015-12-09T22:15:00,Provinciale entro l'abitato,all'intersezione con,VIA CASILINA,,Tamponamento,Incrocio,Una carreggiata a doppio senso,Asciutto,Asfaltata,Verticale ed orizzontale,Sereno,Normale,Buona,Ore Diurne,4,0,0,2,12.60933,41.86405,False,z,VIA SILICELLA,VIA SILICELLA,
2613385,19,2015-12-09T23:00:00,Strada Urbana,in prossimitíæ,VIA MARIO FANI,,Scontro frontale fra veicoli in marcia,Rettilineo,Una carreggiata a doppio senso,Asciutto,Asfaltata,Orizzontale,Sereno,Scarso,Sufficiente,Sufficiente,3,0,0,1,12.4393,41.93556,False,z,del civico n.,,27
2613606,17,2015-12-09T23:45:00,Strada Urbana,all'intersezione con,LUNGOTEVERE DELLA VITTORIA,,Scontro frontale-laterale DX fra veicoli in marcia,Incrocio,Due carreggiate,Asciutto,Asfaltata,Verticale ed orizzontale,Nuvoloso,Scarso,Sufficiente,Sufficiente,0,0,0,2,12.46178,41.9227,False,z,VIA ORTIGARA,VIA ORTIGARA,
2616839,1,2015-12-09T23:45:00,Strada Urbana,all'intersezione semaforizzata con,VIA SISTINA,,Scontro laterale fra veicoli in marcia,Intersezione semaforizzata,Una carreggiata a senso unico di marcia,Asciutto,Asfaltata,Verticale ed orizzontale,Sereno,Scarso,Sufficiente,Sufficiente,1,0,0,2,,,False,z,PIAZZA BARBERINI,PIAZZA BARBERINI,
2613369,7,2015-12-09T23:55:00,Strada Urbana,da specificare,VIALE PALMIRO TOGLIATTI,prossimitíæ via C. Fadda,Infortunio per sola frenata improvvisa,Rettilineo,Due carreggiate,Asciutto,Asfaltata,Verticale ed orizzontale,Nebbia,Scarso,Insufficiente,Sufficiente,1,0,0,0,12.5679,41.8658,False,z,,,
2615168,1,2015-12-10T00:02:00,Strada Urbana,da specificare,PIAZZALE OSTIENSE,lato V.LE GIOTTO,Investimento di pedone,Rotatoria,Una carreggiata a senso unico di marcia,Asciutto,Asfaltata,Verticale ed orizzontale,Sereno,Scarso,Sufficiente,Sufficiente,1,0,0,1,,,False,z,,,
2618465,18,2015-12-10T00:20:00,Strada Urbana,all'intersezione con,PIAZZA DEI CINQUECENTO,,Investimento di pedone,Intersezione semaforizzata,Due carreggiate,Asciutto,Asfaltata,Assente,Sereno,Scarso,Buona,Sufficiente,1,0,0,1,12.5002,41.90162,False,z,VIA CAVOUR,VIA CAVOUR,
2615037,4,2015-12-10T00:30:00,Strada Urbana,da specificare,VIA MONTE MASSICO,prossimitíæ via I. Curzolane,Veicolo in marcia contro veicolo in sosta,Rettilineo,Due carreggiate,Asciutto,Asfaltata,Verticale ed orizzontale,Sereno,Scarso,Buona,Sufficiente,0,0,0,1,12.53196,41.9513,False,z,,,
2613525,16,2015-12-10T01:15:00,Strada Urbana,in corrispondenza,VIA DI CASTEL FUSANO,,Veicolo in marcia contro ostacolo fisso,Curva a visuale libera,Una carreggiata a doppio senso,Bagnato (umiditíæ in atto),Asfaltata,Verticale ed orizzontale,Nebbia,Scarso,Insufficiente,Inesistente,2,0,1,0,12.31369,41.74219,True,z,del civico n.,,160
2616935,1,2015-12-10T06:55:00,Strada Urbana,da specificare,PIAZZA VENEZIA,fronte P.ZZA S. MARCO,Veicolo in marcia contro ostacolo accidentale,Rettilineo,Una carreggiata a senso unico di marcia,Viscido da liquidi oleosi,In cubetti di porfido,Assente,Sereno,Normale,Buona,Ore Diurne,0,0,0,1,,,False,z,,,
2613203,1,2015-12-10T07:10:00,Strada Urbana,all'intersezione semaforizzata con,PONTE SUBLICIO,,Scontro frontale-laterale SX fra veicoli in marcia,Intersezione semaforizzata,Una carreggiata a doppio senso,Asciutto,Asfaltata,Verticale ed orizzontale,Sereno,Normale,Buona,Ore Diurne,2,0,0,0,12.4757,41.88292,False,z,PIAZZA DELL'EMPORIO,PIAZZA DELL'EMPORIO,
2614849,4,2015-12-10T07:30:00,Statale entro l'abitato,da specificare,VIA SALARIA,pross. via castel giubileo ,Fuoriuscita dalla sede stradale,Rettilineo,Due carreggiate,Asciutto,Asfaltata,Assente,Sereno,Normale,Buona,Ore Diurne,2,0,0,0,12.50624,41.96289,False,z,,,
2613493,2,2015-12-10T07:50:00,Strada Urbana,in prossimitíæ,LARGO GIULIO ONESTI,,Veicolo in marcia contro ostacolo accidentale,Rettilineo,Una carreggiata a doppio senso,Asciutto,Asfaltata,Verticale ed orizzontale,Sereno,Normale,Buona,Ore Diurne,0,0,0,1,12.49376,41.93754,True,z,del civico n.,,fr. 1
2616906,1,2015-12-10T08:00:00,Strada Urbana,all'intersezione semaforizzata con,PIAZZA DI S. GIOVANNI IN LATERANO,,Infortunio per caduta del veicolo,Intersezione semaforizzata,Una carreggiata a doppio senso,Asciutto,Asfaltata,Verticale ed orizzontale,Sereno,Normale,Buona,Ore Diurne,1,0,0,0,,,False,z,VIA MERULANA,VIA MERULANA,
2614263,13,2015-12-10T08:10:00,Strada Urbana,all'intersezione con,VIA DEI VELIERI,,Scontro frontale-laterale DX fra veicoli in marcia,Intersezione stradale segnalata,Una carreggiata a doppio senso,Asciutto,Asfaltata,Assente,Sereno,Normale,Buona,Ore Diurne,0,0,0,3,12.27524,41.73575,True,z,VIA DELLE GONDOLE,VIA DELLE GONDOLE,
2613564,19,2015-12-10T08:25:00,Strada Urbana,in prossimitíæ,VIA DI CASAL DEL MARMO,,Tamponamento,Rettilineo,Una carreggiata a doppio senso,Asciutto,Asfaltata,Assente,Sereno,Intenso,Buona,Ore Diurne,1,0,0,3,12.39672,41.95122,True,z,del civico n.,,256
2613636,9,2015-12-10T08:30:00,Strada Urbana,da specificare,VIA APPIA NUOVA,ALT. VIA FREGENE,Scontro frontale-laterale SX fra veicoli in marcia,Rettilineo,Due carreggiate,Asciutto,Asfaltata,Verticale ed orizzontale,Sereno,Normale,Buona,Ore Diurne,0,0,0,3,12.52722,41.8716,True,z,,,
2613528,6,2015-12-10T08:45:00,Strada Urbana,in prossimitíæ,VIA ALBERTO DA GIUSSANO,,Tamponamento,Rettilineo,Una carreggiata a senso unico di marcia,Asciutto,Asfaltata,Verticale ed orizzontale,Sereno,Intenso,Buona,Ore Diurne,1,0,0,1,12.53442,41.89105,True,z,del civico n.,,61
2613435,10,2015-12-10T08:45:00,Strada Urbana,da specificare,VIA TUSCOLANA,cavalcavia alt. Terminal Anagnina dir GRA,Tamponamento Multiplo,Rettilineo,Pií_ di due carreggiate,Asciutto,Asfaltata,Orizzontale,Sereno,Normale,Buona,Ore Diurne,1,0,0,2,,,False,z,,,
2614644,8,2015-12-10T08:50:00,Statale entro l'abitato,in corrispondenza,VIA CASILINA,,Scontro laterale fra veicoli in marcia,Rettilineo,Una carreggiata a doppio senso,Asciutto,Asfaltata,Verticale ed orizzontale,Sereno,Normale,Buona,Ore Diurne,0,0,0,3,12.60485,41.86449,True,z,del civico n.,,1226
2614178,13,2015-12-10T08:50:00,Strada Urbana,in prossimitíæ,VIA MENANDRO,,Tamponamento,Rettilineo,Una carreggiata a senso unico di marcia,Asciutto,Asfaltata,Verticale,Sereno,Normale,Buona,Ore Diurne,0,0,0,3,12.37189,41.77142,True,z,del civico n.,,10
2614194,23,2015-12-10T08:50:00,,in prossimitíæ,VIA CRISTOFORO COLOMBO,,Scontro frontale fra veicoli in marcia,,,,,,,,,,0,0,0,0,,,False,z,della chilometrica,,18.2
2613390,11,2015-12-10T08:57:00,Strada Urbana,all'intersezione con,VIALE ALDO BALLARIN,,Scontro laterale fra veicoli in marcia,Intersezione stradale segnalata,Una carreggiata a doppio senso,Asciutto,Asfaltata,Verticale ed orizzontale,Sereno,Normale,Buona,Ore Diurne,1,0,0,1,12.49557,41.83415,False,z,VIA GIUSEPPE GREZAR,VIA GIUSEPPE GREZAR,
2613750,2,2015-12-10T09:00:00,Strada Urbana,da specificare,VIA SALARIA,direz. Centro altezza fiume Aniene.,Tamponamento Multiplo,Rettilineo,Una carreggiata a senso unico di marcia,Asciutto,Asfaltata,Verticale ed orizzontale,Sereno,Normale,Buona,Ore Diurne,3,0,0,1,,,False,z,,,
2614608,11,2015-12-10T09:10:00,Strada Urbana,in prossimitíæ,CIRCONVALLAZIONE OSTIENSE,,Tamponamento Multiplo,Rettilineo,Due carreggiate,Asciutto,Asfaltata,Verticale ed orizzontale,Sereno,Intenso,Buona,Ore Diurne,0,0,0,5,12.48662,41.86715,True,z,del civico n.,,152
2614603,5,2015-12-10T09:10:00,,all'intersezione con,PIAZZA EDOARDO PERSICO,,Veicolo in marcia contro veicolo in sosta,,,,,,,,,,0,0,0,0,12.55934,41.90603,False,z,VIA FEDERIGO VERDINOIS,VIA FEDERIGO VERDINOIS,
2614672,8,2015-12-10T09:15:00,Strada Urbana,in prossimitíæ,VIA DI TOR BELLA MONACA,,Tamponamento,Rettilineo,Due carreggiate,Asciutto,Asfaltata,Orizzontale,Sereno,Intenso,Sufficiente,Ore Diurne,0,0,0,3,12.62546,41.87778,True,z,del palo luce n.,,137
2614665,8,2015-12-10T09:50:00,Provinciale entro l'abitato,da specificare,VIA PRENESTINA,alt. svincolo GRA dir. Roma centro,Scontro frontale-laterale SX fra veicoli in marcia,Rettilineo,Una carreggiata a doppio senso,Asciutto,Asfaltata,Verticale ed orizzontale,Sereno,Normale,Sufficiente,Ore Diurne,0,0,0,2,12.6069,41.89378,True,z,,,
2613600,9,2015-12-10T09:50:00,,all'intersezione semaforizzata con,VIA TUSCOLANA,,Scontro laterale fra veicoli in marcia,,,,,,,,,,1,0,0,2,,,False,z,VIA GELA,VIA GELA,
2613532,1,2015-12-10T10:20:00,Strada Urbana,da specificare,PASSEGGIATA DEL GIANICOLO,corrispondenza albero nŒÁ 216,Scontro frontale-laterale SX fra veicoli in marcia,Rettilineo,Una carreggiata a doppio senso,Asciutto,Asfaltata,Verticale ed orizzontale,Sereno,Normale,Buona,Ore Diurne,1,0,0,1,12.46167,41.893,False,z,,,
2620963,18,2015-12-10T10:20:00,Strada Urbana,in prossimitíæ,VIA S. PIO V,,Tamponamento,Rettilineo,Una carreggiata a senso unico di marcia,Asciutto,Asfaltata,Assente,Sereno,Scarso,Buona,Ore Diurne,0,0,0,3,12.43526,41.89422,True,z,del civico n.,,55
2613647,2,2015-12-10T10:25:00,Strada Urbana,da specificare,CIRCONVALLAZIONE SALARIA,alt. Prato della Signora dir. stadio,Ribaltamento senza urto contro ostacolo fisso,Rettilineo,Due carreggiate,Asciutto,Asfaltata,Orizzontale,Sereno,Intenso,Buona,Ore Diurne,0,0,0,1,12.51256,41.93877,True,z,,,
2614942,4,2015-12-10T10:45:00,Strada Urbana,da specificare,PIAZZA GIULIETTA MASINA,prossimitíæ via Carmelo Bene,Scontro laterale fra veicoli in marcia,Rotatoria,Una carreggiata a senso unico di marcia,Asciutto,Asfaltata,Verticale ed orizzontale,Sereno,Normale,Buona,Ore Diurne,1,0,0,1,12.53371,41.97505,False,z,,,
2613633,10,2015-12-10T10:50:00,Strada Urbana,in prossimitíæ,VIA UMBERTO QUINTAVALLE,,Scontro frontale-laterale SX fra veicoli in marcia,Rettilineo,Una carreggiata a senso unico di marcia,Asciutto,Asfaltata,Verticale ed orizzontale,Sereno,Scarso,Buona,Ore Diurne,1,0,0,2,12.57236,41.85436,True,z,del civico n.,,36
2613599,6,2015-12-10T11:00:00,Strada Urbana,in corrispondenza,VIA ANAGNI,,Scontro frontale-laterale DX fra veicoli in marcia,Rettilineo,Una carreggiata a doppio senso,Asciutto,Asfaltata,Orizzontale,Sereno,Normale,Buona,Ore Diurne,0,0,0,2,12.55815,41.89022,True,z,del civico n.,,100
2615213,1,2015-12-10T11:05:00,Strada Urbana,in prossimitíæ,LUNGOTEVERE DEI TEBALDI,,Scontro laterale fra veicoli in marcia,Rettilineo,Una carreggiata a senso unico di marcia,Asciutto,Asfaltata,Verticale ed orizzontale,Sereno,Intenso,Buona,Ore Diurne,0,0,0,2,,,False,z,del civico n.,,5
2614652,8,2015-12-10T11:10:00,Strada Urbana,in corrispondenza,VIA COLLATINA,,Veicolo in marcia contro ostacolo accidentale,Rettilineo,Una carreggiata a doppio senso,Asciutto,Asfaltata,Verticale ed orizzontale,Sereno,Normale,Buona,Ore Diurne,0,0,0,2,12.61053,41.90604,True,z,del palo luce n.,,586
2613693,17,2015-12-10T11:30:00,Strada Urbana,in prossimitíæ,VIA CARLO ALBERTO DALLA CHIESA,,Scontro laterale fra veicoli in marcia,Rettilineo,Una carreggiata a doppio senso,Asciutto,Asfaltata,Verticale ed orizzontale,Sereno,Normale,Buona,Ore Diurne,0,0,0,2,12.46099,41.91136,True,z,del civico n.,,5
2614723,19,2015-12-10T11:35:00,Strada Urbana,in corrispondenza,VIA DI CASAL DEL MARMO,,Scontro frontale-laterale SX fra veicoli in marcia,Curva a visuale libera,Una carreggiata a doppio senso,Asciutto,Asfaltata,Orizzontale,Sereno,Normale,Buona,Ore Diurne,1,0,0,1,12.49637,41.90278,False,z,del civico n.,,fronte 41
2613680,11,2015-12-10T11:40:00,Strada Urbana,da specificare,VIA CRISTOFORO COLOMBO,Carreggiata contr.le all'int.ne con Via Federici,Scontro frontale-laterale DX fra veicoli in marcia,Rettilineo,Una carreggiata a senso unico di marcia,Asciutto,Asfaltata,Verticale ed orizzontale,Sereno,Normale,Buona,Ore Diurne,0,0,0,2,12.49799,41.86389,True,z,,,
2613805,10,2015-12-10T11:45:00,Strada Urbana,da specificare,VIA UMBERTO QUINTAVALLE,area parcheggio fronte INPS,Scontro laterale fra veicoli in marcia,Pianeggiante,Una carreggiata a doppio senso,Asciutto,Asfaltata,Assente,Sereno,Normale,Buona,Ore Diurne,0,0,0,2,12.57307,41.85509,True,z,,,
2616968,1,2015-12-10T11:50:00,Strada Urbana,in prossimitíæ,PIAZZALE NUMA POMPILIO,,Veicolo in marcia contro ostacolo accidentale,Rettilineo,Una carreggiata a senso unico di marcia,Asciutto,Asfaltata,Verticale ed orizzontale,Sereno,Intenso,Buona,Ore Diurne,0,0,0,1,,,False,z,del palo luce n.,,90
2615179,17,2015-12-10T12:05:00,Strada Urbana,all'intersezione con,VIA VESPASIANO,,Veicolo in marcia contro veicolo fermo,Intersezione stradale segnalata,Una carreggiata a senso unico di marcia,Asciutto,Asfaltata,Verticale ed orizzontale,Sereno,Normale,Buona,Ore Diurne,0,0,0,3,12.45681,41.90904,False,z,VIALE GIULIO CESARE,VIALE GIULIO CESARE,
2614710,19,2015-12-10T12:35:00,Strada Urbana,all'intersezione con,VIA DI SELVA NERA,,Scontro laterale fra veicoli in marcia,Incrocio,Una carreggiata a doppio senso,Asciutto,Asfaltata,Verticale ed orizzontale,Sereno,Normale,Buona,Ore Diurne,0,0,0,2,12.35896,41.92746,True,z,VIA DI BOCCEA,VIA DI BOCCEA,
2616869,1,2015-12-10T12:40:00,Strada Urbana,all'intersezione con,VIA FIRENZE,,Veicolo in marcia contro veicolo fermo,Incrocio,Una carreggiata a doppio senso,Asciutto,In cubetti di porfido,Verticale ed orizzontale,Sereno,Normale,Buona,Ore Diurne,0,0,0,2,12.49285,41.9034,False,z,VIA VENTI SETTEMBRE,VIA VENTI SETTEMBRE,
2613854,9,2015-12-10T12:45:00,Strada Urbana,all'intersezione con,VIA GALLIA,,Scontro frontale-laterale DX fra veicoli in marcia,Incrocio,Una carreggiata a doppio senso,Asciutto,Asfaltata,Orizzontale,Sereno,Intenso,Buona,Ore Diurne,1,0,0,1,12.50442,41.88093,False,z,VIA PANDOSIA,VIA PANDOSIA,
2615241,12,2015-12-10T12:45:00,Strada Urbana,all'intersezione semaforizzata con,VIALE DELL'ARTE,,Scontro frontale fra veicoli in marcia,Intersezione semaforizzata,Una carreggiata a doppio senso,Asciutto,Asfaltata,Verticale ed orizzontale,Sereno,Normale,Buona,Ore Diurne,0,0,0,2,,,False,z,PIAZZALE DEGLI ARCHIVI,PIAZZALE DEGLI ARCHIVI,
2614919,17,2015-12-10T12:50:00,Strada Urbana,da specificare,VIALE DELLE MEDAGLIE D'ORO,fronte civ. 42,Scontro laterale fra veicoli in marcia,Rettilineo,Una carreggiata a doppio senso,Asciutto,Asfaltata,Verticale ed orizzontale,Sereno,Normale,Buona,Ore Diurne,0,0,0,1,12.44284,41.91696,False,z,,,
2614818,4,2015-12-10T12:50:00,,in prossimitíæ,VIA NOMENTANA,,Scontro laterale fra veicoli in marcia,,,,,,,,,,1,0,0,1,12.56849,41.94755,False,z,del civico n.,,1030
2614730,7,2015-12-10T13:00:00,Strada Urbana,in corrispondenza,VIA DELLE NINFEE,,Scontro frontale-laterale SX fra veicoli in marcia,Rettilineo,Una carreggiata a senso unico di marcia,Asciutto,Asfaltata,Assente,Sereno,Scarso,Buona,Ore Diurne,0,0,0,2,,,False,z,del civico n.,,15
2614662,8,2015-12-10T13:15:00,Strada Urbana,da specificare,VIALE DELLA SORBONA,altezza rotatoria Via Columbia,Scontro laterale fra veicoli in marcia,Rotatoria,Due carreggiate,Asciutto,Asfaltata,Verticale ed orizzontale,Sereno,Normale,Buona,Ore Diurne,0,0,0,3,12.61206,41.85464,True,z,,,
2613901,11,2015-12-10T13:25:00,Strada Urbana,all'intersezione semaforizzata con,VIA CRISTOFORO COLOMBO,,Tamponamento Multiplo,Intersezione semaforizzata,Pií_ di due carreggiate,Asciutto,Asfaltata,Verticale ed orizzontale,Sereno,Normale,Buona,Ore Diurne,1,0,0,3,12.48084,41.84753,False,z,VIA OROPA,VIA OROPA,
2615042,12,2015-12-10T13:30:00,Strada Urbana,da specificare,VIA DEL PONTE DI PISCINA CUPA,prox incrocio via Fosso della Santola ,Scontro frontale-laterale DX fra veicoli in marcia,Rettilineo,Una carreggiata a doppio senso,Asciutto,Asfaltata,Verticale ed orizzontale,Sereno,Normale,Buona,Ore Diurne,0,0,0,2,12.44701,41.71771,True,z,,,
2613906,10,2015-12-10T13:30:00,Strada Urbana,in corrispondenza,VIA STEFANO OBERTO,,Scontro frontale-laterale SX fra veicoli in marcia,Rettilineo,Una carreggiata a doppio senso,Asciutto,Asfaltata,Verticale ed orizzontale,Sereno,Normale,Buona,Ore Diurne,0,0,0,4,12.59012,41.84734,True,z,del civico n.,,141
2614864,4,2015-12-10T13:40:00,,all'intersezione con,VIA FILIPPO ANTONIO GUALTERIO,,Investimento di pedone,,,,,,,,,,1,0,0,1,12.51966,41.95251,False,z,VIA PIERO FOSCARI,VIA PIERO FOSCARI,
2616952,1,2015-12-10T13:40:00,Strada Urbana,all'intersezione semaforizzata con,CORSO VITTORIO EMANUELE II,,Scontro frontale fra veicoli in marcia,Intersezione semaforizzata,Una carreggiata a doppio senso,Asciutto,Asfaltata,Verticale ed orizzontale,Sereno,Normale,Buona,Ore Diurne,0,0,0,2,,,False,z,VIA DEI BANCHI VECCHI,VIA DEI BANCHI VECCHI,
2614721,17,2015-12-10T14:15:00,Strada Urbana,all'intersezione semaforizzata con,VIALE GIUSEPPE MAZZINI,,Scontro frontale-laterale DX fra veicoli in marcia,Intersezione semaforizzata,Due carreggiate,Asciutto,Asfaltata,Verticale ed orizzontale,Sereno,Normale,Buona,Ore Diurne,1,0,0,1,12.45839,41.91508,False,z,VIALE ANGELICO,VIALE ANGELICO,
2614607,5,2015-12-10T14:20:00,,da specificare,VIA BELMONTE IN SABINA,altezza gra direzione Palombarese,Scontro laterale fra veicoli in marcia,,,,,,,,,,0,0,0,0,12.59373,41.94644,False,z,,,
2614003,9,2015-12-10T14:20:00,Strada Urbana,da specificare,VIA LA SPEZIA,altezza via ACIREALE,Scontro frontale-laterale DX fra veicoli in marcia,Rettilineo,Una carreggiata a doppio senso,Asciutto,Asfaltata,Orizzontale,Sereno,Normale,Buona,Ore Diurne,2,0,0,1,12.52071,41.88718,False,z,,,
2614759,19,2015-12-10T14:30:00,Strada Urbana,in prossimitíæ,VIA TRIONFALE,,Tamponamento,Rettilineo,Due carreggiate,Asciutto,Asfaltata,Orizzontale,Sereno,Normale,Buona,Ore Diurne,0,0,0,2,12.43182,41.93566,True,z,del civico n.,,7798