_ID,_Gruppo,_DataOraIncidente,_Localizzazione1,_Localizzazione2,_Strada1,_DaSpecificare,_NaturaIncidente,_ParticolaritaStrade,_TipoStrada,_FondoStradale,_Pavimentazione,_Segnaletica,_CondizioneAtmosferica,_Traffico,_Visibilita,_Illuminazione,_NUM_FERITI,_NUM_RISERVATA,_NUM_MORTI,_NUM_ILLESI,_Longitudine,_Latitudine,_CONFERMATO,__prefix,_Strada02,_Strada2,_Chilometrica
2616189,8,2015-12-11T12:30:00,Strada Urbana,in prossimitíæ,VIA RAOUL CHIODELLI,,Tamponamento,Rettilineo,Due carreggiate,Asciutto,Asfaltata,Verticale ed orizzontale,Sereno,Normale,Buona,Ore Diurne,0,0,0,2,12.66239,41.90697,True,z,del civico n.,,132
2618607,2,2015-12-11T12:30:00,,in prossimitíæ,VIA GREGORIO ALLEGRI,,Veicolo in marcia contro veicolo in sosta,,,,,,,,,,1,0,0,1,,,False,z,del civico n.,,2
2618931,12,2015-12-11T12:35:00,,da specificare,VIALE DEI PRIMATI SPORTIVI,tra i civici 19 e 21,Infortunio per sola frenata improvvisa,,,,,,,,,,1,0,0,0,,,False,z,,,
2619266,3,2015-12-11T12:35:00,,da specificare,VIALE DELL'UNIVERSITA',pross.tíæ fronte civ. 27,Veicolo in marcia contro ostacolo accidentale,,,,,,,,,,1,0,0,2,,,False,z,,,
2615306,10,2015-12-11T13:00:00,Strada Urbana,in prossimitíæ,VIA RANUCCIO BIANCHI BANDINELLI,,Tamponamento Multiplo,Rettilineo,Una carreggiata a doppio senso,Asciutto,Asfaltata,Assente,Sereno,Normale,Buona,Ore Diurne,1,0,0,2,12.58274,41.82092,False,z,del civico n.,,13
2615636,9,2015-12-11T13:00:00,Strada Urbana,da specificare,PIAZZA DI PONTE LUNGO,FRONTE CIVICO 27,Scontro frontale-laterale DX fra veicoli in marcia,Rettilineo,Una carreggiata a doppio senso,Asciutto,Asfaltata,Orizzontale,Sereno,Normale,Buona,Ore Diurne,2,0,0,1,12.51895,41.87741,False,z,,,
2616163,8,2015-12-11T13:10:00,Strada Urbana,in prossimitíæ,VIALE DEI ROMANISTI,,Scontro laterale fra veicoli in marcia,Rettilineo,Due carreggiate,Asciutto,Asfaltata,Verticale ed orizzontale,Sereno,Normale,Buona,Ore Diurne,0,0,0,3,12.57189,41.86907,True,z,del civico n.,,237
2615465,10,2015-12-11T13:20:00,Strada Urbana,all'intersezione con,VIA DEL CASALE FERRANTI,,Scontro frontale-laterale SX fra veicoli in marcia,Intersezione stradale segnalata,Una carreggiata a doppio senso,Asciutto,Asfaltata,Verticale ed orizzontale,Sereno,Normale,Buona,Ore Diurne,0,0,0,2,12.58588,41.83353,True,z,VIA SAN NICOLA DELL'ALTO,VIA SAN NICOLA DELL'ALTO,
2616134,13,2015-12-11T13:30:00,Strada Urbana,all'intersezione con,VIA OSTIENSE,,Scontro frontale-laterale SX fra veicoli in marcia,Incrocio,Una carreggiata a doppio senso,Asciutto,Asfaltata,Verticale ed orizzontale,Sereno,Intenso,Buona,Ore Diurne,1,0,0,1,12.32537,41.76989,False,z,VIA DEL FOSSO DI DRAGONCELLO,VIA DEL FOSSO DI DRAGONCELLO,
2618362,4,2015-12-11T13:30:00,Strada Urbana,da specificare,VIA AMALIA BETTINI,corrispondenza rampa immissione viadotto Gronchi,Scontro laterale fra veicoli in marcia,Curva a visuale libera,Una carreggiata a senso unico di marcia,Asciutto,Asfaltata,Verticale ed orizzontale,Sereno,Normale,Buona,Ore Diurne,0,0,0,2,12.5281,41.96446,True,z,,,
2615644,19,2015-12-11T13:40:00,Strada Urbana,in prossimitíæ,VIA PIEVE DI CADORE,,Tamponamento,Rettilineo,Due carreggiate,Asciutto,Asfaltata,Verticale ed orizzontale,Sereno,Normale,Buona,Ore Diurne,1,0,0,2,12.43657,41.93906,False,z,del civico n.,,30
2615368,7,2015-12-11T13:40:00,Strada Urbana,in prossimitíæ,VIALE PALMIRO TOGLIATTI,,Veicolo in marcia contro ostacolo fisso,Rettilineo,Due carreggiate,Asciutto,Con buche,Orizzontale,Sereno,Normale,Buona,Ore Diurne,0,0,0,1,12.57446,41.89414,True,z,del civico n.,,985
2616160,8,2015-12-11T13:45:00,Strada Urbana,all'intersezione con,VIALE OXFORD,,Scontro laterale fra veicoli in marcia,Rotatoria,Due carreggiate,Asciutto,Asfaltata,Verticale ed orizzontale,Sereno,Normale,Buona,Ore Diurne,0,0,0,3,12.62817,41.8599,True,z,VIALE DELLA SORBONA,VIALE DELLA SORBONA,
2617427,17,2015-12-11T13:55:00,,all'intersezione con,VIA DELLA CONCILIAZIONE,,Investimento di pedone,,,,,,,,,,2,0,0,0,12.4596,41.90224,False,z,VIA PADRE PANCRAZIO PFEIFFER,VIA PADRE PANCRAZIO PFEIFFER,
2617445,17,2015-12-11T14:00:00,Strada Urbana,all'intersezione con,VIA DEGLI SCIPIONI,,Scontro frontale-laterale DX fra veicoli in marcia,Incrocio,Una carreggiata a doppio senso,Asciutto,Asfaltata,Verticale ed orizzontale,Sereno,Normale,Buona,Ore Diurne,2,0,0,0,12.46904,41.91129,False,z,VIA DEGLI ORSINI,VIA DEGLI ORSINI,
2615433,20,2015-12-11T14:05:00,Strada Urbana,all'intersezione semaforizzata con,LARGO FERRARIS IV,,Scontro laterale fra veicoli in marcia,Intersezione semaforizzata,Una carreggiata a doppio senso,Asciutto,Asfaltata,Verticale ed orizzontale,Sereno,Normale,Buona,Ore Diurne,0,0,0,3,12.45489,41.93637,True,z,VIALE DELLA MACCHIA DELLA FARNESINA,VIALE DELLA MACCHIA DELLA FARNESINA,
2617320,12,2015-12-11T14:05:00,Strada Urbana,da specificare,VIA DI DECIMA,"dir.ne via Ostiense, alt. via Calcutta",Tamponamento,Rettilineo,Una carreggiata a doppio senso,Bagnato (umiditíæ in atto),Asfaltata,Verticale ed orizzontale,Sereno,Normale,Buona,Ore Diurne,1,0,0,1,,,False,z,,,
2620757,12,2015-12-11T14:20:00,Strada Urbana,da specificare,VIA CRISTOFORO COLOMBO,direz. Roma altezza viale America,Scontro laterale fra veicoli in marcia,Rettilineo,Due carreggiate,Asciutto,Asfaltata,Verticale ed orizzontale,Sereno,Intenso,Buona,Ore Diurne,0,0,0,2,12.44704,41.80373,True,z,,,
2621519,1,2015-12-11T14:20:00,Strada Urbana,in corrispondenza,PIAZZALE OSTIENSE,,Scontro laterale fra veicoli in marcia,Rotatoria,Una carreggiata a senso unico di marcia,Asciutto,Asfaltata,Verticale ed orizzontale,Sereno,Normale,Buona,Ore Diurne,0,0,0,2,,,False,z,del civico n.,,22
2615652,19,2015-12-11T14:25:00,Strada Urbana,in prossimitíæ,VIA TRIONFALE,,Veicolo in marcia contro veicolo fermo,Rettilineo,Una carreggiata a senso unico di marcia,Asciutto,Asfaltata,Verticale,Sereno,Intenso,Buona,Ore Diurne,0,0,0,2,12.42644,41.93768,True,z,del civico n.,,8322
2615660,19,2015-12-11T14:30:00,Strada Urbana,in prossimitíæ,VIA TRIONFALE,,Tamponamento,Rettilineo,Una carreggiata a senso unico di marcia,Asciutto,Asfaltata,Orizzontale,Sereno,Intenso,Buona,Ore Diurne,0,0,0,1,12.43163,41.93577,True,z,del civico n.,,8000
2619077,16,2015-12-11T14:30:00,,in corrispondenza,VIA FEDERICO DI DONATO,,Tamponamento,,,,,,,,,,1,0,0,1,,,False,z,del civico n.,,7
2617344,12,2015-12-11T14:30:00,Strada Urbana,all'intersezione con,VIA LAURENTINA,,Infortunio per sola frenata improvvisa,Incrocio,Due carreggiate,Asciutto,Asfaltata,Verticale ed orizzontale,Sereno,Normale,Buona,Sufficiente,1,0,0,0,12.47929,41.82365,False,z,VIA DELLA SIERRA NEVADA,VIA DELLA SIERRA NEVADA,
2616184,8,2015-12-11T14:50:00,,all'intersezione con,VIA CASILINA,,Veicolo in marcia contro ostacolo accidentale,,,,,,,,,,0,0,0,1,,,False,z,VIA DEI COLOMBI,VIA DEI COLOMBI,
2617001,1,2015-12-11T15:25:00,Strada Urbana,da specificare,PIAZZA DI PORTA CAPENA,altezza MONUMENTO 11 SETTEMBRE,Tamponamento,Rettilineo,Pií_ di due carreggiate,Asciutto,Asfaltata,Verticale ed orizzontale,Sereno,Normale,Buona,Ore Diurne,1,0,0,1,,,False,z,,,
2616697,20,2015-12-11T15:30:00,,da specificare,VIA DEL FORO ITALICO,interno Galleria Farnesina dir. Salaria,Scontro laterale fra veicoli in marcia,,,,,,,,,,1,0,0,2,,,False,z,,,
2616161,8,2015-12-11T15:30:00,Strada Urbana,all'intersezione con,VIA DI ROCCA CENCIA,,Scontro frontale fra veicoli in marcia,Incrocio,Una carreggiata a doppio senso,Asciutto,Asfaltata,Verticale ed orizzontale,Sereno,Normale,Buona,Ore Diurne,0,0,0,3,12.69113,41.8735,True,z,VIA SELLIA,VIA SELLIA,
2618325,5,2015-12-11T16:00:00,Strada Urbana,all'intersezione con,VIA TIBURTINA,,Infortunio per sola frenata improvvisa,Incrocio,Due carreggiate,Asciutto,Asfaltata,Verticale ed orizzontale,Sereno,Normale,Buona,Ore Diurne,1,0,0,1,12.57913,41.93152,False,z,VIA ELENA BRANDIZZI GIANNI,VIA ELENA BRANDIZZI GIANNI,
2617368,20,2015-12-11T16:15:00,Strada Urbana,in corrispondenza,VIA CASSIA,,Scontro laterale fra veicoli in marcia,Rettilineo,Una carreggiata a doppio senso,Asciutto,Asfaltata,Verticale ed orizzontale,Sereno,Intenso,Sufficiente,Ore Diurne,0,0,0,2,,,False,z,del civico n.,,18950
2616137,13,2015-12-11T16:20:00,Strada Urbana,in corrispondenza,VIALE AMMIRAGLIO DEL BONO,,Veicolo in marcia contro veicolo fermo,Rettilineo,Due carreggiate,Asciutto,Asfaltata,Verticale ed orizzontale,Sereno,Normale,Buona,Ore Diurne,0,0,0,2,12.28482,41.73629,True,z,del civico n.,,19
2619810,3,2015-12-11T16:25:00,Strada Urbana,da specificare,CIRCONVALLAZIONE TIBURTINA,dir.ne Salaria alt. Scalo S. Lorenzo,Tamponamento Multiplo,Sottopasso non illuminato,Una carreggiata a senso unico di marcia,Asciutto,Asfaltata,Orizzontale,Sereno,Intenso,Buona,Ore Diurne,0,0,0,4,12.52804,41.89941,True,z,,,
2615634,6,2015-12-11T16:25:00,Strada Urbana,all'intersezione con,LARGO DELLA PRIMAVERA,,Scontro frontale-laterale DX fra veicoli in marcia,Incrocio,Due carreggiate,Asciutto,Asfaltata,Verticale ed orizzontale,Sereno,Normale,Buona,Ore Diurne,1,0,0,1,12.56142,41.88792,True,z,VIA TOR DE' SCHIAVI,VIA TOR DE' SCHIAVI,
2616164,8,2015-12-11T16:35:00,,all'intersezione con,VIA DEL FOSSO DELL'OSA,,Scontro frontale-laterale DX fra veicoli in marcia,,,,,,,,,,1,0,0,1,12.68431,41.90552,False,z,VIA PERANO,VIA PERANO,
2616138,13,2015-12-11T16:45:00,Strada Urbana,all'intersezione con,LUNGOMARE PAOLO TOSCANELLI,,Investimento di pedone,Incrocio,Due carreggiate,Asciutto,Asfaltata,Verticale ed orizzontale,Sereno,Normale,Buona,Ore Diurne,0,0,0,2,12.27494,41.73016,True,z,PIAZZA DEI RAVENNATI,PIAZZA DEI RAVENNATI,
2615792,6,2015-12-11T17:05:00,Strada Urbana,all'intersezione semaforizzata con,VIA PRENESTINA,,Scontro frontale-laterale DX fra veicoli in marcia,Incrocio,Pií_ di due carreggiate,Asciutto,Asfaltata,Verticale ed orizzontale,Sereno,Normale,Sufficiente,Sufficiente,2,0,0,1,12.56656,41.89517,True,z,VIALE GIOVANNI BATTISTA VALENTE,VIALE GIOVANNI BATTISTA VALENTE,
2618706,18,2015-12-11T17:10:00,Strada Urbana,in prossimitíæ,VIA BORGOSESIA,,Scontro laterale fra veicoli in marcia,Rettilineo,Una carreggiata a doppio senso,Asciutto,Asfaltata,Assente,Sereno,Scarso,Sufficiente,Sufficiente,1,0,0,1,12.36436,41.90843,True,z,del civico n.,,111
2615722,10,2015-12-11T17:15:00,Strada Urbana,all'intersezione con,VIA TUSCOLANA,,Scontro laterale fra veicoli in marcia,Incrocio,Due carreggiate,Asciutto,Asfaltata,Verticale ed orizzontale,Sereno,Normale,Buona,Sufficiente,0,0,0,2,12.60223,41.83592,True,z,VIA GASPERINA,VIA GASPERINA,
2619027,16,2015-12-11T17:20:00,,in prossimitíæ,VIA SILVESTRI,,Scontro frontale-laterale DX fra veicoli in marcia,,,,,,,,,,1,0,0,3,12.43257,41.8779,False,z,del palo luce n.,,34
2616157,8,2015-12-11T17:30:00,,in prossimitíæ,VIA DEL LAGO REGILLO,,Investimento di pedone,,,,,,,,,,1,0,0,0,,,False,z,del civico n.,,97
2616149,8,2015-12-11T17:30:00,,all'intersezione con,VIA DEL TORRACCIO DI TORRENOVA,,Scontro frontale-laterale DX fra veicoli in marcia,,,,,,,,,,1,0,0,1,,,False,z,VIA ORAZIO BORGIANNI,VIA ORAZIO BORGIANNI,
2617364,12,2015-12-11T17:40:00,Strada Urbana,da specificare,VIA PONTINA,"dir.ne v.le Eroi di Rodi, alt. benz Tamoil km 17.1",Tamponamento,Rettilineo,Una carreggiata a doppio senso,Asciutto,Asfaltata,Orizzontale,Sereno,Scarso,Insufficiente,Inesistente,1,0,0,2,,,False,z,,,
2618454,2,2015-12-11T17:55:00,Strada Urbana,all'intersezione con,VIA SALARIA,,Scontro frontale-laterale SX fra veicoli in marcia,Intersezione semaforizzata,Due carreggiate,Asciutto,Asfaltata,Verticale ed orizzontale,Sereno,Intenso,Sufficiente,Sufficiente,1,0,0,1,,,False,z,VIALE LIEGI,VIALE LIEGI,
2618386,2,2015-12-11T17:56:00,Strada Urbana,all'intersezione semaforizzata con,PIAZZA DI PRISCILLA,,Scontro laterale fra veicoli in marcia,Incrocio,Una carreggiata a doppio senso,Asciutto,Asfaltata,Verticale ed orizzontale,Sereno,Normale,Buona,Sufficiente,0,0,0,2,12.50903,41.93024,True,z,VIA SALARIA,VIA SALARIA,
2616140,13,2015-12-11T18:00:00,Strada Urbana,all'intersezione con,VIA CARLO CASINI,,Scontro frontale-laterale DX fra veicoli in marcia,Incrocio,Una carreggiata a senso unico di marcia,Asciutto,Asfaltata,Verticale,Sereno,Normale,Sufficiente,Sufficiente,1,0,0,1,12.33576,41.7851,False,z,VIA GIACOMO DA BRENO,VIA GIACOMO DA BRENO,
2618438,4,2015-12-11T18:00:00,Strada Urbana,in prossimitíæ,VIA DARIO NICCODEMI,,Veicolo in marcia contro veicolo in sosta,Rettilineo,Una carreggiata a doppio senso,Asciutto,Asfaltata,Verticale ed orizzontale,Sereno,Normale,Buona,Sufficiente,0,0,0,1,12.54834,41.95366,True,z,del civico n.,,39
2619068,16,2015-12-11T18:00:00,,in corrispondenza,VIALE DEI QUATTRO VENTI,,Scontro laterale fra veicoli in marcia,,,,,,,,,,0,0,0,4,,,False,z,del civico n.,,17
2618674,18,2015-12-11T18:15:00,Strada Urbana,in prossimitíæ,VIA PIEDICAVALLO,,Veicolo in marcia contro veicolo fermo,Rettilineo,Una carreggiata a doppio senso,Asciutto,Asfaltata,Verticale ed orizzontale,Sereno,Scarso,Buona,Sufficiente,0,0,0,5,12.36034,41.92443,False,z,del civico n.,,40
2622860,20,2015-12-11T18:30:00,Strada Urbana,all'intersezione semaforizzata con,VIA CASSIA,,Scontro frontale fra veicoli in marcia,Intersezione semaforizzata,Una carreggiata a doppio senso,Asciutto,Asfaltata,Verticale ed orizzontale,Sereno,Normale,Buona,Sufficiente,0,0,0,4,,,False,z,VIA ORIOLO ROMANO,VIA ORIOLO ROMANO,
2619080,16,2015-12-11T19:00:00,,all'intersezione con,VIA ANTON GIULIO BARRILI,,Infortunio per sola frenata improvvisa,,,,,,,,,,2,0,0,1,12.46066,41.88103,False,z,VIA ARTURO COLAUTTI,VIA ARTURO COLAUTTI,
2617009,1,2015-12-11T19:15:00,Strada Urbana,in prossimitíæ,VIA CONTE VERDE,,Infortunio per sola frenata improvvisa,Rettilineo,Una carreggiata a doppio senso,Asciutto,Asfaltata,Verticale ed orizzontale,Sereno,Intenso,Buona,Sufficiente,0,0,0,3,,,False,z,del civico n.,,14
2619082,16,2015-12-11T19:20:00,Strada Urbana,all'intersezione con,VIA RAFFAELE BALESTRA,,Veicolo in marcia contro veicolo fermo,Incrocio,Una carreggiata a doppio senso,Asciutto,Asfaltata,Verticale,Sereno,Normale,Buona,Sufficiente,0,0,0,3,12.45001,41.87321,True,z,VIA PIETRO CARTONI,VIA PIETRO CARTONI,
2616882,15,2015-12-11T19:25:00,Strada Urbana,all'intersezione semaforizzata con,VIA QUIRINO MAJORANA,,Scontro laterale fra veicoli in marcia,Intersezione semaforizzata,Due carreggiate,Asciutto,Asfaltata,Verticale ed orizzontale,Sereno,Normale,Buona,Sufficiente,0,0,0,3,12.46111,41.86988,True,z,VIA DEL FORNETTO,VIA DEL FORNETTO,
2616660,20,2015-12-11T19:30:00,Regionale entro l'abitato,in corrispondenza,VIA CASSIA,,Scontro frontale-laterale DX fra veicoli in marcia,Rettilineo,Una carreggiata a doppio senso,Asciutto,Asfaltata,Orizzontale,Sereno,Scarso,Buona,Sufficiente,0,0,0,4,,,False,z,del civico n.,,1766
2618376,20,2015-12-11T20:10:00,Regionale entro l'abitato,da specificare,VIA CASSIA,altezza Uscita parcheggio CARREFOUR,Scontro frontale-laterale DX fra veicoli in marcia,Rettilineo,Una carreggiata a doppio senso,Asciutto,Asfaltata,Orizzontale,Sereno,Intenso,Buona,Sufficiente,0,0,0,2,,,False,z,,,
2619834,3,2015-12-11T20:40:00,Strada Urbana,all'intersezione con,PIAZZA MARIANO ARMELLINI,,Scontro frontale-laterale SX fra veicoli in marcia,Incrocio,Una carreggiata a senso unico di marcia,Asciutto,Asfaltata,Assente,Sereno,Normale,Sufficiente,Ore Diurne,0,0,0,4,,,False,z,VIA ORESTE TOMMASINI,VIA ORESTE TOMMASINI,
2617489,17,2015-12-11T20:50:00,Strada Urbana,da specificare,VIA ANGELO EMO,alt. via f. duodo,Scontro frontale-laterale DX fra veicoli in marcia,Rettilineo,Una carreggiata a doppio senso,Asciutto,Asfaltata,Verticale ed orizzontale,Sereno,Normale,Sufficiente,Sufficiente,1,0,0,1,12.44509,41.90377,False,z,,,
2617471,17,2015-12-11T21:20:00,Strada Urbana,da specificare,VIA TRIONFALE,fronte civ. 90,Scontro frontale-laterale DX fra veicoli in marcia,Rettilineo,Una carreggiata a doppio senso,Asciutto,Asfaltata,Verticale ed orizzontale,Sereno,Scarso,Buona,Sufficiente,0,0,0,3,12.42296,41.94088,False,z,,,
2616141,13,2015-12-11T21:59:00,Strada Urbana,all'intersezione con,CORSO DUCA DI GENOVA,,Scontro frontale-laterale SX fra veicoli in marcia,Incrocio,Una carreggiata a doppio senso,Asciutto,Asfaltata,Verticale ed orizzontale,Sereno,Scarso,Buona,Sufficiente,1,0,0,1,12.27008,41.73442,False,z,VIA FRANCO MEZZADRA,VIA FRANCO MEZZADRA,
2618731,18,2015-12-11T22:05:00,Strada Urbana,all'intersezione con,VIA DELLA PINETA SACCHETTI,,Scontro laterale fra veicoli in marcia,Incrocio,Una carreggiata a doppio senso,Asciutto,Asfaltata,Verticale ed orizzontale,Sereno,Normale,Buona,Sufficiente,1,0,0,2,12.42397,41.91111,False,z,VIA CALISTO II,VIA CALISTO II,
2618457,19,2015-12-11T22:05:00,Strada Urbana,all'intersezione con,VIA DELLE ISOLE CURZOLANE,,Scontro frontale fra veicoli in marcia,Incrocio,Due carreggiate,Asciutto,Asfaltata,Verticale ed orizzontale,Sereno,Normale,Buona,Sufficiente,1,0,0,1,12.53194,41.94885,True,z,VIA SARANDI,VIA SARANDI,
2619094,16,2015-12-11T22:15:00,,all'intersezione con,VIA DI DONNA OLIMPIA,,Scontro frontale-laterale SX fra veicoli in marcia,,,,,,,,,,1,0,0,2,,,False,z,VIA MARIO FIORETTI,VIA MARIO FIORETTI,
2617513,17,2015-12-11T22:20:00,Strada Urbana,all'intersezione con,VIA BERNARDINO TELESIO,,Scontro frontale-laterale SX fra veicoli in marcia,Incrocio,Una carreggiata a senso unico di marcia,Asciutto,Asfaltata,Verticale ed orizzontale,Sereno,Scarso,Sufficiente,Sufficiente,0,0,0,5,12.45236,41.91164,True,z,VIA GIORDANO BRUNO,VIA GIORDANO BRUNO,
2618335,5,2015-12-11T22:25:00,Strada Urbana,all'intersezione con,VIALE BRUNO RIZZIERI,,Scontro laterale fra veicoli in marcia,Rotatoria,Una carreggiata a senso unico di marcia,Asciutto,Asfaltata,Verticale ed orizzontale,Sereno,Scarso,Sufficiente,Sufficiente,0,0,0,5,12.58305,41.85187,True,z,VIA WALTER PROCACCINI,VIA WALTER PROCACCINI,
2617266,9,2015-12-11T23:15:00,,all'intersezione con,VIA TERNI,,Scontro frontale-laterale DX fra veicoli in marcia,,,,,,,,,,1,0,0,2,12.51873,41.88518,False,z,VIA FOLIGNO,VIA FOLIGNO,
2618439,20,2015-12-11T23:30:00,Strada Urbana,all'intersezione con,VIA SALENTO,,Scontro frontale-laterale DX fra veicoli in marcia,Incrocio,Una carreggiata a doppio senso,Asciutto,Asfaltata,Verticale ed orizzontale,Sereno,Scarso,Buona,Sufficiente,0,0,0,5,,,False,z,VIA PISA,VIA PISA,
2617530,17,2015-12-11T23:30:00,Strada Urbana,da specificare,LARGO GIOVANNI XXIII,fr via della conciliazione,Veicolo in marcia contro ostacolo fisso,Rettilineo,Una carreggiata a senso unico di marcia,Asciutto,Asfaltata,Verticale ed orizzontale,Sereno,Normale,Buona,Sufficiente,0,0,0,1,12.46436,41.90227,True,z,,,
2618915,18,2015-12-12T00:30:00,Strada Urbana,in prossimitíæ,VIA DELLA MAGLIANELLA,,Veicolo in marcia contro ostacolo accidentale,Rettilineo,Una carreggiata a doppio senso,Asciutto,Asfaltata,Orizzontale,Sereno,Scarso,Buona,Sufficiente,0,0,0,1,12.38232,41.90798,True,z,del civico n.,,254
2618775,23,2015-12-12T00:30:00,,all'intersezione con,PIAZZA DEL COLLEGIO ROMANO,,Veicolo in marcia contro veicolo in sosta,,,,,,,,,,0,0,0,1,,,False,z,VIA DI PIE' DI MARMO,VIA DI PIE' DI MARMO,
2621536,1,2015-12-12T02:05:00,Strada Urbana,in prossimitíæ,VIA GIOVANNI AMENDOLA,,Veicolo in marcia contro ostacolo fisso,Rettilineo,Una carreggiata a senso unico di marcia,Asciutto,Asfaltata,Verticale ed orizzontale,Sereno,Normale,Buona,Sufficiente,0,0,0,1,,,False,z,del civico n.,,67
2618423,19,2015-12-12T02:30:00,Strada Urbana,in prossimitíæ,VIA SALARIA,,Veicolo in marcia contro ostacolo fisso,Rettilineo,Una carreggiata a doppio senso,Asciutto,Asfaltata,Orizzontale,Sereno,Scarso,Buona,Sufficiente,1,0,0,0,12.50918,41.93385,False,z,del civico n.,,466-b
2618603,4,2015-12-12T02:30:00,Strada Urbana,da specificare,VIA TIBURTINA,altezza rampa tangenziale EST dir. Foro Italico,Scontro laterale fra veicoli in marcia,Rettilineo,Due carreggiate,Asciutto,Asfaltata,Verticale ed orizzontale,Sereno,Scarso,Buona,Sufficiente,0,0,0,3,12.57323,41.92521,True,z,,,
2616113,11,2015-12-12T02:45:00,Strada Urbana,all'intersezione semaforizzata con,VIA COSTANTINO,,Scontro frontale-laterale SX fra veicoli in marcia,Intersezione semaforizzata,Pií_ di due carreggiate,Asciutto,Asfaltata,Verticale ed orizzontale,Sereno,Normale,Buona,Sufficiente,0,0,0,4,12.4862,41.85703,True,z,VIA CRISTOFORO COLOMBO,VIA CRISTOFORO COLOMBO,
2616687,1,2015-12-12T03:05:00,Strada Urbana,all'intersezione semaforizzata con,VIALE MANZONI,,Scontro frontale-laterale SX fra veicoli in marcia,Intersezione semaforizzata,Una carreggiata a doppio senso,Asciutto,Asfaltata,Verticale ed orizzontale,Sereno,Scarso,Sufficiente,Sufficiente,1,0,0,5,,,False,z,VIA DI PORTA MAGGIORE,VIA DI PORTA MAGGIORE,
2617274,9,2015-12-12T03:20:00,,in prossimitíæ,VIA DI ROCCA CENCIA,,Scontro frontale-laterale SX fra veicoli in marcia,,,,,,,,,,1,0,0,1,12.69513,41.88232,False,z,del civico n.,,177
2618282,20,2015-12-12T04:00:00,Strada Urbana,all'intersezione semaforizzata con,LUNGOTEVERE MARESCIALLO DIAZ,,Scontro frontale fra veicoli in marcia,Intersezione semaforizzata,Due carreggiate,Asciutto,Asfaltata,Orizzontale,Sereno,Scarso,Buona,Sufficiente,0,0,0,4,,,False,z,VIALE ANTONINO DI SAN GIULIANO,VIALE ANTONINO DI SAN GIULIANO,
2618340,5,2015-12-12T04:10:00,Strada Urbana,in prossimitíæ,VIA DEI MONTI TIBURTINI,,Veicolo in marcia contro veicoli in sosta,Rettilineo,Una carreggiata a doppio senso,Asciutto,Asfaltata,Orizzontale,Sereno,Intenso,Buona,Sufficiente,0,0,0,1,12.5501,41.91474,True,z,del civico n.,,643
2619154,16,2015-12-12T04:30:00,,in corrispondenza,VIALE DEI COLLI PORTUENSI,,Tamponamento,,,,,,,,,,1,0,0,5,,,False,z,del civico n.,,240
2618657,4,2015-12-12T05:00:00,Strada Urbana,in prossimitíæ,VIA DEI CAMPANI,,Veicolo in marcia contro veicoli in sosta,Rettilineo,Una carreggiata a senso unico di marcia,Asciutto,Asfaltata,Verticale ed orizzontale,Sereno,Scarso,Sufficiente,Sufficiente,0,0,0,1,12.51602,41.8949,False,z,del civico n.,,58
2616156,8,2015-12-12T05:15:00,Strada Urbana,in prossimitíæ,VIA DELLE ALZAVOLE,,Veicolo in marcia contro ostacolo accidentale,Rettilineo,Una carreggiata a doppio senso,Asciutto,Asfaltata,Assente,Sereno,Scarso,Sufficiente,Sufficiente,0,0,0,2,12.5999,41.87406,True,z,del civico n.,,23
2617327,7,2015-12-12T05:45:00,,all'intersezione semaforizzata con,VIA SANTI ROMANO,,Scontro frontale-laterale SX fra veicoli in marcia,,,,,,,,,,3,0,0,1,,,False,z,VIALE PALMIRO TOGLIATTI,VIALE PALMIRO TOGLIATTI,
2619090,16,2015-12-12T05:45:00,Strada Urbana,all'intersezione semaforizzata con,CIRCONVALLAZIONE CORNELIA,,Scontro frontale-laterale SX fra veicoli in marcia,Incrocio,Due carreggiate,Asciutto,Asfaltata,Verticale ed orizzontale,Sereno,Scarso,Buona,Sufficiente,0,0,0,3,,,False,z,LARGO ALESSANDRO CARAVILLANI,LARGO ALESSANDRO CARAVILLANI,
2618965,12,2015-12-12T06:00:00,Strada Urbana,da specificare,VIA CRISTOFORO COLOMBO,laterale direzione Roma svincolo V.le Industria,Scontro frontale-laterale SX fra veicoli in marcia,Rettilineo,Pií_ di due carreggiate,Asciutto,Asfaltata,Verticale ed orizzontale,Sereno,Scarso,Sufficiente,Sufficiente,0,0,0,2,,,False,z,,,
2617318,8,2015-12-12T07:10:00,Strada Urbana,in prossimitíæ,VIA DI FONTANA CANDIDA,,Veicolo in marcia contro ostacolo accidentale,Rettilineo,Una carreggiata a doppio senso,Asciutto,Asfaltata,Verticale,Sereno,Scarso,Buona,Ore Diurne,0,0,0,1,,,False,z,del civico n.,,77
2619878,3,2015-12-12T07:40:00,Strada Urbana,da specificare,CIRCONVALLAZIONE TIBURTINA,altezza Scalo San Lorenzo dir.ne Salaria,Infortunio per sola frenata improvvisa,Rettilineo,Una carreggiata a senso unico di marcia,Asciutto,Asfaltata,Orizzontale,Sereno,Intenso,Buona,Ore Diurne,1,0,0,0,12.5186,41.89593,False,z,,,