_ID,_Gruppo,_DataOraIncidente,_Localizzazione1,_Localizzazione2,_Strada1,_DaSpecificare,_NaturaIncidente,_ParticolaritaStrade,_TipoStrada,_FondoStradale,_Pavimentazione,_Segnaletica,_CondizioneAtmosferica,_Traffico,_Visibilita,_Illuminazione,_NUM_FERITI,_NUM_RISERVATA,_NUM_MORTI,_NUM_ILLESI,_Longitudine,_Latitudine,_CONFERMATO,__prefix,_Strada02,_Strada2,_Chilometrica
2617346,13,2015-12-12T21:45:00,Strada Urbana,da specificare,VIA TANCREDI CHIARALUCE,fronte lampione 35,Veicolo in marcia contro ostacolo fisso,Curva a visuale libera,Una carreggiata a doppio senso,Asciutto,Asfaltata,Assente,Sereno,Normale,Sufficiente,Sufficiente,1,0,0,0,12.26895,41.74647,False,z,,,
2618363,5,2015-12-12T22:00:00,Strada Urbana,in corrispondenza,VIALE PALMIRO TOGLIATTI,,Veicolo in marcia contro ostacolo fisso,Rettilineo,Due carreggiate,Asciutto,Asfaltata,Verticale ed orizzontale,Sereno,Normale,Sufficiente,Sufficiente,0,0,0,1,12.56771,41.91815,False,z,del civico n.,,1655
2618464,17,2015-12-12T22:30:00,Strada Urbana,all'intersezione semaforizzata con,LARGO TRIONFALE,,Scontro frontale-laterale DX fra veicoli in marcia,Intersezione semaforizzata,Una carreggiata a doppio senso,Asciutto,Asfaltata,Verticale ed orizzontale,Sereno,Normale,Buona,Sufficiente,1,0,0,5,12.45495,41.91049,False,z,VIALE DELLE MILIZIE,VIALE DELLE MILIZIE,
2618327,11,2015-12-12T22:35:00,Strada Urbana,in prossimitíæ,VIA ERMANNO WOLF FERRARI,,Investimento di pedone,Rettilineo,Una carreggiata a senso unico di marcia,Asciutto,Asfaltata,Assente,Sereno,Scarso,Insufficiente,Insufficiente,1,0,0,1,,,False,z,del civico n.,,240
2619013,12,2015-12-12T23:30:00,Strada Urbana,da specificare,VIA CRISTOFORO COLOMBO,laterale Piazzale Marconi,Scontro laterale fra veicoli in marcia,Rettilineo,Una carreggiata a senso unico di marcia,Asciutto,Asfaltata,Verticale ed orizzontale,Sereno,Normale,Buona,Sufficiente,0,0,0,4,12.47148,41.85669,True,z,,,
2617617,7,2015-12-12T23:45:00,Strada Urbana,all'intersezione semaforizzata con,CIRCONVALLAZIONE APPIA,,Scontro frontale-laterale SX fra veicoli in marcia,Incrocio,Una carreggiata a senso unico di marcia,Asciutto,Asfaltata,Verticale ed orizzontale,Sereno,Scarso,Buona,Sufficiente,0,0,0,3,12.51159,41.87438,False,z,VIA SIRIA,VIA SIRIA,
2618365,5,2015-12-13T00:15:00,Strada Urbana,all'intersezione con,VIA FABRIANO,,Scontro frontale-laterale SX fra veicoli in marcia,Incrocio,Una carreggiata a doppio senso,Asciutto,Asfaltata,Verticale ed orizzontale,Sereno,Normale,Sufficiente,Sufficiente,0,0,0,3,12.58442,41.9408,True,z,VIA FIUMINATA,VIA FIUMINATA,
2617328,9,2015-12-13T00:20:00,,in prossimitíæ,VIA BRITANNIA,,Tamponamento,,,,,,,,,,1,0,0,2,12.50802,41.87966,False,z,del civico n.,,16
2621602,1,2015-12-13T01:15:00,Strada Urbana,all'intersezione semaforizzata con,VIALE DI TRASTEVERE,,Tamponamento,Intersezione semaforizzata,Due carreggiate,Asciutto,Asfaltata,Verticale ed orizzontale,Sereno,Scarso,Buona,Sufficiente,0,0,0,3,12.47253,41.88736,True,z,VIA CARDINALE MERRY DEL VAL,VIA CARDINALE MERRY DEL VAL,
2621616,1,2015-12-13T01:40:00,Strada Urbana,all'intersezione semaforizzata con,LUNGOTEVERE AVENTINO,,Tamponamento,Intersezione semaforizzata,,Asciutto,Asfaltata,Verticale ed orizzontale,Sereno,Scarso,Buona,Sufficiente,0,0,0,2,,,False,z,VIA DI S. MARIA IN COSMEDIN,VIA DI S. MARIA IN COSMEDIN,
2617347,9,2015-12-13T05:20:00,,da specificare,VIA DERUTA,fronte civico 21,Veicolo in marcia contro veicoli in sosta,,,,,,,,,,0,0,0,2,12.5334,41.87575,False,z,,,
2617610,7,2015-12-13T05:30:00,Strada Urbana,all'intersezione semaforizzata con,VIA PRENESTINA,,Scontro frontale-laterale DX fra veicoli in marcia,Incrocio,Due carreggiate,Asciutto,Asfaltata,Verticale ed orizzontale,Sereno,Normale,Sufficiente,Sufficiente,3,0,0,0,12.55925,41.8948,False,z,VIA TOR DE' SCHIAVI,VIA TOR DE' SCHIAVI,
2621588,1,2015-12-13T05:30:00,Strada Urbana,all'intersezione semaforizzata con,LUNGOTEVERE IN AUGUSTA,,Scontro laterale fra veicoli in marcia,Intersezione semaforizzata,Una carreggiata a senso unico di marcia,Asciutto,In cubetti di porfido,Verticale ed orizzontale,Sereno,Scarso,Buona,Sufficiente,1,0,0,5,,,False,z,PONTE CAVOUR,PONTE CAVOUR,
2619773,1,2015-12-13T06:15:00,Strada Urbana,da specificare,LUNGOTEVERE RIPA,all'altezza di via Ripense,Veicolo in marcia contro veicoli in sosta,Curva a visuale libera,Una carreggiata a senso unico di marcia,Asciutto,Asfaltata,Verticale ed orizzontale,Sereno,Scarso,Buona,Sufficiente,0,0,0,3,12.47884,41.8877,True,z,,,
2621232,10,2015-12-13T07:00:00,Strada Urbana,da specificare,VIA TUSCOLANA,prox via di torre spaccata,Veicolo in marcia contro ostacolo fisso,Rettilineo,Due carreggiate,Asciutto,Asfaltata,Orizzontale,Sereno,Scarso,Buona,Ore Diurne,0,0,0,2,12.57887,41.84638,True,z,,,
2619885,16,2015-12-13T09:15:00,Strada Urbana,da specificare,VIALE DELLE MURA GIANICOLENSI,prox VIA MERCANTINI,Veicolo in marcia contro ostacolo fisso,Curva a visuale libera,Una carreggiata a senso unico di marcia,Asciutto,Asfaltata,Orizzontale,Sereno,Normale,Buona,Ore Diurne,0,0,0,3,12.46106,41.88725,True,z,,,
2618796,18,2015-12-13T09:20:00,Strada Urbana,in corrispondenza,VIA GREGORIO XIII,,Tamponamento,Rettilineo,Una carreggiata a doppio senso,Asciutto,Asfaltata,Verticale ed orizzontale,Sereno,Scarso,Buona,Ore Diurne,0,0,0,3,,,False,z,del civico n.,,23
2618713,4,2015-12-13T09:40:00,Strada Urbana,in prossimitíæ,VIA DON GIUSTINO MARIA RUSSOLILLO,,Scontro frontale-laterale DX fra veicoli in marcia,Rettilineo,Una carreggiata a doppio senso,Asciutto,Asfaltata,Verticale ed orizzontale,Sereno,Normale,Buona,Ore Diurne,0,0,0,3,12.51804,41.97094,True,z,del civico n.,,53
2617604,9,2015-12-13T09:45:00,,all'intersezione con,VIA RIMINI,,Scontro frontale-laterale DX fra veicoli in marcia,,,,,,,,,,1,0,0,1,12.5121,41.88443,False,z,VIA URBINO,VIA URBINO,
2619951,3,2015-12-13T10:00:00,Strada Urbana,in prossimitíæ,VIA NOMENTANA,,Tamponamento Multiplo,Rettilineo,Pií_ di due carreggiate,Asciutto,Asfaltata,Verticale ed orizzontale,Sereno,Normale,Buona,Ore Diurne,0,0,0,7,12.51575,41.91889,False,z,del civico n.,,118
2618802,3,2015-12-13T10:00:00,Strada Urbana,in prossimitíæ,VIA LIVORNO,,Ribaltamento senza urto contro ostacolo fisso,Rettilineo,Una carreggiata a doppio senso,Asciutto,Asfaltata,Verticale ed orizzontale,Sereno,Scarso,Buona,Ore Diurne,0,0,0,1,12.52152,41.91412,False,z,del civico n.,,2
2618563,7,2015-12-13T11:00:00,Strada Urbana,all'intersezione con,PIAZZA DELLE CAMELIE,,Scontro laterale fra veicoli in marcia,Intersezione stradale segnalata,Una carreggiata a senso unico di marcia,Asciutto,Asfaltata,Assente,Sereno,Scarso,Buona,Ore Diurne,0,0,0,2,12.56349,41.87582,False,z,VIA RIOFREDDO,VIA RIOFREDDO,
2619798,1,2015-12-13T11:45:00,Strada Urbana,all'intersezione con,VIA NAZIONALE,,Scontro frontale-laterale SX fra veicoli in marcia,Incrocio,Una carreggiata a doppio senso,Asciutto,In cubetti di porfido,Verticale ed orizzontale,Sereno,Scarso,Buona,Ore Diurne,1,0,0,2,12.48927,41.8981,False,z,VIA DEI SERPENTI,VIA DEI SERPENTI,
2617831,10,2015-12-13T11:55:00,Strada Urbana,all'intersezione con,VIA DI CASAL MORENA,,Scontro frontale fra veicoli in marcia,Incrocio,Una carreggiata a doppio senso,Asciutto,Asfaltata,Verticale ed orizzontale,Sereno,Normale,Buona,Ore Diurne,0,0,0,5,12.6171,41.8235,True,z,VIA SAN BASILE,VIA SAN BASILE,
2619249,16,2015-12-13T13:00:00,Strada Urbana,in prossimitíæ,VIA CAMILLO SERAFINI,,Scontro laterale fra veicoli in marcia,Rettilineo,Una carreggiata a doppio senso,Asciutto,Asfaltata,Verticale ed orizzontale,Sereno,Normale,Buona,Ore Diurne,0,0,0,2,12.42689,41.87991,True,z,del civico n.,,17
2618649,2,2015-12-13T13:15:00,Strada Urbana,all'intersezione con,VIA TARO,,Scontro frontale-laterale DX fra veicoli in marcia,Intersezione stradale segnalata,Una carreggiata a senso unico di marcia,Asciutto,Asfaltata,Verticale ed orizzontale,Sereno,Scarso,Buona,Ore Diurne,0,0,0,5,12.50674,41.92202,True,z,VIA VOLSINIO,VIA VOLSINIO,
2617838,10,2015-12-13T13:20:00,Statale entro l'abitato,da specificare,VIA APPIA NUOVA,200 MT CIRCA PRIMA DEL CIVICO 1280,Veicolo in marcia contro ostacolo accidentale,Rettilineo,Due carreggiate,Asciutto,Con buche,Orizzontale,Sereno,Normale,Buona,Ore Diurne,0,0,0,1,12.56867,41.81842,True,z,,,
2618703,7,2015-12-13T13:45:00,Strada Urbana,all'intersezione semaforizzata con,VIA PRENESTINA,,Scontro laterale fra veicoli in marcia,Incrocio,Una carreggiata a doppio senso,Asciutto,Asfaltata,Verticale ed orizzontale,Sereno,Scarso,Buona,Ore Diurne,0,0,0,4,,,False,z,VIALE PALMIRO TOGLIATTI,VIALE PALMIRO TOGLIATTI,
2618212,9,2015-12-13T13:50:00,,da specificare,VIA TUSCOLANA,PROX VIA DEMETRIDE,Scontro laterale fra veicoli in marcia,,,,,,,,,,0,0,0,3,,,False,z,,,
2617851,15,2015-12-13T14:00:00,Strada Urbana,all'intersezione con,VIA DELLA MAGLIANA,,Scontro frontale-laterale SX fra veicoli in marcia,Incrocio,Una carreggiata a doppio senso,Asciutto,Asfaltata,Verticale ed orizzontale,Sereno,Normale,Buona,Ore Diurne,1,0,0,1,12.395,41.82147,False,z,VIALE GAETANO ARTURO CROCCO,VIALE GAETANO ARTURO CROCCO,
2618381,7,2015-12-13T14:00:00,Strada Urbana,all'intersezione con,VIA DEI GELSI,,Scontro laterale fra veicoli in marcia,Incrocio,Una carreggiata a doppio senso,Asciutto,Asfaltata,Verticale ed orizzontale,Sereno,Normale,Buona,Ore Diurne,1,0,0,1,12.5672,41.88901,False,z,VIA DEI CICLAMINI,VIA DEI CICLAMINI,
2621709,1,2015-12-13T15:00:00,Strada Urbana,all'intersezione con,VIA DEL CIRCO MASSIMO,,Scontro frontale-laterale DX fra veicoli in marcia,Incrocio,Una carreggiata a doppio senso,Asciutto,Asfaltata,Verticale ed orizzontale,Sereno,Normale,Buona,Ore Diurne,0,0,0,1,,,False,z,VIA DELLA FONTE DI FAUNO,VIA DELLA FONTE DI FAUNO,
2618467,13,2015-12-13T15:00:00,,da specificare,VIA DEL MARE,"altezza Km 19,800",Scontro frontale fra veicoli in marcia,,,,,,,,,,0,0,0,6,,,False,z,,,
2618369,5,2015-12-13T15:10:00,Strada Urbana,in corrispondenza,VIA DI PORTONACCIO,,Scontro laterale fra veicoli in marcia,Rettilineo,Una carreggiata a senso unico di marcia,Asciutto,Asfaltata,Verticale ed orizzontale,Sereno,Normale,Buona,Ore Diurne,2,0,0,1,12.53838,41.89855,False,z,del civico n.,,158
2618316,13,2015-12-13T15:10:00,Strada Urbana,all'intersezione semaforizzata con,VIA CRISTOFORO COLOMBO,,Scontro frontale-laterale SX fra veicoli in marcia,Intersezione semaforizzata,Pií_ di due carreggiate,Asciutto,Asfaltata,Verticale ed orizzontale,Sereno,Normale,Buona,Ore Diurne,2,0,0,1,12.32813,41.72266,False,z,VIALE DELLA VILLA DI PLINIO,VIALE DELLA VILLA DI PLINIO,
2619220,12,2015-12-13T15:55:00,Strada Urbana,in corrispondenza,VIA JOHN LENNON,,Scontro frontale-laterale DX fra veicoli in marcia,Rettilineo,Una carreggiata a doppio senso,Asciutto,Asfaltata,Verticale,Sereno,Scarso,Buona,Ore Diurne,0,0,0,3,,,False,z,del civico n.,,118
2618536,17,2015-12-13T16:40:00,Strada Urbana,in prossimitíæ,VIA TERENZIO,,Scontro frontale-laterale SX fra veicoli in marcia,Rettilineo,Una carreggiata a senso unico di marcia,Asciutto,Asfaltata,Verticale ed orizzontale,Sereno,Normale,Buona,Sufficiente,0,0,0,3,12.46301,41.90681,False,z,del civico n.,,19
2618347,7,2015-12-13T17:15:00,Strada Urbana,all'intersezione con,VIA DEI GELSI,,Scontro laterale fra veicoli in marcia,Incrocio,Una carreggiata a doppio senso,Asciutto,Asfaltata,Verticale ed orizzontale,Sereno,Scarso,Sufficiente,Ore Diurne,1,0,0,1,12.56927,41.88931,False,z,VIALE DELLE ORCHIDEE,VIALE DELLE ORCHIDEE,
2621692,1,2015-12-13T17:30:00,Strada Urbana,da specificare,LUNGOTEVERE DEGLI ANGUILLARA,.,Scontro laterale fra veicoli in marcia,Rettilineo,Una carreggiata a senso unico di marcia,Asciutto,Asfaltata,Verticale ed orizzontale,Sereno,Intenso,Buona,Sufficiente,0,0,0,4,,,False,z,,,
2618673,8,2015-12-13T18:00:00,Strada Urbana,da specificare,VIA GIORGIO GRAPPELLI,isola di traffico di via GRAPPELLI-via BONIFATI,Tamponamento,Rettilineo,Pií_ di due carreggiate,Asciutto,Asfaltata,Verticale,Sereno,Intenso,Buona,Sufficiente,0,0,0,2,12.6641,41.91354,True,z,,,
2619358,16,2015-12-13T18:00:00,Strada Urbana,in prossimitíæ,VIALE DEI COLLI PORTUENSI,,Scontro laterale fra veicoli in marcia,Rettilineo,Due carreggiate,Asciutto,Asfaltata,Verticale ed orizzontale,Sereno,Normale,Buona,Sufficiente,0,0,0,2,12.44341,41.87382,True,z,del civico n.,,83
2618726,12,2015-12-13T18:15:00,,in prossimitíæ,VIA PONTINA,,Tamponamento Multiplo,,,,,,,,,,0,0,0,5,12.45106,41.79235,False,z,della chilometrica,,21.65
2618378,5,2015-12-13T19:10:00,Strada Urbana,in prossimitíæ,VIA DI PIETRALATA,,Veicolo in marcia contro veicolo fermo,Rettilineo,Una carreggiata a doppio senso,Asciutto,Asfaltata,Verticale ed orizzontale,Sereno,Intenso,Buona,Sufficiente,0,0,0,1,12.53761,41.92613,False,z,del civico n.,,140
2618551,7,2015-12-13T19:20:00,Strada Urbana,all'intersezione con,VIA MONTEFORTE IRPINO,,Ribaltamento senza urto contro ostacolo fisso,Incrocio,Una carreggiata a doppio senso,Asciutto,Asfaltata,Verticale ed orizzontale,Sereno,Normale,Buona,Sufficiente,1,0,0,1,,,False,z,VIALE PARTENOPE,VIALE PARTENOPE,
2618321,13,2015-12-13T19:30:00,Strada Urbana,in prossimitíæ,PIAZZA TOLOSETTO FARINATA DEGLI UBERTI,,Veicolo in marcia contro ostacolo fisso,Rettilineo,Due carreggiate,Asciutto,Asfaltata,Assente,Sereno,Scarso,Sufficiente,Sufficiente,0,0,0,2,12.29124,41.73496,True,z,del civico n.,,3
2618441,18,2015-12-13T19:50:00,,all'intersezione con,VIA VEZIO CRISAFULLI,,Investimento di pedone,,,,,,,,,,1,0,0,0,,,False,z,VIA LUCA PASSI,VIA LUCA PASSI,
2618010,9,2015-12-13T20:20:00,Strada Urbana,all'intersezione con,VIA NOCERA UMBRA,,Scontro laterale fra veicoli in marcia,Incrocio,Due carreggiate,Asciutto,Asfaltata,Verticale ed orizzontale,Sereno,Normale,Sufficiente,Sufficiente,0,0,0,2,,,False,z,VIA LUGNANO IN TEVERINA,VIA LUGNANO IN TEVERINA,
2618082,8,2015-12-13T20:30:00,,da specificare,VIALE DI TORRE MAURA,"adiacenza ""Messaggero"" dir. F. S. Maura",Veicolo in marcia contro ostacolo accidentale,,,,,,,,,,0,0,0,1,,,False,z,,,
2619724,9,2015-12-13T20:55:00,Strada Urbana,in prossimitíæ,VIALE FURIO CAMILLO,,Infortunio per sola frenata improvvisa,Rettilineo,Due carreggiate,Asciutto,Asfaltata,Verticale ed orizzontale,Sereno,Normale,Sufficiente,Sufficiente,0,0,0,2,12.52486,41.87579,True,z,del civico n.,,60
2618217,9,2015-12-13T21:50:00,,all'intersezione semaforizzata con,PIAZZALE APPIO,,Scontro frontale-laterale SX fra veicoli in marcia,,,,,,,,,,1,0,0,1,12.50966,41.88577,False,z,VIALE CASTRENSE,VIALE CASTRENSE,
2619253,16,2015-12-13T22:15:00,Strada Urbana,all'intersezione con,VIA AURELIA ANTICA,,Veicolo in marcia contro ostacolo fisso,Incrocio,Una carreggiata a senso unico di marcia,Asciutto,Asfaltata,Verticale ed orizzontale,Sereno,Scarso,Buona,Sufficiente,0,0,0,2,,,False,z,VIA DI VILLA BETANIA,VIA DI VILLA BETANIA,
2618086,8,2015-12-13T22:30:00,,in prossimitíæ,VIA DEL PONTE DI NONA,,Veicolo in marcia contro ostacolo accidentale,,,,,,,,,,0,0,0,2,,,False,z,del palo luce n.,,58
2618281,20,2015-12-13T22:45:00,Strada Urbana,all'intersezione con,VIA FLAMINIA,,Scontro frontale-laterale DX fra veicoli in marcia,Incrocio,Una carreggiata a doppio senso,Asciutto,Asfaltata,Verticale ed orizzontale,Sereno,Scarso,Buona,Sufficiente,1,0,0,1,,,False,z,VIA FRANCESCO SAVERIO NITTI,VIA FRANCESCO SAVERIO NITTI,
2618240,9,2015-12-13T23:05:00,,in corrispondenza,VIA ALBENGA,,Scontro laterale fra veicoli in marcia,,,,,,,,,,1,0,0,1,,,False,z,del civico n.,,58
2619005,23,2015-12-13T23:20:00,Strada Urbana,in prossimitíæ,VIA DI PRATO CORNELIO,,Tamponamento,Rettilineo,Una carreggiata a doppio senso,Asciutto,Asfaltata,Verticale ed orizzontale,Sereno,Scarso,Buona,Sufficiente,0,0,0,4,12.36255,41.77379,False,z,del palo luce n.,,22
2618691,2,2015-12-13T23:30:00,Strada Urbana,all'intersezione con,VIA ARCHIANO,,Scontro frontale-laterale DX fra veicoli in marcia,Incrocio,Una carreggiata a senso unico di marcia,Asciutto,Asfaltata,Verticale ed orizzontale,Sereno,Scarso,Sufficiente,Sufficiente,0,0,0,2,12.5071,41.92495,True,z,VIA CERESIO,VIA CERESIO,
2618437,19,2015-12-14T00:15:00,Strada Urbana,all'intersezione con,VIA CESARE LOMBROSO,,Scontro frontale-laterale SX fra veicoli in marcia,Incrocio,Una carreggiata a senso unico di marcia,Asciutto,Asfaltata,Verticale,Sereno,Scarso,Buona,Sufficiente,0,0,0,2,12.4189,41.93462,True,z,VIA EZIO SCIAMANNA,VIA EZIO SCIAMANNA,
2618214,9,2015-12-14T04:42:00,Strada Urbana,da specificare,VIA ACAIA,dal civ.97 al 87,Veicolo in marcia contro veicoli in sosta,Rettilineo,Una carreggiata a doppio senso,Asciutto,Asfaltata,Verticale ed orizzontale,Sereno,Scarso,Sufficiente,Sufficiente,0,0,0,0,12.50797,41.87632,False,z,,,
2618271,20,2015-12-14T06:50:00,,da specificare,CORSO DI FRANCIA,in corrispondenza del civ. 165-167-169,Veicolo in marcia contro ostacolo fisso,,,Asciutto,,,Nuvoloso,,,,0,0,0,2,,,False,z,,,
2618249,1,2015-12-14T07:00:00,Strada Urbana,in prossimitíæ,VIA NICOLA ZABAGLIA,,Tamponamento Multiplo,Rettilineo,Due carreggiate,Asciutto,Asfaltata,Verticale ed orizzontale,Sereno,Scarso,Buona,Ore Diurne,0,0,0,5,12.4767,41.87607,False,z,del palo luce n.,,17
2619954,16,2015-12-14T07:20:00,,in prossimitíæ,VIA DELLA PISANA,,Scontro laterale fra veicoli in marcia,,,,,,,,,,1,0,0,1,12.41153,41.86722,False,z,del civico n.,,379
2618658,7,2015-12-14T08:00:00,Strada Urbana,all'intersezione con,VIA DEI RIBES,,Scontro frontale-laterale DX fra veicoli in marcia,Incrocio,Una carreggiata a doppio senso,Asciutto,Asfaltata,Verticale,Sereno,Scarso,Sufficiente,Ore Diurne,0,0,0,5,12.57804,41.88618,True,z,VIA DEI SICOMORI,VIA DEI SICOMORI,
2619745,11,2015-12-14T08:10:00,Strada Urbana,in corrispondenza,VIA OSTIENSE,,Scontro frontale-laterale SX fra veicoli in marcia,Rettilineo,Una carreggiata a senso unico di marcia,Asciutto,Asfaltata,Assente,Sereno,Normale,Buona,Ore Diurne,0,0,0,4,12.45833,41.83637,False,z,del palo luce n.,,40
2619756,15,2015-12-14T08:15:00,Strada Urbana,all'intersezione con,VIA DELLA CASETTA MATTEI,,Scontro frontale-laterale DX fra veicoli in marcia,Incrocio,Una carreggiata a doppio senso,Asciutto,Asfaltata,Verticale ed orizzontale,Sereno,Normale,Buona,Ore Diurne,0,0,0,2,12.41945,41.85836,True,z,VIA PIETRO POZZI,VIA PIETRO POZZI,
2620214,2,2015-12-14T08:30:00,Strada Urbana,in prossimitíæ,PIAZZA DI PRISCILLA,,Scontro laterale fra veicoli in marcia,Rettilineo,Una carreggiata a doppio senso,Asciutto,Asfaltata,Verticale ed orizzontale,Sereno,Normale,Buona,Ore Diurne,0,0,0,2,12.5094,41.93008,True,z,del civico n.,,6
2619696,5,2015-12-14T08:40:00,Strada Urbana,in prossimitíæ,VIA DI CASAL BERTONE,,Scontro frontale-laterale SX fra veicoli in marcia,Rettilineo,Una carreggiata a doppio senso,Asciutto,Asfaltata,Orizzontale,Sereno,Normale,Buona,Ore Diurne,1,0,0,2,12.53309,41.89723,False,z,del civico n.,,70
2620032,16,2015-12-14T08:55:00,,in prossimitíæ,VIA LEONE XIII,,Infortunio per sola frenata improvvisa,,,,,,,,,,1,0,0,0,12.44038,41.88562,False,z,del palo luce n.,,f.c.30
2619928,4,2015-12-14T08:55:00,Strada Urbana,da specificare,VIALE LINA CAVALIERI,fronte civico 198,Veicolo in marcia contro veicolo in sosta,Curva a visuale libera,Due carreggiate,Asciutto,Asfaltata,Verticale ed orizzontale,Sereno,Normale,Sufficiente,Ore Diurne,0,0,0,1,12.51578,41.96518,False,z,,,
2619716,9,2015-12-14T09:00:00,,da specificare,VIA ACIREALE,fronte civico 2,Scontro laterale fra veicoli in marcia,,,,,,,,,,0,0,0,2,12.5207,41.88725,False,z,,,
2618768,12,2015-12-14T09:05:00,Strada Urbana,in corrispondenza,VIA MARIO CARUCCI,,Scontro frontale-laterale SX fra veicoli in marcia,Rettilineo,Una carreggiata a doppio senso,Asciutto,Asfaltata,Verticale ed orizzontale,Sereno,Normale,Buona,Ore Diurne,1,0,0,1,,,False,z,del civico n.,,99
2620000,13,2015-12-14T09:15:00,Strada Urbana,all'intersezione con,VIA DELLE ANTILLE,,Scontro laterale fra veicoli in marcia,Incrocio,Una carreggiata a senso unico di marcia,Asciutto,Asfaltata,Verticale,Sereno,Normale,Buona,Ore Diurne,0,0,0,3,12.51557,41.68638,True,z,VIA DELLE BERMUDE,VIA DELLE BERMUDE,
2618574,10,2015-12-14T09:20:00,Strada Urbana,in prossimitíæ,VIA ROCCA IMPERIALE,,Scontro frontale-laterale SX fra veicoli in marcia,Rettilineo,Una carreggiata a doppio senso,Asciutto,Asfaltata,Orizzontale,Nuvoloso,Normale,Buona,Ore Diurne,0,0,0,3,12.61076,41.82303,True,z,del civico n.,,44
2618677,9,2015-12-14T09:35:00,Strada Urbana,all'intersezione con,VIA ROCCA PRIORA,,Scontro frontale-laterale SX fra veicoli in marcia,Incrocio,Una carreggiata a senso unico di marcia,Asciutto,Asfaltata,Verticale ed orizzontale,Sereno,Normale,Buona,Ore Diurne,0,0,0,4,,,False,z,VIA GENZANO,VIA GENZANO,
2624314,18,2015-12-14T09:45:00,Strada Urbana,all'intersezione con,VIA DI BOCCEA,,Scontro laterale fra veicoli in marcia,Incrocio,Una carreggiata a doppio senso,Asciutto,Asfaltata,Verticale ed orizzontale,Nuvoloso,Intenso,Sufficiente,Ore Diurne,0,0,0,2,12.38858,41.91392,True,z,VIA ACHILLE LUIGI BONANOME,VIA ACHILLE LUIGI BONANOME,
2619742,11,2015-12-14T09:50:00,Strada Urbana,all'intersezione con,VIA ADOLFO RAVA',,Scontro laterale fra veicoli in marcia,Incrocio,Una carreggiata a doppio senso,Asciutto,Asfaltata,Verticale ed orizzontale,Sereno,Normale,Buona,Ore Diurne,1,0,0,2,12.4868,41.84338,False,z,VIA GIUSEPPE DESSI',VIA GIUSEPPE DESSI',
2627909,18,2015-12-14T09:50:00,Strada Urbana,in prossimitíæ,VIA AURELIA,,Ribaltamento senza urto contro ostacolo fisso,Curva a visuale libera,Una carreggiata a doppio senso,Asciutto,Asfaltata,Verticale ed orizzontale,Sereno,Intenso,Buona,Ore Diurne,2,0,0,0,12.44351,41.89914,False,z,del civico n.,,235
2619845,7,2015-12-14T10:00:00,Strada Urbana,in corrispondenza,VIA DEI CASTANI,,Scontro laterale fra veicoli in marcia,Rettilineo,Una carreggiata a doppio senso,Asciutto,Asfaltata,Orizzontale,Sereno,Normale,Buona,Ore Diurne,0,0,0,2,12.56647,41.87887,True,z,del civico n.,,42-c
2620090,16,2015-12-14T10:00:00,Strada Urbana,in corrispondenza,VIA AURELIA ANTICA,,Scontro frontale-laterale DX fra veicoli in marcia,Rettilineo,Una carreggiata a doppio senso,Asciutto,Asfaltata,Orizzontale,Sereno,Normale,Buona,Ore Diurne,0,0,0,2,12.41425,41.88861,True,z,del civico n.,,529
2619678,15,2015-12-14T10:25:00,,da specificare,VIA PORTUENSE,fronte Via Salita San Carlo,Tamponamento,,,,,,,,,,2,0,0,1,12.40939,41.84342,False,z,,,
2618655,20,2015-12-14T11:00:00,,da specificare,VIA FLAMINIA,prossimitíæ civico 871,Tamponamento Multiplo,,,Asciutto,,,Nuvoloso,Normale,,,0,0,0,3,,,False,z,,,
2619720,5,2015-12-14T11:00:00,,all'intersezione con,VIA TIBURTINA,,Scontro frontale-laterale DX fra veicoli in marcia,,,,,,,,,,1,0,0,0,12.64514,41.94168,False,z,VIA DI MARCO SIMONE,VIA DI MARCO SIMONE,
2619764,20,2015-12-14T11:10:00,Strada Urbana,da specificare,VIA NEMEA,prossimitíæ P.zza Giuochi Delfici,Veicolo in marcia contro veicoli in sosta,Rettilineo,Una carreggiata a senso unico di marcia,Asciutto,Asfaltata,,Sereno,Normale,Buona,Ore Diurne,0,0,0,3,,,False,z,,,
2618701,10,2015-12-14T11:30:00,Strada Urbana,in prossimitíæ,VIALE PALMIRO TOGLIATTI,,Infortunio per caduta del veicolo,Rettilineo,Due carreggiate,Viscido da liquidi oleosi,Asfaltata,Orizzontale,Nuvoloso,Normale,Buona,Ore Diurne,1,0,0,1,12.57086,41.85637,True,z,del civico n.,,75
2619971,2,2015-12-14T11:40:00,Strada Urbana,in prossimitíæ,VIA CLITUNNO,,Veicolo in marcia contro veicoli in sosta,Rettilineo,Una carreggiata a senso unico di marcia,Asciutto,Asfaltata,Verticale ed orizzontale,Sereno,Scarso,Buona,Ore Diurne,0,0,0,1,12.50178,41.92126,True,z,del civico n.,,12-b
2619801,20,2015-12-14T11:40:00,Strada Urbana,da specificare,VIA FLAMINIA NUOVA,prossimitíæ intersezione via Bomarzo,Tamponamento,,Una carreggiata a doppio senso,Asciutto,Asfaltata,Verticale ed orizzontale,Sereno,Intenso,Buona,Ore Diurne,0,0,0,2,,,False,z,,,