_ID,_Gruppo,_DataOraIncidente,_Localizzazione1,_Localizzazione2,_Strada1,_DaSpecificare,_NaturaIncidente,_ParticolaritaStrade,_TipoStrada,_FondoStradale,_Pavimentazione,_Segnaletica,_CondizioneAtmosferica,_Traffico,_Visibilita,_Illuminazione,_NUM_FERITI,_NUM_RISERVATA,_NUM_MORTI,_NUM_ILLESI,_Longitudine,_Latitudine,_CONFERMATO,__prefix,_Strada02,_Strada2,_Chilometrica
2618730,1,2015-12-14T11:50:00,Strada Urbana,all'intersezione con,VIA DEL VIMINALE,,Veicolo in marcia contro ostacolo accidentale,Incrocio,Una carreggiata a senso unico di marcia,Viscido da liquidi oleosi,Asfaltata,Verticale ed orizzontale,Nuvoloso,Normale,Buona,Ore Diurne,1,0,0,0,12.49615,41.90048,False,z,VIA PRINCIPE AMEDEO,VIA PRINCIPE AMEDEO,
2627737,18,2015-12-14T12:00:00,Strada Urbana,da specificare,CIRCONVALLAZIONE CORNELIA,prossimita' 65,Tamponamento Multiplo,Rettilineo,Una carreggiata a senso unico di marcia,Asciutto,Asfaltata,Verticale ed orizzontale,Sereno,Normale,Buona,Ore Diurne,0,0,0,4,12.42643,41.90048,True,z,,,
2620008,17,2015-12-14T13:20:00,Strada Urbana,all'intersezione con,LUNGOTEVERE DELLA VITTORIA,,Scontro frontale-laterale DX fra veicoli in marcia,Incrocio,Due carreggiate,Asciutto,Asfaltata,Verticale ed orizzontale,Sereno,Normale,Buona,Ore Diurne,2,0,0,1,12.4647,41.92167,False,z,VIA ORTIGARA,VIA ORTIGARA,
2618920,11,2015-12-14T13:35:00,Strada Urbana,da specificare,VIALE GUGLIELMO MARCONI,altezza Via Melloni,Scontro laterale fra veicoli in marcia,Rettilineo,Due carreggiate,Asciutto,Asfaltata,Verticale ed orizzontale,Sereno,Normale,Buona,Ore Diurne,0,0,0,2,12.47155,41.85372,True,z,,,
2622875,1,2015-12-14T13:45:00,Strada Urbana,in corrispondenza,PIAZZA DELLA BOCCA DELLA VERITA',,Scontro laterale fra veicoli in marcia,Rettilineo,Una carreggiata a doppio senso,Asciutto,Asfaltata,Orizzontale,Sereno,Normale,Buona,Ore Diurne,0,0,0,2,,,False,z,del palo luce n.,,5
2618947,20,2015-12-14T14:10:00,Strada Urbana,in corrispondenza,VIA GHISALBA,,Tamponamento,Rettilineo,Una carreggiata a doppio senso,Asciutto,Asfaltata,Orizzontale,Sereno,Scarso,Buona,Ore Diurne,1,0,0,4,,,False,z,del civico n.,,161
2619438,12,2015-12-14T14:15:00,Regionale,da specificare,VIA PONTINA NUOVA,altezza via C. Tartufari (Dir. Pomezia),Scontro laterale fra veicoli in marcia,Rettilineo,Due carreggiate,Asciutto,Asfaltata,Verticale ed orizzontale,Sereno,Normale,Buona,Ore Diurne,0,0,0,3,12.43847,41.76062,True,z,,,
2624554,18,2015-12-14T14:30:00,Strada Urbana,in prossimitíæ,VIA DELLA MAGLIANELLA,,Scontro laterale fra veicoli in marcia,Rettilineo,Una carreggiata a doppio senso,Asciutto,Asfaltata,Verticale ed orizzontale,Sereno,Normale,Buona,Ore Diurne,0,0,0,2,12.38222,41.90738,True,z,del civico n.,,233
2619743,10,2015-12-14T14:45:00,Strada Urbana,da specificare,VIA ANAGNINA,sotto ponte Gra dir. rm centro,Fuoriuscita dalla sede stradale,Curva senza visuale libera,Una carreggiata a senso unico di marcia,Asciutto,Asfaltata,Verticale ed orizzontale,Sereno,Normale,Buona,Ore Diurne,0,0,0,1,12.59199,41.8395,True,z,,,
2622182,1,2015-12-14T14:50:00,Strada Urbana,da specificare,PIAZZA DI S. GIOVANNI IN LATERANO,DIREZIONE VIA MERULANA,Tamponamento,Rettilineo,Una carreggiata a doppio senso,Asciutto,Asfaltata,Verticale ed orizzontale,Sereno,Normale,Buona,Ore Diurne,1,0,0,1,,,False,z,,,
2619975,4,2015-12-14T15:00:00,Strada Urbana,in prossimitíæ,VIA UMBERTO BARBARO,,Veicolo in marcia contro veicoli in sosta,Rettilineo,Una carreggiata a senso unico di marcia,Asciutto,Asfaltata,Assente,Sereno,Scarso,Buona,Ore Diurne,0,0,0,1,12.53769,41.95881,False,z,del civico n.,,10
2619766,13,2015-12-14T15:10:00,Strada Urbana,da specificare,VIA DI SAPONARA,altezza distributore Agip,Scontro frontale-laterale SX fra veicoli in marcia,Rettilineo,Due carreggiate,Asciutto,Asfaltata,Assente,Sereno,Normale,Buona,Ore Diurne,1,0,0,1,12.34524,41.77414,False,z,,,
2619958,17,2015-12-14T15:15:00,Strada Urbana,all'intersezione con,VIALE GIUSEPPE MAZZINI,,Scontro frontale-laterale DX fra veicoli in marcia,Incrocio,Due carreggiate,Asciutto,Asfaltata,Verticale ed orizzontale,Sereno,Normale,Sufficiente,Ore Diurne,0,0,0,2,12.45619,41.91569,False,z,VIA CARLO GRABAU,VIA CARLO GRABAU,
2627817,18,2015-12-14T15:20:00,Strada Urbana,in corrispondenza,VIA DELLA MAGLIANELLA,,Tamponamento Multiplo,Rettilineo,Una carreggiata a doppio senso,Asciutto,Asfaltata,Verticale ed orizzontale,Sereno,Intenso,Buona,Ore Diurne,4,0,0,1,12.3834,41.91127,False,z,del civico n.,,276
2619443,12,2015-12-14T15:35:00,Strada Urbana,all'intersezione con,VIALE DELL'ASTRONOMIA,,Scontro frontale-laterale DX fra veicoli in marcia,Incrocio,Una carreggiata a doppio senso,Asciutto,Asfaltata,Verticale ed orizzontale,Sereno,Normale,Buona,Ore Diurne,0,0,0,2,12.46442,41.83498,True,z,VIALE PASTEUR,VIALE PASTEUR,
2619731,5,2015-12-14T15:40:00,,in corrispondenza,VIA DEI MONTI TIBURTINI,,Tamponamento,,,,,,,,,,1,0,0,0,12.54528,41.9163,False,z,del civico n.,,507
2619707,15,2015-12-14T15:45:00,Strada Urbana,all'intersezione con,VIA DELLA MAGLIANA,,Scontro frontale-laterale DX fra veicoli in marcia,Intersezione stradale segnalata,Una carreggiata a senso unico di marcia,Asciutto,Asfaltata,Verticale ed orizzontale,Nuvoloso,Intenso,Buona,Sufficiente,0,0,0,3,12.42401,41.83394,True,z,VIA CITTA' DI PRATO,VIA CITTA' DI PRATO,
2619067,20,2015-12-14T15:50:00,Strada Urbana,in corrispondenza,PIAZZA LAURO DE BOSIS,,Scontro frontale-laterale SX fra veicoli in marcia,Curva a visuale libera,Due carreggiate,Asciutto,Asfaltata,Verticale ed orizzontale,Sereno,Normale,Buona,Ore Diurne,1,0,0,1,,,False,z,del civico n.,,3
2619896,4,2015-12-14T16:00:00,Strada Urbana,in prossimitíæ,VIA COMANO,,Tamponamento Multiplo,Rettilineo,Una carreggiata a doppio senso,Asciutto,Asfaltata,Verticale ed orizzontale,Sereno,Normale,Buona,Ore Diurne,0,0,0,3,12.51433,41.95494,False,z,del civico n.,,11
2627811,18,2015-12-14T16:00:00,Strada Urbana,all'intersezione con,VIA DI BOCCEA,,Tamponamento Multiplo,Intersezione stradale segnalata,Una carreggiata a doppio senso,Asciutto,Asfaltata,Verticale ed orizzontale,Sereno,Intenso,Buona,Ore Diurne,0,0,0,2,12.42194,41.90314,True,z,VIA URBANO II,VIA URBANO II,
2619703,8,2015-12-14T16:10:00,Strada Urbana,da specificare,VIA ROCCAFORTE DEL GRECO,ALT. VIA ROCCA CENCIA,Veicolo in marcia contro veicolo in sosta,Rettilineo,Una carreggiata a doppio senso,Asciutto,Asfaltata,Verticale ed orizzontale,Sereno,Normale,Buona,Ore Diurne,0,0,0,2,12.69039,41.8707,True,z,,,
2619698,15,2015-12-14T16:15:00,,all'intersezione con,VIA PESCAGLIA,,Investimento di pedone,,,,,,,,,,1,0,0,1,,,False,z,VIA LARI,VIA LARI,
2619446,12,2015-12-14T16:15:00,Strada Urbana,all'intersezione con,VIALE DELL'OCEANO PACIFICO,,Scontro frontale-laterale DX fra veicoli in marcia,Incrocio,Una carreggiata a doppio senso,Asciutto,Asfaltata,Verticale ed orizzontale,Sereno,Normale,Buona,Ore Diurne,0,0,0,2,12.45822,41.82299,True,z,VIA AUSTRALIA,VIA AUSTRALIA,
2619130,11,2015-12-14T16:20:00,Strada Urbana,in prossimitíæ,VIA DI GROTTA PERFETTA,,Investimento di pedone,Rettilineo,Una carreggiata a doppio senso,Asciutto,Asfaltata,Orizzontale,Sereno,Normale,Buona,Ore Diurne,1,0,0,1,12.51791,41.82423,False,z,del civico n.,,551
2620132,3,2015-12-14T16:30:00,Strada Urbana,in corrispondenza,VIA NOMENTANA,,Investimento di pedone,Rettilineo,Pií_ di due carreggiate,Asciutto,Asfaltata,Verticale ed orizzontale,Sereno,Normale,Buona,Sufficiente,1,1,0,0,12.50742,41.91318,False,z,del civico n.,,54
2619750,15,2015-12-14T16:50:00,Strada Urbana,in corrispondenza,LUNGOTEVERE DEGLI INVENTORI,,Scontro laterale fra veicoli in marcia,Rettilineo,Una carreggiata a doppio senso,Asciutto,Asfaltata,Orizzontale,Sereno,Normale,Buona,Sufficiente,0,0,0,3,12.46903,41.86136,True,z,del civico n.,,12
2622831,1,2015-12-14T17:00:00,Strada Urbana,all'intersezione semaforizzata con,PIAZZA DEI CINQUECENTO,,Tamponamento,Incrocio,,Asciutto,In cubetti di porfido,Verticale ed orizzontale,Sereno,Normale,Buona,Sufficiente,0,0,0,2,,,False,z,VIA CAVOUR,VIA CAVOUR,
2619899,13,2015-12-14T17:00:00,Strada Urbana,all'intersezione con,VIA MAURICE RAVEL,,Scontro frontale-laterale SX fra veicoli in marcia,Incrocio,Una carreggiata a doppio senso,Asciutto,Asfaltata,Verticale ed orizzontale,Sereno,Normale,Buona,Sufficiente,3,0,0,3,12.37099,41.75024,False,z,VIA GIAN FRANCESCO MALIPIERO,VIA GIAN FRANCESCO MALIPIERO,
2619880,7,2015-12-14T17:15:00,,in corrispondenza,VIA DI TOR SAPIENZA,,Investimento di pedone,,,,,,,,,,1,0,0,1,,,False,z,del civico n.,,5
2619735,5,2015-12-14T17:20:00,Strada Urbana,in prossimitíæ,VIA RICCARDO ZAMPIERI,,Investimento di pedone,Rettilineo,Una carreggiata a doppio senso,Asciutto,Asfaltata,Verticale ed orizzontale,Sereno,Normale,Buona,Ore Diurne,0,0,0,2,12.5501,41.90521,True,z,del civico n.,,1
2619785,11,2015-12-14T17:20:00,,all'intersezione con,VIA OSTIENSE,,Scontro laterale fra veicoli in marcia,,,,,,,,,,1,0,0,0,,,False,z,VIALE SETTIMIA SPIZZICHINO,VIALE SETTIMIA SPIZZICHINO,
2619853,20,2015-12-14T17:40:00,Strada Urbana,da specificare,VIA PIETRO LUPI,in prossimitíæ di Viale di Tor di Quinto,Tamponamento,Rettilineo,Una carreggiata a doppio senso,Asciutto,Asfaltata,Verticale ed orizzontale,Sereno,Intenso,Buona,Sufficiente,0,0,0,4,,,False,z,,,
2619774,20,2015-12-14T17:45:00,Regionale,in prossimitíæ,VIA CASSIA,,Investimento di pedone,Rettilineo,Una carreggiata a doppio senso,Asciutto,Asfaltata,Orizzontale,Sereno,Normale,Insufficiente,Ore Diurne,1,0,0,1,,,False,z,del civico n.,,1952
2619650,6,2015-12-14T17:50:00,Strada Urbana,all'intersezione con,VIA NOMENTANA,,Veicolo in marcia contro veicoli in sosta,Incrocio,Due carreggiate,Asciutto,Asfaltata,Verticale ed orizzontale,Sereno,Normale,Sufficiente,Sufficiente,0,0,0,1,12.5272,41.9305,False,z,CIRCONVALLAZIONE NOMENTANA,CIRCONVALLAZIONE NOMENTANA,
2619739,15,2015-12-14T17:50:00,Strada Urbana,all'intersezione con,LUNGOTEVERE DI PIETRA PAPA,,Scontro laterale fra veicoli in marcia,Rotatoria,Una carreggiata a senso unico di marcia,Asciutto,Asfaltata,Verticale ed orizzontale,Sereno,Normale,Buona,Sufficiente,0,0,0,2,12.47394,41.86264,True,z,VIA ENRICO FERMI,VIA ENRICO FERMI,
2619687,8,2015-12-14T18:00:00,,in prossimitíæ,VIA GIONATA,,Veicolo in marcia contro ostacolo accidentale,,,,,,,,,,0,0,0,1,,,False,z,del civico n.,,20
2619728,15,2015-12-14T18:15:00,Strada Urbana,in corrispondenza,VIA DEL TRULLO,,Scontro laterale fra veicoli in marcia,Rettilineo,Una carreggiata a doppio senso,Asciutto,Asfaltata,Orizzontale,Nuvoloso,Intenso,Buona,Sufficiente,0,0,0,3,12.43577,41.84649,True,z,del civico n.,,188
2619807,19,2015-12-14T18:15:00,Strada Urbana,all'intersezione con,VIALE DELLE MEDAGLIE D'ORO,,Scontro laterale fra veicoli in marcia,Intersezione semaforizzata,Una carreggiata a doppio senso,Asciutto,Asfaltata,Verticale ed orizzontale,Sereno,Normale,Buona,Sufficiente,0,0,0,2,12.44362,41.91372,True,z,VIA DUCCIO GALIMBERTI,VIA DUCCIO GALIMBERTI,
2619692,8,2015-12-14T18:20:00,,all'intersezione con,VIA PRENESTINA,,Scontro laterale fra veicoli in marcia,,,,,,,,,,1,0,0,2,,,False,z,VIA SANTA MARIA CAPUA VETERE,VIA SANTA MARIA CAPUA VETERE,
2619814,11,2015-12-14T18:20:00,Strada Urbana,in prossimitíæ,VIA EUSEBIO CHINI,,Veicolo in marcia contro ostacolo accidentale,Rettilineo,Una carreggiata a doppio senso,Asciutto,Asfaltata,Verticale ed orizzontale,Sereno,Normale,Buona,Sufficiente,0,0,0,1,12.49973,41.86298,False,z,del civico n.,,10
2620135,3,2015-12-14T18:30:00,,da specificare,CIRCONVALLAZIONE TIBURTINA,dir. san giovanni alt. passamonti,Tamponamento,,,,,,,,,,1,0,0,1,,,False,z,,,
2620003,13,2015-12-14T18:30:00,Strada Urbana,in prossimitíæ,PIAZZA GIOVANNI BATTISTA BOTTERO,,Veicolo in marcia contro veicolo in sosta,Rettilineo,Una carreggiata a doppio senso,Asciutto,Asfaltata,Assente,Sereno,Normale,Buona,Sufficiente,0,0,0,3,12.29654,41.7273,True,z,del civico n.,,40
2627770,18,2015-12-14T18:30:00,Strada Urbana,all'intersezione semaforizzata con,PIAZZA PIO XI,,Scontro laterale fra veicoli in marcia,Intersezione semaforizzata,Due carreggiate,Asciutto,Asfaltata,Verticale ed orizzontale,Sereno,Normale,Buona,Sufficiente,1,0,0,2,12.43717,41.89415,False,z,VIA GREGORIO VII,VIA GREGORIO VII,
2619748,5,2015-12-14T18:45:00,,da specificare,VIA GIUSEPPE GABRIELLI,prossimitíæ via del Tecnopolo,Scontro laterale fra veicoli in marcia,,,,,,,,,,1,0,0,0,12.63502,41.93253,False,z,,,
2619894,4,2015-12-14T18:50:00,Strada Urbana,all'intersezione con,VIA GIOVAN BATTISTA FELICE ZAPPI,,Scontro frontale-laterale DX fra veicoli in marcia,Incrocio,Una carreggiata a doppio senso,Asciutto,Asfaltata,Verticale,Sereno,Scarso,Buona,Sufficiente,0,0,0,3,12.5659,41.97759,True,z,VIA PIER ANTONIO SERASSI,VIA PIER ANTONIO SERASSI,
2620037,7,2015-12-14T19:20:00,Strada Urbana,all'intersezione con,VIALE DELLE GARDENIE,,Scontro frontale-laterale SX fra veicoli in marcia,Incrocio,Due carreggiate,Asciutto,Asfaltata,Verticale ed orizzontale,Sereno,Normale,Buona,Sufficiente,0,0,0,2,12.5656,41.88598,True,z,VIA DEI NOCI,VIA DEI NOCI,
2619906,12,2015-12-14T19:30:00,Strada Urbana,da specificare,VIA DI VALLERANELLO,laterale VIA PONTINA,Tamponamento,Rettilineo,Una carreggiata a senso unico di marcia,Asciutto,Asfaltata,Verticale ed orizzontale,Sereno,Scarso,Buona,Sufficiente,1,0,0,2,,,False,z,,,
2619755,9,2015-12-14T19:40:00,,in prossimitíæ,VIA TUSCOLANA,,Scontro laterale fra veicoli in marcia,,,,,,,,,,0,0,0,3,12.52488,41.87725,False,z,del civico n.,,262
2622272,1,2015-12-14T19:40:00,Strada Urbana,in corrispondenza,VIA DELLO STATUTO,,Scontro laterale fra veicoli in marcia,Rettilineo,Una carreggiata a doppio senso,Asciutto,In cubetti di porfido,Verticale ed orizzontale,Sereno,Normale,Sufficiente,Sufficiente,1,0,0,2,,,False,z,del civico n.,,72
2621756,16,2015-12-14T19:40:00,,in prossimitíæ,VIA AURELIA ANTICA,,Scontro laterale fra veicoli in marcia,,,,,,,,,,0,0,0,2,,,False,z,del civico n.,,408
2622251,1,2015-12-14T19:43:00,Strada Urbana,in corrispondenza,VIA CRISTOFORO COLOMBO,,Scontro laterale fra veicoli in marcia,Rettilineo,Una carreggiata a senso unico di marcia,Asciutto,Asfaltata,Verticale ed orizzontale,Sereno,Intenso,Buona,Sufficiente,0,0,0,4,,,False,z,del civico n.,,1
2620396,17,2015-12-14T19:50:00,Strada Urbana,da specificare,LUNGOTEVERE MARESCIALLO CADORNA,prossimitíæ Ponte della Musica,Tamponamento,Rettilineo,Una carreggiata a doppio senso,Asciutto,Asfaltata,Orizzontale,Sereno,Intenso,Buona,Sufficiente,0,0,0,2,12.45854,41.92619,True,z,,,
2624640,18,2015-12-14T19:50:00,Strada Urbana,all'intersezione con,VIA SORISO,,Scontro frontale-laterale DX fra veicoli in marcia,Intersezione stradale segnalata,Una carreggiata a doppio senso,Asciutto,Asfaltata,Verticale ed orizzontale,Sereno,Scarso,Buona,Sufficiente,0,0,0,3,12.407,41.90056,True,z,VIA S. GIOVANNI DELLA CROCE,VIA S. GIOVANNI DELLA CROCE,
2619747,5,2015-12-14T20:00:00,,all'intersezione con,VIA ANTONIO DE CURTIS,,Scontro frontale-laterale DX fra veicoli in marcia,,,,,,,,,,2,0,0,1,12.53616,41.9529,False,z,VIA DELLE VIGNE NUOVE,VIA DELLE VIGNE NUOVE,
2621552,9,2015-12-14T20:15:00,,in corrispondenza,VIA TUSCOLANA,,Investimento di pedone,,,,,,,,,,1,0,0,0,,,False,z,del civico n.,,244
2619849,20,2015-12-14T20:30:00,Strada Urbana,in prossimitíæ,VIA DEL FORO ITALICO,,Tamponamento,Rettilineo,Due carreggiate,Asciutto,Asfaltata,Verticale ed orizzontale,Sereno,Normale,Buona,Sufficiente,1,0,0,1,,,False,z,del civico n.,,439
2630134,9,2015-12-14T21:00:00,,da specificare,VIA APPIA NUOVA,incrocio con PIAZZA CAMILLO FINOCCHIARO APRILE,Infortunio per caduta del veicolo,,,,,,,,,,0,0,0,2,12.52018,41.87663,False,z,,,
2619671,8,2015-12-14T21:45:00,,all'intersezione con,VIA MASSA DI SAN GIULIANO,,Scontro laterale fra veicoli in marcia,,,,,,,,,,1,0,0,3,,,False,z,VIA MANOPPELLO,VIA MANOPPELLO,
2619841,7,2015-12-14T22:45:00,,all'intersezione semaforizzata con,VIA DELLE ROBINIE,,Scontro frontale-laterale SX fra veicoli in marcia,,,,,,,,,,2,0,0,2,,,False,z,VIA DELLE GIUNCHIGLIE,VIA DELLE GIUNCHIGLIE,
2619966,4,2015-12-14T23:40:00,Strada Urbana,all'intersezione semaforizzata con,VIALE SOMALIA,,Scontro frontale-laterale DX fra veicoli in marcia,Intersezione semaforizzata,Due carreggiate,Asciutto,Asfaltata,Verticale ed orizzontale,Sereno,Normale,Buona,Sufficiente,0,0,0,3,12.52086,41.93335,True,z,PIAZZA GONDAR,PIAZZA GONDAR,
2622173,1,2015-12-14T23:40:00,Strada Urbana,all'intersezione con,LUNGOTEVERE TESTACCIO,,Scontro frontale-laterale SX fra veicoli in marcia,Incrocio,Una carreggiata a doppio senso,Asciutto,Asfaltata,Verticale ed orizzontale,Sereno,Normale,Buona,Sufficiente,1,0,0,0,,,False,z,PONTE SUBLICIO,PONTE SUBLICIO,
2619674,8,2015-12-14T23:40:00,Provinciale entro l'abitato,in prossimitíæ,VIA PRENESTINA,,Scontro laterale fra veicoli in marcia,Rettilineo,Due carreggiate,Asciutto,Asfaltata,Orizzontale,Sereno,Scarso,Buona,Sufficiente,0,0,0,2,12.51796,41.89167,True,z,del civico n.,,21
2623183,23,2015-12-14T23:45:00,,in corrispondenza,VIA PITIDE,,Veicolo in marcia contro veicolo in sosta,,,,,,,,,,0,0,0,2,,,False,z,del civico n.,,13a
2622806,1,2015-12-14T23:50:00,Strada Urbana,in prossimitíæ,VIA DEL FORO OLITORIO,,Veicolo in marcia contro ostacolo accidentale,Rettilineo,Una carreggiata a doppio senso,Viscido da liquidi oleosi,In cubetti di porfido,Verticale ed orizzontale,Sereno,Scarso,Sufficiente,Sufficiente,0,0,0,1,,,False,z,del palo luce n.,,4
2622784,1,2015-12-14T23:55:00,Strada Urbana,in corrispondenza,VIA DEL FORO OLITORIO,,Veicolo in marcia contro ostacolo accidentale,Rettilineo,Una carreggiata a doppio senso,Viscido da liquidi oleosi,In cubetti di porfido,Verticale ed orizzontale,Sereno,Scarso,Sufficiente,Sufficiente,0,0,0,1,,,False,z,del palo luce n.,,4
2619984,12,2015-12-15T00:00:00,,in corrispondenza,VIALE DELL'UMANESIMO,,Scontro frontale-laterale SX fra veicoli in marcia,,,,,,,,,,1,0,0,1,,,False,z,del civico n.,,49
2620908,19,2015-12-15T02:20:00,Strada Urbana,all'intersezione con,VIA PIETRO GASPARRI,,Scontro laterale fra veicoli in marcia,Incrocio,Una carreggiata a doppio senso,Asciutto,Asfaltata,Assente,Sereno,Scarso,Sufficiente,Sufficiente,1,0,0,2,12.41449,41.92074,False,z,VIA GEROLAMO ALEANDRO,VIA GEROLAMO ALEANDRO,
2621189,8,2015-12-15T03:00:00,Strada Urbana,in corrispondenza,VIA GIUSEPPE TORALDO,,Veicolo in marcia contro ostacolo fisso,Rettilineo,Una carreggiata a senso unico di marcia,Asciutto,Asfaltata,Verticale ed orizzontale,Sereno,Normale,Sufficiente,Sufficiente,0,0,0,0,12.62129,41.86443,False,z,del civico n.,,42
2622080,12,2015-12-15T06:30:00,Strada Urbana,da specificare,VIA CRISTOFORO COLOMBO,dir. Roma alt. immissione Via Algeria,Scontro laterale fra veicoli in marcia,Rettilineo,Due carreggiate,Asciutto,Asfaltata,Verticale ed orizzontale,Sereno,Intenso,Buona,Sufficiente,1,0,0,2,12.46303,41.81808,False,z,,,
2621421,20,2015-12-15T07:00:00,Strada Urbana,all'intersezione con,PIAZZA MONTELEONE DI SPOLETO,,Veicolo in marcia contro ostacolo fisso,Intersezione stradale segnalata,Una carreggiata a senso unico di marcia,Asciutto,Asfaltata,Verticale ed orizzontale,Sereno,Normale,Buona,Ore Diurne,0,0,0,1,,,False,z,VIA CITERNA,VIA CITERNA,
2623952,12,2015-12-15T08:10:00,Strada Urbana,all'intersezione con,VIALE DEI CADUTI PER LA RESISTENZA,,Tamponamento,Intersezione stradale segnalata,Una carreggiata a senso unico di marcia,Asciutto,Asfaltata,Verticale ed orizzontale,Sereno,Normale,Buona,Ore Diurne,0,0,0,2,12.44116,41.78393,True,z,VIA DEI CADUTI CIVILI,VIA DEI CADUTI CIVILI,
2621226,5,2015-12-15T08:15:00,Strada Urbana,all'intersezione con,VIA DI TOR CERVARA,,Scontro frontale-laterale DX fra veicoli in marcia,Incrocio,Una carreggiata a doppio senso,Asciutto,Asfaltata,Orizzontale,Sereno,Normale,Buona,Sufficiente,0,0,0,3,12.5895,41.91848,True,z,VIA DI CERVARA,VIA DI CERVARA,
2622001,18,2015-12-15T08:20:00,Strada Urbana,in prossimitíæ,VIA DELLA MAGLIANELLA,,Veicolo in marcia contro ostacolo accidentale,Curva senza visuale libera,Una carreggiata a senso unico di marcia,Asciutto,Asfaltata,Verticale ed orizzontale,Sereno,Intenso,Buona,Ore Diurne,1,0,0,0,12.38397,41.91414,True,z,del civico n.,,379
2621215,8,2015-12-15T08:30:00,,in prossimitíæ,VIALE DUILIO CAMBELLOTTI,,Veicolo in marcia contro ostacolo accidentale,,,,,,,,,,0,0,0,1,,,False,z,del civico n.,,167
2621469,2,2015-12-15T08:30:00,Strada Urbana,all'intersezione con,LUNGOTEVERE FLAMINIO,,Scontro laterale fra veicoli in marcia,Incrocio,Una carreggiata a doppio senso,Asciutto,Asfaltata,Verticale ed orizzontale,Sereno,Normale,Buona,Ore Diurne,1,0,0,2,,,False,z,VIA RAFFAELE STERN,VIA RAFFAELE STERN,
2621447,20,2015-12-15T08:45:00,Strada Urbana,all'intersezione con,VIA DELLA STAZIONE DI CESANO,,Scontro frontale-laterale SX fra veicoli in marcia,Incrocio,Una carreggiata a doppio senso,Asciutto,Asfaltata,Orizzontale,Sereno,Normale,Buona,Ore Diurne,1,0,0,2,,,False,z,VIA FRANCO BRIOLINI,VIA FRANCO BRIOLINI,
2619948,11,2015-12-15T08:45:00,Strada Urbana,in corrispondenza,VIA DEL SANTUARIO REGINA DEGLI APOSTOLI,,Scontro laterale fra veicoli in marcia,Rettilineo,Una carreggiata a doppio senso,Asciutto,Asfaltata,Orizzontale,Sereno,Scarso,Buona,Ore Diurne,0,0,0,2,12.48239,41.85185,True,z,del civico n.,,36
2621252,10,2015-12-15T09:00:00,Provinciale,in prossimitíæ,VIA ANAGNINA,,Tamponamento,Rettilineo,Una carreggiata a doppio senso,Asciutto,Asfaltata,Assente,Sereno,Normale,Buona,Ore Diurne,0,0,0,2,12.61521,41.8197,True,z,del civico n.,,331
2622626,12,2015-12-15T09:25:00,Strada Urbana,all'intersezione con,VIALE DELL'ARTE,,Scontro laterale fra veicoli in marcia,Intersezione semaforizzata,Una carreggiata a doppio senso,Asciutto,Asfaltata,Verticale ed orizzontale,Sereno,Normale,Buona,Ore Diurne,0,0,0,2,12.47305,41.82695,True,z,VIALE DELL'AERONAUTICA,VIALE DELL'AERONAUTICA,
2620071,11,2015-12-15T09:30:00,Strada Urbana,all'intersezione con,PIAZZALE ANTONIO TOSTI,,Scontro frontale-laterale SX fra veicoli in marcia,Intersezione stradale segnalata,Una carreggiata a doppio senso,Asciutto,Asfaltata,Verticale ed orizzontale,Sereno,Normale,Buona,Ore Diurne,0,0,0,3,12.5013,41.85737,True,z,VIA FLAVIA TIZIANA,VIA FLAVIA TIZIANA,
2620482,8,2015-12-15T09:30:00,Regionale entro l'abitato,all'intersezione con,VIA PRENESTINA,,Scontro laterale fra veicoli in marcia,Intersezione semaforizzata,Una carreggiata a doppio senso,Asciutto,Asfaltata,Verticale ed orizzontale,Sereno,Normale,Buona,Ore Diurne,1,0,0,2,,,False,z,VIA DI TORRENOVA,VIA DI TORRENOVA,
2622745,1,2015-12-15T09:30:00,Strada Urbana,da specificare,VIA MARSALA,ALTEZZA SOTTOVIA CAPPELLINI,Scontro frontale-laterale SX fra veicoli in marcia,Rettilineo,Una carreggiata a doppio senso,Asciutto,In cubetti di porfido,Verticale ed orizzontale,Sereno,Scarso,Buona,Ore Diurne,1,0,0,1,12.50723,41.89929,False,z,,,
2621338,17,2015-12-15T09:35:00,Strada Urbana,in corrispondenza,VIA ANGELO EMO,,Investimento di pedone,Rettilineo,Due carreggiate,Asciutto,Asfaltata,Verticale ed orizzontale,Sereno,Normale,Buona,Ore Diurne,1,0,0,2,,,False,z,del civico n.,,7
2621485,4,2015-12-15T09:40:00,Provinciale,da specificare,VIA NOMENTANA,altezza rampa uscita GRA direzione Roma centro,Scontro laterale fra veicoli in marcia,Rettilineo,Una carreggiata a doppio senso,Asciutto,Asfaltata,Verticale ed orizzontale,Sereno,Normale,Buona,Ore Diurne,0,0,0,2,12.55238,41.94111,False,z,,,