_ID,_Gruppo,_DataOraIncidente,_Localizzazione1,_Localizzazione2,_Strada1,_DaSpecificare,_NaturaIncidente,_ParticolaritaStrade,_TipoStrada,_FondoStradale,_Pavimentazione,_Segnaletica,_CondizioneAtmosferica,_Traffico,_Visibilita,_Illuminazione,_NUM_FERITI,_NUM_RISERVATA,_NUM_MORTI,_NUM_ILLESI,_Longitudine,_Latitudine,_CONFERMATO,__prefix,_Strada02,_Strada2,_Chilometrica
2620102,10,2015-12-15T10:05:00,Strada Urbana,all'intersezione con,VIA DI TORRE SPACCATA,,Scontro laterale fra veicoli in marcia,Rotatoria,Una carreggiata a senso unico di marcia,Asciutto,Asfaltata,Orizzontale,Sereno,Normale,Buona,Ore Diurne,1,0,0,3,12.58584,41.85747,True,z,VIA WALTER PROCACCINI,VIA WALTER PROCACCINI,
2622689,12,2015-12-15T10:20:00,,da specificare,VIADOTTO DELLA MAGLIANA,dir.Laurentina alt. immissione via C.Colombo,Scontro laterale fra veicoli in marcia,,,,,,,,,,1,0,0,2,12.47363,41.84144,False,z,,,
2622184,3,2015-12-15T10:25:00,Strada Urbana,in prossimitíæ,VIALE DELLO SCALO S. LORENZO,,Veicolo in marcia contro veicolo in sosta,Rettilineo,Pií_ di due carreggiate,Asciutto,Asfaltata,Verticale ed orizzontale,Sereno,Normale,Buona,Ore Diurne,0,0,0,1,12.51748,41.89512,False,z,del civico n.,,47
2620212,11,2015-12-15T10:30:00,Strada Urbana,in corrispondenza,VIALE LEONARDO DA VINCI,,Scontro laterale fra veicoli in marcia,Rettilineo,Due carreggiate,Asciutto,Asfaltata,Verticale ed orizzontale,Sereno,Normale,Buona,Ore Diurne,1,0,0,1,12.48098,41.85622,False,z,del civico n.,,91
2621438,4,2015-12-15T10:30:00,,in corrispondenza,VIA UMBERTO BARBARO,,Investimento di pedone,,,,,,,,,,1,0,0,1,,,False,z,del civico n.,,24
2621386,17,2015-12-15T10:30:00,Strada Urbana,in corrispondenza,LUNGOTEVERE DELLA VITTORIA,,Scontro laterale fra veicoli in marcia,Curva a visuale libera,Due carreggiate,Asciutto,Asfaltata,Verticale ed orizzontale,Sereno,Normale,Buona,Ore Diurne,1,0,0,1,,,False,z,del civico n.,,13
2621248,5,2015-12-15T10:40:00,Strada Urbana,da specificare,VIA TIBURTINA,altezza Ponte di Portonaccio direzione Tivoli,Scontro frontale-laterale SX fra veicoli in marcia,Rettilineo,Pií_ di due carreggiate,Asciutto,Asfaltata,Verticale ed orizzontale,Sereno,Intenso,Buona,Ore Diurne,0,0,0,2,12.53402,41.90822,True,z,,,
2621247,7,2015-12-15T11:15:00,,in corrispondenza,VIALE PALMIRO TOGLIATTI,,Scontro frontale-laterale SX fra veicoli in marcia,,,,,,,,,,2,0,0,4,,,False,z,del civico n.,,727
2622764,12,2015-12-15T11:30:00,Strada Urbana,in prossimitíæ,VIALE DEGLI EROI DI RODI,,Scontro laterale fra veicoli in marcia,Curva a visuale libera,Una carreggiata a senso unico di marcia,Asciutto,Asfaltata,Verticale ed orizzontale,Sereno,Normale,Buona,Ore Diurne,0,0,0,2,12.43381,41.78599,True,z,del civico n.,,316
2622138,1,2015-12-15T11:35:00,Strada Urbana,in prossimitíæ,VIA DI PORTA PINCIANA,,Scontro laterale fra veicoli in marcia,Rettilineo,Una carreggiata a senso unico di marcia,Asciutto,Asfaltata,Verticale ed orizzontale,Sereno,Scarso,Buona,Ore Diurne,1,0,0,1,,,False,z,del palo luce n.,,5
2621211,8,2015-12-15T11:45:00,Strada Urbana,in prossimitíæ,VIALE ANTONIO CIAMARRA,,Scontro laterale fra veicoli in marcia,Rettilineo,Due carreggiate,Asciutto,Asfaltata,Verticale ed orizzontale,Sereno,Normale,Buona,Ore Diurne,0,0,0,3,12.59058,41.85288,True,z,del palo luce n.,,109
2622234,1,2015-12-15T11:45:00,Strada Urbana,in prossimitíæ,VIALE LUIGI EINAUDI,,Scontro laterale fra veicoli in marcia,Rettilineo,Una carreggiata a senso unico di marcia,Asciutto,In cubetti di porfido,Assente,Sereno,Normale,Buona,Ore Diurne,0,0,0,3,12.49668,41.90263,False,z,del palo luce n.,,10
2621222,8,2015-12-15T11:45:00,,da specificare,VIA DI LUNGHEZZINA,a circa 300 m dal palo luce n. 259,Veicolo in marcia contro ostacolo accidentale,,,,,,,,,,0,0,0,1,,,False,z,,,
2622041,18,2015-12-15T12:00:00,Statale,in prossimitíæ,VIA AURELIA,,Scontro laterale fra veicoli in marcia,Rettilineo,Due carreggiate,Asciutto,Asfaltata,Verticale ed orizzontale,Sereno,Intenso,Buona,Ore Diurne,0,0,0,6,12.41153,41.88993,True,z,del civico n.,,780
2622787,12,2015-12-15T12:00:00,,all'intersezione con,VIALE BEETHOVEN,,Scontro laterale fra veicoli in marcia,,,,,,,,,,1,0,0,3,,,False,z,VIA LISZT,VIA LISZT,
2621336,19,2015-12-15T12:10:00,,in corrispondenza,PIAZZA DELLA BALDUINA,,Scontro frontale fra veicoli in marcia,,,,,,,,,,0,0,0,1,12.44133,41.91933,False,z,del civico n.,,18
2621652,2,2015-12-15T12:20:00,,da specificare,CORSO DI FRANCIA,rampa dir. v.le M.llo Pilsudski (centro),Tamponamento,,,,,,,,,,1,0,0,1,,,False,z,,,
2620910,6,2015-12-15T12:20:00,Strada Urbana,da specificare,VIA PRENESTINA,fronte civico 362,Investimento di pedone,Rettilineo,Pií_ di due carreggiate,Asciutto,Asfaltata,Verticale ed orizzontale,Sereno,Normale,Buona,Ore Diurne,1,0,0,0,,,False,z,,,
2621645,2,2015-12-15T12:20:00,Strada Urbana,all'intersezione con,VIA CHIANA,,Veicolo in marcia contro ostacolo accidentale,Incrocio,Due carreggiate,Asciutto,Asfaltata,Verticale ed orizzontale,Sereno,Normale,Buona,Ore Diurne,1,0,0,0,12.50331,41.92247,True,z,VIA OGLIO,VIA OGLIO,
2621187,5,2015-12-15T12:30:00,Strada Urbana,all'intersezione semaforizzata con,VIA DEI MONTI TIBURTINI,,Scontro laterale fra veicoli in marcia,Intersezione semaforizzata,Due carreggiate,Asciutto,Asfaltata,Verticale ed orizzontale,Sereno,Normale,Buona,Ore Diurne,0,0,0,2,12.54752,41.91556,True,z,VIA FILIPPO MEDA,VIA FILIPPO MEDA,
2620393,20,2015-12-15T12:30:00,,da specificare,VIA DEL FORO ITALICO,altezza C.SO DI FRANCIA DIR SAN GIOVANNI,Tamponamento Multiplo,,,Asciutto,,,Sereno,Intenso,Buona,,4,0,0,0,,,False,z,,,
2620376,6,2015-12-15T12:40:00,Strada Urbana,da specificare,VIA PRENESTINA,laterale incrocio Via Rovigno D'Istria,Scontro frontale-laterale DX fra veicoli in marcia,Rettilineo,Pií_ di due carreggiate,Asciutto,Asfaltata,Verticale,Sereno,Normale,Buona,Ore Diurne,0,0,0,4,12.55671,41.89469,True,z,,,
2622119,1,2015-12-15T13:00:00,Strada Urbana,da specificare,PIAZZA DEL POPOLO,IN CORRISPONDENZA VIA F. DI SAVOIA,Investimento di pedone,Curva a visuale libera,Una carreggiata a senso unico di marcia,Asciutto,Acciotolata,Assente,Sereno,Normale,Buona,Ore Diurne,1,0,0,2,,,False,z,,,
2621664,2,2015-12-15T13:00:00,Strada Urbana,in prossimitíæ,CORSO TRIESTE,,Investimento di pedone,Rettilineo,Due carreggiate,Asciutto,Asfaltata,Verticale ed orizzontale,Sereno,Normale,Buona,Ore Diurne,1,0,0,0,,,False,z,del civico n.,,207
2620676,12,2015-12-15T13:00:00,Strada Urbana,da specificare,VIALE DELL'ARTE,altezza viale Rembrandt,Tamponamento,Rettilineo,Una carreggiata a doppio senso,Asciutto,Asfaltata,Verticale ed orizzontale,Sereno,Normale,Buona,Ore Diurne,0,0,0,2,12.4742,41.8307,True,z,,,
2621543,17,2015-12-15T13:05:00,Strada Urbana,all'intersezione semaforizzata con,VIALE ANGELICO,,Scontro laterale fra veicoli in marcia,Intersezione semaforizzata,Due carreggiate,Asciutto,Asfaltata,Verticale ed orizzontale,Sereno,Normale,Buona,Ore Diurne,1,0,0,1,12.45852,41.91733,False,z,VIA GIOVANNI BETTOLO,VIA GIOVANNI BETTOLO,
2621255,13,2015-12-15T13:10:00,Strada Urbana,all'intersezione con,VIA DI SAPONARA,,Scontro frontale-laterale SX fra veicoli in marcia,Incrocio,Una carreggiata a doppio senso,Asciutto,Asfaltata,Assente,Sereno,Normale,Buona,Ore Diurne,1,0,0,2,12.33609,41.77087,False,z,VIA NAPOLEONE PARISANI,VIA NAPOLEONE PARISANI,
2621556,4,2015-12-15T13:15:00,,da specificare,VIA SALARIA,ALT. SVINCOLO PRATI FISCALI DIREZIONE RIETI,Tamponamento Multiplo,,,,,,,,,,0,0,0,3,,,False,z,,,
2621807,1,2015-12-15T13:18:00,,da specificare,VIALE DI TRASTEVERE,ALTEZZA PIAZZA MASTAI,Investimento di pedone,,,,,,,,,,1,0,0,0,,,False,z,,,
2621621,20,2015-12-15T13:45:00,Strada Urbana,da specificare,VIA DEL FORO ITALICO,GALLERIA FLEMING dir. STADIO,Tamponamento,Galleria illuminata,Una carreggiata a senso unico di marcia,Bagnato (umiditíæ in atto),Asfaltata,Orizzontale,Sereno,Intenso,Sufficiente,Ore Diurne,1,0,0,1,,,False,z,,,
2620680,9,2015-12-15T13:45:00,Strada Urbana,da specificare,PIAZZA DI PONTE LUNGO,FRONTE CIVICO  25,Scontro laterale fra veicoli in marcia,Rettilineo,Pií_ di due carreggiate,Asciutto,Asfaltata,Verticale ed orizzontale,Sereno,Normale,Buona,Ore Diurne,0,0,0,3,,,False,z,,,
2620478,6,2015-12-15T14:00:00,Strada Urbana,da specificare,VIA MARIO UGO GUATTARI,fronte civico 45,Veicolo in marcia contro veicolo in sosta,Rettilineo,Una carreggiata a senso unico di marcia,Asciutto,Asfaltata,Orizzontale,Sereno,Normale,Buona,Ore Diurne,0,0,0,0,12.559,41.88147,False,z,,,
2621352,19,2015-12-15T14:00:00,Strada Urbana,in prossimitíæ,VIA DELLA PINETA SACCHETTI,,Tamponamento,Rettilineo,Una carreggiata a senso unico di marcia,Asciutto,Asfaltata,Verticale ed orizzontale,Sereno,Intenso,Buona,Ore Diurne,1,0,0,1,12.42622,41.93417,False,z,del civico n.,,261M
2620453,9,2015-12-15T14:10:00,Strada Urbana,da specificare,VIA DEL MANDRIONE,ALT. FRONTE CIVICO 109,Scontro frontale-laterale SX fra veicoli in marcia,Rettilineo,Una carreggiata a doppio senso,Asciutto,Asfaltata,Assente,Sereno,Normale,Buona,Ore Diurne,0,0,0,2,12.53729,41.87584,True,z,,,
2622935,1,2015-12-15T14:15:00,Strada Urbana,da specificare,VIA ELENIANA,FERMATA ATAC N. 76843 LINEA 11,Scontro laterale fra veicoli in marcia,Rettilineo,Una carreggiata a senso unico di marcia,Asciutto,Asfaltata,Assente,Sereno,Normale,Buona,Ore Diurne,0,0,0,2,,,False,z,,,
2621217,8,2015-12-15T14:20:00,Strada Urbana,in prossimitíæ,VIA COLLATINA,,Veicolo in marcia contro ostacolo accidentale,Curva a visuale libera,Una carreggiata a doppio senso,Asciutto,Asfaltata,Orizzontale,Sereno,Normale,Sufficiente,Ore Diurne,0,0,0,2,12.6647,41.92182,True,z,del civico n.,,960
2621507,4,2015-12-15T14:30:00,,in corrispondenza,VIA DEI PRATI FISCALI,,Scontro laterale fra veicoli in marcia,,,,,,,,,,2,0,0,0,,,False,z,del civico n.,,273
2621677,2,2015-12-15T14:30:00,,all'intersezione semaforizzata con,PIAZZA GONDAR,,Ribaltamento senza urto contro ostacolo fisso,,,,,,,,,,1,0,0,1,,,False,z,VIALE ETIOPIA,VIALE ETIOPIA,
2621513,17,2015-12-15T14:45:00,Strada Urbana,da specificare,VIALE ANGELICO,in prossimitíæ fr. civ. 301,Investimento di pedone,Rettilineo,Due carreggiate,Asciutto,Asfaltata,Verticale ed orizzontale,Sereno,Normale,Sufficiente,Ore Diurne,1,0,0,1,,,False,z,,,
2621095,15,2015-12-15T14:50:00,,in prossimitíæ,VIALE CASTELLO DELLA MAGLIANA,,Veicolo in marcia contro veicolo fermo,,,,,,,,,,1,0,0,1,12.41527,41.82336,False,z,del civico n.,,38
2620515,18,2015-12-15T15:00:00,Strada Urbana,all'intersezione con,VIA GIOVANNI DOMENICO PARACCIANI,,Investimento di pedone,Intersezione non regolata-non segnalata,Una carreggiata a senso unico di marcia,Asciutto,Asfaltata,Verticale ed orizzontale,Sereno,Normale,Buona,Ore Diurne,1,0,0,1,12.4246,41.90456,True,z,CIRCONVALLAZIONE CORNELIA,CIRCONVALLAZIONE CORNELIA,
2621371,19,2015-12-15T15:10:00,Strada Urbana,in prossimitíæ,VIA DI CASAL DEL MARMO,,Scontro laterale fra veicoli in marcia,Rettilineo,Una carreggiata a doppio senso,Asciutto,Asfaltata,Orizzontale,Sereno,Normale,Buona,Ore Diurne,0,0,0,4,12.39576,41.95072,True,z,del civico n.,,260
2622958,20,2015-12-15T15:15:00,Strada Urbana,da specificare,VIA DELLA TORRE DELLE CORNACCHIE,altezza rotatoria,Scontro frontale fra veicoli in marcia,Rettilineo,Una carreggiata a senso unico di marcia,Asciutto,Asfaltata,Verticale ed orizzontale,Sereno,,Buona,Ore Diurne,0,0,0,2,,,False,z,,,
2621273,5,2015-12-15T15:45:00,,da specificare,Tangenziale Est direzione S. Giovanni,altezza uscita Stazione Tiburtina,Tamponamento Multiplo,,,,,,,,,,1,0,0,0,12.53387,41.90844,False,z,,,
2621262,5,2015-12-15T15:45:00,,in prossimitíæ,LARGO ANTONIO BELTRAMELLI,,Investimento di pedone,,,,,,,,,,1,0,0,0,12.53797,41.90997,False,z,del civico n.,,36
2620670,6,2015-12-15T15:50:00,Strada Urbana,in prossimitíæ,VIA CASILINA,,Scontro laterale fra veicoli in marcia,Rettilineo,Pií_ di due carreggiate,Asciutto,Asfaltata,Orizzontale,Sereno,Normale,Buona,Ore Diurne,1,0,0,1,12.54782,41.878,True,z,del civico n.,,600
2620704,10,2015-12-15T16:00:00,Strada Urbana,in corrispondenza,VIA VESTRICIO SPURINNA,,Infortunio per caduta del veicolo,Rettilineo,Una carreggiata a senso unico di marcia,Asciutto,Asfaltata,Assente,Sereno,Normale,Buona,Ore Diurne,0,0,0,1,12.55532,41.86425,True,z,del civico n.,,107
2621725,23,2015-12-15T16:10:00,,in prossimitíæ,VIA CRISTOFORO COLOMBO,,Tamponamento Multiplo,,,,,,,,,,1,0,0,2,,,False,z,della chilometrica,,19.1
2621554,4,2015-12-15T16:15:00,,all'intersezione con,VIA MARIA BARBARA TOSATTI,,Scontro frontale-laterale DX fra veicoli in marcia,,,,,,,,,,0,0,0,2,12.54865,41.94525,False,z,VIA GIUSEPPE ROVANI,VIA GIUSEPPE ROVANI,
2621207,8,2015-12-15T16:20:00,Strada Urbana,in corrispondenza,VIA DEL PONTE DI NONA,,Tamponamento Multiplo,Rettilineo,Due carreggiate,Asciutto,Asfaltata,Verticale ed orizzontale,Sereno,Normale,Sufficiente,Ore Diurne,0,0,0,3,12.66,41.90224,True,z,del palo luce n.,,55
2621170,9,2015-12-15T16:25:00,,in prossimitíæ,PIAZZA LODI,,Tamponamento,,,,,,,,,,0,0,0,3,,,False,z,del civico n.,,2
2621094,15,2015-12-15T16:30:00,Strada Urbana,all'intersezione con,VIA DEL MONTE DELLE CAPRE,,Veicolo in marcia contro veicolo fermo,Incrocio,,,,,,,,,0,0,0,1,12.43112,41.84502,False,z,VIA DEGLI ORTI DELLA MAGLIANA,VIA DEGLI ORTI DELLA MAGLIANA,
2621204,11,2015-12-15T16:40:00,Strada Urbana,in corrispondenza,VIA FONTE BUONO,,Scontro frontale fra veicoli in marcia,Rettilineo,Una carreggiata a senso unico di marcia,Asciutto,Asfaltata,Verticale ed orizzontale,Sereno,Normale,Sufficiente,Sufficiente,0,0,0,2,12.48331,41.84604,True,z,del civico n.,,15
2620756,1,2015-12-15T16:50:00,Strada Urbana,all'intersezione con,VIALE GIOTTO,,Scontro frontale-laterale SX fra veicoli in marcia,Intersezione semaforizzata,Una carreggiata a doppio senso,Asciutto,Asfaltata,Verticale ed orizzontale,Sereno,Normale,Sufficiente,Sufficiente,1,0,0,1,12.48827,41.87798,False,z,LARGO CARLO LAZZERINI,LARGO CARLO LAZZERINI,
2622201,3,2015-12-15T17:00:00,Strada Urbana,da specificare,VIA RE TANCREDI,fronte civico 2,Veicolo in marcia contro veicolo in sosta,Rettilineo,Una carreggiata a senso unico di marcia,Asciutto,Asfaltata,Verticale,Sereno,Scarso,Sufficiente,Ore Diurne,0,0,0,1,12.52185,41.91287,False,z,,,
2621377,19,2015-12-15T17:05:00,Strada Urbana,in prossimitíæ,VIA GIUSEPPE TAVERNA,,Scontro laterale fra veicoli in marcia,Rettilineo,Una carreggiata a doppio senso,Asciutto,Asfaltata,Assente,Sereno,Scarso,Buona,Sufficiente,0,0,0,4,12.42764,41.93866,True,z,del civico n.,,45
2621198,8,2015-12-15T17:15:00,,in prossimitíæ,VIA DI TOR BELLA MONACA,,Tamponamento Multiplo,,,,,,,,,,4,0,0,2,,,False,z,del civico n.,,491
2622211,3,2015-12-15T17:20:00,Strada Urbana,all'intersezione con,PIAZZALE DELLE PROVINCIE,,Scontro laterale fra veicoli in marcia,Incrocio,Una carreggiata a senso unico di marcia,Asciutto,Asfaltata,Verticale ed orizzontale,Sereno,Intenso,Sufficiente,Sufficiente,0,0,0,4,12.52103,41.90928,True,z,VIALE IPPOCRATE,VIALE IPPOCRATE,
2621806,16,2015-12-15T17:25:00,,in prossimitíæ,VIALE DEI QUATTRO VENTI,,Investimento di pedone,,,,,,,,,,0,0,0,3,,,False,z,del civico n.,,fc 146b
2621092,15,2015-12-15T17:30:00,Strada Urbana,in prossimitíæ,PIAZZA ANTONIO MEUCCI,,Scontro laterale fra veicoli in marcia,Rettilineo,Una carreggiata a senso unico di marcia,Asciutto,Asfaltata,Orizzontale,Sereno,Intenso,Buona,Sufficiente,0,0,0,3,12.46421,41.86171,True,z,del civico n.,,7
2620780,6,2015-12-15T17:30:00,Strada Urbana,da specificare,VIALE DELLA SERENISSIMA,fronte civico 119,Investimento di pedone,Rettilineo,Pií_ di due carreggiate,Asciutto,Asfaltata,Verticale ed orizzontale,Sereno,Normale,Sufficiente,Sufficiente,2,0,0,0,,,False,z,,,
2622898,12,2015-12-15T17:35:00,Provinciale entro l'abitato,da specificare,VIA LAURENTINA,DIREZIONE G.R.A. ALTEZZA VIA CAMPANILE,Tamponamento,Rettilineo,Due carreggiate,Asciutto,Asfaltata,Verticale ed orizzontale,Sereno,Normale,Buona,Ore Diurne,0,0,0,4,12.47956,41.82969,True,z,,,
2622144,18,2015-12-15T17:45:00,Strada Urbana,da specificare,VIA MICHELE PIRONTI,in prossimitíæ del fronte civico 51,Investimento di pedone,Pendenza,Una carreggiata a senso unico di marcia,Asciutto,Asfaltata,Verticale ed orizzontale,Sereno,Normale,Sufficiente,Sufficiente,1,0,0,1,12.41257,41.89295,False,z,,,
2621795,16,2015-12-15T18:00:00,,all'intersezione semaforizzata con,VIA LEONE XIII,,Veicolo in marcia contro ostacolo accidentale,,,,,,,,,,0,0,0,1,,,False,z,VIA VITELLIA,VIA VITELLIA,
2621261,10,2015-12-15T18:05:00,Strada Urbana,in prossimitíæ,VIA TUSCOLANA,,Scontro laterale fra veicoli in marcia,Rettilineo,Una carreggiata a senso unico di marcia,Asciutto,Asfaltata,Verticale ed orizzontale,Sereno,Normale,Buona,Sufficiente,0,0,0,4,12.55627,41.86033,False,z,del civico n.,,765
2621238,8,2015-12-15T18:30:00,,in prossimitíæ,VIA DELL'USIGNOLO,,Veicolo in marcia contro ostacolo accidentale,,,,,,,,,,0,0,0,1,,,False,z,del civico n.,,54 A
2621205,8,2015-12-15T18:30:00,,in prossimitíæ,VIA DI FONTANA CANDIDA,,Scontro laterale fra veicoli in marcia,,,,,,,,,,5,0,0,0,,,False,z,del civico n.,,215
2621097,15,2015-12-15T18:30:00,,da specificare,VIA LANFRANCO MAROI,PROSSIMITA' VIA PORTUENSE,Investimento di pedone,,,,,,,,,,1,0,0,2,12.41692,41.84478,False,z,,,
2620926,18,2015-12-15T18:45:00,Strada Urbana,da specificare,VIA AURELIA,in prossimitíæ di Via Ciriaci ,Scontro laterale fra veicoli in marcia,Rettilineo,Una carreggiata a doppio senso,Asciutto,Asfaltata,Verticale ed orizzontale,Sereno,Normale,Buona,Sufficiente,0,0,0,3,12.44255,41.89873,False,z,,,
2621316,5,2015-12-15T18:55:00,Strada Urbana,da specificare,VIA BELMONTE IN SABINA,dir. VIA PALOMBARESE uscita CASAL MONASTERO,Scontro laterale fra veicoli in marcia,Rettilineo,Due carreggiate,Asciutto,Asfaltata,Verticale ed orizzontale,Sereno,Normale,Sufficiente,Sufficiente,0,0,0,12,12.59957,41.95027,True,z,,,
2621229,8,2015-12-15T19:10:00,,in prossimitíæ,VIA GIORGIO GRAPPELLI,,Veicolo in marcia contro ostacolo accidentale,,,,,,,,,,0,0,0,1,,,False,z,del palo luce n.,,3
2621916,23,2015-12-15T19:15:00,Comunale extraurbana,in prossimitíæ,VIA CRISTOFORO COLOMBO,,Scontro laterale fra veicoli in marcia,Rettilineo,Pií_ di due carreggiate,Asciutto,Asfaltata,Orizzontale,Sereno,Intenso,Buona,Sufficiente,0,0,0,2,12.43063,41.79243,True,z,della chilometrica,,14.58
2621924,23,2015-12-15T19:15:00,Comunale extraurbana,in prossimitíæ,VIA CRISTOFORO COLOMBO,,Scontro frontale fra veicoli in marcia,Rettilineo,Pií_ di due carreggiate,Asciutto,Asfaltata,Orizzontale,Sereno,Intenso,Buona,Insufficiente,0,0,0,3,12.37683,41.76008,True,z,della chilometrica,,14.85
2625101,1,2015-12-15T19:15:00,Strada Urbana,da specificare,VIA NICOLA SALVI,IN CORRISPONDENZA PIAZZA DEL COLOSSEO,Scontro laterale fra veicoli in marcia,Rettilineo,,Asciutto,Asfaltata,,Sereno,Intenso,Buona,Sufficiente,0,0,0,1,,,False,z,,,
2621200,8,2015-12-15T19:20:00,Strada Urbana,in prossimitíæ,VIA BORGHESIANA,,Tamponamento Multiplo,Rettilineo,Una carreggiata a doppio senso,Asciutto,Asfaltata,Verticale ed orizzontale,Sereno,Scarso,Buona,Sufficiente,1,0,0,2,,,False,z,del civico n.,,392
2622100,12,2015-12-15T19:45:00,Provinciale,in prossimitíæ,VIA LAURENTINA,,Veicolo in marcia contro ostacolo fisso,Curva a visuale libera,Due carreggiate,Asciutto,Asfaltata,Verticale ed orizzontale,Sereno,Normale,Insufficiente,Inesistente,1,0,0,0,12.48122,41.79105,False,z,della chilometrica,,10
2621179,9,2015-12-15T19:45:00,Strada Urbana,all'intersezione semaforizzata con,VIA TUSCOLANA,,Scontro frontale-laterale DX fra veicoli in marcia,Intersezione semaforizzata,Una carreggiata a doppio senso,Asciutto,Asfaltata,Verticale ed orizzontale,Sereno,Intenso,Buona,Sufficiente,0,0,0,4,12.52587,41.87681,False,z,VIA NOCERA UMBRA,VIA NOCERA UMBRA,
2621181,11,2015-12-15T20:00:00,Strada Urbana,all'intersezione semaforizzata con,VIALE GUGLIELMO MARCONI,,Tamponamento Multiplo,Intersezione semaforizzata,Due carreggiate,Asciutto,Asfaltata,Verticale ed orizzontale,Nuvoloso,Normale,Sufficiente,Sufficiente,0,0,0,3,12.47045,41.85861,True,z,PIAZZALE TOMMASO EDISON,PIAZZALE TOMMASO EDISON,
2621102,15,2015-12-15T20:00:00,Strada Urbana,da specificare,VIALE GUGLIELMO MARCONI,FRONTE CIVICO 311,Scontro frontale-laterale SX fra veicoli in marcia,Rettilineo,Due carreggiate,Asciutto,Asfaltata,Verticale,Sereno,Scarso,Buona,Sufficiente,1,0,0,2,12.47148,41.85669,True,z,,,
2625055,1,2015-12-15T20:20:00,Strada Urbana,in prossimitíæ,PIAZZA DI PORTA CAPENA,,Scontro laterale fra veicoli in marcia,Rettilineo,Una carreggiata a doppio senso,Asciutto,Asfaltata,Verticale ed orizzontale,Sereno,Normale,Sufficiente,Sufficiente,0,0,0,5,,,False,z,del palo luce n.,,7
2621464,2,2015-12-15T20:20:00,Strada Urbana,da specificare,VIALE PARIOLI,alt. civ. 202,Tamponamento,Rettilineo,Una carreggiata a doppio senso,Asciutto,Asfaltata,Verticale ed orizzontale,Sereno,Normale,Buona,Sufficiente,2,0,0,3,,,False,z,,,
2621100,15,2015-12-15T20:20:00,Strada Urbana,all'intersezione semaforizzata con,VIA DELLA MAGLIANA,,Tamponamento Multiplo,Intersezione semaforizzata,Una carreggiata a doppio senso,Asciutto,Asfaltata,Verticale ed orizzontale,Sereno,Normale,Sufficiente,Sufficiente,1,0,0,4,12.42401,41.83394,True,z,VIA GUIDO MIGLIOLI,VIA GUIDO MIGLIOLI,
2621510,20,2015-12-15T20:50:00,Strada Urbana,in prossimitíæ,VIA FLAMINIA NUOVA,,Tamponamento Multiplo,Curva a visuale libera,Due carreggiate,Asciutto,Asfaltata,Orizzontale,Sereno,Intenso,Buona,Sufficiente,0,0,0,3,12.4872,41.96095,True,z,del palo luce n.,,54
2621491,6,2015-12-15T23:50:00,Strada Urbana,in prossimitíæ,VIA PRENESTINA,,Tamponamento,Rettilineo,Due carreggiate,Asciutto,Asfaltata,Verticale ed orizzontale,Sereno,Scarso,Sufficiente,Sufficiente,0,0,0,4,12.53735,41.89224,True,z,del civico n.,,218
2622136,3,2015-12-16T01:05:00,,all'intersezione con,VIA DELLE VIGNE NUOVE,,Scontro frontale fra veicoli in marcia,,,,,,,,,,0,0,0,1,,,False,z,VIA VILLA DI FAONTE,VIA VILLA DI FAONTE,
2621422,6,2015-12-16T06:40:00,Strada Urbana,in corrispondenza,VIA DI PORTA FURBA,,Scontro frontale-laterale SX fra veicoli in marcia,Rettilineo,Una carreggiata a doppio senso,Asciutto,Asfaltata,Verticale ed orizzontale,Sereno,Intenso,Buona,Ore Diurne,0,0,0,2,12.54107,41.87359,True,z,del civico n.,,91
2622273,19,2015-12-16T06:55:00,Strada Urbana,all'intersezione con,VIA DELLA STORTA,,Scontro frontale fra veicoli in marcia,Incrocio,Una carreggiata a doppio senso,Asciutto,Asfaltata,Verticale ed orizzontale,Sereno,Normale,Buona,Ore Diurne,0,0,0,3,,,False,z,VIA CASALE DANTONI,VIA CASALE DANTONI,
2622262,19,2015-12-16T07:15:00,Strada Urbana,in prossimitíæ,VIA DI TORREVECCHIA,,Investimento di pedone,Rettilineo,Una carreggiata a doppio senso,Asciutto,Asfaltata,Orizzontale,Sereno,Normale,Buona,Ore Diurne,2,0,0,0,12.41987,41.93234,False,z,del civico n.,,150
2621626,2,2015-12-16T07:25:00,Strada Urbana,in prossimitíæ,VIA DEL FORO ITALICO,,Tamponamento Multiplo,Rettilineo,Due carreggiate,Asciutto,Asfaltata,Verticale ed orizzontale,Sereno,Intenso,Buona,Ore Diurne,1,0,0,2,,,False,z,del palo luce n.,,300
2623020,1,2015-12-16T07:50:00,Strada Urbana,in corrispondenza,VIA DI S. MARCO,,Infortunio per sola frenata improvvisa,Rotatoria,Una carreggiata a senso unico di marcia,Viscido da liquidi oleosi,In cubetti di porfido,Verticale ed orizzontale,Sereno,Normale,Buona,Ore Diurne,0,0,0,1,,,False,z,del civico n.,,3
2628350,12,2015-12-16T08:00:00,Strada Urbana,da specificare,VIALE DELL'OCEANO ATLANTICO,civico 271,Scontro laterale fra veicoli in marcia,Rettilineo,Due carreggiate,Asciutto,Asfaltata,Verticale ed orizzontale,Sereno,Scarso,Buona,Ore Diurne,0,0,0,2,12.47153,41.82012,True,z,,,