_ID,_Gruppo,_DataOraIncidente,_Localizzazione1,_Localizzazione2,_Strada1,_DaSpecificare,_NaturaIncidente,_ParticolaritaStrade,_TipoStrada,_FondoStradale,_Pavimentazione,_Segnaletica,_CondizioneAtmosferica,_Traffico,_Visibilita,_Illuminazione,_NUM_FERITI,_NUM_RISERVATA,_NUM_MORTI,_NUM_ILLESI,_Longitudine,_Latitudine,_CONFERMATO,__prefix,_Strada02,_Strada2,_Chilometrica
2621475,18,2015-12-16T08:15:00,Strada Urbana,all'intersezione semaforizzata con,VIA DI TORREVECCHIA,,Tamponamento,Intersezione semaforizzata,Due carreggiate,Asciutto,Asfaltata,Verticale ed orizzontale,Sereno,Intenso,Buona,Ore Diurne,1,0,0,2,12.40761,41.91541,False,z,VIA BENEDETTO ALOISI MASELLA,VIA BENEDETTO ALOISI MASELLA,
2623296,17,2015-12-16T08:30:00,Strada Urbana,all'intersezione con,VIA TRIONFALE,,Scontro frontale-laterale DX fra veicoli in marcia,Incrocio,Una carreggiata a doppio senso,Asciutto,Asfaltata,Verticale ed orizzontale,Sereno,Intenso,Buona,Ore Diurne,0,0,0,2,12.42296,41.94088,False,z,VIA S. TOMMASO D'AQUINO,VIA S. TOMMASO D'AQUINO,
2628023,18,2015-12-16T08:50:00,Strada Urbana,in prossimitíæ,PIAZZA IRNERIO,,Scontro laterale fra veicoli in marcia,Rotatoria,Due carreggiate,Asciutto,Asfaltata,Verticale ed orizzontale,Sereno,Intenso,Buona,Ore Diurne,1,0,0,1,12.42997,41.89844,True,z,del civico n.,,53
2628099,18,2015-12-16T09:00:00,Strada Urbana,in prossimitíæ,VIA BALDO DEGLI UBALDI,,Investimento di pedone,Rettilineo,Due carreggiate,Asciutto,Asfaltata,Verticale ed orizzontale,Sereno,Intenso,Buona,Ore Diurne,1,0,0,1,12.43282,41.89877,False,z,del civico n.,,88
2622663,5,2015-12-16T09:00:00,Strada Urbana,da specificare,VIA TIBURTINA,Area parcheggio fr. civ. 433,Scontro laterale fra veicoli in marcia,Rettilineo,Due carreggiate,Asciutto,Asfaltata,Verticale ed orizzontale,Sereno,Scarso,Buona,Ore Diurne,0,0,0,2,12.54028,41.90853,True,z,,,
2623060,1,2015-12-16T09:10:00,,in prossimitíæ,VIA PRINCIPE AMEDEO,,Veicolo in marcia contro veicolo in sosta,,,,,,,,,,0,0,0,0,,,False,z,del civico n.,,331
2519195,16,2015-12-16T09:10:00,Strada Urbana,in prossimitíæ,VIA LEONE XIII,,Tamponamento,Rettilineo,Due carreggiate,Asciutto,Asfaltata,Verticale ed orizzontale,Sereno,Normale,Buona,Ore Diurne,1,0,0,1,12.44094,41.87919,False,z,del civico n.,,30
2621636,2,2015-12-16T09:30:00,Strada Urbana,in prossimitíæ,VIA LARIANA,,Tamponamento,Rettilineo,Una carreggiata a senso unico di marcia,Asciutto,Asfaltata,Orizzontale,Sereno,Scarso,Buona,Ore Diurne,0,0,0,3,12.50347,41.92274,True,z,del civico n.,,fr1a
2621526,1,2015-12-16T09:30:00,Strada Urbana,all'intersezione semaforizzata con,VIALE CASTRO PRETORIO,,Scontro laterale fra veicoli in marcia,Intersezione semaforizzata,Una carreggiata a doppio senso,Asciutto,Asfaltata,Verticale ed orizzontale,Sereno,Intenso,Buona,Ore Diurne,0,0,0,3,12.5055,41.90624,False,z,VIA SAN MARTINO DELLA BATTAGLIA,VIA SAN MARTINO DELLA BATTAGLIA,
2623062,2,2015-12-16T09:40:00,Strada Urbana,all'intersezione con,VIA LEVICO,,Veicolo in marcia contro veicolo arresto,Incrocio,Una carreggiata a senso unico di marcia,Asciutto,Asfaltata,Verticale ed orizzontale,Nuvoloso,Normale,Buona,Ore Diurne,0,0,0,3,12.50338,41.91675,True,z,VIA ARNO,VIA ARNO,
2623039,1,2015-12-16T09:50:00,Strada Urbana,da specificare,VIA MARMORATA,IN CORRISPONDENZA VIA CAIO CESTIO,Infortunio per sola frenata improvvisa,Rettilineo,Una carreggiata a doppio senso,Bagnato (pioggia),In cubetti di porfido,Verticale ed orizzontale,Sereno,Normale,Buona,Ore Diurne,0,0,0,1,,,False,z,,,
2621627,7,2015-12-16T10:05:00,Strada Urbana,in prossimitíæ,VIA DELLE ACACIE,,Veicolo in marcia contro veicolo in sosta,Rettilineo,Una carreggiata a senso unico di marcia,Asciutto,Asfaltata,Orizzontale,Nuvoloso,Normale,Buona,Ore Diurne,0,0,0,1,12.56819,41.88818,True,z,del civico n.,,78
2622222,12,2015-12-16T10:15:00,Strada Urbana,all'intersezione semaforizzata con,VIA CRISTOFORO COLOMBO,,Veicolo in marcia contro ostacolo accidentale,Intersezione semaforizzata,Due carreggiate,Asciutto,Asfaltata,Verticale ed orizzontale,Sereno,Intenso,Buona,Ore Diurne,1,0,0,0,12.46857,41.82962,False,z,VIALE AMERICA,VIALE AMERICA,
2623098,1,2015-12-16T10:30:00,Strada Urbana,da specificare,PONTE GARIBALDI,CIRCA META' PONTE,Tamponamento,Rettilineo,Pií_ di due carreggiate,Asciutto,Asfaltata,Verticale ed orizzontale,Sereno,Normale,Buona,Ore Diurne,1,0,0,2,,,False,z,,,
2621821,11,2015-12-16T10:30:00,Strada Urbana,in prossimitíæ,PIAZZA GIANCARLO VALLAURI,,Veicolo in marcia contro veicolo in sosta,Pianeggiante,Una carreggiata a doppio senso,Asciutto,Asfaltata,Verticale ed orizzontale,Sereno,Scarso,Buona,Ore Diurne,0,0,0,0,12.48274,41.86466,False,z,del palo luce n.,,7
2623282,17,2015-12-16T10:53:00,Strada Urbana,in prossimitíæ,VIA GIOVANNI VITELLESCHI,,Scontro laterale fra veicoli in marcia,Rettilineo,Una carreggiata a senso unico di marcia,Asciutto,Asfaltata,Verticale ed orizzontale,Nuvoloso,Normale,Buona,Ore Diurne,0,0,0,2,12.46115,41.90496,False,z,del civico n.,,50
2622699,13,2015-12-16T10:55:00,Strada Urbana,in prossimitíæ,VIA PIETRO CASTRUCCI,,Tamponamento,Rettilineo,Una carreggiata a doppio senso,Asciutto,Asfaltata,Orizzontale,Sereno,Normale,Buona,Ore Diurne,1,0,0,2,12.36465,41.74239,False,z,del civico n.,,110
2623275,17,2015-12-16T11:15:00,Strada Urbana,da specificare,LARGO DON GIUSEPPE MOROSINI,fronte civico 22,Scontro frontale-laterale SX fra veicoli in marcia,Rotatoria,Una carreggiata a senso unico di marcia,Asciutto,Asfaltata,Verticale ed orizzontale,Nebbia,Normale,Buona,Ore Diurne,1,0,0,1,,,False,z,,,
2624507,20,2015-12-16T11:30:00,Strada Urbana,da specificare,PIAZZALE DELLO STADIO OLIMPICO,in prox. p.le dello stadio olimpico,Scontro frontale-laterale SX fra veicoli in marcia,Curva senza visuale libera,Una carreggiata a senso unico di marcia,Asciutto,Asfaltata,Orizzontale,Sereno,Normale,Buona,Ore Diurne,0,0,0,3,,,False,z,,,
2622765,13,2015-12-16T11:30:00,Strada Urbana,all'intersezione con,VIA OSTIENSE,,Veicolo in marcia contro ostacolo fisso,Intersezione semaforizzata,Una carreggiata a doppio senso,Asciutto,Asfaltata,Verticale ed orizzontale,Sereno,Normale,Buona,Ore Diurne,0,0,0,1,12.30415,41.75926,False,z,VIA DI CASTEL FUSANO,VIA DI CASTEL FUSANO,
2622824,13,2015-12-16T11:32:00,Strada Urbana,all'intersezione con,VIA OSTIENSE,,Veicolo in marcia contro ostacolo fisso,Intersezione semaforizzata,Una carreggiata a doppio senso,Asciutto,Asfaltata,Verticale ed orizzontale,Sereno,Normale,Buona,Ore Diurne,0,0,0,2,12.30412,41.75932,False,z,VIA DI CASTEL FUSANO,VIA DI CASTEL FUSANO,
2623946,12,2015-12-16T11:40:00,Strada Urbana,da specificare,VIALE DELL'INDUSTRIA,pros. via G. Marconi dir. Roma centro,Scontro laterale fra veicoli in marcia,Rettilineo,Una carreggiata a senso unico di marcia,Asciutto,Asfaltata,Verticale ed orizzontale,Sereno,Normale,Buona,Ore Diurne,0,0,0,3,12.47535,41.84108,True,z,,,
2622705,19,2015-12-16T12:00:00,Strada Urbana,in prossimitíæ,VIA DEL FORTE TRIONFALE,,Scontro laterale fra veicoli in marcia,Rettilineo,Una carreggiata a doppio senso,Asciutto,Asfaltata,Assente,Sereno,Normale,Buona,Ore Diurne,1,0,0,1,12.4322,41.93785,False,z,del civico n.,,3
2609655,15,2015-12-16T12:00:00,,da specificare,VIA DELLE VIGNE,PROSSIMITA' VIA MONTE DELLE PICHE,Infortunio per sola frenata improvvisa,,,,,,,,,,1,0,0,0,12.46518,41.86745,False,z,,,
2621941,8,2015-12-16T12:00:00,Statale,da specificare,VIA CASILINA,ALTEZZA VIA CARLO SANTARELLI,Tamponamento Multiplo,Rettilineo,Una carreggiata a doppio senso,Asciutto,Asfaltata,Verticale ed orizzontale,Sereno,Intenso,Buona,Ore Diurne,0,0,0,3,12.60933,41.86405,True,z,,,
2623037,16,2015-12-16T12:10:00,Strada Urbana,in corrispondenza,VIA PORTUENSE,,Scontro laterale fra veicoli in marcia,Rettilineo,Una carreggiata a doppio senso,Asciutto,Asfaltata,Verticale ed orizzontale,Sereno,Normale,Buona,Ore Diurne,0,0,0,2,12.4659,41.87152,False,z,del civico n.,,96-D
2622785,18,2015-12-16T12:20:00,,in corrispondenza,VIA MATTIA BATTISTINI,,Tamponamento,,,,,,,,,,1,0,0,1,,,False,z,del civico n.,,11D
2622726,19,2015-12-16T12:20:00,Strada Urbana,all'intersezione con,VIA DI TORREVECCHIA,,Investimento di pedone,Incrocio,Una carreggiata a doppio senso,Asciutto,Asfaltata,Orizzontale,Sereno,Normale,Buona,Ore Diurne,1,0,0,1,12.41994,41.93226,False,z,VIA VALLEBONA,VIA VALLEBONA,
2627724,12,2015-12-16T12:40:00,Strada Urbana,in prossimitíæ,VIA DI PORTA MEDAGLIA,,Scontro laterale fra veicoli in marcia,Rettilineo,Una carreggiata a doppio senso,Asciutto,Asfaltata,Verticale,Sereno,Normale,Buona,Ore Diurne,0,0,0,3,12.52604,41.75984,False,z,del civico n.,,131
2621860,11,2015-12-16T12:40:00,Strada Urbana,da specificare,VIA LAURENTINA,prossimitíæ svincolo Via delle Tre Fontane,Veicolo in marcia contro ostacolo fisso,Rettilineo,Due carreggiate,Asciutto,Asfaltata,Verticale ed orizzontale,Sereno,Normale,Buona,Ore Diurne,0,0,0,1,12.47927,41.82458,True,z,,,
2621854,10,2015-12-16T12:50:00,Strada Urbana,all'intersezione con,VIA NIOBE,,Scontro frontale-laterale SX fra veicoli in marcia,Intersezione stradale segnalata,Una carreggiata a senso unico di marcia,Asciutto,Asfaltata,Verticale ed orizzontale,Sereno,Scarso,Buona,Ore Diurne,1,0,0,5,,,False,z,VIA MORANO CALABRO,VIA MORANO CALABRO,
2622645,4,2015-12-16T12:55:00,Strada Urbana,all'intersezione con,LARGO VALSABBIA,,Scontro laterale fra veicoli in marcia,Incrocio,Una carreggiata a senso unico di marcia,Asciutto,Asfaltata,Verticale,Sereno,Normale,Buona,Ore Diurne,0,0,0,3,12.51706,41.94348,False,z,VIA VAL MAGGIA,VIA VAL MAGGIA,
2623025,4,2015-12-16T13:05:00,Strada Urbana,da specificare,VIA VIRGILIO TALLI,fronte civico 157,Scontro laterale fra veicoli in marcia,Rettilineo,Una carreggiata a doppio senso,Asciutto,Asfaltata,Orizzontale,Sereno,Normale,Buona,Ore Diurne,0,0,0,2,12.51872,41.96482,False,z,,,
2623000,16,2015-12-16T13:30:00,Strada Urbana,in prossimitíæ,VIALE DEI COLLI PORTUENSI,,Tamponamento Multiplo,Rettilineo,Due carreggiate,Asciutto,Asfaltata,Verticale ed orizzontale,Sereno,Normale,Buona,Ore Diurne,0,0,0,3,12.44289,41.87019,True,z,del civico n.,,162
2623118,2,2015-12-16T13:40:00,Strada Urbana,in corrispondenza,VIA PIETRO MASCAGNI,,Scontro laterale fra veicoli in marcia,Curva a visuale libera,Una carreggiata a doppio senso,Asciutto,Asfaltata,Assente,Sereno,Normale,Buona,Ore Diurne,0,0,0,2,12.51967,41.93438,True,z,del civico n.,,202
2628453,12,2015-12-16T13:45:00,Strada Urbana,da specificare,VIA MARGARET MEAD,altezza via A. Zanetta,Scontro frontale-laterale SX fra veicoli in marcia,Rettilineo,Una carreggiata a doppio senso,Asciutto,Asfaltata,Verticale ed orizzontale,Sereno,Normale,Buona,Ore Diurne,0,0,0,2,12.50862,41.81446,True,z,,,
2622849,7,2015-12-16T13:50:00,Strada Urbana,all'intersezione con,VIALE PALMIRO TOGLIATTI,,Veicolo in marcia contro ostacolo fisso,Incrocio,Due carreggiate,Asciutto,Asfaltata,Verticale ed orizzontale,Sereno,Normale,Buona,Ore Diurne,1,0,0,0,12.57339,41.88769,True,z,VIA DEI PAMPINI,VIA DEI PAMPINI,
2623137,17,2015-12-16T14:00:00,Strada Urbana,da specificare,LUNGOTEVERE PRATI,fronte civ. 6,Veicolo in marcia contro veicolo in sosta,Curva a visuale libera,Una carreggiata a senso unico di marcia,Asciutto,Asfaltata,Verticale ed orizzontale,Sereno,Normale,Buona,Ore Diurne,2,0,0,0,12.47323,41.90726,False,z,,,
2627935,18,2015-12-16T14:00:00,Strada Urbana,in prossimitíæ,VIA AURELIA,,Scontro laterale fra veicoli in marcia,Pendenza,Una carreggiata a doppio senso,Asciutto,Asfaltata,Verticale ed orizzontale,Sereno,Scarso,Buona,Ore Diurne,1,0,0,2,12.44355,41.8992,False,z,del civico n.,,224
2624858,1,2015-12-16T14:00:00,Strada Urbana,in prossimitíæ,VIA PIEMONTE,,Veicolo in marcia contro veicolo fermo,Rettilineo,Una carreggiata a senso unico di marcia,Asciutto,Asfaltata,Verticale ed orizzontale,Sereno,Normale,Buona,Ore Diurne,1,0,0,2,,,False,z,del civico n.,,75
2622981,16,2015-12-16T14:30:00,Strada Urbana,in corrispondenza,VIA DI DONNA OLIMPIA,,Tamponamento,Rettilineo,Una carreggiata a doppio senso,Asciutto,Asfaltata,Orizzontale,Sereno,Normale,Buona,Ore Diurne,0,0,0,2,12.45284,41.87748,True,z,del civico n.,,43
2622120,10,2015-12-16T14:45:00,Statale,in corrispondenza,VIA APPIA NUOVA,,Tamponamento Multiplo,Rettilineo,Pií_ di due carreggiate,Asciutto,Asfaltata,Verticale ed orizzontale,Sereno,Normale,Buona,Ore Diurne,1,0,0,3,,,False,z,della chilometrica,,16.75
2625042,1,2015-12-16T15:00:00,Strada Urbana,all'intersezione con,LUNGOTEVERE DEI PIERLEONI,,Veicolo in marcia contro ostacolo accidentale,Incrocio,Una carreggiata a senso unico di marcia,Asciutto,Asfaltata,Verticale ed orizzontale,Sereno,Normale,Buona,Ore Diurne,0,0,0,1,,,False,z,VIA DEL FORO OLITORIO,VIA DEL FORO OLITORIO,
2624961,1,2015-12-16T15:10:00,Strada Urbana,in prossimitíæ,VIA MERULANA,,Investimento di pedone,Rettilineo,Una carreggiata a doppio senso,Asciutto,Asfaltata,Verticale ed orizzontale,Sereno,Normale,Buona,Ore Diurne,1,0,0,1,12.50014,41.89524,False,z,del civico n.,,FC239
2623063,4,2015-12-16T15:15:00,Strada Urbana,all'intersezione con,VIA GIACOMO ZANELLA,,Scontro frontale-laterale SX fra veicoli in marcia,Intersezione stradale segnalata,Una carreggiata a senso unico di marcia,Asciutto,Asfaltata,Verticale ed orizzontale,Sereno,Scarso,Buona,Ore Diurne,0,0,0,2,12.56139,41.94726,False,z,VIA ADA NEGRI,VIA ADA NEGRI,
2622054,20,2015-12-16T15:30:00,Strada Urbana,all'intersezione semaforizzata con,VIALE ANTONINO DI SAN GIULIANO,,Scontro laterale fra veicoli in marcia,Intersezione semaforizzata,Due carreggiate,Asciutto,Asfaltata,Verticale ed orizzontale,Sereno,Normale,Buona,Ore Diurne,0,0,0,3,,,False,z,PIAZZALE DELLA FARNESINA,PIAZZALE DELLA FARNESINA,
2622057,9,2015-12-16T15:30:00,Strada Urbana,in prossimitíæ,VIA MAGNAGRECIA,,Scontro frontale-laterale SX fra veicoli in marcia,Rettilineo,Una carreggiata a doppio senso,Asciutto,Asfaltata,Verticale ed orizzontale,Sereno,Intenso,Buona,Ore Diurne,1,0,0,1,12.50957,41.88508,False,z,del civico n.,,7
2622916,13,2015-12-16T16:00:00,Strada Urbana,all'intersezione con,VIA BRENTONICO,,Scontro frontale-laterale DX fra veicoli in marcia,Incrocio,Una carreggiata a doppio senso,Asciutto,Asfaltata,Assente,Sereno,Normale,Insufficiente,Ore Diurne,2,0,0,1,12.38073,41.72981,False,z,VIA VALFLORIANA,VIA VALFLORIANA,
2628090,18,2015-12-16T16:09:00,Strada Urbana,in corrispondenza,VIA VINCENZO SARTORI,,Veicolo in marcia contro veicolo in sosta,Curva a visuale libera,Una carreggiata a senso unico di marcia,Asciutto,Asfaltata,Verticale,Sereno,Scarso,Buona,Ore Diurne,0,0,0,2,12.39345,41.90451,True,z,del civico n.,,15
2622147,6,2015-12-16T16:30:00,Strada Urbana,all'intersezione con,VIA PRENESTINA,,Scontro frontale-laterale DX fra veicoli in marcia,Intersezione stradale segnalata,Una carreggiata a senso unico di marcia,Asciutto,Asfaltata,Verticale ed orizzontale,Sereno,Normale,Buona,Ore Diurne,1,0,0,1,12.55763,41.89429,True,z,VIA SABAUDIA,VIA SABAUDIA,
2622282,11,2015-12-16T16:30:00,Strada Urbana,all'intersezione con,VIA ARDEATINA,,Scontro frontale-laterale DX fra veicoli in marcia,Incrocio,Una carreggiata a doppio senso,Asciutto,Asfaltata,Verticale ed orizzontale,Sereno,Intenso,Buona,Ore Diurne,1,0,0,1,12.51795,41.83942,False,z,VIA DELLA FOTOGRAFIA,VIA DELLA FOTOGRAFIA,
2624504,12,2015-12-16T16:35:00,Strada Urbana,da specificare,VIA CRISTOFORO COLOMBO,CARREGGIATA CENTRALE ALTEZZA P.LE DELL'AGRICOLTURA,Scontro frontale-laterale SX fra veicoli in marcia,Rettilineo,Pií_ di due carreggiate,Asciutto,Asfaltata,Verticale ed orizzontale,Sereno,Intenso,Buona,Sufficiente,1,0,0,3,,,False,z,,,
2624241,3,2015-12-16T16:45:00,Strada Urbana,all'intersezione semaforizzata con,VIA NOMENTANA,,Scontro laterale fra veicoli in marcia,Intersezione semaforizzata,Pií_ di due carreggiate,Asciutto,Asfaltata,Verticale ed orizzontale,Sereno,Normale,Sufficiente,Sufficiente,0,0,0,2,12.50841,41.91433,False,z,CORSO TRIESTE,CORSO TRIESTE,
2622255,20,2015-12-16T17:10:00,Regionale entro l'abitato,in prossimitíæ,VIA FLAMINIA,,Veicolo in marcia contro veicoli in sosta,Curva a visuale libera,Una carreggiata a doppio senso,Asciutto,Asfaltata,Verticale,Sereno,Scarso,Sufficiente,Sufficiente,0,0,0,3,,,False,z,del civico n.,,499
2622837,20,2015-12-16T17:15:00,Strada Urbana,in prossimitíæ,VIA CASSIA,,Scontro laterale fra veicoli in marcia,Rettilineo,Una carreggiata a doppio senso,Asciutto,Asfaltata,Orizzontale,,Normale,Buona,Sufficiente,1,0,0,1,,,False,z,del civico n.,,548
2622706,8,2015-12-16T17:40:00,Statale entro l'abitato,da specificare,VIA CASILINA,VIA SERRADIFALCO,Scontro frontale-laterale SX fra veicoli in marcia,Rettilineo,Una carreggiata a doppio senso,Asciutto,Asfaltata,Verticale ed orizzontale,Sereno,Intenso,Sufficiente,Sufficiente,0,0,0,3,12.69144,41.86368,True,z,,,
2624196,19,2015-12-16T17:50:00,Strada Urbana,all'intersezione con,VIA DI CASAL DEL MARMO,,Scontro frontale-laterale SX fra veicoli in marcia,Incrocio,Una carreggiata a doppio senso,Asciutto,Asfaltata,Verticale ed orizzontale,Sereno,Intenso,Buona,Sufficiente,1,0,0,1,,,False,z,VIA ALFONSO MIOLA,VIA ALFONSO MIOLA,
2622676,5,2015-12-16T18:00:00,,da specificare,VIA DI MARCO SIMONE,prossimitíæ Centrale ITALGAS,Scontro frontale fra veicoli in marcia,,,,,,,,,,1,0,0,0,,,False,z,,,
2622694,15,2015-12-16T18:15:00,,all'intersezione con,VIA DEL TRULLO,,Scontro frontale-laterale SX fra veicoli in marcia,,,,,,,,,,1,0,0,1,,,False,z,VIA DEL TEMPIO DEGLI ARVALI,VIA DEL TEMPIO DEGLI ARVALI,
2624252,3,2015-12-16T18:15:00,,all'intersezione con,VIA DEI RAMNI,,Investimento di pedone,,,,,,,,,,1,0,0,1,,,False,z,VIA DEI LIBURNI,VIA DEI LIBURNI,
2623211,23,2015-12-16T18:30:00,,all'intersezione semaforizzata con,VIA NAPOLEONE III,,Investimento di pedone,,,,,,,,,,0,0,0,2,,,False,z,VIA RATTAZZI,VIA RATTAZZI,
2622691,11,2015-12-16T18:30:00,Strada Urbana,da specificare,VIALE PICO DELLA MIRANDOLA,altezza mercato,Investimento di pedone,Rettilineo,Due carreggiate,Asciutto,Asfaltata,Verticale ed orizzontale,Sereno,Scarso,Insufficiente,Insufficiente,1,0,0,2,12.4859,41.84626,False,z,,,
2622711,10,2015-12-16T18:30:00,,in corrispondenza,PIAZZA DI CINECITTA',,Scontro laterale fra veicoli in marcia,,,,,,,,,,0,0,0,3,,,False,z,del civico n.,,11
2622692,7,2015-12-16T18:30:00,Strada Urbana,in prossimitíæ,VIA DEI GELSI,,Veicolo in marcia contro veicolo in sosta,Rettilineo,Una carreggiata a doppio senso,Asciutto,Asfaltata,Verticale,Sereno,Normale,Buona,Sufficiente,1,0,0,3,12.56569,41.88861,False,z,del civico n.,,37
2625022,1,2015-12-16T18:35:00,Strada Urbana,da specificare,VIA ELENIANA,DIREZIONE PIAZZALE LABICANO,Scontro laterale fra veicoli in marcia,Rettilineo,Due carreggiate,Asciutto,Asfaltata,Verticale ed orizzontale,Sereno,Intenso,Buona,Sufficiente,0,0,0,2,12.51507,41.89065,False,z,,,
2622366,11,2015-12-16T18:45:00,Strada Urbana,all'intersezione con,VIA ARDEATINA,,Scontro frontale-laterale DX fra veicoli in marcia,Incrocio,Una carreggiata a doppio senso,Asciutto,Asfaltata,Verticale ed orizzontale,Sereno,Intenso,Buona,Sufficiente,1,0,0,1,,,False,z,VIA GIULIO ARISTIDE SARTORIO,VIA GIULIO ARISTIDE SARTORIO,
2622756,19,2015-12-16T19:15:00,Strada Urbana,in corrispondenza,VIA TRIONFALE,,Scontro laterale fra veicoli in marcia,Curva a visuale libera,Una carreggiata a senso unico di marcia,Asciutto,Asfaltata,Orizzontale,Sereno,Intenso,Buona,Sufficiente,0,0,0,2,12.43158,41.93581,True,z,del civico n.,,8062
2622680,9,2015-12-16T19:30:00,,in prossimitíæ,VIA SERMONETA,,Scontro laterale fra veicoli in marcia,,,,,,,,,,1,0,0,1,,,False,z,del civico n.,,64
2622618,6,2015-12-16T19:45:00,Strada Urbana,da specificare,VIA TOR DE' SCHIAVI,f.c. 271,Veicolo in marcia contro veicolo in sosta,Rettilineo,Una carreggiata a senso unico di marcia,Asciutto,Asfaltata,Assente,Sereno,Scarso,Buona,Sufficiente,0,0,0,0,12.56079,41.8898,False,z,,,
2624988,1,2015-12-16T20:10:00,Strada Urbana,in prossimitíæ,VIALE DELLE TERME DI CARACALLA,,Infortunio per caduta del veicolo,Rettilineo,Pií_ di due carreggiate,Asciutto,Asfaltata,Orizzontale,Sereno,Normale,Sufficiente,Sufficiente,0,0,0,1,,,False,z,del palo luce n.,,96
2623088,17,2015-12-16T20:20:00,Strada Urbana,all'intersezione semaforizzata con,VIA DELLA GIULIANA,,Scontro frontale-laterale SX fra veicoli in marcia,Incrocio,Una carreggiata a doppio senso,Asciutto,Asfaltata,Verticale ed orizzontale,Sereno,Scarso,Buona,Sufficiente,0,0,0,2,12.45474,41.91137,False,z,VIA GIOVANNI BETTOLO,VIA GIOVANNI BETTOLO,
2622446,10,2015-12-16T21:00:00,Strada Urbana,in corrispondenza,VIA DEI FULVI,,Scontro frontale-laterale SX fra veicoli in marcia,Rettilineo,Una carreggiata a senso unico di marcia,Asciutto,Asfaltata,Assente,Sereno,Normale,Buona,Sufficiente,1,0,0,1,12.54797,41.86364,True,z,del civico n.,,11
2623426,16,2015-12-16T21:10:00,,in prossimitíæ,VIA PORTUENSE,,Scontro frontale-laterale DX fra veicoli in marcia,,,,,,,,,,1,0,0,4,,,False,z,del civico n.,,395
2622862,7,2015-12-16T21:10:00,,in prossimitíæ,VIA TIBURTINA,,Scontro frontale-laterale SX fra veicoli in marcia,,,,,,,,,,1,0,0,1,,,False,z,del civico n.,,431
2622846,13,2015-12-16T21:50:00,Strada Urbana,all'intersezione semaforizzata con,VIALE VASCO DE GAMA,,Scontro frontale-laterale SX fra veicoli in marcia,Incrocio,Due carreggiate,Asciutto,Asfaltata,Verticale ed orizzontale,Sereno,Normale,Buona,Sufficiente,6,0,0,0,12.274,41.73493,False,z,VIALE CARDINAL GINNASI,VIALE CARDINAL GINNASI,
2629288,18,2015-12-16T22:40:00,Strada Urbana,da specificare,VIA LEONE XIII,in prossimitíæ Piazzetta del Bel Respiro,Scontro laterale fra veicoli in marcia,Rettilineo,Due carreggiate,Asciutto,Asfaltata,Verticale ed orizzontale,Sereno,Normale,Sufficiente,Sufficiente,0,0,0,3,12.44102,41.88034,False,z,,,
2622848,4,2015-12-16T23:30:00,,in prossimitíæ,VIA BRACCIANENSE,,Veicolo in marcia contro ostacolo fisso,,,,,,,,,,0,0,1,0,12.37291,42.01025,False,z,della chilometrica,,10.336
2624904,1,2015-12-17T00:20:00,Strada Urbana,all'intersezione con,VIA PRINCIPESSA CLOTILDE,,Scontro laterale fra veicoli in marcia,Incrocio,Una carreggiata a doppio senso,Asciutto,Lastricata,Verticale ed orizzontale,Sereno,Scarso,Buona,Sufficiente,0,0,0,3,,,False,z,VIA FERDINANDO DI SAVOIA,VIA FERDINANDO DI SAVOIA,
2629725,12,2015-12-17T00:25:00,Statale,da specificare,VIA DEL MARE,ALTEZZA INGRESSO VILLAGGIO S. FRANCESCO DIR. ROMA,Veicolo in marcia contro ostacolo fisso,Rettilineo,Una carreggiata a doppio senso,Asciutto,Asfaltata,Verticale ed orizzontale,Sereno,Scarso,Buona,Sufficiente,1,0,0,0,,,False,z,,,
2628700,17,2015-12-17T00:30:00,Strada Urbana,all'intersezione con,VIALE DELLE MILIZIE,,Scontro frontale-laterale DX fra veicoli in marcia,Intersezione semaforizzata,Pií_ di due carreggiate,Asciutto,Asfaltata,Verticale ed orizzontale,Sereno,Scarso,Buona,Sufficiente,2,0,0,2,12.4653,41.91282,False,z,VIA LEPANTO,VIA LEPANTO,
2622802,19,2015-12-17T01:00:00,Statale,in corrispondenza,VIA FLAMINIA NUOVA,,Veicolo in marcia contro ostacolo fisso,Curva a visuale libera,Una carreggiata a senso unico di marcia,Asciutto,Asfaltata,Verticale ed orizzontale,Sereno,Scarso,Buona,Sufficiente,0,0,0,0,12.4872,41.96095,True,z,della chilometrica,,14.4
2622704,15,2015-12-17T01:05:00,,all'intersezione semaforizzata con,CIRCONVALLAZIONE GIANICOLENSE,,Scontro frontale-laterale SX fra veicoli in marcia,,,,,,,,,,1,0,0,2,12.44956,41.87247,False,z,VIA BERNARDINO RAMAZZINI,VIA BERNARDINO RAMAZZINI,
2623560,12,2015-12-17T02:00:00,Strada Urbana,in prossimitíæ,VIALE DI VAL FIORITA,,Veicolo in marcia contro veicoli in sosta,Curva a visuale libera,Una carreggiata a doppio senso,Asciutto,Asfaltata,Verticale ed orizzontale,Sereno,Scarso,Buona,Sufficiente,0,0,0,1,12.46458,41.83965,False,z,del palo luce n.,,14-15-16