_ID,_Gruppo,_DataOraIncidente,_Localizzazione1,_Localizzazione2,_Strada1,_DaSpecificare,_NaturaIncidente,_ParticolaritaStrade,_TipoStrada,_FondoStradale,_Pavimentazione,_Segnaletica,_CondizioneAtmosferica,_Traffico,_Visibilita,_Illuminazione,_NUM_FERITI,_NUM_RISERVATA,_NUM_MORTI,_NUM_ILLESI,_Longitudine,_Latitudine,_CONFERMATO,__prefix,_Strada02,_Strada2,_Chilometrica
2624203,8,2015-12-17T07:00:00,Strada Urbana,all'intersezione con,VIA CASILINA,,Scontro frontale-laterale DX fra veicoli in marcia,Incrocio,Una carreggiata a doppio senso,Asciutto,Asfaltata,Verticale ed orizzontale,Sereno,Normale,Buona,Ore Diurne,0,0,0,2,12.61627,41.86302,True,z,VIA ANTONIO INGEGNOLI,VIA ANTONIO INGEGNOLI,
2624947,1,2015-12-17T07:25:00,Strada Urbana,da specificare,PIAZZA VENEZIA,ALTEZZA PIAZZA S. MARCO,Veicolo in marcia contro ostacolo accidentale,Curva a visuale libera,Una carreggiata a doppio senso,Viscido da liquidi oleosi,In cubetti di porfido,Verticale,Sereno,Scarso,Buona,Ore Diurne,0,0,0,1,12.48222,41.89553,False,z,,,
2623257,2,2015-12-17T07:30:00,,da specificare,SOTTOVIA IGNAZIO GUIDI,dir. Muro Torto alt. uscita c.so D'Italia-via Po,Scontro laterale fra veicoli in marcia,,,,,,,,,,2,0,0,0,,,False,z,,,
2625541,1,2015-12-17T07:45:00,Strada Urbana,in corrispondenza,LUNGOTEVERE DE' CENCI,,Veicolo in marcia contro ostacolo accidentale,Rettilineo,Una carreggiata a senso unico di marcia,Viscido da liquidi oleosi,Asfaltata,Verticale ed orizzontale,Sereno,Normale,Buona,Ore Diurne,0,0,0,1,,,False,z,del civico n.,,4
2622823,10,2015-12-17T08:00:00,Strada Urbana,in corrispondenza,VIA TUSCOLANA,,Tamponamento,Rettilineo,Una carreggiata a senso unico di marcia,Asciutto,Asfaltata,Orizzontale,Sereno,Normale,Buona,Ore Diurne,0,0,0,2,12.55859,41.85878,True,z,del civico n.,,1062-A
2625561,1,2015-12-17T08:00:00,Strada Urbana,in corrispondenza,VIA DELL'AMBA ARADAM,,Scontro frontale-laterale SX fra veicoli in marcia,Rettilineo,Una carreggiata a doppio senso,Asciutto,Asfaltata,Verticale ed orizzontale,Sereno,Normale,Buona,Ore Diurne,1,0,0,1,,,False,z,del civico n.,,31 A
2624212,8,2015-12-17T08:05:00,Strada Urbana,in corrispondenza,VIALE S. RITA DA CASCIA,,Veicolo in marcia contro veicoli in sosta,Rettilineo,Una carreggiata a doppio senso,Asciutto,Asfaltata,Orizzontale,Sereno,Intenso,Buona,Ore Diurne,0,0,0,5,12.64451,41.86899,False,z,del civico n.,,40
2624450,12,2015-12-17T08:15:00,Strada Urbana,all'intersezione con,VIALE DELL'OCEANO INDIANO,,Tamponamento,Intersezione semaforizzata,Due carreggiate,Asciutto,Asfaltata,Verticale ed orizzontale,Sereno,Normale,Buona,Ore Diurne,0,0,0,2,12.4486,41.82464,True,z,VIA DI DECIMA,VIA DI DECIMA,
2622855,9,2015-12-17T08:20:00,Strada Urbana,all'intersezione semaforizzata con,CIRCONVALLAZIONE APPIA,,Scontro laterale fra veicoli in marcia,Incrocio,Una carreggiata a doppio senso,Asciutto,Asfaltata,Verticale ed orizzontale,Sereno,Intenso,Buona,Ore Diurne,0,0,0,3,,,False,z,VIA SIRIA,VIA SIRIA,
2624220,8,2015-12-17T08:40:00,Statale entro l'abitato,all'intersezione con,VIA CASILINA,,Scontro laterale fra veicoli in marcia,Incrocio,Una carreggiata a doppio senso,Asciutto,Asfaltata,Verticale ed orizzontale,Sereno,Normale,Buona,Ore Diurne,3,0,0,2,12.66121,41.86438,False,z,VIA SICULIANA,VIA SICULIANA,
2622845,6,2015-12-17T08:40:00,Strada Urbana,all'intersezione semaforizzata con,CIRCONVALLAZIONE CASILINA,,Investimento di pedone,Intersezione semaforizzata,Una carreggiata a senso unico di marcia,Asciutto,Asfaltata,Verticale ed orizzontale,Sereno,Normale,Buona,Ore Diurne,1,0,0,1,12.52734,41.89106,True,z,PIAZZALE PRENESTINO,PIAZZALE PRENESTINO,
2624093,11,2015-12-17T08:40:00,Strada Urbana,in corrispondenza,VIALE GIUSTINIANO IMPERATORE,,Scontro frontale-laterale SX fra veicoli in marcia,Rettilineo,Due carreggiate,Asciutto,Asfaltata,Orizzontale,Sereno,Scarso,Buona,Ore Diurne,0,0,0,2,12.48728,41.85485,True,z,del civico n.,,262
2624224,8,2015-12-17T08:45:00,Strada Urbana,all'intersezione con,VIA PARTANNA,,Scontro frontale-laterale DX fra veicoli in marcia,Incrocio,Una carreggiata a doppio senso,Asciutto,Asfaltata,Verticale,Sereno,Normale,Buona,Ore Diurne,2,0,0,1,12.65451,41.86715,False,z,VIA SCICLI,VIA SCICLI,
2624226,8,2015-12-17T09:25:00,,in corrispondenza,VIA CASILINA,,Scontro frontale-laterale SX fra veicoli in marcia,,,,,,,,,,2,0,0,1,,,False,z,del civico n.,,1090
2624350,4,2015-12-17T09:40:00,,in prossimitíæ,VIA DI S. MARIA DELLA SPERANZA,,Veicolo in marcia contro veicolo in sosta,,,,,,,,,,0,0,0,1,12.52128,41.95816,False,z,del civico n.,,3
2624189,13,2015-12-17T09:45:00,,in corrispondenza,VIA CAPO PASSERO,,Scontro laterale fra veicoli in marcia,,,,,,,,,,0,0,0,0,,,False,z,del civico n.,,4
2623797,15,2015-12-17T09:45:00,,in prossimitíæ,VIA FRANCESCO GRIMALDI,,Tamponamento,,,,,,,,,,2,0,0,1,12.46797,41.86452,False,z,del civico n.,,23
2624228,8,2015-12-17T09:45:00,Statale entro l'abitato,all'intersezione con,VIA CASILINA,,Scontro frontale-laterale SX fra veicoli in marcia,Intersezione stradale segnalata,Una carreggiata a doppio senso,Asciutto,Asfaltata,Verticale ed orizzontale,Sereno,Intenso,Buona,Ore Diurne,1,0,0,2,12.68684,41.86266,False,z,VIA DI FONTANA CANDIDA,VIA DI FONTANA CANDIDA,
2623051,20,2015-12-17T09:55:00,Regionale entro l'abitato,in corrispondenza,VIA CASSIA,,Scontro frontale-laterale DX fra veicoli in marcia,Rettilineo,Una carreggiata a doppio senso,Asciutto,Asfaltata,Verticale ed orizzontale,Sereno,Intenso,Buona,Ore Diurne,0,0,0,3,,,False,z,del civico n.,,1776
2623080,9,2015-12-17T10:10:00,Strada Urbana,all'intersezione con,VIA APPIA NUOVA,,Scontro frontale-laterale DX fra veicoli in marcia,Incrocio,Due carreggiate,Asciutto,Asfaltata,Verticale ed orizzontale,Sereno,Normale,Buona,Ore Diurne,0,0,0,3,,,False,z,VIA ALBA,VIA ALBA,
2629926,18,2015-12-17T10:30:00,Strada Urbana,in corrispondenza,VIA GREGORIO VII,,Scontro laterale fra veicoli in marcia,Rettilineo,Pií_ di due carreggiate,Asciutto,Asfaltata,Verticale ed orizzontale,Sereno,Normale,Buona,Ore Diurne,0,0,0,1,12.44557,41.89581,False,z,del civico n.,,138
2624558,2,2015-12-17T10:30:00,Strada Urbana,in corrispondenza,VIA TICINO,,Tamponamento,Rettilineo,Una carreggiata a senso unico di marcia,Asciutto,Asfaltata,Verticale ed orizzontale,Sereno,Normale,Buona,Ore Diurne,0,0,0,4,12.50468,41.91744,True,z,del civico n.,,14
2628371,12,2015-12-17T10:35:00,Strada Urbana,in prossimitíæ,VIA LAURENTINA,,Tamponamento Multiplo,Rettilineo,Due carreggiate,Asciutto,Asfaltata,Verticale ed orizzontale,Sereno,Normale,Buona,Ore Diurne,0,0,0,5,12.47945,41.82373,True,z,del civico n.,,555-553
2623802,15,2015-12-17T10:40:00,,all'intersezione con,VIA PORTUENSE,,Scontro laterale fra veicoli in marcia,,,,,,,,,,0,0,0,3,12.40939,41.84342,False,z,VIA DI VIGNA JACOBINI,VIA DI VIGNA JACOBINI,
2623096,11,2015-12-17T11:00:00,Strada Urbana,da specificare,VIALE PICO DELLA MIRANDOLA,fronte VIA B. TECCHI,Scontro frontale-laterale DX fra veicoli in marcia,Rettilineo,Due carreggiate,Asciutto,Asfaltata,Verticale ed orizzontale,Sereno,Normale,Buona,Ore Diurne,0,0,0,3,12.48559,41.84576,True,z,,,
2623190,9,2015-12-17T11:10:00,Strada Urbana,in prossimitíæ,VIA APPIA NUOVA,,Ribaltamento senza urto contro ostacolo fisso,Curva a visuale libera,Due carreggiate,Asciutto,Asfaltata,Orizzontale,Sereno,Scarso,Buona,Ore Diurne,2,0,0,0,,,False,z,del palo luce n.,,752
2624230,8,2015-12-17T11:20:00,Statale entro l'abitato,da specificare,VIA CASILINA,fronte civico 1072,Veicolo in marcia contro ostacolo accidentale,Pendenza,Due carreggiate,Asciutto,Asfaltata,Orizzontale,Sereno,Normale,Buona,Ore Diurne,0,0,0,1,12.60933,41.86405,True,z,,,
2624256,3,2015-12-17T11:32:00,,in corrispondenza,VIALE REGINA MARGHERITA,,Scontro laterale fra veicoli in marcia,,,,,,,,,,3,0,0,1,,,False,z,del civico n.,,255
2624422,20,2015-12-17T11:45:00,Strada Urbana,in corrispondenza,VIA CODEVIGO,,Veicolo in marcia contro ostacolo fisso,Curva a visuale libera,Una carreggiata a doppio senso,Asciutto,Asfaltata,Assente,Sereno,Normale,Buona,Ore Diurne,0,0,0,1,,,False,z,del civico n.,,15
2624231,8,2015-12-17T11:45:00,Strada Urbana,in prossimitíæ,VIA COLLATINA,,Scontro frontale fra veicoli in marcia,Rettilineo,Una carreggiata a doppio senso,Asciutto,Asfaltata,Orizzontale,Sereno,Intenso,Buona,Ore Diurne,2,0,0,3,,,False,z,del palo luce n.,,613
2624407,7,2015-12-17T12:00:00,Strada Urbana,all'intersezione con,VIA COLLATINA,,Scontro frontale-laterale DX fra veicoli in marcia,Incrocio,Una carreggiata a doppio senso,Asciutto,Asfaltata,Verticale ed orizzontale,Nebbia,Normale,Buona,Ore Diurne,1,0,0,1,12.61053,41.90604,True,z,VIA DELLA STAZIONE DI TOR SAPIENZA,VIA DELLA STAZIONE DI TOR SAPIENZA,
2628161,12,2015-12-17T12:15:00,Strada Urbana,da specificare,VIA ALVARO DEL PORTILLO,pross. Campus direzione Laurentina,Scontro frontale-laterale DX fra veicoli in marcia,Rettilineo,Una carreggiata a doppio senso,Asciutto,Asfaltata,Verticale ed orizzontale,Sereno,Scarso,Buona,Ore Diurne,0,0,0,3,,,False,z,,,
2623407,7,2015-12-17T12:15:00,Strada Urbana,in prossimitíæ,VIALE ALESSANDRINO,,Scontro laterale fra veicoli in marcia,Rettilineo,Una carreggiata a doppio senso,Asciutto,Asfaltata,Orizzontale,Sereno,Normale,Buona,Ore Diurne,1,0,0,3,12.57832,41.87802,True,z,del civico n.,,347
2624240,13,2015-12-17T12:15:00,Strada Urbana,in corrispondenza,VIA GIOVANNI BOLDINI,,Scontro laterale fra veicoli in marcia,Rettilineo,Una carreggiata a doppio senso,Asciutto,Asfaltata,Assente,Sereno,Normale,Buona,Ore Diurne,0,0,0,2,12.36347,41.78241,False,z,del civico n.,,38
2629495,18,2015-12-17T12:40:00,Strada Urbana,in prossimitíæ,VIA AURELIA,,Investimento di pedone,Rettilineo,Una carreggiata a doppio senso,Asciutto,Asfaltata,Verticale ed orizzontale,Sereno,Normale,Buona,Ore Diurne,2,0,0,0,12.43145,41.89753,True,z,del civico n.,,382
2625582,1,2015-12-17T12:50:00,Strada Urbana,in corrispondenza,VIA GIOVANNI GIOLITTI,,Tamponamento,Rettilineo,Una carreggiata a senso unico di marcia,Asciutto,Asfaltata,Verticale ed orizzontale,Sereno,Normale,Buona,Ore Diurne,0,0,0,2,12.51018,41.89459,False,z,del civico n.,,361
2625492,1,2015-12-17T12:55:00,Strada Urbana,in prossimitíæ,PIAZZA VENEZIA,,Veicolo in marcia contro ostacolo accidentale,Rotatoria,Una carreggiata a senso unico di marcia,Asciutto,In cubetti di porfido,Orizzontale,Sereno,Normale,Buona,Ore Diurne,1,0,0,1,12.4828,41.89612,False,z,del civico n.,,16
2624295,13,2015-12-17T13:00:00,Strada Urbana,in corrispondenza,VIA DI SAPONARA,,Scontro frontale fra veicoli in marcia,Rettilineo,Una carreggiata a doppio senso,Asciutto,Asfaltata,Assente,Sereno,Scarso,Buona,Ore Diurne,0,0,0,2,12.33337,41.76987,True,z,del civico n.,,598
2623723,19,2015-12-17T13:50:00,Strada Urbana,in corrispondenza,VIA DI CASAL DEL MARMO,,Veicolo in marcia contro veicolo in sosta,Curva a visuale libera,Una carreggiata a doppio senso,Asciutto,Asfaltata,Assente,Sereno,Normale,Buona,Ore Diurne,0,0,0,1,12.4085,41.95994,True,z,del civico n.,,81
2624322,2,2015-12-17T13:50:00,,in corrispondenza,VIA NOMENTANA,,Veicolo in marcia contro ostacolo fisso,,,,,,,,,,1,0,0,0,12.55238,41.94111,False,z,del civico n.,,433
2624461,4,2015-12-17T14:00:00,Strada Urbana,all'intersezione con,VIA ISIDORO DEL LUNGO,,Scontro frontale-laterale SX fra veicoli in marcia,Incrocio,Due carreggiate,Asciutto,Asfaltata,Verticale,Sereno,Scarso,Buona,Ore Diurne,1,0,0,1,12.55656,41.94395,False,z,VIA CARLO LORENZINI,VIA CARLO LORENZINI,
2624348,2,2015-12-17T14:15:00,Strada Urbana,in corrispondenza,VIA DEL FORO ITALICO,,Tamponamento,Rettilineo,Due carreggiate,Asciutto,Asfaltata,Verticale ed orizzontale,Sereno,Normale,Buona,Ore Diurne,0,0,0,3,12.49529,41.94006,True,z,del civico n.,,491
2625553,1,2015-12-17T14:30:00,Strada Urbana,in corrispondenza,VIA VITTORIO VENETO,,Infortunio per sola frenata improvvisa,Rettilineo,Una carreggiata a doppio senso,Asciutto,Asfaltata,Verticale ed orizzontale,Sereno,Normale,Buona,Ore Diurne,1,0,0,0,,,False,z,del civico n.,,89
2624235,8,2015-12-17T14:30:00,Strada Urbana,da specificare,VIA NATALE BALBIANI,prossimitíæ Viale D. Cambellotti,Veicolo in marcia contro veicolo in sosta,Rettilineo,Una carreggiata a senso unico di marcia,Asciutto,Asfaltata,Verticale ed orizzontale,Sereno,Normale,Buona,Ore Diurne,0,0,0,1,,,False,z,,,
2623504,7,2015-12-17T14:45:00,Strada Urbana,in prossimitíæ,VIA DEGLI ONTANI,,Scontro laterale fra veicoli in marcia,Rettilineo,Una carreggiata a doppio senso,Asciutto,Asfaltata,Assente,Sereno,Normale,Buona,Ore Diurne,1,0,0,1,,,False,z,del civico n.,,1
2634210,20,2015-12-17T15:00:00,,in corrispondenza,VIA FOSSO DEGLI ARCACCI,,Veicolo in marcia contro ostacolo fisso,,,,,,,,,,0,0,0,1,,,False,z,del civico n.,,25
2628727,17,2015-12-17T15:00:00,Strada Urbana,all'intersezione con,VIA DELLA GIULIANA,,Scontro frontale-laterale SX fra veicoli in marcia,Intersezione stradale segnalata,Una carreggiata a doppio senso,Asciutto,Asfaltata,Verticale ed orizzontale,Sereno,Normale,Buona,Ore Diurne,1,0,0,4,12.45428,41.91286,False,z,VIA RICCARDO GRAZIOLI LANTE,VIA RICCARDO GRAZIOLI LANTE,
2624377,20,2015-12-17T15:10:00,Regionale entro l'abitato,in corrispondenza,VIA FLAMINIA,,Scontro frontale fra veicoli in marcia,,,,,,,,,,0,0,0,2,,,False,z,del civico n.,,461
2628505,12,2015-12-17T15:15:00,Strada Urbana,da specificare,VIA PONTINA,laterale direzione Roma altezza Via Valleranello,Scontro frontale fra veicoli in marcia,Rettilineo,Una carreggiata a doppio senso,Asciutto,Asfaltata,Verticale ed orizzontale,Sereno,Intenso,Buona,Ore Diurne,0,0,0,4,12.4529,41.79609,True,z,,,
2624360,4,2015-12-17T15:30:00,Strada Urbana,in prossimitíæ,VIA DOMENICO COMPARETTI,,Veicolo in marcia contro veicolo in sosta,Rettilineo,Una carreggiata a senso unico di marcia,Asciutto,Asfaltata,Verticale ed orizzontale,Sereno,Scarso,Buona,Ore Diurne,0,0,0,1,12.55114,41.9431,True,z,del civico n.,,73
2620060,9,2015-12-17T15:35:00,Strada Urbana,all'intersezione semaforizzata con,VIA SATRICO,,Scontro laterale fra veicoli in marcia,Incrocio,Due carreggiate,Asciutto,Asfaltata,Verticale ed orizzontale,Sereno,Scarso,Buona,Ore Diurne,0,0,0,2,12.50813,41.87675,False,z,VIA ACAIA,VIA ACAIA,
2624325,4,2015-12-17T15:45:00,,all'intersezione con,VIA DON GIUSTINO MARIA RUSSOLILLO,,Investimento di pedone,,,,,,,,,,1,0,0,1,,,False,z,PIAZZA DEI VOCAZIONISTI,PIAZZA DEI VOCAZIONISTI,
2623627,20,2015-12-17T15:45:00,,da specificare,VIA DEL FORO ITALICO,prossimitíæ GALLERIA FARNESINA,Veicolo in marcia contro ostacolo accidentale,,,Asciutto,,Verticale ed orizzontale,Sereno,Normale,,,1,0,0,0,,,False,z,,,
2630150,18,2015-12-17T15:45:00,Strada Urbana,da specificare,VIA DI TORREVECCHIA,FRONTE CIVICO 997,Veicolo in marcia contro ostacolo accidentale,Rettilineo,Una carreggiata a doppio senso,Asciutto,Asfaltata,Verticale ed orizzontale,Sereno,Intenso,Buona,Ore Diurne,0,0,0,1,12.41076,41.92141,False,z,,,
2624265,2,2015-12-17T15:50:00,,all'intersezione semaforizzata con,VIA CESARE FRACASSINI,,Investimento di pedone,,,,,,,,,,1,0,0,1,,,False,z,LUNGOTEVERE FLAMINIO,LUNGOTEVERE FLAMINIO,
2623743,18,2015-12-17T16:00:00,Strada Urbana,da specificare,PIAZZA PIO XI,localitíæ non precisata,Scontro laterale fra veicoli in marcia,Rettilineo,Una carreggiata a senso unico di marcia,Asciutto,Asfaltata,Verticale ed orizzontale,Sereno,Normale,Buona,Ore Diurne,0,0,0,4,12.43732,41.89397,False,z,,,
2624465,3,2015-12-17T16:00:00,Strada Urbana,da specificare,VIA NOMENTANA,altezza V.Zara corsia centrale direz. Montesacro,Scontro frontale-laterale SX fra veicoli in marcia,Rettilineo,Pií_ di due carreggiate,Asciutto,Asfaltata,Verticale ed orizzontale,Sereno,Normale,Buona,Ore Diurne,1,0,0,2,12.50981,41.91526,False,z,,,
2624888,16,2015-12-17T16:10:00,,in corrispondenza,VIA DELLA PISANA,,Scontro laterale fra veicoli in marcia,,,,,,,,,,1,0,0,1,,,False,z,del civico n.,,147
2624415,2,2015-12-17T16:20:00,,all'intersezione con,VIALE PARIOLI,,Scontro frontale-laterale SX fra veicoli in marcia,,,,,,,,,,1,0,0,1,12.48787,41.92567,False,z,VIA CARLO STUPARICH,VIA CARLO STUPARICH,
2628011,2,2015-12-17T16:30:00,,in prossimitíæ,VIA DI S. COSTANZA,,Veicolo in marcia contro veicolo in sosta,,,,,,,,,,0,0,0,1,,,False,z,del civico n.,,22
2623694,7,2015-12-17T16:45:00,Strada Urbana,all'intersezione semaforizzata con,VIALE PALMIRO TOGLIATTI,,Scontro frontale-laterale SX fra veicoli in marcia,Intersezione semaforizzata,Due carreggiate,Asciutto,Asfaltata,Verticale ed orizzontale,Sereno,Normale,Buona,Sufficiente,2,0,0,0,,,False,z,VIALE DEI ROMANISTI,VIALE DEI ROMANISTI,
2624367,13,2015-12-17T16:50:00,Strada Urbana,da specificare,VIA ALBI,Via Maierato,Veicolo in marcia contro veicolo fermo,Curva a visuale libera,Una carreggiata a doppio senso,Asciutto,Asfaltata,Orizzontale,Sereno,Normale,Sufficiente,Sufficiente,0,0,0,2,12.38021,41.79298,True,z,,,
2628524,12,2015-12-17T17:15:00,Strada Urbana,da specificare,VIA DI MEZZOCAMMINO,civico 101,Tamponamento Multiplo,Rettilineo,Una carreggiata a doppio senso,Asciutto,Asfaltata,Verticale ed orizzontale,Sereno,Intenso,Buona,Sufficiente,0,0,0,3,12.43536,41.78812,True,z,,,
2624218,7,2015-12-17T17:40:00,,in prossimitíæ,VIA PESCOMAGGIORE,,Veicolo in marcia contro veicolo fermo,,,,,,,,,,0,0,0,2,,,False,z,del civico n.,,19
2624236,8,2015-12-17T17:45:00,Statale entro l'abitato,in corrispondenza,VIA CASILINA,,Scontro laterale fra veicoli in marcia,Rettilineo,Una carreggiata a doppio senso,Asciutto,Asfaltata,Verticale ed orizzontale,Sereno,Intenso,Sufficiente,Ore Diurne,0,0,0,3,12.60433,41.86441,True,z,del civico n.,,1216
2623762,11,2015-12-17T17:45:00,Strada Urbana,all'intersezione semaforizzata con,VIA LAURENTINA,,Scontro laterale fra veicoli in marcia,Incrocio,Pií_ di due carreggiate,Asciutto,Asfaltata,Verticale ed orizzontale,Sereno,Normale,Buona,Sufficiente,0,0,0,4,12.4792,41.82795,True,z,VIA DI VIGNA MURATA,VIA DI VIGNA MURATA,
2625589,1,2015-12-17T18:00:00,Strada Urbana,da specificare,VIALE LUIGI EINAUDI,IN PROSSIMITA' PIAZZA DELLA REPUBBLICA,Scontro laterale fra veicoli in marcia,Rettilineo,Una carreggiata a senso unico di marcia,Asciutto,In cubetti di porfido,Verticale ed orizzontale,Sereno,Normale,Sufficiente,Sufficiente,0,0,0,3,,,False,z,,,
2624766,23,2015-12-17T18:00:00,Strada Urbana,in prossimitíæ,VIA CRISTOFORO COLOMBO,,Veicolo in marcia contro ostacolo accidentale,Rettilineo,Pií_ di due carreggiate,Asciutto,Asfaltata,Assente,Sereno,Normale,Insufficiente,Inesistente,0,0,0,1,12.37769,41.76098,False,z,della chilometrica,,19.8
2624755,23,2015-12-17T18:00:00,Strada Urbana,in corrispondenza,VIA CRISTOFORO COLOMBO,,Veicolo in marcia contro ostacolo accidentale,Rettilineo,Pií_ di due carreggiate,Asciutto,Asfaltata,Assente,Sereno,Normale,Insufficiente,Inesistente,0,0,0,2,12.36757,41.75573,True,z,della chilometrica,,19.8
2625487,1,2015-12-17T18:05:00,Strada Urbana,in prossimitíæ,PIAZZA DELLA REPUBBLICA,,Scontro laterale fra veicoli in marcia,Rotatoria,Una carreggiata a senso unico di marcia,Asciutto,In cubetti di porfido,Verticale ed orizzontale,Sereno,Intenso,Buona,Sufficiente,0,0,0,2,,,False,z,del palo luce n.,,14
2629821,12,2015-12-17T18:25:00,,da specificare,VIA CRISTOFORO COLOMBO,laterale ( direzione Roma),Scontro frontale-laterale SX fra veicoli in marcia,,,,,,,,,,1,0,0,2,,,False,z,,,
2628088,12,2015-12-17T18:30:00,,da specificare,VIA FRATELLI LAURANA,PROX VIA GAURICO,Infortunio per sola frenata improvvisa,,,,,,,,,,1,0,0,1,,,False,z,,,
2624153,7,2015-12-17T18:30:00,Strada Urbana,in prossimitíæ,VIA DELLA CISTERNOLA,,Scontro laterale fra veicoli in marcia,Rettilineo,Una carreggiata a senso unico di marcia,Asciutto,Asfaltata,Orizzontale,Sereno,Scarso,Buona,Sufficiente,0,0,0,3,12.60827,41.88817,False,z,del civico n.,,48
2624448,20,2015-12-17T18:30:00,Strada Urbana,all'intersezione con,VIA CASSIA NUOVA,,Tamponamento,Intersezione stradale segnalata,Due carreggiate,Asciutto,Asfaltata,Verticale ed orizzontale,Sereno,Normale,Buona,Ore Diurne,1,0,0,3,,,False,z,VIA ANTONIO DE VITI DE MARCO,VIA ANTONIO DE VITI DE MARCO,
2624246,6,2015-12-17T19:30:00,Strada Urbana,in corrispondenza,VIALE DELLA SERENISSIMA,,Tamponamento,Rettilineo,Due carreggiate,Asciutto,Asfaltata,Verticale,Sereno,Intenso,Buona,Sufficiente,0,0,0,2,12.5582,41.89767,True,z,del civico n.,,113
2624494,4,2015-12-17T20:00:00,,all'intersezione con,VIALE JONIO,,Scontro frontale-laterale DX fra veicoli in marcia,,,,,,,,,,0,0,0,3,,,False,z,VIA MONTE ROCCHETTA,VIA MONTE ROCCHETTA,
2624341,13,2015-12-17T20:10:00,Strada Urbana,all'intersezione con,VIA LUIGI PIETROBONO,,Scontro frontale-laterale SX fra veicoli in marcia,Incrocio,Una carreggiata a doppio senso,Asciutto,Asfaltata,Assente,Sereno,Normale,Buona,Sufficiente,0,0,0,2,12.38361,41.78837,True,z,VIA MARIA GIUSEPPINA GUACCI,VIA MARIA GIUSEPPINA GUACCI,
2629587,12,2015-12-17T20:30:00,Provinciale entro l'abitato,in prossimitíæ,VIA LAURENTINA,,Tamponamento Multiplo,Curva a visuale libera,Due carreggiate,Asciutto,Asfaltata,Verticale ed orizzontale,Sereno,Normale,Buona,Sufficiente,0,0,0,3,12.48193,41.79753,False,z,del civico n.,,988
2624134,11,2015-12-17T20:35:00,Strada Urbana,in corrispondenza,VIA OSTIENSE,,Scontro laterale fra veicoli in marcia,Rettilineo,Pií_ di due carreggiate,Asciutto,Asfaltata,Verticale ed orizzontale,Sereno,Normale,Sufficiente,Sufficiente,0,0,0,2,12.48019,41.87205,True,z,del civico n.,,50
2629809,18,2015-12-17T20:50:00,Strada Urbana,in prossimitíæ,VIA DI TORREVECCHIA,,Scontro laterale fra veicoli in marcia,Rettilineo,Una carreggiata a doppio senso,Asciutto,Lastricata,Assente,Sereno,Scarso,Buona,Sufficiente,0,0,0,3,12.40786,41.91581,True,z,del civico n.,,906
2627766,1,2015-12-17T21:00:00,Strada Urbana,in corrispondenza,VIALE MANZONI,,Veicolo in marcia contro veicolo in sosta,Rettilineo,Una carreggiata a doppio senso,Asciutto,Asfaltata,Verticale ed orizzontale,Sereno,Normale,Sufficiente,Sufficiente,0,0,0,2,,,False,z,del civico n.,,55
2624399,18,2015-12-17T21:00:00,Strada Urbana,all'intersezione con,VIA SUOR MARIA AGOSTINA,,Scontro frontale-laterale DX fra veicoli in marcia,Intersezione stradale segnalata,Una carreggiata a doppio senso,Asciutto,Asfaltata,Assente,Sereno,Scarso,Buona,Sufficiente,2,0,0,3,12.38852,41.90503,False,z,VIA TEMISTOCLE CALISTI,VIA TEMISTOCLE CALISTI,
2627799,1,2015-12-17T22:00:00,Strada Urbana,da specificare,VIA DELLE TERME DI DIOCLEZIANO,tutta,Veicolo in marcia contro ostacolo accidentale,Rettilineo,Una carreggiata a senso unico di marcia,Asciutto,In cubetti di porfido,Verticale ed orizzontale,Sereno,Normale,Sufficiente,Sufficiente,0,0,0,1,,,False,z,,,
2627819,1,2015-12-17T22:01:00,Strada Urbana,da specificare,VIA DELLE TERME DI DIOCLEZIANO,tutta,Veicolo in marcia contro ostacolo accidentale,Rettilineo,Una carreggiata a senso unico di marcia,Asciutto,In cubetti di porfido,Verticale ed orizzontale,Sereno,Normale,Sufficiente,Sufficiente,0,0,0,1,,,False,z,,,
2624896,16,2015-12-17T22:50:00,,da specificare,VIA PORTUENSE,fronte civico 429,Scontro frontale-laterale SX fra veicoli in marcia,,,,,,,,,,1,0,0,2,,,False,z,,,
2624105,5,2015-12-17T23:50:00,Strada Urbana,in prossimitíæ,PIAZZA TOMMASO DE CRISTOFORIS,,Scontro frontale-laterale DX fra veicoli in marcia,Rettilineo,Una carreggiata a senso unico di marcia,Asciutto,Asfaltata,Verticale ed orizzontale,Sereno,Scarso,Buona,Sufficiente,0,0,0,4,12.5348,41.90043,False,z,del civico n.,,3