_ID,_Gruppo,_DataOraIncidente,_Localizzazione1,_Localizzazione2,_Strada1,_DaSpecificare,_NaturaIncidente,_ParticolaritaStrade,_TipoStrada,_FondoStradale,_Pavimentazione,_Segnaletica,_CondizioneAtmosferica,_Traffico,_Visibilita,_Illuminazione,_NUM_FERITI,_NUM_RISERVATA,_NUM_MORTI,_NUM_ILLESI,_Longitudine,_Latitudine,_CONFERMATO,__prefix,_Strada02,_Strada2,_Chilometrica
2628142,1,2015-12-18T23:00:00,Strada Urbana,in prossimitíæ,VIA QUATTRO NOVEMBRE,,Veicolo in marcia contro ostacolo accidentale,Curva a visuale libera,Una carreggiata a doppio senso,Viscido da liquidi oleosi,In cubetti di porfido,Verticale ed orizzontale,Sereno,Normale,Sufficiente,Sufficiente,0,0,0,2,,,False,z,del civico n.,,144
2628096,1,2015-12-18T23:20:00,Strada Urbana,in corrispondenza,PIAZZA VENEZIA,,Veicolo in marcia contro ostacolo accidentale,Rettilineo,Una carreggiata a doppio senso,Viscido da liquidi oleosi,In cubetti di porfido,Verticale ed orizzontale,Sereno,Normale,Sufficiente,Sufficiente,1,0,0,1,,,False,z,del civico n.,,6
2625608,10,2015-12-19T00:01:00,,da specificare,VIA ETTORE FIERAMOSCA,prossimitíæ palo luce 51,Veicolo in marcia contro ostacolo fisso,,,,,,,,,,1,0,0,0,,,False,z,,,
2625614,2,2015-12-19T00:30:00,Strada Urbana,in prossimitíæ,VIA GIOVANNI ANTONELLI,,Veicolo in marcia contro veicolo in sosta,Rettilineo,Una carreggiata a doppio senso,Asciutto,Asfaltata,Orizzontale,Sereno,Normale,Buona,Sufficiente,0,0,0,2,12.48676,41.92282,False,z,del civico n.,,2
2627126,2,2015-12-19T01:00:00,Strada Urbana,in corrispondenza,VIALE LIEGI,,Veicolo in marcia contro ostacolo fisso,Rettilineo,Una carreggiata a doppio senso,Asciutto,Asfaltata,Verticale ed orizzontale,Sereno,Normale,Buona,Sufficiente,3,0,0,0,12.4948,41.92177,False,z,del civico n.,,50
2629490,17,2015-12-19T01:00:00,Strada Urbana,all'intersezione semaforizzata con,VIALE ANGELICO,,Tamponamento,Intersezione semaforizzata,Pií_ di due carreggiate,Asciutto,Asfaltata,Verticale ed orizzontale,Sereno,Scarso,Sufficiente,Sufficiente,0,0,0,2,12.45868,41.92298,False,z,PIAZZALE MARESCIALLO GIARDINO,PIAZZALE MARESCIALLO GIARDINO,
2627629,11,2015-12-19T01:10:00,Strada Urbana,all'intersezione semaforizzata con,VIA DEL GAZOMETRO,,Scontro frontale-laterale DX fra veicoli in marcia,Intersezione semaforizzata,Una carreggiata a doppio senso,Asciutto,Asfaltata,Verticale ed orizzontale,Sereno,Scarso,Buona,Sufficiente,0,0,0,3,12.47878,41.87234,True,z,VIA DEL PORTO FLUVIALE,VIA DEL PORTO FLUVIALE,
2629924,1,2015-12-19T01:15:00,Strada Urbana,in corrispondenza,VIA CASILINA,,Investimento di pedone,Rettilineo,Due carreggiate,Asciutto,Asfaltata,Verticale ed orizzontale,Sereno,Scarso,Buona,Sufficiente,1,0,0,1,,,False,z,del palo luce n.,,16
2628718,12,2015-12-19T02:00:00,,da specificare,VIA CRISTOFORO COLOMBO,laterale direz. centro prossimitíæ Via Laurentina,Veicolo in marcia contro ostacolo fisso,,,,,,,,,,1,0,0,0,,,False,z,,,
2625770,13,2015-12-19T02:00:00,,da specificare,VIA CRISTOFORO COLOMBO,prossimitíæ Via Pindaro,Scontro frontale-laterale DX fra veicoli in marcia,,,,,,,,,,0,0,0,3,,,False,z,,,
2629450,17,2015-12-19T02:15:00,Strada Urbana,all'intersezione semaforizzata con,VIA DEL CORSO,,Scontro frontale-laterale SX fra veicoli in marcia,Intersezione semaforizzata,Due carreggiate,Asciutto,Asfaltata,Verticale ed orizzontale,Sereno,Scarso,Sufficiente,Sufficiente,0,0,0,2,12.47928,41.90487,False,z,VIA DEL PARLAMENTO,VIA DEL PARLAMENTO,
2628995,12,2015-12-19T03:00:00,Provinciale,in corrispondenza,VIA PONTINA,,Tamponamento,Curva senza visuale libera,Due carreggiate,Asciutto,Asfaltata,Verticale ed orizzontale,Sereno,Scarso,Insufficiente,Insufficiente,0,0,0,2,12.45106,41.79235,False,z,della chilometrica,,14.2
2625535,15,2015-12-19T03:10:00,Strada Urbana,in prossimitíæ,VIA ANTONIO PACINOTTI,,Veicolo in marcia contro ostacolo fisso,Rettilineo,Due carreggiate,Asciutto,Asfaltata,Orizzontale,Sereno,Scarso,Buona,Sufficiente,0,0,0,1,12.47025,41.8716,False,z,del civico n.,,81
2625627,10,2015-12-19T04:20:00,Strada Urbana,in prossimitíæ,VIA CASILINA,,Veicolo in marcia contro ostacolo fisso,Rettilineo,Una carreggiata a doppio senso,Asciutto,Asfaltata,Verticale ed orizzontale,Sereno,Scarso,Buona,Sufficiente,0,0,0,1,12.69623,41.86373,False,z,del civico n.,,1920
2626821,4,2015-12-19T05:15:00,,all'intersezione con,VIA NOMENTANA,,Scontro frontale-laterale SX fra veicoli in marcia,,,,,,,,,,1,0,0,3,12.55238,41.94111,False,z,VIA MONTE SUBASIO,VIA MONTE SUBASIO,
2627162,2,2015-12-19T05:20:00,Strada Urbana,in prossimitíæ,VIA LAZZARO SPALLANZANI,,Veicolo in marcia contro veicolo in sosta,Rettilineo,Una carreggiata a doppio senso,Asciutto,Asfaltata,Verticale ed orizzontale,Sereno,Scarso,Insufficiente,Sufficiente,0,0,0,2,12.51188,41.91162,True,z,del civico n.,,5A
2626236,5,2015-12-19T08:00:00,Strada Urbana,da specificare,VIA FILIPPO FIORENTINI,prossimitíæ svincolo x via Tiburtina,Veicolo in marcia contro ostacolo fisso,Rettilineo,Una carreggiata a senso unico di marcia,Asciutto,Asfaltata,Verticale ed orizzontale,Sereno,Scarso,Buona,Ore Diurne,0,0,0,0,12.55431,41.91149,True,z,,,
2626594,13,2015-12-19T08:40:00,,all'intersezione con,VIA LITORANEA,,Scontro frontale fra veicoli in marcia,,,,,,,,,,0,0,0,2,,,False,z,VIA ENRICO BESANA,VIA ENRICO BESANA,
2637824,18,2015-12-19T09:30:00,Strada Urbana,all'intersezione con,VIA DI BOCCEA,,Scontro laterale fra veicoli in marcia,Intersezione stradale segnalata,Una carreggiata a doppio senso,Asciutto,Asfaltata,Verticale ed orizzontale,Nuvoloso,Intenso,Buona,Ore Diurne,1,0,0,2,,,False,z,VIA GREGORIO XI,VIA GREGORIO XI,
2637408,18,2015-12-19T09:45:00,Strada Urbana,da specificare,VIA AURELIA,in prossimita via ALDOBRANDESCHI,Tamponamento,Rettilineo,Pií_ di due carreggiate,Asciutto,Asfaltata,Verticale ed orizzontale,Sereno,Normale,Buona,Ore Diurne,0,0,0,2,,,False,z,,,
2627970,7,2015-12-19T10:10:00,,in prossimitíæ,VIA PARTANNA,,Scontro laterale fra veicoli in marcia,,,,,,,,,,0,0,0,3,,,False,z,del civico n.,,33
2627139,7,2015-12-19T10:30:00,Strada Urbana,in prossimitíæ,VIA PRENESTINA,,Scontro frontale-laterale SX fra veicoli in marcia,Rettilineo,Una carreggiata a doppio senso,Asciutto,Asfaltata,Orizzontale,Sereno,Normale,Buona,Ore Diurne,0,0,0,5,12.60769,41.89368,True,z,del civico n.,,1026
2626614,13,2015-12-19T10:30:00,Strada Urbana,all'intersezione con,VIA GIUSEPPE ANTONIO BORGESE,,Scontro frontale-laterale SX fra veicoli in marcia,Incrocio,Una carreggiata a doppio senso,Asciutto,Asfaltata,Assente,Nuvoloso,Scarso,Buona,Ore Diurne,0,0,0,2,12.3453,41.73021,False,z,VIA VINCENZO ERRANTE,VIA VINCENZO ERRANTE,
2626076,15,2015-12-19T10:50:00,,in prossimitíæ,VIA PORTUENSE,,Scontro laterale fra veicoli in marcia,,,,,,,,,,0,0,0,2,12.44934,41.85873,False,z,del civico n.,,484
2631121,18,2015-12-19T11:00:00,Strada Urbana,in prossimitíæ,VIA ANASTASIO II,,Tamponamento Multiplo,Rettilineo,Pií_ di due carreggiate,Asciutto,Asfaltata,Verticale ed orizzontale,Sereno,Normale,Buona,Ore Diurne,1,0,0,2,,,False,z,del civico n.,,145
2626082,15,2015-12-19T11:20:00,Comunale extraurbana,da specificare,VIALE FRANCO D'AMICO,"altezza ingresso cargo ""Commercity""",Scontro laterale fra veicoli in marcia,Rotatoria,Una carreggiata a senso unico di marcia,Asciutto,Asfaltata,Verticale ed orizzontale,Nuvoloso,Scarso,Buona,Ore Diurne,0,0,0,4,12.33117,41.80621,False,z,,,
2627729,19,2015-12-19T11:40:00,Strada Urbana,da specificare,VIA BENEDETTO BACCHINI,snc,Scontro frontale fra veicoli in marcia,Curva senza visuale libera,Una carreggiata a doppio senso,Asciutto,Asfaltata,Orizzontale,Sereno,Normale,Buona,Ore Diurne,2,0,0,0,12.49637,41.90278,False,z,,,
2625777,20,2015-12-19T11:50:00,,in corrispondenza,VIALE DI TOR DI QUINTO,,Tamponamento,,,Asciutto,,,Nuvoloso,Intenso,,,0,0,0,3,,,False,z,del civico n.,,128
2627750,19,2015-12-19T11:50:00,Strada Urbana,all'intersezione con,VIA RUGGERO ORLANDO,,Scontro frontale fra veicoli in marcia,Incrocio,Una carreggiata a doppio senso,Asciutto,Asfaltata,Verticale ed orizzontale,Nuvoloso,Normale,Buona,Ore Diurne,0,0,0,3,12.40096,41.9301,True,z,VIA ANDREA BARBATO,VIA ANDREA BARBATO,
2627107,9,2015-12-19T12:30:00,,in prossimitíæ,VIA MAGNAGRECIA,,Scontro frontale-laterale SX fra veicoli in marcia,,,,,,,,,,2,0,0,3,,,False,z,del civico n.,,116
2629167,17,2015-12-19T12:35:00,Strada Urbana,da specificare,LARGO GIOVANNI XXIII,altezza l.tevere vaticano,Tamponamento,Rettilineo,Due carreggiate,Asciutto,Asfaltata,Verticale ed orizzontale,Sereno,Normale,Buona,Ore Diurne,0,0,0,2,12.46433,41.90209,True,z,,,
2625953,2,2015-12-19T12:35:00,Strada Urbana,all'intersezione semaforizzata con,VIA FLAMINIA,,Scontro laterale fra veicoli in marcia,Intersezione semaforizzata,Una carreggiata a senso unico di marcia,Asciutto,Asfaltata,Verticale ed orizzontale,Sereno,Normale,Buona,Ore Diurne,0,0,0,2,12.4718,41.94188,False,z,VIA DONATELLO,VIA DONATELLO,
2641513,18,2015-12-19T12:45:00,Strada Urbana,in corrispondenza,VIA LUDOVICO MICARA,,Veicolo in marcia contro ostacolo fisso,Rettilineo,Una carreggiata a senso unico di marcia,Asciutto,Asfaltata,Verticale ed orizzontale,Sereno,Normale,Buona,Ore Diurne,1,0,0,0,12.43885,41.89398,True,z,del civico n.,,16
2629989,1,2015-12-19T12:45:00,Strada Urbana,in corrispondenza,VIA ARENULA,,Scontro laterale fra veicoli in marcia,Rettilineo,Pií_ di due carreggiate,Asciutto,Asfaltata,Verticale ed orizzontale,Sereno,Normale,Buona,Ore Diurne,0,0,0,2,,,False,z,del civico n.,,35
2627286,7,2015-12-19T12:50:00,Strada Urbana,in corrispondenza,VIA COLLATINA,,Tamponamento,Rettilineo,Una carreggiata a doppio senso,Asciutto,Asfaltata,Orizzontale,Sereno,Normale,Buona,Ore Diurne,0,0,0,2,12.60635,41.90485,True,z,del civico n.,,404
2626240,5,2015-12-19T13:00:00,Strada Urbana,in prossimitíæ,VIA OSIMO,,Veicolo in marcia contro veicolo in sosta,Rettilineo,Una carreggiata a doppio senso,Asciutto,Asfaltata,Assente,Sereno,Normale,Buona,Ore Diurne,0,0,0,1,12.58384,41.93558,True,z,del civico n.,,52 B
2641444,18,2015-12-19T13:00:00,Strada Urbana,in prossimitíæ,VIA DI BOCCEA,,Scontro laterale fra veicoli in marcia,Pendenza,Due carreggiate,Asciutto,Asfaltata,Orizzontale,Sereno,Normale,Buona,Ore Diurne,0,0,0,4,12.38101,41.91546,False,z,del civico n.,,561
2626276,8,2015-12-19T13:00:00,Strada Urbana,all'intersezione con,VIA BRONTE,,Scontro frontale-laterale DX fra veicoli in marcia,Incrocio,Una carreggiata a senso unico di marcia,Asciutto,Asfaltata,Verticale ed orizzontale,Sereno,Scarso,Sufficiente,Ore Diurne,6,0,0,0,12.66682,41.85703,False,z,VIA CASTELVETRANO,VIA CASTELVETRANO,
2628156,12,2015-12-19T13:10:00,,da specificare,VIA DI ACQUA ACETOSA OSTIENSE,prossimitíæ civico 5 ,Tamponamento,,,,,,,,,,1,0,0,2,,,False,z,,,
2629960,1,2015-12-19T13:20:00,Strada Urbana,in prossimitíæ,VIA ARENULA,,Scontro laterale fra veicoli in marcia,Rettilineo,Due carreggiate,Asciutto,Asfaltata,Verticale ed orizzontale,Sereno,Normale,Buona,Ore Diurne,0,0,0,3,,,False,z,del civico n.,,12
2626636,13,2015-12-19T13:20:00,Strada Urbana,all'intersezione con,VIA DI ACILIA,,Scontro frontale-laterale DX fra veicoli in marcia,Intersezione stradale segnalata,Una carreggiata a doppio senso,Asciutto,Asfaltata,Verticale ed orizzontale,Sereno,Normale,Buona,Ore Diurne,0,0,0,3,12.37789,41.768,True,z,VIA MIMNERMO,VIA MIMNERMO,
2627602,11,2015-12-19T14:20:00,Strada Urbana,da specificare,LARGO MAURIZIO POGGIALI,prossimitíæ VIA A. MILLEVOI,Scontro laterale fra veicoli in marcia,Rettilineo,Una carreggiata a senso unico di marcia,Asciutto,Asfaltata,Verticale ed orizzontale,Sereno,Scarso,Buona,Ore Diurne,1,0,0,1,12.51748,41.82259,False,z,,,
2626949,16,2015-12-19T14:30:00,Strada Urbana,in prossimitíæ,PIAZZA S. GIOVANNI DI DIO,,Scontro laterale fra veicoli in marcia,Rettilineo,Pií_ di due carreggiate,Asciutto,Asfaltata,Verticale ed orizzontale,Sereno,Normale,Buona,Ore Diurne,0,0,0,2,12.44657,41.87451,False,z,del civico n.,,2
2626047,2,2015-12-19T14:50:00,Strada Urbana,all'intersezione semaforizzata con,VIALE GIOACCHINO ROSSINI,,Scontro frontale-laterale DX fra veicoli in marcia,Intersezione semaforizzata,Una carreggiata a doppio senso,Asciutto,Asfaltata,Verticale ed orizzontale,Sereno,Normale,Buona,Ore Diurne,1,0,0,1,12.49166,41.92069,False,z,VIA ANTONIO BERTOLONI,VIA ANTONIO BERTOLONI,
2626673,13,2015-12-19T14:50:00,,all'intersezione con,VIA ANTONIO LOTTI,,Scontro frontale-laterale DX fra veicoli in marcia,,,,,,,,,,0,0,0,2,,,False,z,VIA ANTONIO SCONTRINO,VIA ANTONIO SCONTRINO,
2627633,11,2015-12-19T15:30:00,Strada Urbana,in prossimitíæ,VIA LAURENTINA,,Scontro frontale-laterale SX fra veicoli in marcia,Rettilineo,Due carreggiate,Asciutto,Asfaltata,Verticale ed orizzontale,Sereno,Scarso,Buona,Ore Diurne,1,0,0,3,12.4824,41.83167,False,z,del civico n.,,449
2627236,2,2015-12-19T15:48:00,Strada Urbana,all'intersezione con,VIA SALARIA,,Scontro laterale fra veicoli in marcia,Intersezione non regolata-non segnalata,Una carreggiata a senso unico di marcia,Asciutto,Asfaltata,Verticale ed orizzontale,Sereno,Normale,Buona,Ore Diurne,0,0,0,2,12.50624,41.96289,True,z,VIA CREMERA,VIA CREMERA,
2626777,4,2015-12-19T15:50:00,Strada Urbana,in prossimitíæ,VIA MARIO DEL MONACO,,Scontro frontale-laterale DX fra veicoli in marcia,Rettilineo,Una carreggiata a doppio senso,Asciutto,Asfaltata,Verticale ed orizzontale,Sereno,Normale,Buona,Ore Diurne,0,0,0,2,12.51923,41.97226,False,z,del civico n.,,48
2626112,10,2015-12-19T15:50:00,Strada Urbana,all'intersezione con,VIALE LUIGI SCHIAVONETTI,,Scontro laterale fra veicoli in marcia,Rotatoria,Una carreggiata a senso unico di marcia,Asciutto,Asfaltata,Verticale ed orizzontale,Sereno,Intenso,Buona,Ore Diurne,0,0,0,3,12.6213,41.84149,False,z,VIA MARY PANDOLFI DE RINALDIS,VIA MARY PANDOLFI DE RINALDIS,
2626280,8,2015-12-19T16:15:00,Strada Urbana,in prossimitíæ,VIA DI TOR VERGATA,,Veicolo in marcia contro ostacolo accidentale,Rettilineo,Una carreggiata a doppio senso,Asciutto,Con buche,Verticale ed orizzontale,Sereno,Normale,Buona,Ore Diurne,0,0,0,2,12.62201,41.86,True,z,del civico n.,,55
2626197,2,2015-12-19T16:20:00,Strada Urbana,all'intersezione semaforizzata con,VIA PINCIANA,,Tamponamento,Intersezione semaforizzata,Una carreggiata a doppio senso,Asciutto,Asfaltata,Verticale ed orizzontale,Sereno,Normale,Buona,Ore Diurne,0,0,0,3,12.49235,41.91222,True,z,VIA GREGORIO ALLEGRI,VIA GREGORIO ALLEGRI,
2626275,15,2015-12-19T16:30:00,,da specificare,VIA GIOVANNI VOLPATO,fronte civico 13,Tamponamento,,,,,,,,,,1,0,0,3,12.46746,41.87143,False,z,,,
2626810,4,2015-12-19T16:40:00,Strada Urbana,in prossimitíæ,VIA DARIO NICCODEMI,,Investimento di pedone,Rettilineo,Una carreggiata a doppio senso,Asciutto,Asfaltata,Assente,Sereno,Intenso,Sufficiente,Ore Diurne,0,0,0,2,12.5494,41.95709,False,z,del civico n.,,99
2626699,13,2015-12-19T17:00:00,,all'intersezione con,VIA DI DRAGONE,,Scontro frontale-laterale DX fra veicoli in marcia,,,,,,,,,,0,0,0,3,,,False,z,VIA ANGELO ALIPRANDI,VIA ANGELO ALIPRANDI,
2627659,10,2015-12-19T17:10:00,Strada Urbana,da specificare,VIALE BRUNO RIZZIERI,altezza rotatoria W. Procaccini,Scontro laterale fra veicoli in marcia,Rotatoria,Una carreggiata a senso unico di marcia,Asciutto,Asfaltata,Verticale ed orizzontale,Sereno,Intenso,Buona,Sufficiente,0,0,0,4,12.58317,41.85192,True,z,,,
2626998,5,2015-12-19T17:10:00,Strada Urbana,da specificare,VIA DI PIETRALATA,prossimitíæ via Ramiro Fabiani,Scontro laterale fra veicoli in marcia,Rettilineo,Una carreggiata a doppio senso,Asciutto,Asfaltata,Orizzontale,Sereno,Normale,Sufficiente,Sufficiente,0,0,0,5,,,False,z,,,
2626283,8,2015-12-19T17:15:00,Strada Urbana,in prossimitíæ,VIALE DI TORRE MAURA,,Veicolo in marcia contro ostacolo accidentale,Rettilineo,Una carreggiata a senso unico di marcia,Asciutto,Con buche,Verticale ed orizzontale,Sereno,Normale,Sufficiente,Sufficiente,0,0,0,1,12.59243,41.86061,False,z,del civico n.,,65
2626616,20,2015-12-19T18:00:00,Strada Urbana,in corrispondenza,VIA DI QUARTO PEPERINO,,Veicolo in marcia contro veicolo fermo,Rettilineo,Una carreggiata a doppio senso,Asciutto,Asfaltata,Orizzontale,Sereno,Scarso,Buona,Sufficiente,0,0,0,4,,,False,z,del civico n.,,10
2628670,12,2015-12-19T18:00:00,,da specificare,VIA OSTIENSE,direz. Roma altezza rampa G.R.A. esterna,Veicolo in marcia contro ostacolo fisso,,,,,,,,,,1,0,0,0,,,False,z,,,
2629145,17,2015-12-19T18:15:00,Strada Urbana,all'intersezione con,VIA DELLA TRASPONTINA,,Scontro laterale fra veicoli in marcia,Incrocio,Una carreggiata a doppio senso,Asciutto,In cubetti di porfido,Verticale ed orizzontale,Sereno,Normale,Buona,Ore Diurne,0,0,0,2,12.46307,41.90335,False,z,BORGO S. ANGELO,BORGO S. ANGELO,
2627696,10,2015-12-19T18:35:00,,all'intersezione con,VIA TUSCOLANA,,Ribaltamento senza urto contro ostacolo fisso,,,,,,,,,,0,0,0,2,,,False,z,CIRCONVALLAZIONE TUSCOLANA,CIRCONVALLAZIONE TUSCOLANA,
2630130,1,2015-12-19T18:40:00,Strada Urbana,all'intersezione con,VIA MARSALA,,Scontro laterale fra veicoli in marcia,Incrocio,Una carreggiata a doppio senso,Asciutto,In cubetti di porfido,Verticale ed orizzontale,Sereno,Normale,Sufficiente,Sufficiente,0,0,0,4,,,False,z,VIA MICHELE CAPPELLI,VIA MICHELE CAPPELLI,
2627746,19,2015-12-19T19:00:00,Strada Urbana,all'intersezione con,VIA FEDERICO BORROMEO,,Veicolo in marcia contro veicolo in sosta,Incrocio,Una carreggiata a doppio senso,Asciutto,Asfaltata,Verticale ed orizzontale,Sereno,Normale,Buona,Sufficiente,0,0,0,0,12.415,41.91674,True,z,VIA ANGELO MAI,VIA ANGELO MAI,
2627657,7,2015-12-19T19:45:00,Strada Urbana,da specificare,VIA COLLATINA,all'altezza di Via Grotta di Gregna,Scontro laterale fra veicoli in marcia,Rettilineo,Una carreggiata a doppio senso,Asciutto,Asfaltata,Orizzontale,Sereno,Normale,Buona,Sufficiente,0,0,0,4,12.56718,41.90171,False,z,,,
2627736,19,2015-12-19T19:50:00,Strada Urbana,in prossimitíæ,VIA DELLA VALLE DEI FONTANILI,,Tamponamento Multiplo,Rettilineo,Una carreggiata a doppio senso,Asciutto,Asfaltata,Orizzontale,Sereno,Normale,Buona,Sufficiente,0,0,0,4,12.40871,41.92371,True,z,del civico n.,,40
2626752,13,2015-12-19T20:00:00,,all'intersezione con,VIALE VASCO DE GAMA,,Investimento di pedone,,,,,,,,,,0,0,0,2,,,False,z,VIA DEI VELIERI,VIA DEI VELIERI,
2626969,16,2015-12-19T20:05:00,Strada Urbana,in corrispondenza,VIA DI BRAVETTA,,Veicolo in marcia contro veicolo fermo,Rettilineo,Una carreggiata a doppio senso,Asciutto,Asfaltata,Verticale ed orizzontale,Sereno,Scarso,Buona,Sufficiente,0,0,0,2,,,False,z,del civico n.,,200
2626593,8,2015-12-19T20:30:00,Strada Urbana,in prossimitíæ,VIA DEL PONTE DI NONA,,Veicolo in marcia contro ostacolo accidentale,Rettilineo,Una carreggiata a doppio senso,Asciutto,Asfaltata,Orizzontale,Sereno,Normale,Sufficiente,Sufficiente,0,0,0,2,,,False,z,del civico n.,,81
2626607,8,2015-12-19T20:30:00,Strada Urbana,in prossimitíæ,VIA DI TOR VERGATA,,Veicolo in marcia contro ostacolo accidentale,Curva a visuale libera,Una carreggiata a doppio senso,Asciutto,Asfaltata,Orizzontale,Nuvoloso,Scarso,Buona,Sufficiente,0,0,0,1,12.62167,41.86011,True,z,del civico n.,,20
2626625,20,2015-12-19T21:00:00,Provinciale entro l'abitato,in corrispondenza,VIA BRACCIANENSE,,Tamponamento,Rettilineo,Una carreggiata a doppio senso,Asciutto,Asfaltata,,,,,Inesistente,1,0,0,1,,,False,z,della chilometrica,,7.4
2626606,8,2015-12-19T21:10:00,Strada Urbana,all'intersezione con,VIA CASILINA,,Veicolo in marcia contro ostacolo accidentale,Intersezione stradale segnalata,Due carreggiate,Asciutto,Asfaltata,Verticale ed orizzontale,Nuvoloso,Normale,Buona,Sufficiente,0,0,0,1,12.60933,41.86405,True,z,VIA DI TOR BELLA MONACA,VIA DI TOR BELLA MONACA,
2626609,8,2015-12-19T21:25:00,Strada Urbana,in prossimitíæ,VIA DEL PONTE DI NONA,,Veicolo in marcia contro ostacolo accidentale,Rettilineo,Una carreggiata a doppio senso,Asciutto,Asfaltata,Orizzontale,Nuvoloso,Normale,Buona,Sufficiente,0,0,0,2,12.66686,41.89119,False,z,del civico n.,,81
2626990,16,2015-12-19T22:20:00,,da specificare,VIA GIOELE SOLARI,corrispondenza palo ACEA n. 38,Veicolo in marcia contro ostacolo fisso,,,,,,,,,,0,0,0,0,,,False,z,,,
2630005,1,2015-12-19T22:30:00,Strada Urbana,all'intersezione semaforizzata con,PIAZZA DI PORTA S. GIOVANNI,,Scontro frontale-laterale SX fra veicoli in marcia,Intersezione semaforizzata,,Asciutto,Asfaltata,Verticale ed orizzontale,Sereno,Normale,Buona,Sufficiente,1,0,0,2,,,False,z,VIA EMANUELE FILIBERTO,VIA EMANUELE FILIBERTO,
2626706,6,2015-12-19T22:30:00,Strada Urbana,all'intersezione con,VIA ORESTE SALOMONE,,Scontro frontale-laterale SX fra veicoli in marcia,Incrocio,Una carreggiata a senso unico di marcia,Asciutto,Asfaltata,Verticale ed orizzontale,Sereno,Scarso,Sufficiente,Sufficiente,0,0,0,2,,,False,z,VIA PIETRO ROVETTI,VIA PIETRO ROVETTI,
2627039,2,2015-12-19T23:15:00,Strada Urbana,da specificare,SOTTOVIA IGNAZIO GUIDI,altezza via Piemonte,Veicolo in marcia contro ostacolo fisso,Pendenza,Due carreggiate,Asciutto,Asfaltata,Verticale ed orizzontale,Nebbia,Normale,Buona,Sufficiente,0,0,0,2,12.49637,41.90278,True,z,,,
2628699,12,2015-12-19T23:30:00,Strada Urbana,da specificare,VIA OSTIENSE,fronte civico 80,Scontro laterale fra veicoli in marcia,Rettilineo,Pií_ di due carreggiate,Asciutto,Asfaltata,Verticale ed orizzontale,Sereno,Normale,Sufficiente,Sufficiente,0,0,0,3,,,False,z,,,
2628739,12,2015-12-19T23:50:00,,in corrispondenza,VIA ARDEATINA,,Tamponamento,,,,,,,,,,1,0,0,2,,,False,z,del civico n.,,1242
2626652,20,2015-12-20T00:05:00,Strada Urbana,all'intersezione con,VIA MONTE GIBERTO,,Tamponamento,Incrocio,Una carreggiata a senso unico di marcia,Asciutto,Asfaltata,Verticale ed orizzontale,Sereno,Scarso,Buona,Sufficiente,2,0,0,3,12.51531,41.97827,False,z,VIADOTTO GIUSEPPE SARAGAT,VIADOTTO GIUSEPPE SARAGAT,
2626792,6,2015-12-20T00:45:00,Strada Urbana,in prossimitíæ,VIA DI CENTOCELLE,,Scontro frontale-laterale SX fra veicoli in marcia,Rettilineo,Una carreggiata a doppio senso,Asciutto,Asfaltata,,Sereno,Scarso,Sufficiente,Sufficiente,1,0,0,1,,,False,z,del civico n.,,238
2627773,19,2015-12-20T01:06:00,Strada Urbana,in prossimitíæ,VIA ELIO DONATO,,Veicolo in marcia contro veicoli in sosta,Rettilineo,Una carreggiata a senso unico di marcia,Asciutto,Asfaltata,Verticale ed orizzontale,Sereno,Scarso,Buona,Sufficiente,3,0,0,0,12.44284,41.91278,True,z,del civico n.,,29
2627661,1,2015-12-20T01:30:00,Strada Urbana,in prossimitíæ,VIA GOFFREDO MAMELI,,Veicolo in marcia contro veicolo in sosta,Rettilineo,Una carreggiata a doppio senso,Asciutto,Asfaltata,Verticale ed orizzontale,Sereno,Scarso,Sufficiente,Sufficiente,0,0,0,1,12.58982,41.79723,True,z,del civico n.,,45
2626692,20,2015-12-20T01:40:00,Strada Urbana,in corrispondenza,VIALE CARNARO,,Ribaltamento senza urto contro ostacolo fisso,Curva a visuale libera,Una carreggiata a senso unico di marcia,Asciutto,Asfaltata,Assente,Sereno,Scarso,Sufficiente,Sufficiente,0,0,0,0,,,False,z,del civico n.,,43
2629224,12,2015-12-20T01:40:00,,in corrispondenza,VIA ANTONIO PACINOTTI,,Scontro frontale-laterale DX fra veicoli in marcia,,,,,,,,,,1,0,0,1,,,False,z,del civico n.,,12
2626612,8,2015-12-20T01:50:00,Strada Urbana,all'intersezione con,VIA TUSCOLANA,,Veicolo in marcia contro ostacolo fisso,Incrocio,Due carreggiate,Asciutto,Asfaltata,Orizzontale,Nebbia,Scarso,Buona,Sufficiente,1,0,0,0,12.57887,41.84638,False,z,VIA DEL MURO LINARI,VIA DEL MURO LINARI,
2628267,17,2015-12-20T03:15:00,,all'intersezione con,PIAZZA DELLA ROVERE,,Fuoriuscita dalla sede stradale,,,,,,,,,,0,0,0,1,12.46256,41.89967,False,z,LUNGOTEVERE GIANICOLENSE,LUNGOTEVERE GIANICOLENSE,