_ID,_Gruppo,_DataOraIncidente,_Localizzazione1,_Localizzazione2,_Strada1,_DaSpecificare,_NaturaIncidente,_ParticolaritaStrade,_TipoStrada,_FondoStradale,_Pavimentazione,_Segnaletica,_CondizioneAtmosferica,_Traffico,_Visibilita,_Illuminazione,_NUM_FERITI,_NUM_RISERVATA,_NUM_MORTI,_NUM_ILLESI,_Longitudine,_Latitudine,_CONFERMATO,__prefix,_Strada02,_Strada2,_Chilometrica
2627253,2,2015-12-20T04:15:00,,all'intersezione semaforizzata con,CORSO TRIESTE,,Scontro frontale-laterale SX fra veicoli in marcia,,,,,,,,,,2,0,0,0,12.5084,41.91434,False,z,VIA NOMENTANA,VIA NOMENTANA,
2627702,7,2015-12-20T04:30:00,,in corrispondenza,VIA DELLE ROBINIE,,Scontro laterale fra veicoli in marcia,,,,,,,,,,0,0,0,0,,,False,z,del civico n.,,75-d
2641635,18,2015-12-20T04:30:00,Strada Urbana,in corrispondenza,VIA DEGLI SCIPIONI,,Veicolo in marcia contro veicolo in sosta,Rettilineo,Una carreggiata a doppio senso,Bagnato (brina),Asfaltata,Verticale ed orizzontale,Nebbia,Scarso,Sufficiente,Sufficiente,1,0,0,0,12.46854,41.91105,False,z,del civico n.,,272
2627701,1,2015-12-20T04:45:00,Strada Urbana,all'intersezione semaforizzata con,LUNGOTEVERE TOR DI NONA,,Tamponamento,Intersezione semaforizzata,Una carreggiata a senso unico di marcia,Bagnato (umiditíæ in atto),Asfaltata,Verticale ed orizzontale,Nebbia,Scarso,,Sufficiente,0,0,0,2,,,False,z,PIAZZA DI PONTE UMBERTO I,PIAZZA DI PONTE UMBERTO I,
2627808,19,2015-12-20T05:00:00,Strada Urbana,da specificare,VIA NOMENTANA,pross. rampa tangenziale dir. Foro Italico,Veicolo in marcia contro ostacolo accidentale,Rettilineo,Una carreggiata a senso unico di marcia,Bagnato (umiditíæ in atto),Asfaltata,Orizzontale,Nebbia,Scarso,Insufficiente,Insufficiente,1,0,0,0,12.52767,41.93192,False,z,,,
2626798,13,2015-12-20T05:00:00,,in corrispondenza,VIA DOMENICO CECCAROSSI,,Veicolo in marcia contro ostacolo fisso,,,,,,,,,,0,0,0,2,,,False,z,del civico n.,,58
2630245,1,2015-12-20T07:00:00,Strada Urbana,in prossimitíæ,VIA GIOVANNI GIOLITTI,,Veicolo in marcia contro veicoli in sosta,Rettilineo,Una carreggiata a senso unico di marcia,Asciutto,Asfaltata,Verticale ed orizzontale,Sereno,Scarso,Buona,Ore Diurne,0,0,0,1,,,False,z,del civico n.,,271
2629090,12,2015-12-20T07:30:00,,in prossimitíæ,VIA LAURENTINA,,Scontro frontale-laterale DX fra veicoli in marcia,,,,,,,,,,1,0,0,0,,,False,z,del civico n.,,591
2630265,1,2015-12-20T08:15:00,Strada Urbana,in corrispondenza,VIA EMILIO MOROSINI,,Scontro frontale-laterale SX fra veicoli in marcia,Rettilineo,Una carreggiata a senso unico di marcia,Asciutto,Asfaltata,Verticale ed orizzontale,Sereno,Normale,Buona,Ore Diurne,0,0,0,2,,,False,z,del civico n.,,29
2627876,10,2015-12-20T08:20:00,Strada Urbana,all'intersezione con,VIA GASPERINA,,Scontro frontale-laterale SX fra veicoli in marcia,Incrocio,Una carreggiata a doppio senso,Asciutto,Asfaltata,Verticale ed orizzontale,Sereno,Scarso,Buona,Ore Diurne,2,0,0,1,,,False,z,VIA CROPANI,VIA CROPANI,
2627721,4,2015-12-20T08:45:00,,in corrispondenza,VIA SALARIA,,Scontro laterale fra veicoli in marcia,,,,,,,,,,0,0,0,3,12.50624,41.96289,False,z,della chilometrica,,14.5
2627813,4,2015-12-20T09:00:00,Strada Urbana,in prossimitíæ,VIA GIOVANNI CONTI,,Veicolo in marcia contro veicoli in sosta,Rettilineo,Due carreggiate,Asciutto,Asfaltata,Assente,Sereno,Scarso,Sufficiente,Sufficiente,0,0,0,1,12.53305,41.95602,False,z,del civico n.,,188
2627262,13,2015-12-20T09:20:00,Strada Urbana,all'intersezione con,VIALE DI CASTEL PORZIANO,,Scontro laterale fra veicoli in marcia,Incrocio,Una carreggiata a doppio senso,Asciutto,Asfaltata,Orizzontale,,Normale,Buona,Ore Diurne,1,0,0,1,12.34914,41.73083,False,z,VIA PREDOI,VIA PREDOI,
2627580,8,2015-12-20T09:25:00,Strada Urbana,all'intersezione con,VIA CARLO SARACENI,,Scontro laterale fra veicoli in marcia,Incrocio,Una carreggiata a senso unico di marcia,Asciutto,Asfaltata,Verticale,Sereno,Normale,Buona,Ore Diurne,1,0,0,6,12.62532,41.86642,False,z,VIA ALFONSO ALBERGHETTI,VIA ALFONSO ALBERGHETTI,
2627006,5,2015-12-20T09:45:00,,da specificare,VIA RUBELLIA,"in corrispondenza di piazza s, Mario dell'Olivo",Scontro frontale-laterale DX fra veicoli in marcia,,,,,,,,,,1,0,0,0,,,False,z,,,
2627571,8,2015-12-20T09:55:00,Strada Urbana,all'intersezione con,VIA DI VERMICINO,,Scontro frontale-laterale DX fra veicoli in marcia,Incrocio,Una carreggiata a doppio senso,Asciutto,Asfaltata,Verticale ed orizzontale,Sereno,Scarso,Buona,Ore Diurne,0,0,0,2,12.67138,41.86074,True,z,VIA PATERNO',VIA PATERNO',
2627290,13,2015-12-20T10:05:00,Strada Urbana,all'intersezione con,PIAZZA DI S. MONICA,,Scontro frontale-laterale SX fra veicoli in marcia,Incrocio,Due carreggiate,,,,,,,,0,0,0,2,,,False,z,VIA DELLE GONDOLE,VIA DELLE GONDOLE,
2626881,4,2015-12-20T10:30:00,,in prossimitíæ,VIA CONCA D'ORO,,Investimento di pedone,,,,,,,,,,1,0,0,2,12.53055,41.9373,False,z,del civico n.,,40
2627762,19,2015-12-20T10:50:00,Strada Urbana,all'intersezione con,VIA ANDERSEN,,Scontro frontale fra veicoli in marcia,Incrocio,Una carreggiata a doppio senso,Asciutto,Asfaltata,Orizzontale,Sereno,Normale,Buona,Ore Diurne,1,0,0,2,12.40047,41.92333,False,z,VIA THOMAS MANN,VIA THOMAS MANN,
2630148,23,2015-12-20T11:00:00,Strada Urbana,all'intersezione con,PIAZZALE CRISTOFORO COLOMBO,,Scontro laterale fra veicoli in marcia,Intersezione stradale segnalata,Una carreggiata a senso unico di marcia,Asciutto,Asfaltata,Orizzontale,Sereno,Scarso,Buona,Ore Diurne,0,0,0,2,12.31933,41.71615,False,z,VIA CRISTOFORO COLOMBO,VIA CRISTOFORO COLOMBO,
2629364,12,2015-12-20T11:15:00,,in corrispondenza,VIA CRISTOFORO COLOMBO,,Scontro frontale-laterale DX fra veicoli in marcia,,,,,,,,,,1,0,0,2,,,False,z,del civico n.,,714
2628083,2,2015-12-20T11:20:00,Strada Urbana,all'intersezione con,VIA MASSACIUCCOLI,,Scontro frontale-laterale DX fra veicoli in marcia,Incrocio,Una carreggiata a senso unico di marcia,Asciutto,Asfaltata,Verticale,Sereno,Normale,Buona,Ore Diurne,0,0,0,3,12.51487,41.92687,False,z,VIA LAGO DI LESINA,VIA LAGO DI LESINA,
2627601,11,2015-12-20T11:40:00,Strada Urbana,da specificare,VIA CRISTOFORO COLOMBO,prossimitíæ via Oropa,Tamponamento,Rettilineo,Pií_ di due carreggiate,Asciutto,Asfaltata,Verticale ed orizzontale,Sereno,Normale,Buona,Ore Diurne,1,0,0,2,12.48073,41.8476,True,z,,,
2626906,12,2015-12-20T11:45:00,Strada Urbana,all'intersezione semaforizzata con,VIA CRISTOFORO COLOMBO,,Scontro frontale-laterale DX fra veicoli in marcia,Intersezione semaforizzata,Due carreggiate,Asciutto,Asfaltata,Verticale ed orizzontale,Sereno,Normale,Buona,Ore Diurne,0,0,0,2,12.46996,41.83057,True,z,VIALE EUROPA,VIALE EUROPA,
2627922,10,2015-12-20T12:35:00,Strada Urbana,in prossimitíæ,VIALE DEI CONSOLI,,Scontro laterale fra veicoli in marcia,Rettilineo,Due carreggiate,Asciutto,Asfaltata,Assente,Sereno,Normale,Buona,Ore Diurne,0,0,0,3,12.55159,41.8646,False,z,del civico n.,,156
2627605,6,2015-12-20T12:35:00,Strada Urbana,da specificare,VIALE TELESE,F.C. 1,Scontro frontale-laterale SX fra veicoli in marcia,Rettilineo,Una carreggiata a doppio senso,Asciutto,Asfaltata,Verticale ed orizzontale,Sereno,Scarso,Buona,Ore Diurne,0,0,0,2,,,False,z,,,
2630274,1,2015-12-20T13:00:00,Strada Urbana,all'intersezione semaforizzata con,PIAZZA DI PORTA MAGGIORE,,Veicolo in marcia contro ostacolo accidentale,Intersezione semaforizzata,Una carreggiata a doppio senso,Asciutto,Con buche,Verticale ed orizzontale,Sereno,Scarso,Buona,Ore Diurne,1,0,0,0,,,False,z,VIA DI PORTA MAGGIORE,VIA DI PORTA MAGGIORE,
2629505,17,2015-12-20T13:00:00,,all'intersezione con,VIA COLA DI RIENZO,,Scontro frontale-laterale SX fra veicoli in marcia,,,,,,,,,,2,0,0,1,12.46553,41.90808,False,z,VIA VARRONE,VIA VARRONE,
2627925,17,2015-12-20T13:00:00,Strada Urbana,all'intersezione con,VIALE DELLE MILIZIE,,Scontro frontale-laterale DX fra veicoli in marcia,Intersezione stradale segnalata,Pií_ di due carreggiate,Asciutto,Asfaltata,Verticale ed orizzontale,Sereno,Normale,Buona,Ore Diurne,2,0,0,1,12.46213,41.91213,False,z,VIA SIMONE DE SAINT BON,VIA SIMONE DE SAINT BON,
2627752,4,2015-12-20T13:15:00,,da specificare,VIA MARIO BACCHELLI,in corrispondenza del fronte civico 11,Veicolo in marcia contro veicolo in sosta,,,,,,,,,,0,0,0,3,12.38095,41.77657,False,z,,,
2627666,10,2015-12-20T13:30:00,Strada Urbana,in corrispondenza,VIA MARCO PAPIO,,Veicolo in marcia contro veicolo fermo,Rettilineo,Una carreggiata a doppio senso,Asciutto,Asfaltata,Assente,Sereno,Normale,Buona,Ore Diurne,0,0,0,2,12.55147,41.86568,True,z,del civico n.,,30
2627642,7,2015-12-20T13:30:00,,all'intersezione con,VIA DEGLI ACERI,,Scontro frontale-laterale SX fra veicoli in marcia,,,,,,,,,,1,0,0,2,,,False,z,VIA DELLE AZALEE,VIA DELLE AZALEE,
2627903,20,2015-12-20T14:00:00,Strada Urbana,in prossimitíæ,VIA CASSIA,,Scontro frontale-laterale DX fra veicoli in marcia,Rettilineo,Una carreggiata a doppio senso,Asciutto,Asfaltata,Verticale ed orizzontale,Sereno,Normale,Buona,Ore Diurne,0,0,0,2,,,False,z,del civico n.,,901
2627570,8,2015-12-20T14:10:00,Strada Urbana,da specificare,VIA GIORGIO GRAPPELLI,altezza centro comm.le Roma est,Scontro frontale-laterale DX fra veicoli in marcia,Rettilineo,Due carreggiate,Asciutto,Asfaltata,Verticale ed orizzontale,Sereno,Intenso,Buona,Ore Diurne,0,0,0,3,12.66081,41.91222,True,z,,,
2629195,12,2015-12-20T14:10:00,Strada Urbana,all'intersezione semaforizzata con,VIALE EGEO,,Veicolo in marcia contro ostacolo accidentale,Intersezione semaforizzata,Due carreggiate,Asciutto,Asfaltata,Verticale ed orizzontale,Sereno,Normale,Buona,Ore Diurne,0,0,0,1,12.45302,41.82792,True,z,VIALE DELL'OCEANO INDIANO,VIALE DELL'OCEANO INDIANO,
2627823,2,2015-12-20T14:25:00,Strada Urbana,da specificare,VIA DEL FORO ITALICO,civ. 491 dir. Stadio Olimpico,Scontro frontale-laterale DX fra veicoli in marcia,Rettilineo,Due carreggiate,Asciutto,Asfaltata,Verticale ed orizzontale,Sereno,Normale,Buona,Ore Diurne,1,0,0,0,,,False,z,,,
2631372,1,2015-12-20T14:45:00,Strada Urbana,in prossimitíæ,VIA GIULIA,,Veicolo in marcia contro ostacolo accidentale,Rettilineo,Una carreggiata a doppio senso,Viscido da liquidi oleosi,Acciotolata,Verticale ed orizzontale,Sereno,Scarso,Buona,Ore Diurne,0,0,0,1,,,False,z,del civico n.,,185
2627588,8,2015-12-20T14:50:00,Strada Urbana,in prossimitíæ,VIALE DEI ROMANISTI,,Veicolo in marcia contro ostacolo accidentale,Rettilineo,Pií_ di due carreggiate,Asciutto,Asfaltata,Orizzontale,Sereno,Scarso,Buona,Ore Diurne,0,0,0,1,12.57784,41.86709,True,z,del civico n.,,123
2627771,8,2015-12-20T15:05:00,Strada Urbana,in prossimitíæ,VIA LUCIANO CONTI,,Veicolo in marcia contro ostacolo accidentale,Rettilineo,Una carreggiata a doppio senso,Asciutto,Strada pavimentata dissestata,Orizzontale,Sereno,Intenso,Buona,Ore Diurne,0,0,0,1,,,False,z,del civico n.,,48
2627749,8,2015-12-20T15:10:00,Strada Urbana,in prossimitíæ,VIALE DELLA SORBONA,,Veicolo in marcia contro ostacolo fisso,Curva a visuale libera,Una carreggiata a doppio senso,Asciutto,Asfaltata,Verticale ed orizzontale,Sereno,Normale,Buona,Ore Diurne,1,0,0,2,12.61206,41.85464,True,z,del palo luce n.,,23
2627328,5,2015-12-20T15:30:00,,da specificare,VIA DELLA TENUTA DEL CAVALIERE,circa 40 mt. oltre Via Tocco Da Casauria,Scontro laterale fra veicoli in marcia,,,,,,,,,,1,0,0,0,,,False,z,,,
2629115,12,2015-12-20T15:45:00,Strada Urbana,all'intersezione semaforizzata con,VIA LAURENTINA,,Scontro frontale-laterale DX fra veicoli in marcia,Intersezione semaforizzata,Pií_ di due carreggiate,Asciutto,Asfaltata,Verticale ed orizzontale,Sereno,Normale,Buona,Ore Diurne,0,0,0,2,12.47927,41.82458,True,z,VIA CELINE,VIA CELINE,
2628169,2,2015-12-20T15:50:00,Strada Urbana,in prossimitíæ,VIALE LIBIA,,Veicolo in marcia contro veicoli in arresto,Rettilineo,Una carreggiata a doppio senso,Asciutto,Asfaltata,Verticale ed orizzontale,Sereno,Intenso,Buona,Ore Diurne,0,0,0,2,12.52,41.93222,False,z,del civico n.,,184
2627573,8,2015-12-20T16:30:00,Strada Urbana,da specificare,VIA DI TOR BELLA MONACA,100 m  prima di Via Casilina,Scontro laterale fra veicoli in marcia,Rettilineo,Due carreggiate,Asciutto,Asfaltata,Verticale ed orizzontale,Sereno,Normale,Buona,Ore Diurne,0,0,0,1,12.64009,41.86385,False,z,,,
2627774,20,2015-12-20T16:35:00,Strada Urbana,all'intersezione con,VIA CASSIA,,Scontro frontale-laterale SX fra veicoli in marcia,Incrocio,Una carreggiata a doppio senso,Bagnato (umiditíæ in atto),Asfaltata,Verticale ed orizzontale,Sereno,Intenso,Sufficiente,Sufficiente,1,0,0,2,,,False,z,VIA VILFREDO PARETO,VIA VILFREDO PARETO,
2627776,19,2015-12-20T16:45:00,Strada Urbana,all'intersezione con,VIA DELLA PINETA SACCHETTI,,Scontro laterale fra veicoli in marcia,Incrocio,Una carreggiata a senso unico di marcia,Asciutto,Asfaltata,Verticale ed orizzontale,Sereno,Scarso,Buona,Ore Diurne,0,0,0,2,12.42428,41.9229,True,z,VIA DI VILLA MAGGIORANI,VIA DI VILLA MAGGIORANI,
2627783,17,2015-12-20T17:00:00,Strada Urbana,da specificare,LUNGOTEVERE MICHELANGELO,prossimitíæ P.ZA DELLA LIBERTA',Tamponamento,Rettilineo,Una carreggiata a senso unico di marcia,Asciutto,Asfaltata,Verticale ed orizzontale,Sereno,Normale,Sufficiente,Sufficiente,0,0,0,2,12.47036,41.91219,False,z,,,
2627757,17,2015-12-20T17:00:00,Strada Urbana,in prossimitíæ,PONTE REGINA MARGHERITA,,Scontro frontale fra veicoli in marcia,Rettilineo,Una carreggiata a doppio senso,Asciutto,Asfaltata,Orizzontale,Sereno,Intenso,Sufficiente,Sufficiente,0,0,0,3,12.47301,41.90989,False,z,del civico n.,,2
2628000,2,2015-12-20T17:30:00,Strada Urbana,in prossimitíæ,LUNGOTEVERE ARNALDO DA BRESCIA,,Scontro laterale fra veicoli in marcia,Rettilineo,Una carreggiata a senso unico di marcia,Asciutto,Asfaltata,Verticale ed orizzontale,Sereno,Normale,Buona,Sufficiente,0,0,0,4,12.47209,41.9138,False,z,del civico n.,,11
2627427,15,2015-12-20T17:50:00,,da specificare,VIA DI MALNOME,PROSSIMITA' INGRESSO POLIGONO TIRO AL PIATTELLO,Scontro frontale fra veicoli in marcia,,,,,,,,,,1,0,0,1,,,False,z,,,
2627574,6,2015-12-20T18:05:00,Strada Urbana,da specificare,VIA DI CENTOCELLE,fronte Via Sestio Menas 38,Investimento di pedone,,Una carreggiata a doppio senso,Asciutto,Asfaltata,,Sereno,Normale,Sufficiente,Insufficiente,0,0,0,3,,,False,z,,,
2627682,7,2015-12-20T18:10:00,,in corrispondenza,VIA DELLE PALME,,Investimento di pedone,,,,,,,,,,1,0,0,1,,,False,z,del civico n.,,40
2630176,1,2015-12-20T18:40:00,Strada Urbana,all'intersezione con,VIA DEI MILLE,,Scontro frontale-laterale DX fra veicoli in marcia,Incrocio,Una carreggiata a senso unico di marcia,Asciutto,Asfaltata,Verticale,Sereno,Scarso,Buona,Sufficiente,2,0,0,2,12.50491,41.90236,False,z,VIA MILAZZO,VIA MILAZZO,
2628101,16,2015-12-20T18:50:00,Strada Urbana,in corrispondenza,VIALE DEI COLLI PORTUENSI,,Tamponamento Multiplo,Rettilineo,Due carreggiate,Asciutto,Asfaltata,Verticale ed orizzontale,Sereno,Intenso,Buona,Sufficiente,0,0,0,4,,,False,z,del civico n.,,522
2627591,6,2015-12-20T18:50:00,Strada Urbana,da specificare,VIA DEI GORDIANI,alt. via C. DURANTE,Scontro laterale fra veicoli in marcia,Rettilineo,,Asciutto,Asfaltata,Verticale ed orizzontale,Sereno,Normale,Sufficiente,Sufficiente,0,0,0,2,,,False,z,,,
2628093,16,2015-12-20T19:00:00,Strada Urbana,da specificare,VIA DI BRAVETTA,altezza via Rossiglione,Investimento di pedone,Rettilineo,Una carreggiata a doppio senso,Asciutto,Asfaltata,Verticale ed orizzontale,Sereno,Normale,Sufficiente,Sufficiente,1,0,0,2,,,False,z,,,
2627577,8,2015-12-20T19:00:00,,da specificare,VIA DI TOR BELLA MONACA,altezza calvalcavia GRA,Veicolo in marcia contro ostacolo fisso,,,,,,,,,,1,0,0,0,,,False,z,,,
2627895,10,2015-12-20T19:05:00,Strada Urbana,in prossimitíæ,VIA TUSCOLANA,,Scontro laterale fra veicoli in marcia,Rettilineo,Una carreggiata a senso unico di marcia,Asciutto,Asfaltata,Verticale ed orizzontale,Sereno,Normale,Sufficiente,Sufficiente,0,0,0,3,12.58406,41.84261,False,z,del civico n.,,1788
2627870,2,2015-12-20T19:30:00,,da specificare,VIA DI S. VALENTINO,pross. v.le Pilsudski,Scontro laterale fra veicoli in marcia,,,,,,,,,,0,0,0,2,,,False,z,,,
2627745,10,2015-12-20T19:30:00,Strada Urbana,da specificare,VIA QUINTO PUBLICIO,fronte civ. 1,Tamponamento,Rettilineo,Due carreggiate,Asciutto,Asfaltata,Verticale ed orizzontale,Sereno,Intenso,Buona,Sufficiente,0,0,0,5,12.56917,41.85576,False,z,,,
2627546,6,2015-12-20T19:30:00,Strada Urbana,in prossimitíæ,VIA LEONARDO BUFALINI,,Scontro laterale fra veicoli in marcia,Rettilineo,Una carreggiata a senso unico di marcia,Asciutto,Asfaltata,Assente,Sereno,Normale,Buona,Sufficiente,0,0,0,2,12.53865,41.8821,False,z,del civico n.,,19
2629295,12,2015-12-20T19:30:00,Strada Urbana,all'intersezione con,VIALE DELL'ARTE,,Scontro laterale fra veicoli in marcia,Incrocio,Una carreggiata a doppio senso,Bagnato (umiditíæ in atto),Asfaltata,Verticale ed orizzontale,Sereno,Normale,Sufficiente,Sufficiente,0,0,0,4,12.47442,41.82979,False,z,VIALE AFRICA,VIALE AFRICA,
2627615,5,2015-12-20T20:50:00,Strada Urbana,da specificare,VIA NOMENTANA,dir. GRA prox. via Valbrembana,Scontro frontale-laterale SX fra veicoli in marcia,Rettilineo,Due carreggiate,Asciutto,Asfaltata,Verticale ed orizzontale,Sereno,Scarso,Buona,Sufficiente,1,0,0,4,,,False,z,,,
2627741,20,2015-12-20T21:15:00,Provinciale,da specificare,VIA ANGUILLARESE,prossimitíæ Via della Casaccia,Fuoriuscita dalla sede stradale,Curva a visuale libera,Una carreggiata a doppio senso,Bagnato (umiditíæ in atto),Asfaltata,Verticale ed orizzontale,Sereno,Scarso,Insufficiente,Inesistente,1,0,0,0,12.29636,42.04772,False,z,,,
2627714,20,2015-12-20T23:30:00,Regionale entro l'abitato,in prossimitíæ,VIA CASSIA,,Investimento di pedone,Rettilineo,Una carreggiata a doppio senso,Bagnato (umiditíæ in atto),Asfaltata,Verticale ed orizzontale,Sereno,Scarso,Sufficiente,Sufficiente,1,0,0,1,,,False,z,del civico n.,,1008
2627681,8,2015-12-20T23:40:00,Strada Urbana,all'intersezione con,VIA CASILINA,,Veicolo in marcia contro ostacolo fisso,Intersezione stradale segnalata,Una carreggiata a senso unico di marcia,Asciutto,Asfaltata,Orizzontale,Sereno,Scarso,Buona,Sufficiente,0,0,0,1,12.64312,41.86259,False,z,VIA ERNESTO BREDA,VIA ERNESTO BREDA,
2627626,6,2015-12-20T23:45:00,,all'intersezione con,VIALE EGIDIO GALBANI,,Veicolo in marcia contro ostacolo accidentale,,,,,,,,,,0,0,0,2,,,False,z,VIA PIETRO NEGRONI,VIA PIETRO NEGRONI,
2627800,10,2015-12-21T00:05:00,Strada Urbana,all'intersezione semaforizzata con,VIA TUSCOLANA,,Scontro laterale fra veicoli in marcia,Intersezione semaforizzata,Due carreggiate,Asciutto,Asfaltata,Verticale ed orizzontale,Sereno,Normale,Sufficiente,Sufficiente,0,0,0,2,12.57887,41.84638,False,z,VIA DELL'ARCO DI TRAVERTINO,VIA DELL'ARCO DI TRAVERTINO,
2627822,10,2015-12-21T00:10:00,Strada Urbana,all'intersezione con,VIA ARDEATINA,,Scontro frontale-laterale DX fra veicoli in marcia,Incrocio,Una carreggiata a doppio senso,Asciutto,Asfaltata,Verticale ed orizzontale,Sereno,Scarso,Sufficiente,Inesistente,0,0,0,3,12.56048,41.76131,False,z,VIA DELLA FALCOGNANA,VIA DELLA FALCOGNANA,
2630908,1,2015-12-21T00:40:00,Strada Urbana,all'intersezione semaforizzata con,VIA BARBERINI,,Tamponamento,Intersezione semaforizzata,Una carreggiata a senso unico di marcia,Asciutto,Asfaltata,Verticale ed orizzontale,Sereno,Scarso,Buona,Sufficiente,0,0,0,3,,,False,z,VIA DELLE QUATTRO FONTANE,VIA DELLE QUATTRO FONTANE,
2627587,11,2015-12-21T00:45:00,,da specificare,VIA GASPARE GOZZI,pross. via P.GIORDANI,Tamponamento,,,,,,,,,,1,0,0,1,,,False,z,,,
2627901,1,2015-12-21T01:00:00,Strada Urbana,in prossimitíæ,VIALE DELLA PIRAMIDE CESTIA,,Veicolo in marcia contro veicoli in sosta,Rettilineo,Una carreggiata a senso unico di marcia,Asciutto,In cubetti di porfido,Verticale ed orizzontale,Sereno,Scarso,Buona,Sufficiente,0,0,0,0,,,False,z,del civico n.,,49
2627740,20,2015-12-21T01:30:00,Strada Urbana,in prossimitíæ,VIALE DI TOR DI QUINTO,,Veicolo in marcia contro ostacolo fisso,Rettilineo,Due carreggiate,Asciutto,Asfaltata,Verticale ed orizzontale,Sereno,Scarso,Sufficiente,Sufficiente,0,0,0,1,,,False,z,del civico n.,,151
2627933,4,2015-12-21T02:30:00,Strada Urbana,da specificare,VIALE TIRRENO,via Conca d'Oro,Veicolo in marcia contro veicolo in sosta,Rettilineo,Una carreggiata a senso unico di marcia,Asciutto,Asfaltata,Verticale ed orizzontale,Sereno,Scarso,Buona,Ore Diurne,0,0,0,2,12.52934,41.94047,False,z,,,
2630172,23,2015-12-21T02:30:00,,in corrispondenza,VIA OSTIENSE,,Ribaltamento senza urto contro ostacolo fisso,,,,,,,,,,0,0,0,1,,,False,z,della chilometrica,,6.2
2627694,20,2015-12-21T03:40:00,Regionale entro l'abitato,da specificare,VIA CASSIA,prossimitíæ Rampa GRA,Veicolo in marcia contro ostacolo fisso,Pendenza,Una carreggiata a doppio senso,Bagnato (umiditíæ in atto),Asfaltata,Verticale ed orizzontale,Sereno,Scarso,Buona,Sufficiente,0,0,0,2,,,False,z,,,
2630798,1,2015-12-21T06:25:00,Strada Urbana,all'intersezione semaforizzata con,LUNGOTEVERE DEI FIORENTINI,,Scontro laterale fra veicoli in marcia,Intersezione semaforizzata,Una carreggiata a senso unico di marcia,Bagnato (brina),Asfaltata,Verticale ed orizzontale,Sereno,Normale,Buona,Ore Diurne,0,0,0,2,,,False,z,PONTE VITTORIO EMANUELE II,PONTE VITTORIO EMANUELE II,
2627703,8,2015-12-21T06:45:00,,da specificare,VIA CASILINA,via Serradifalco,Investimento di pedone,,,,,,,,,,1,0,0,1,12.69147,41.86373,False,z,,,
2628279,16,2015-12-21T07:15:00,,in corrispondenza,VIA FONTEIANA,,Investimento di pedone,,,,,,,,,,1,0,0,1,,,False,z,del civico n.,,37
2627713,5,2015-12-21T07:50:00,Strada Urbana,da specificare,VIA TIBURTINA,altezza G.R.A. direzione Tivoli,Scontro laterale fra veicoli in marcia,Rettilineo,Una carreggiata a doppio senso,Asciutto,Asfaltata,Verticale ed orizzontale,Sereno,Intenso,Buona,Ore Diurne,0,0,0,2,12.60303,41.93361,False,z,,,
2627693,20,2015-12-21T07:50:00,Regionale,da specificare,VIA FLAMINIA,dir. centro sotto viadotto GRA,Scontro laterale fra veicoli in marcia,Curva a visuale libera,Due carreggiate,Bagnato (umiditíæ in atto),Asfaltata,Verticale ed orizzontale,Nebbia,Intenso,Sufficiente,Ore Diurne,0,0,0,3,,,False,z,,,
2631190,1,2015-12-21T07:50:00,Strada Urbana,all'intersezione con,VIA DELL'AMBA ARADAM,,Tamponamento Multiplo,Incrocio,Una carreggiata a doppio senso,Asciutto,Asfaltata,Verticale ed orizzontale,Sereno,Normale,Buona,Ore Diurne,0,0,0,3,,,False,z,VIA DEI VALERI,VIA DEI VALERI,
2629581,13,2015-12-21T08:00:00,Strada Urbana,in corrispondenza,VIA COSTANZO CASANA,,Veicolo in marcia contro veicolo in sosta,Rettilineo,Due carreggiate,Asciutto,Asfaltata,Verticale ed orizzontale,Sereno,Normale,Buona,Ore Diurne,0,0,0,0,12.2735,41.73965,False,z,del civico n.,,35
2629002,9,2015-12-21T08:05:00,,in prossimitíæ,VIA CLATERNA,,Infortunio per sola frenata improvvisa,,,,,,,,,,1,0,0,1,,,False,z,del civico n.,,2
2629151,13,2015-12-21T08:10:00,Strada Urbana,all'intersezione con,VIA DI ACILIA,,Scontro laterale fra veicoli in marcia,Incrocio,Una carreggiata a doppio senso,Asciutto,Asfaltata,Verticale ed orizzontale,Sereno,Intenso,Buona,Ore Diurne,0,0,0,3,12.36742,41.77961,False,z,VIA EUGENIO CISTERNA,VIA EUGENIO CISTERNA,
2628698,10,2015-12-21T08:15:00,Strada Urbana,da specificare,VIA APPIA PIGNATELLI,PROSSIMITA' VIA DEL MENOFILO,Scontro frontale-laterale DX fra veicoli in marcia,Rettilineo,Una carreggiata a doppio senso,Asciutto,Asfaltata,Verticale ed orizzontale,Sereno,Intenso,Buona,Ore Diurne,1,0,0,1,12.54862,41.83773,False,z,,,
2629507,13,2015-12-21T08:20:00,,in corrispondenza,VIA DI ACILIA,,Scontro frontale-laterale SX fra veicoli in marcia,,,,,,,,,,0,0,0,2,,,False,z,del civico n.,,388