_ID,_Gruppo,_DataOraIncidente,_Localizzazione1,_Localizzazione2,_Strada1,_DaSpecificare,_NaturaIncidente,_ParticolaritaStrade,_TipoStrada,_FondoStradale,_Pavimentazione,_Segnaletica,_CondizioneAtmosferica,_Traffico,_Visibilita,_Illuminazione,_NUM_FERITI,_NUM_RISERVATA,_NUM_MORTI,_NUM_ILLESI,_Longitudine,_Latitudine,_CONFERMATO,__prefix,_Strada02,_Strada2,_Chilometrica
2627976,7,2015-12-21T08:30:00,Strada Urbana,all'intersezione con,VIA DEI CICLAMINI,,Scontro frontale-laterale SX fra veicoli in marcia,Incrocio,Una carreggiata a doppio senso,Bagnato (umiditíæ in atto),Asfaltata,Verticale ed orizzontale,Sereno,Normale,Buona,Ore Diurne,1,0,0,2,12.56719,41.88887,False,z,VIA DEI GELSI,VIA DEI GELSI,
2630954,1,2015-12-21T08:40:00,Strada Urbana,all'intersezione con,VIALE MANZONI,,Investimento di pedone,Incrocio,Una carreggiata a doppio senso,Asciutto,Asfaltata,Orizzontale,Sereno,Normale,Buona,Ore Diurne,1,0,0,1,,,False,z,VIA LUIGI LUZZATTI,VIA LUIGI LUZZATTI,
2631274,1,2015-12-21T08:50:00,Strada Urbana,all'intersezione semaforizzata con,VIA FILIPPO TURATI,,Investimento di pedone,Intersezione semaforizzata,Una carreggiata a senso unico di marcia,Asciutto,Asfaltata,Verticale ed orizzontale,Sereno,Normale,Buona,Ore Diurne,2,0,0,1,,,False,z,VIA MAMIANI,VIA MAMIANI,
2631351,1,2015-12-21T09:15:00,Strada Urbana,all'intersezione con,VIA MERULANA,,Infortunio per caduta del veicolo,Incrocio,Una carreggiata a doppio senso,Asciutto,Asfaltata,Verticale ed orizzontale,Sereno,Normale,Buona,Ore Diurne,1,0,0,0,,,False,z,VIA ALFIERI,VIA ALFIERI,
2629579,17,2015-12-21T09:15:00,Strada Urbana,all'intersezione con,VIA GERMANICO,,Investimento di pedone,Incrocio,Una carreggiata a senso unico di marcia,Asciutto,Asfaltata,Verticale ed orizzontale,Sereno,Normale,Buona,Ore Diurne,0,0,0,2,12.46079,41.90847,False,z,VIA CAIO MARIO,VIA CAIO MARIO,
2627869,6,2015-12-21T09:30:00,Statale entro l'abitato,all'intersezione con,VIA CASILINA,,Scontro frontale fra veicoli in marcia,Incrocio,Una carreggiata a doppio senso,Asciutto,Asfaltata,Orizzontale,Sereno,Intenso,Buona,Ore Diurne,1,0,0,1,12.52755,41.88643,True,z,CIRCONVALLAZIONE CASILINA,CIRCONVALLAZIONE CASILINA,
2629093,9,2015-12-21T09:30:00,,in corrispondenza,VIA ALBA,,Scontro laterale fra veicoli in marcia,,,,,,,,,,0,0,0,3,,,False,z,del civico n.,,41
2628131,7,2015-12-21T09:30:00,Strada Urbana,all'intersezione con,VIA DEI GELSI,,Scontro frontale-laterale DX fra veicoli in marcia,Incrocio,Una carreggiata a doppio senso,Asciutto,Asfaltata,Verticale ed orizzontale,Sereno,Normale,Buona,Ore Diurne,0,0,0,1,,,False,z,VIALE DELLE ORCHIDEE,VIALE DELLE ORCHIDEE,
2635240,16,2015-12-21T09:40:00,Strada Urbana,in corrispondenza,PIAZZA IPPOLITO NIEVO,,Scontro frontale-laterale SX fra veicoli in marcia,Rettilineo,Pií_ di due carreggiate,Asciutto,Asfaltata,Verticale ed orizzontale,Sereno,Normale,Buona,Ore Diurne,0,0,0,6,12.49637,41.90278,True,z,del civico n.,,fc 25
2627900,10,2015-12-21T09:45:00,Strada Urbana,in prossimitíæ,VIA DELLE CAPANNELLE,,Scontro frontale-laterale DX fra veicoli in marcia,Rettilineo,Una carreggiata a doppio senso,Asciutto,Asfaltata,Orizzontale,Sereno,Intenso,Buona,Ore Diurne,1,0,0,1,,,False,z,del palo luce n.,,90
2629222,4,2015-12-21T09:56:00,Strada Urbana,all'intersezione con,VIA NOMENTANA,,Scontro frontale-laterale DX fra veicoli in marcia,Incrocio,Una carreggiata a doppio senso,Asciutto,Asfaltata,Verticale ed orizzontale,Sereno,Intenso,Buona,Ore Diurne,0,0,0,4,12.54286,41.9377,False,z,VIA JACOPO SANNAZZARO,VIA JACOPO SANNAZZARO,
2629198,16,2015-12-21T10:00:00,,in prossimitíæ,VIA BERNARDINO RAMAZZINI,,Tamponamento,,,,,,,,,,1,0,0,2,,,False,z,del palo luce n.,,10
2629795,13,2015-12-21T10:10:00,Strada Urbana,da specificare,VIA CRISTOFORO COLOMBO,altezza km20+700,Tamponamento Multiplo,Pendenza,Due carreggiate,Asciutto,Asfaltata,Verticale ed orizzontale,Sereno,Normale,Buona,Ore Diurne,3,0,0,4,12.37984,41.76232,False,z,,,
2628019,20,2015-12-21T10:15:00,Regionale,da specificare,VIADOTTO GIUBILEO DEL 2000,100 metri prima svincolo Cassia V. dir. centro,Fuoriuscita dalla sede stradale,Curva a visuale libera,Due carreggiate,Bagnato (umiditíæ in atto),Asfaltata,Verticale ed orizzontale,Nebbia,Scarso,Sufficiente,Ore Diurne,1,0,0,0,,,False,z,,,
2628708,10,2015-12-21T11:00:00,Strada Urbana,in prossimitíæ,VIA DI CAMPO ROMANO,,Scontro laterale fra veicoli in marcia,Rettilineo,Una carreggiata a doppio senso,Asciutto,Asfaltata,Verticale,Sereno,Normale,Buona,Ore Diurne,0,0,0,2,12.6144,41.83047,False,z,del civico n.,,22
2630951,18,2015-12-21T11:00:00,Strada Urbana,in corrispondenza,VIA CARLO ZUCCHI,,Scontro frontale fra veicoli in marcia,Rettilineo,Una carreggiata a doppio senso,Asciutto,Asfaltata,Verticale ed orizzontale,Sereno,Scarso,Buona,Ore Diurne,0,0,0,2,,,False,z,del civico n.,,11
2629566,17,2015-12-21T11:15:00,Strada Urbana,in prossimitíæ,VIA POMPEO MAGNO,,Investimento di pedone,Rettilineo,Una carreggiata a senso unico di marcia,Asciutto,Asfaltata,Orizzontale,Sereno,Normale,Buona,Ore Diurne,0,0,0,2,12.46997,41.91084,True,z,del civico n.,,5
2629009,8,2015-12-21T11:20:00,Strada Urbana,da specificare,VIA COLLATINA,ingresso area parcheggio stazione FFSS Lunghezza,Investimento di pedone,Rettilineo,Una carreggiata a doppio senso,Asciutto,Asfaltata,Verticale ed orizzontale,Sereno,Normale,Buona,Ore Diurne,1,0,0,2,,,False,z,,,
2629869,3,2015-12-21T11:30:00,Strada Urbana,in corrispondenza,VIA NOMENTANA,,Tamponamento Multiplo,Rettilineo,Pií_ di due carreggiate,Asciutto,Asfaltata,Verticale ed orizzontale,Sereno,Intenso,Buona,Ore Diurne,2,0,0,3,12.50957,41.91519,False,z,del civico n.,,261
2629003,8,2015-12-21T11:30:00,Strada Urbana,da specificare,VIA COLLATINA,20 mt dopo via Rosatelli dir Roma,Veicolo in marcia contro ostacolo accidentale,Rettilineo,Una carreggiata a doppio senso,Asciutto,Con buche,Orizzontale,Sereno,Normale,Buona,Ore Diurne,0,0,0,1,12.61053,41.90604,True,z,,,
2629050,5,2015-12-21T11:30:00,Strada Urbana,all'intersezione con,VIA CORROPOLI,,Scontro frontale-laterale DX fra veicoli in marcia,Incrocio,Una carreggiata a senso unico di marcia,Asciutto,Asfaltata,Verticale ed orizzontale,Sereno,Normale,Buona,Ore Diurne,0,0,0,3,,,False,z,VIA TURRIVALIGNANI,VIA TURRIVALIGNANI,
2628054,6,2015-12-21T11:35:00,Strada Urbana,in corrispondenza,CIRCONVALLAZIONE CASILINA,,Scontro laterale fra veicoli in marcia,Rettilineo,Una carreggiata a senso unico di marcia,Asciutto,Asfaltata,Orizzontale,Sereno,Normale,Buona,Ore Diurne,1,0,0,1,12.5269,41.88751,False,z,del civico n.,,132
2630929,1,2015-12-21T11:40:00,Strada Urbana,in prossimitíæ,PIAZZA DELL'ARA COELI,,Investimento di pedone,Curva a visuale libera,Una carreggiata a senso unico di marcia,Asciutto,In cubetti di porfido,Verticale ed orizzontale,Sereno,Normale,Buona,Ore Diurne,1,0,0,1,,,False,z,del civico n.,,7
2631024,1,2015-12-21T11:40:00,Strada Urbana,all'intersezione semaforizzata con,PIAZZA DEL COLOSSEO,,Scontro laterale fra veicoli in marcia,Intersezione semaforizzata,Pií_ di due carreggiate,Asciutto,Asfaltata,Verticale ed orizzontale,Sereno,Normale,Buona,Ore Diurne,1,0,0,2,,,False,z,VIA DI S. GIOVANNI IN LATERANO,VIA DI S. GIOVANNI IN LATERANO,
2628409,6,2015-12-21T11:50:00,Strada Urbana,all'intersezione con,VIALE DELLA VENEZIA GIULIA,,Scontro laterale fra veicoli in marcia,Incrocio,Una carreggiata a doppio senso,Asciutto,Asfaltata,Orizzontale,Sereno,Normale,Buona,Ore Diurne,0,0,0,4,12.54956,41.89591,False,z,VIA TEODORO MAYER,VIA TEODORO MAYER,
2629112,11,2015-12-21T11:50:00,Strada Urbana,da specificare,VIA LAURENTINA,altezza via delle Tre Fontane,Veicolo in marcia contro ostacolo fisso,Rettilineo,Pií_ di due carreggiate,Asciutto,Asfaltata,Verticale ed orizzontale,Sereno,Normale,Sufficiente,Ore Diurne,0,0,0,1,12.48072,41.83787,True,z,,,
2629270,4,2015-12-21T12:00:00,,in corrispondenza,VIA SALARIA,,Tamponamento,,,,,,,,,,0,0,0,1,,,False,z,del civico n.,,1350
2629101,11,2015-12-21T12:00:00,Strada Urbana,da specificare,VIA LAURENTINA,prossimitíæ via delle Tre Fontane,Veicolo in marcia contro ostacolo fisso,Rettilineo,Pií_ di due carreggiate,Asciutto,Asfaltata,Verticale,Sereno,Normale,Sufficiente,Ore Diurne,0,0,0,1,12.4809,41.83474,True,z,,,
2631039,1,2015-12-21T12:00:00,Strada Urbana,all'intersezione con,PIAZZA DELL'ARA COELI,,Tamponamento,Incrocio,Una carreggiata a senso unico di marcia,Asciutto,In cubetti di porfido,Verticale ed orizzontale,Sereno,Normale,Buona,Ore Diurne,0,0,0,3,,,False,z,VIA DEL TEATRO DI MARCELLO,VIA DEL TEATRO DI MARCELLO,
2629362,13,2015-12-21T12:07:00,Strada Urbana,all'intersezione con,VIALE VASCO DE GAMA,,Scontro frontale-laterale SX fra veicoli in marcia,Incrocio,Due carreggiate,Asciutto,Asfaltata,Verticale ed orizzontale,Sereno,Normale,Buona,Ore Diurne,0,0,0,3,,,False,z,VIA TAGASTE,VIA TAGASTE,
2629348,4,2015-12-21T12:10:00,,in corrispondenza,VIA PIAN DI SCO,,Scontro laterale fra veicoli in marcia,,,,,,,,,,0,0,0,2,,,False,z,del civico n.,,100
2628484,17,2015-12-21T12:10:00,Strada Urbana,da specificare,LUNGOTEVERE DELLA VITTORIA,Presso il fronte civico 31,Scontro frontale-laterale SX fra veicoli in marcia,Rettilineo,Una carreggiata a doppio senso,Asciutto,Asfaltata,Verticale ed orizzontale,Sereno,Normale,Buona,Ore Diurne,1,0,0,1,,,False,z,,,
2629654,17,2015-12-21T12:15:00,,all'intersezione semaforizzata con,VIALE GIULIO CESARE,,Scontro laterale fra veicoli in marcia,,,,,,,,,,1,0,0,1,12.45807,41.90956,False,z,VIA BARLETTA,VIA BARLETTA,
2628226,20,2015-12-21T12:20:00,,in corrispondenza,VIA CASSIA,,Scontro frontale-laterale DX fra veicoli in marcia,,,Asciutto,,,Sereno,Normale,Buona,,1,0,0,2,,,False,z,del civico n.,,548
2628721,10,2015-12-21T12:20:00,Strada Urbana,all'intersezione con,VIA STATILIO OTTATO,,Scontro frontale-laterale DX fra veicoli in marcia,Incrocio,Una carreggiata a senso unico di marcia,Asciutto,Asfaltata,Verticale ed orizzontale,Sereno,Intenso,Buona,Ore Diurne,0,0,0,3,12.56818,41.85635,True,z,PIAZZA QUINTO CURZIO,PIAZZA QUINTO CURZIO,
2629229,20,2015-12-21T12:25:00,Provinciale entro l'abitato,da specificare,VIA TIBERINA,prossimitíæ Via Pian dell'Olmo dir. Prima Porta,Veicolo in marcia contro ostacolo accidentale,Rettilineo,Una carreggiata a doppio senso,Asciutto,Asfaltata,Verticale ed orizzontale,Sereno,Scarso,Buona,Ore Diurne,0,0,0,1,,,False,z,,,
2629553,4,2015-12-21T12:30:00,,da specificare,VIA SALARIA,50 m prima di via bolognola,Tamponamento,,,,,,,,,,0,0,0,3,,,False,z,,,
2629150,7,2015-12-21T12:30:00,Strada Urbana,in prossimitíæ,VIA DEGLI OLMI,,Veicolo in marcia contro veicolo in sosta,Rettilineo,Una carreggiata a doppio senso,Asciutto,Asfaltata,Assente,Sereno,Scarso,Buona,Ore Diurne,0,0,0,1,12.57631,41.87883,False,z,del civico n.,,55
2629059,9,2015-12-21T12:30:00,,da specificare,VIA CESARE BARONIO,fronte 171,Investimento di pedone,,,,,,,,,,2,0,0,1,,,False,z,,,
2631238,1,2015-12-21T12:30:00,Strada Urbana,in prossimitíæ,PIAZZA VITTORIO EMANUELE II,,Infortunio per sola frenata improvvisa,Rettilineo,Una carreggiata a doppio senso,Asciutto,Asfaltata,Verticale ed orizzontale,Sereno,Normale,Buona,Ore Diurne,1,0,0,1,,,False,z,del civico n.,,110
2628223,10,2015-12-21T12:50:00,Strada Urbana,da specificare,VIALE LUIGI SCHIAVONETTI,"rotatoria ingresso parcheggio ""Carrefour""",Scontro laterale fra veicoli in marcia,Curva a visuale libera,Due carreggiate,Asciutto,Asfaltata,Verticale ed orizzontale,Sereno,Normale,Buona,Ore Diurne,0,0,0,6,12.62207,41.84127,False,z,,,
2629062,5,2015-12-21T13:15:00,Strada Urbana,all'intersezione con,VIA MONTE FLAVIO,,Scontro frontale-laterale DX fra veicoli in marcia,Incrocio,Una carreggiata a doppio senso,Asciutto,Asfaltata,Verticale,Sereno,Normale,Buona,Ore Diurne,0,0,0,2,12.61561,41.93284,True,z,VIA AFFILE,VIA AFFILE,
2629268,7,2015-12-21T13:20:00,Strada Urbana,in prossimitíæ,VIALE ALESSANDRINO,,Tamponamento,Rettilineo,Una carreggiata a doppio senso,Asciutto,Asfaltata,Verticale ed orizzontale,Nebbia,Normale,Buona,Ore Diurne,2,0,0,1,,,False,z,del civico n.,,496
2629729,16,2015-12-21T13:30:00,Strada Urbana,da specificare,VIA SILVESTRI,in prossimitíæ fronte civico 195,Veicolo in marcia contro veicolo arresto,Rettilineo,Una carreggiata a doppio senso,Asciutto,Asfaltata,Verticale ed orizzontale,Sereno,Normale,Buona,Ore Diurne,0,0,0,2,12.61592,41.84841,True,z,,,
2629230,2,2015-12-21T14:00:00,Strada Urbana,in prossimitíæ,VIALE PARIOLI,,Veicolo in marcia contro veicolo fermo,Rettilineo,Una carreggiata a doppio senso,Asciutto,Asfaltata,Verticale ed orizzontale,Sereno,Intenso,Buona,Ore Diurne,0,0,0,2,12.4902,41.92443,True,z,del civico n.,,39
2631321,1,2015-12-21T14:00:00,Strada Urbana,all'intersezione con,PIAZZALE OSTIENSE,,Scontro frontale-laterale SX fra veicoli in marcia,Incrocio,Una carreggiata a doppio senso,Asciutto,Asfaltata,Verticale ed orizzontale,Sereno,Normale,Buona,Ore Diurne,1,0,0,2,,,False,z,VIALE MARCO POLO,VIALE MARCO POLO,
2628703,12,2015-12-21T14:15:00,Provinciale entro l'abitato,da specificare,VIA OSTIENSE,"(dir. ROMA) altezza km 7,100",Tamponamento Multiplo,Rettilineo,Una carreggiata a doppio senso,Asciutto,Asfaltata,Verticale ed orizzontale,Sereno,Normale,Buona,Ore Diurne,1,0,0,4,12.46303,41.83989,False,z,,,
2629843,16,2015-12-21T14:20:00,Strada Urbana,all'intersezione con,CIRCONVALLAZIONE GIANICOLENSE,,Scontro laterale fra veicoli in marcia,Intersezione semaforizzata,Pií_ di due carreggiate,Asciutto,Asfaltata,Verticale ed orizzontale,Sereno,Normale,Buona,Ore Diurne,0,0,0,3,12.44956,41.87247,False,z,VIALE DEI COLLI PORTUENSI,VIALE DEI COLLI PORTUENSI,
2629599,13,2015-12-21T14:30:00,Strada Urbana,da specificare,VIADOTTO ZELIA NUTTALL,direzione viale E. Ortolani,Scontro laterale fra veicoli in marcia,Rettilineo,Una carreggiata a senso unico di marcia,Asciutto,Asfaltata,Verticale ed orizzontale,Sereno,Normale,Buona,Ore Diurne,0,0,0,2,12.33663,41.77441,False,z,,,
2629004,8,2015-12-21T14:30:00,Provinciale,da specificare,VIA PRENESTINA NUOVA,km 0.150 dir fuori Roma,Veicolo in marcia contro ostacolo accidentale,Rettilineo,Una carreggiata a doppio senso,Asciutto,Asfaltata,Orizzontale,Sereno,Normale,Buona,Ore Diurne,0,0,0,1,12.69576,41.88866,True,z,,,
2629107,9,2015-12-21T14:30:00,,da specificare,PIAZZA ASTI,fronte 1,Scontro laterale fra veicoli in marcia,,,,,,,,,,1,0,0,1,,,False,z,,,
2628456,10,2015-12-21T14:40:00,Strada Urbana,in corrispondenza,VIA DI CASAL MORENA,,Tamponamento Multiplo,Curva a visuale libera,Una carreggiata a doppio senso,Asciutto,Asfaltata,Verticale ed orizzontale,Sereno,Normale,Buona,Ore Diurne,1,0,0,2,12.6188,41.81563,False,z,del civico n.,,193
2634232,20,2015-12-21T14:50:00,,in prossimitíæ,VIA CASSIA,,Scontro laterale fra veicoli in marcia,,,,,,,,,,1,0,0,0,,,False,z,del civico n.,,1823
2629055,5,2015-12-21T15:00:00,Strada Urbana,da specificare,VIA DI MARCO SIMONE,altezza Via C. Todini,Scontro frontale-laterale SX fra veicoli in marcia,Rettilineo,Una carreggiata a doppio senso,Asciutto,Asfaltata,Orizzontale,Sereno,Intenso,Buona,Ore Diurne,0,0,0,5,12.64502,41.94263,True,z,,,
2629509,4,2015-12-21T15:00:00,,all'intersezione con,VIA DELLE VIGNE NUOVE,,Scontro frontale-laterale DX fra veicoli in marcia,,,,,,,,,,0,0,0,3,,,False,z,VIA VILLA DI FAONTE,VIA VILLA DI FAONTE,
2629233,2,2015-12-21T15:10:00,,all'intersezione semaforizzata con,VIA TEVERE,,Veicolo in marcia contro veicolo in sosta,,,,,,,,,,0,0,0,1,,,False,z,VIA ISONZO,VIA ISONZO,
2629460,12,2015-12-21T15:30:00,Strada Urbana,all'intersezione con,VIALE DEI CADUTI PER LA RESISTENZA,,Scontro frontale-laterale DX fra veicoli in marcia,Incrocio,Una carreggiata a senso unico di marcia,Asciutto,Asfaltata,Verticale ed orizzontale,Sereno,Scarso,Buona,Ore Diurne,0,0,0,2,,,False,z,VIA UMBERTO GRANI,VIA UMBERTO GRANI,
2628566,11,2015-12-21T15:35:00,Strada Urbana,all'intersezione con,CIRCONVALLAZIONE OSTIENSE,,Scontro frontale-laterale DX fra veicoli in marcia,Incrocio,Pií_ di due carreggiate,Asciutto,Asfaltata,Verticale ed orizzontale,Sereno,Normale,Buona,Ore Diurne,1,0,0,1,12.49028,41.86738,False,z,VIA MANFREDO CAMPERIO,VIA MANFREDO CAMPERIO,
2629011,8,2015-12-21T15:40:00,Strada Urbana,all'intersezione con,VIA DI VERMICINO,,Scontro frontale-laterale SX fra veicoli in marcia,Incrocio,Una carreggiata a doppio senso,Asciutto,Asfaltata,Verticale ed orizzontale,Sereno,Normale,Buona,Ore Diurne,1,0,0,1,12.67277,41.85907,False,z,VIA REGALBUTO,VIA REGALBUTO,
2629013,8,2015-12-21T15:40:00,Strada Urbana,all'intersezione con,VIA WALTER TOBAGI,,Scontro frontale-laterale SX fra veicoli in marcia,Intersezione semaforizzata,Una carreggiata a doppio senso,Asciutto,Asfaltata,Orizzontale,Sereno,Normale,Buona,Ore Diurne,0,0,0,3,12.59738,41.87507,False,z,VIA DELL'USIGNOLO,VIA DELL'USIGNOLO,
2629068,5,2015-12-21T15:40:00,Strada Urbana,da specificare,VIA DEI MONTI TIBURTINI,altezza ospedale 'Sandro Pertini',Scontro frontale-laterale DX fra veicoli in marcia,Rettilineo,Due carreggiate,Asciutto,Asfaltata,Verticale ed orizzontale,Sereno,Normale,Buona,Ore Diurne,0,0,0,2,12.53824,41.91884,True,z,,,
2630594,9,2015-12-21T15:55:00,Strada Urbana,all'intersezione con,VIA ALBENGA,,Scontro laterale fra veicoli in marcia,Intersezione stradale segnalata,Una carreggiata a doppio senso,Asciutto,Asfaltata,Orizzontale,Sereno,Normale,Buona,Sufficiente,0,0,0,3,12.51625,41.8774,False,z,VIA ACQUI,VIA ACQUI,
2629848,3,2015-12-21T16:00:00,Strada Urbana,in prossimitíæ,VIA GIOVANNI BATTISTA DE ROSSI,,Veicolo in marcia contro veicolo in sosta,Rettilineo,Una carreggiata a doppio senso,Asciutto,Asfaltata,Verticale ed orizzontale,Sereno,Scarso,Sufficiente,Sufficiente,0,0,0,2,12.5151,41.91569,False,z,del civico n.,,18
2631410,1,2015-12-21T16:00:00,Strada Urbana,all'intersezione con,VIA AURORA,,Scontro frontale-laterale DX fra veicoli in marcia,Incrocio,Una carreggiata a senso unico di marcia,Asciutto,Asfaltata,Verticale ed orizzontale,Sereno,Normale,Sufficiente,Ore Diurne,0,0,0,2,,,False,z,VIA LOMBARDIA,VIA LOMBARDIA,
2629506,17,2015-12-21T16:20:00,Strada Urbana,all'intersezione semaforizzata con,VIALE GIULIO CESARE,,Infortunio per sola frenata improvvisa,Intersezione semaforizzata,Pií_ di due carreggiate,Asciutto,Asfaltata,Verticale ed orizzontale,Sereno,Intenso,Buona,Ore Diurne,0,0,0,2,12.46612,41.91136,False,z,VIA LEPANTO,VIA LEPANTO,
2629064,11,2015-12-21T16:30:00,Strada Urbana,all'intersezione con,VIALE GUGLIELMO MARCONI,,Scontro frontale-laterale DX fra veicoli in marcia,Incrocio,Pií_ di due carreggiate,Asciutto,Asfaltata,Verticale ed orizzontale,Sereno,Normale,Buona,Sufficiente,0,0,0,2,12.47272,41.85312,True,z,LARGO GIUSEPPE VERATTI,LARGO GIUSEPPE VERATTI,
2630840,1,2015-12-21T16:30:00,Strada Urbana,all'intersezione con,VIA VICENZA,,Scontro frontale-laterale SX fra veicoli in marcia,Incrocio,Una carreggiata a senso unico di marcia,Asciutto,Asfaltata,Verticale ed orizzontale,Sereno,Normale,Buona,Ore Diurne,1,0,0,1,,,False,z,VIA VITTORIO BACHELET,VIA VITTORIO BACHELET,
2629846,16,2015-12-21T16:30:00,,in prossimitíæ,VIA DELLA PISANA,,Scontro laterale fra veicoli in marcia,,,,,,,,,,2,0,0,1,,,False,z,del civico n.,,10
2629162,20,2015-12-21T16:30:00,Strada Urbana,da specificare,VIA DELLA GIUSTINIANA,PROSSIMITíæ CIVICO 906,Scontro laterale fra veicoli in marcia,Curva senza visuale libera,Una carreggiata a doppio senso,Bagnato (umiditíæ in atto),Asfaltata,Verticale ed orizzontale,Sereno,Scarso,Insufficiente,Insufficiente,1,0,0,2,,,False,z,,,
2629876,3,2015-12-21T16:40:00,Strada Urbana,da specificare,VIA NOMENTANA,altezza Via Pola,Scontro laterale fra veicoli in marcia,Rettilineo,Pií_ di due carreggiate,Asciutto,Asfaltata,Verticale ed orizzontale,Sereno,Normale,Sufficiente,Sufficiente,0,0,0,2,12.55238,41.94111,False,z,,,
2629381,4,2015-12-21T17:30:00,,in corrispondenza,VIA NOMENTANA,,Scontro frontale-laterale DX fra veicoli in marcia,,,,,,,,,,0,0,0,3,,,False,z,del civico n.,,1108
2631424,1,2015-12-21T17:45:00,Strada Urbana,in prossimitíæ,VIA DEL CASTRO PRETORIO,,Tamponamento Multiplo,Rettilineo,Una carreggiata a doppio senso,Asciutto,Asfaltata,Verticale ed orizzontale,Sereno,Intenso,Sufficiente,Sufficiente,1,0,0,3,,,False,z,del civico n.,,30
2641585,18,2015-12-21T17:50:00,Strada Urbana,all'intersezione semaforizzata con,PIAZZA S. GIOVANNI BATTISTA DE LA SALLE,,Tamponamento,Intersezione semaforizzata,Pií_ di due carreggiate,Asciutto,Asfaltata,Verticale ed orizzontale,Sereno,Normale,Sufficiente,Sufficiente,1,0,0,1,12.42753,41.89842,True,z,VIA AURELIA,VIA AURELIA,
2628710,20,2015-12-21T17:55:00,,all'intersezione con,VIA CASSIA,,Tamponamento,,,Bagnato (umiditíæ in atto),,,Sereno,Normale,Sufficiente,Sufficiente,1,0,0,3,,,False,z,VIA POMPEO NERI,VIA POMPEO NERI,
2644756,18,2015-12-21T18:00:00,Strada Urbana,in prossimitíæ,VIA DI ACQUAFREDDA,,Tamponamento,Rettilineo,Una carreggiata a doppio senso,Asciutto,Asfaltata,Orizzontale,Sereno,Intenso,Sufficiente,Sufficiente,0,0,0,2,,,False,z,del palo luce n.,,18
2629474,4,2015-12-21T18:05:00,Strada Urbana,da specificare,VIA CORRADO ALVARO,FRONTE CAPOLINEA ATAC,Scontro laterale fra veicoli in marcia,Rettilineo,Una carreggiata a doppio senso,Asciutto,Asfaltata,Verticale,Sereno,Scarso,Buona,Sufficiente,0,0,0,7,,,False,z,,,
2629071,5,2015-12-21T18:20:00,,in corrispondenza,VIA TIBURTINA,,Investimento di pedone,,,,,,,,,,2,0,0,0,,,False,z,del civico n.,,349
2629862,3,2015-12-21T18:30:00,,in corrispondenza,VIALE DEL POLICLINICO,,Investimento di pedone,,,,,,,,,,1,0,0,1,,,False,z,del civico n.,,155
2629131,19,2015-12-21T18:30:00,,in prossimitíæ,VIA TRIONFALE,,Scontro laterale fra veicoli in marcia,,,,,,,,,,1,0,0,1,,,False,z,del civico n.,,10800
2629928,16,2015-12-21T18:30:00,Strada Urbana,all'intersezione con,VIA DI S. PANCRAZIO,,Scontro laterale fra veicoli in marcia,Incrocio,Una carreggiata a doppio senso,Asciutto,Asfaltata,Orizzontale,Sereno,Normale,Sufficiente,Sufficiente,0,0,0,2,12.45933,41.88778,True,z,VIA AURELIA ANTICA,VIA AURELIA ANTICA,
2629006,10,2015-12-21T18:35:00,Statale entro l'abitato,all'intersezione con,VIA ANAGNINA,,Scontro laterale fra veicoli in marcia,Intersezione semaforizzata,Una carreggiata a senso unico di marcia,Asciutto,Asfaltata,Verticale ed orizzontale,Sereno,Normale,Buona,Sufficiente,0,0,0,2,12.6071,41.82273,False,z,VIA BELLICIA,VIA BELLICIA,
2629138,19,2015-12-21T18:40:00,Strada Urbana,da specificare,VIA DEL PODERE FIUME,pross. fronte civico 38,Veicolo in marcia contro ostacolo fisso,Rettilineo,Una carreggiata a doppio senso,Asciutto,Asfaltata,Assente,Sereno,Normale,Sufficiente,Sufficiente,0,0,0,2,12.40067,41.92512,True,z,,,
2629007,8,2015-12-21T18:50:00,Strada Urbana,in prossimitíæ,VIA GIORGIO GRAPPELLI,,Tamponamento Multiplo,Pendenza,Una carreggiata a senso unico di marcia,Asciutto,Asfaltata,Orizzontale,Sereno,Scarso,Buona,Sufficiente,0,0,0,3,,,False,z,del palo luce n.,,26
2629005,8,2015-12-21T19:00:00,Strada Urbana,in prossimitíæ,VIA DEL TORRACCIO DI TORRENOVA,,Veicolo in marcia contro ostacolo accidentale,Rettilineo,Una carreggiata a doppio senso,Asciutto,Asfaltata,Orizzontale,Sereno,Normale,Sufficiente,Sufficiente,0,0,0,1,,,False,z,del civico n.,,24
2629858,13,2015-12-21T19:10:00,,in prossimitíæ,VIA CESARE LAURENTI,,Veicolo in marcia contro veicoli in sosta,,,,,,,,,,0,0,0,1,,,False,z,del civico n.,,48
2629016,8,2015-12-21T19:25:00,Strada Urbana,in prossimitíæ,VIALE DEI ROMANISTI,,Investimento di pedone,Rettilineo,Una carreggiata a senso unico di marcia,Asciutto,Strada pavimentata dissestata,Verticale ed orizzontale,Sereno,Normale,Buona,Insufficiente,2,0,0,0,12.57733,41.86753,False,z,del palo luce n.,,2