_ID,_Gruppo,_DataOraIncidente,_Localizzazione1,_Localizzazione2,_Strada1,_DaSpecificare,_NaturaIncidente,_ParticolaritaStrade,_TipoStrada,_FondoStradale,_Pavimentazione,_Segnaletica,_CondizioneAtmosferica,_Traffico,_Visibilita,_Illuminazione,_NUM_FERITI,_NUM_RISERVATA,_NUM_MORTI,_NUM_ILLESI,_Longitudine,_Latitudine,_CONFERMATO,__prefix,_Strada02,_Strada2,_Chilometrica
2629782,13,2015-12-21T19:40:00,Strada Urbana,all'intersezione con,Via della Stella Polare,,Scontro laterale fra veicoli in marcia,Incrocio,Due carreggiate,Asciutto,Asfaltata,Verticale,Sereno,Normale,Buona,Sufficiente,1,0,0,1,12.29255,41.72688,False,z,VIALE DESIDERATO PIETRI,VIALE DESIDERATO PIETRI,
2629239,2,2015-12-21T20:35:00,,all'intersezione semaforizzata con,VIA SALARIA,,Tamponamento,,,,,,,,,,1,0,0,2,12.50624,41.96289,False,z,VIALE LIEGI,VIALE LIEGI,
2629448,17,2015-12-21T22:15:00,,in prossimitíæ,CIRCONVALLAZIONE CLODIA,,Veicoli in marcia contro veicolo fermo,,,,,,,,,,0,0,0,0,12.45273,41.91526,False,z,del civico n.,,19
2629010,10,2015-12-21T22:30:00,Strada Urbana,all'intersezione semaforizzata con,VIA TUSCOLANA,,Scontro frontale-laterale SX fra veicoli in marcia,Incrocio,Una carreggiata a senso unico di marcia,Asciutto,Asfaltata,Verticale ed orizzontale,Sereno,Normale,Buona,Sufficiente,0,0,0,3,12.55471,41.86106,False,z,VIA DEL QUADRARO,VIA DEL QUADRARO,
2629873,13,2015-12-21T23:20:00,Strada Urbana,all'intersezione con,LARGO GIROLAMO DA MONTESARCHIO,,Tamponamento,Incrocio,Una carreggiata a senso unico di marcia,Asciutto,Asfaltata,Verticale ed orizzontale,,Normale,Buona,Sufficiente,1,0,0,3,12.36419,41.7844,False,z,VIA ANGELO ZOTTOLI,VIA ANGELO ZOTTOLI,
2629014,10,2015-12-21T23:30:00,Strada Urbana,all'intersezione con,PIAZZA QUINTO CURZIO,,Scontro frontale-laterale SX fra veicoli in marcia,Incrocio,Due carreggiate,Asciutto,Asfaltata,Assente,Sereno,Scarso,Buona,Sufficiente,0,0,0,9,12.5682,41.85635,False,z,VIA STATILIO OTTATO,VIA STATILIO OTTATO,
2629967,16,2015-12-21T23:50:00,,in corrispondenza,VIALE DEI QUATTRO VENTI,,Scontro frontale-laterale SX fra veicoli in marcia,,,,,,,,,,1,0,0,1,,,False,z,del civico n.,,123
2629165,20,2015-12-22T00:40:00,,in corrispondenza,VIA DEI DUE PONTI,,Fuoriuscita dalla sede stradale,,,,,,,,,,0,0,0,1,,,False,z,del civico n.,,113
2630949,2,2015-12-22T01:00:00,,in prossimitíæ,VIALE DEL VIGNOLA,,Veicolo in marcia contro veicolo in sosta,,,,,,,,,,0,0,0,1,,,False,z,del civico n.,,79
2629988,16,2015-12-22T01:05:00,,all'intersezione con,VIA VIRGINIA AGNELLI,,Scontro laterale fra veicoli in marcia,,,,,,,,,,0,0,0,5,,,False,z,VIA RAFFAELE BATTISTINI,VIA RAFFAELE BATTISTINI,
2629041,10,2015-12-22T01:40:00,Strada Urbana,in prossimitíæ,PIAZZA DEI CONSOLI,,Veicolo in marcia contro veicolo fermo,Rettilineo,Due carreggiate,Asciutto,Asfaltata,Assente,Sereno,Scarso,Buona,Sufficiente,0,0,0,3,12.55632,41.86227,False,z,del civico n.,,70
2629210,20,2015-12-22T02:30:00,Strada Urbana,in corrispondenza,CORSO DI FRANCIA,,Tamponamento,Rettilineo,Due carreggiate,Asciutto,Asfaltata,Verticale ed orizzontale,Sereno,Normale,Sufficiente,Sufficiente,0,0,0,2,,,False,z,del civico n.,,f.c. 213
2630531,8,2015-12-22T07:05:00,,in corrispondenza,VIA DI TOR BELLA MONACA,,Tamponamento,,,,,,,,,,2,0,0,0,,,False,z,del civico n.,,495
2629185,12,2015-12-22T07:20:00,Strada Urbana,in prossimitíæ,VIA ILDEBRANDO VIVANTI,,Veicolo in marcia contro ostacolo accidentale,Curva a visuale libera,Una carreggiata a doppio senso,Asciutto,Strada pavimentata dissestata,Verticale ed orizzontale,Sereno,Normale,Buona,Ore Diurne,0,0,0,1,12.44293,41.80444,True,z,del civico n.,,89
2629412,2,2015-12-22T07:30:00,Strada Urbana,in prossimitíæ,LUNGOTEVERE ARNALDO DA BRESCIA,,Veicolo in marcia contro veicoli in sosta,Rettilineo,Due carreggiate,Asciutto,Asfaltata,Verticale ed orizzontale,Sereno,Normale,Buona,Ore Diurne,0,0,0,1,12.47297,41.91134,False,z,del civico n.,,7
2632266,1,2015-12-22T07:30:00,Strada Urbana,in corrispondenza,VIA DELL'AMBA ARADAM,,Veicolo in marcia contro ostacolo fisso,Rettilineo,Una carreggiata a doppio senso,Asciutto,Asfaltata,Verticale ed orizzontale,Sereno,Intenso,Buona,Ore Diurne,1,0,0,0,,,False,z,del civico n.,,13
2629128,20,2015-12-22T07:40:00,,da specificare,VIA FLAMINIA,pross. rampa di accesso da via Valchetta Cartoni,Scontro laterale fra veicoli in marcia,,,Asciutto,,,Sereno,Scarso,Buona,,0,0,0,2,,,False,z,,,
2632273,1,2015-12-22T07:55:00,Strada Urbana,in prossimitíæ,LUNGOTEVERE DEI VALLATI,,Veicolo in marcia contro ostacolo accidentale,Curva a visuale libera,Una carreggiata a senso unico di marcia,Bagnato (umiditíæ in atto),Asfaltata,Verticale ed orizzontale,Sereno,Normale,Buona,Ore Diurne,0,0,0,1,,,False,z,del civico n.,,18
2629838,9,2015-12-22T07:55:00,,all'intersezione semaforizzata con,VIA GALLIA,,Scontro frontale-laterale DX fra veicoli in marcia,,,,,,,,,,1,0,0,1,12.5028,41.88125,False,z,VIA LICIA,VIA LICIA,
2629915,13,2015-12-22T08:00:00,Strada Urbana,in corrispondenza,VIALE DEI ROMAGNOLI,,Tamponamento,Rettilineo,Una carreggiata a doppio senso,Asciutto,Asfaltata,Assente,Sereno,Normale,Buona,Ore Diurne,1,0,0,1,12.30323,41.76068,False,z,del civico n.,,768
2629498,18,2015-12-22T08:25:00,Strada Urbana,in prossimitíæ,VIA AURELIA,,Scontro laterale fra veicoli in marcia,Rettilineo,Una carreggiata a senso unico di marcia,Asciutto,Asfaltata,Verticale ed orizzontale,Sereno,Normale,Buona,Ore Diurne,1,0,0,2,12.41231,41.89028,False,z,del civico n.,,773
2630533,8,2015-12-22T08:30:00,,in prossimitíæ,VIA DI TOR VERGATA,,Investimento di pedone,,,,,,,,,,1,0,0,1,,,False,z,del civico n.,,11
2629852,9,2015-12-22T08:45:00,,in prossimitíæ,VIA MAGNAGRECIA,,Investimento di pedone,,,,,,,,,,1,0,0,2,12.50796,41.88126,False,z,del civico n.,,106
2629285,20,2015-12-22T08:45:00,,da specificare,VIA DEL FORO ITALICO,direzione stadio altezza c.so francia,Tamponamento,,,Asciutto,,,Nuvoloso,Intenso,Buona,,1,0,0,2,,,False,z,,,
2631226,17,2015-12-22T08:55:00,Strada Urbana,all'intersezione con,VIA TRIONFALE,,Scontro laterale fra veicoli in marcia,Intersezione stradale segnalata,Una carreggiata a doppio senso,Asciutto,Asfaltata,Verticale ed orizzontale,Sereno,Normale,Buona,Ore Diurne,1,0,0,2,12.42296,41.94088,False,z,VIA RAFFAELE ROSSETTI,VIA RAFFAELE ROSSETTI,
2630578,8,2015-12-22T09:00:00,Strada Urbana,in corrispondenza,VIA DELL' OSTERIA DEL FINOCCHIO,,Veicolo in marcia contro ostacolo accidentale,Curva a visuale libera,Una carreggiata a doppio senso,Asciutto,Asfaltata,Verticale,Sereno,Normale,Buona,Ore Diurne,0,0,0,2,12.68134,41.85879,True,z,del palo luce n.,,34
2630690,7,2015-12-22T09:00:00,,da specificare,VIA PRENESTINA,altezza via longoni (rotatoria),Scontro laterale fra veicoli in marcia,,,,,,,,,,0,0,0,2,,,False,z,,,
2630742,3,2015-12-22T09:00:00,,in prossimitíæ,PIAZZALE DEL VERANO,,Scontro laterale fra veicoli in marcia,,,,,,,,,,1,0,0,1,,,False,z,del civico n.,,36
2630760,7,2015-12-22T09:30:00,Strada Urbana,in prossimitíæ,VIA EMILIO LONGONI,,Scontro frontale-laterale DX fra veicoli in marcia,Rettilineo,Due carreggiate,Asciutto,Asfaltata,Verticale ed orizzontale,Sereno,Normale,Buona,Ore Diurne,0,0,0,3,,,False,z,del civico n.,,81
2632284,1,2015-12-22T09:40:00,Strada Urbana,in prossimitíæ,PIAZZA DELL'ARA COELI,,Veicolo in marcia contro ostacolo accidentale,Curva a visuale libera,Una carreggiata a senso unico di marcia,Viscido da liquidi oleosi,In cubetti di porfido,Verticale ed orizzontale,Sereno,Normale,Buona,Ore Diurne,1,0,0,0,,,False,z,del palo luce n.,,11
2632297,1,2015-12-22T09:40:00,Strada Urbana,in corrispondenza,VIA VENTIQUATTRO MAGGIO,,Scontro laterale fra veicoli in marcia,Rettilineo,Una carreggiata a doppio senso,Asciutto,Acciotolata,Verticale ed orizzontale,Sereno,Normale,Buona,Ore Diurne,0,0,0,2,,,False,z,del civico n.,,2
2629541,20,2015-12-22T09:50:00,,all'intersezione con,VIA CASSIA,,Tamponamento Multiplo,,,Asciutto,,,Nuvoloso,Intenso,,,2,0,0,2,,,False,z,VIA FORMELLESE,VIA FORMELLESE,
2629880,9,2015-12-22T10:00:00,,in prossimitíæ,VIA APPIA NUOVA,,Scontro frontale-laterale DX fra veicoli in marcia,,,,,,,,,,1,0,0,2,12.52372,41.874,False,z,del civico n.,,482
2630597,8,2015-12-22T10:15:00,Strada Urbana,all'intersezione con,VIA DI TORRENOVA,,Veicolo in marcia contro ostacolo accidentale,Incrocio,Una carreggiata a doppio senso,Asciutto,Strada pavimentata dissestata,Assente,Sereno,Normale,Buona,Ore Diurne,0,0,0,1,,,False,z,VIA PRENESTINA,VIA PRENESTINA,
2632303,1,2015-12-22T10:20:00,Strada Urbana,in corrispondenza,VIA FLORIDA,,Tamponamento,Rettilineo,Una carreggiata a senso unico di marcia,Asciutto,Asfaltata,Verticale ed orizzontale,Sereno,Normale,Buona,Ore Diurne,0,0,0,3,,,False,z,del civico n.,,14
2630844,18,2015-12-22T10:30:00,Strada Urbana,in prossimitíæ,VIA DELLE FORNACI,,Veicolo in marcia contro veicolo in sosta,Rettilineo,Una carreggiata a senso unico di marcia,Asciutto,Asfaltata,Orizzontale,Sereno,Normale,Buona,Ore Diurne,0,0,0,2,,,False,z,del civico n.,,61
2630639,7,2015-12-22T10:30:00,Strada Urbana,all'intersezione con,VIA DEI PLATANI,,Scontro frontale-laterale DX fra veicoli in marcia,Incrocio,Una carreggiata a doppio senso,Asciutto,Asfaltata,Verticale ed orizzontale,Nebbia,Normale,Buona,Ore Diurne,0,0,0,2,12.57143,41.88098,True,z,VIA DEGLI ONTANI,VIA DEGLI ONTANI,
2631037,16,2015-12-22T10:45:00,Strada Urbana,in prossimitíæ,VIA FERDINANDO PALASCIANO,,Veicolo in marcia contro veicolo in sosta,Rettilineo,Una carreggiata a senso unico di marcia,Asciutto,Asfaltata,Orizzontale,Sereno,Scarso,Buona,Ore Diurne,0,0,0,1,12.44681,41.87174,True,z,del civico n.,,83
2629993,9,2015-12-22T10:50:00,Strada Urbana,in prossimitíæ,VIA CARLO CIPOLLA,,Scontro laterale fra veicoli in marcia,Rettilineo,Una carreggiata a doppio senso,Asciutto,Asfaltata,Assente,Sereno,Normale,Buona,Ore Diurne,0,0,0,2,12.52927,41.86616,True,z,del civico n.,,44
2630573,8,2015-12-22T11:00:00,Strada Urbana,da specificare,VIA GAGLIANO DEL CAPO,altezza civ. 76,Scontro frontale-laterale DX fra veicoli in marcia,Rettilineo,Una carreggiata a doppio senso,Asciutto,Asfaltata,Verticale ed orizzontale,Sereno,Normale,Buona,Ore Diurne,0,0,0,2,12.6531,41.85548,True,z,,,
2632480,1,2015-12-22T11:00:00,Strada Urbana,in corrispondenza,VIALE CASTRO PRETORIO,,Scontro laterale fra veicoli in marcia,Rettilineo,Pií_ di due carreggiate,Asciutto,Asfaltata,Verticale ed orizzontale,Sereno,Normale,Buona,Ore Diurne,1,0,0,1,,,False,z,del civico n.,,123
2630748,3,2015-12-22T11:00:00,Strada Urbana,in prossimitíæ,VIA LORENZO IL MAGNIFICO,,Veicolo in marcia contro veicoli in sosta,Rettilineo,Una carreggiata a doppio senso,Asciutto,Asfaltata,Verticale ed orizzontale,Sereno,Scarso,Buona,Ore Diurne,0,0,0,1,,,False,z,del civico n.,,90
2631189,17,2015-12-22T11:05:00,Strada Urbana,in corrispondenza,VIA CANDIA,,Tamponamento,Rettilineo,Una carreggiata a senso unico di marcia,Asciutto,Asfaltata,Verticale ed orizzontale,Sereno,Normale,Buona,Ore Diurne,0,0,0,2,12.45264,41.90808,False,z,del civico n.,,60
2630955,2,2015-12-22T11:05:00,,in prossimitíæ,VIA DOMENICO CHELINI,,Scontro laterale fra veicoli in marcia,,,,,,,,,,1,0,0,1,,,False,z,del civico n.,,3a
2632332,1,2015-12-22T11:30:00,Strada Urbana,in prossimitíæ,VIA DI S.CLAUDIO,,Veicolo in marcia contro veicolo fermo,Rettilineo,Una carreggiata a senso unico di marcia,Asciutto,Asfaltata,Verticale ed orizzontale,Sereno,Normale,Buona,Ore Diurne,0,0,0,3,,,False,z,del civico n.,,168
2630538,8,2015-12-22T11:30:00,Strada Urbana,in corrispondenza,VIA MASSA DI SAN GIULIANO,,Scontro laterale fra veicoli in marcia,Rettilineo,Una carreggiata a doppio senso,Asciutto,Asfaltata,Verticale ed orizzontale,Sereno,Normale,Buona,Ore Diurne,1,0,0,1,12.68878,41.90977,False,z,del civico n.,,405
2630753,4,2015-12-22T11:30:00,,all'intersezione con,VIA TEOFILO FOLENGO,,Scontro frontale-laterale DX fra veicoli in marcia,,,,,,,,,,0,0,0,4,12.54998,41.94365,False,z,VIA DOMENICO COMPARETTI,VIA DOMENICO COMPARETTI,
2632428,12,2015-12-22T11:40:00,Strada Urbana,all'intersezione con,VIALE AMERICA,,Scontro laterale fra veicoli in marcia,Incrocio,Una carreggiata a doppio senso,Asciutto,Asfaltata,Verticale ed orizzontale,Sereno,Intenso,Buona,Ore Diurne,0,0,0,3,12.4672,41.82997,True,z,VIALE DELL'ARTE,VIALE DELL'ARTE,
2630289,15,2015-12-22T11:45:00,Strada Urbana,all'intersezione con,VIA ANTONIO PACINOTTI,,Scontro laterale fra veicoli in marcia,Incrocio,Una carreggiata a doppio senso,Asciutto,Asfaltata,Verticale ed orizzontale,Sereno,Normale,Buona,Ore Diurne,0,0,0,2,12.4678,41.87103,True,z,PONTE DELL'INDUSTRIA,PONTE DELL'INDUSTRIA,
2630780,4,2015-12-22T11:50:00,Strada Urbana,all'intersezione semaforizzata con,PIAZZALE JONIO,,Scontro laterale fra veicoli in marcia,Incrocio,Due carreggiate,Asciutto,Asfaltata,Orizzontale,Sereno,Normale,Buona,Ore Diurne,0,0,0,3,12.52595,41.94577,False,z,VIA DI VALLE MELAINA,VIA DI VALLE MELAINA,
2632313,1,2015-12-22T11:50:00,Strada Urbana,in corrispondenza,VIA SISTINA,,Veicolo in marcia contro veicoli in sosta,Rettilineo,Una carreggiata a senso unico di marcia,Asciutto,In cubetti di porfido,Verticale ed orizzontale,Sereno,Normale,Buona,Ore Diurne,0,0,0,0,,,False,z,del civico n.,,91
2630959,2,2015-12-22T12:00:00,Strada Urbana,in prossimitíæ,PIAZZALE FLAMINIO,,Scontro laterale fra veicoli in marcia,Rettilineo,Una carreggiata a doppio senso,Asciutto,Asfaltata,Verticale ed orizzontale,Sereno,Intenso,Buona,Ore Diurne,0,0,0,2,12.47497,41.91178,True,z,del civico n.,,1
2630541,11,2015-12-22T12:00:00,Strada Urbana,da specificare,VIA ARDEATINA,prossimitíæ Casali Cornacchiole,Tamponamento,Rettilineo,Una carreggiata a doppio senso,Asciutto,Asfaltata,Verticale ed orizzontale,Sereno,Normale,Buona,Ore Diurne,0,0,0,2,12.53616,41.8027,True,z,,,
2630869,7,2015-12-22T12:30:00,,all'intersezione con,VIA DEI CASTANI,,Investimento di pedone,,,,,,,,,,1,0,0,1,,,False,z,VIA DEGLI OLIVI,VIA DEGLI OLIVI,
2632324,12,2015-12-22T12:35:00,Strada Urbana,in prossimitíæ,VIALE DELL'OCEANO PACIFICO,,Scontro laterale fra veicoli in marcia,Rettilineo,Una carreggiata a doppio senso,Asciutto,Asfaltata,Verticale ed orizzontale,Nuvoloso,Intenso,Buona,Ore Diurne,0,0,0,3,,,False,z,del civico n.,,173
2630213,2,2015-12-22T12:40:00,Strada Urbana,in prossimitíæ,VIALE GORIZIA,,Scontro laterale fra veicoli in marcia,Rettilineo,Due carreggiate,Asciutto,Asfaltata,Verticale ed orizzontale,Sereno,Normale,Buona,Ore Diurne,0,0,0,2,12.51357,41.91909,True,z,del civico n.,,5
2630039,2,2015-12-22T12:45:00,,da specificare,VIA ENRICO ELIA,prossimitíæ palo Acea nr. 2,Veicolo in marcia contro veicolo fermo,,,,,,,,,,0,0,0,1,12.48508,41.93125,False,z,,,
2630065,12,2015-12-22T12:45:00,Strada Urbana,in prossimitíæ,VIA CINA,,Scontro laterale fra veicoli in marcia,Rettilineo,Una carreggiata a doppio senso,Asciutto,Asfaltata,Verticale ed orizzontale,Sereno,Normale,Buona,Ore Diurne,0,0,0,2,12.43672,41.8155,False,z,del civico n.,,62-64
2630576,8,2015-12-22T12:45:00,,all'intersezione con,VIA AVOLA,,Tamponamento,,,,,,,,,,0,0,0,3,,,False,z,VIA ROCCALUMERA,VIA ROCCALUMERA,
2630870,20,2015-12-22T13:45:00,Strada Urbana,all'intersezione con,VIALE DEI CIPRESSI,,Scontro frontale-laterale DX fra veicoli in marcia,Intersezione stradale segnalata,Una carreggiata a doppio senso,Asciutto,Asfaltata,Verticale ed orizzontale,Sereno,Scarso,Insufficiente,Ore Diurne,0,0,0,4,,,False,z,VIALE ARCICONFRATERNITA DI N. S.RA DI LOURDES,VIALE ARCICONFRATERNITA DI N. S.RA DI LOURDES,
2629818,9,2015-12-22T13:45:00,Strada Urbana,all'intersezione con,LARGO DELLA CAFFARELLETTA,,Scontro laterale fra veicoli in marcia,Incrocio,Una carreggiata a senso unico di marcia,Asciutto,Asfaltata,Verticale,Sereno,Scarso,Buona,Ore Diurne,0,0,0,2,12.51854,41.87034,True,z,VIA GIOVANNI VILLANI,VIA GIOVANNI VILLANI,
2630191,10,2015-12-22T13:50:00,,all'intersezione con,VIA BIVONGI,,Scontro frontale-laterale SX fra veicoli in marcia,,,,,,,,,,0,0,0,2,,,False,z,VIA CERISANO,VIA CERISANO,
2632300,12,2015-12-22T13:58:00,,da specificare,VIA LAURENTINA,prox via Battaglione S. Marco ,Scontro frontale-laterale SX fra veicoli in marcia,,,,,,,,,,1,0,0,3,,,False,z,,,
2629832,6,2015-12-22T14:00:00,Strada Urbana,all'intersezione con,VIA CASILINA,,Tamponamento,Incrocio,Una carreggiata a doppio senso,Asciutto,Asfaltata,Verticale ed orizzontale,Sereno,Normale,Buona,Ore Diurne,0,0,0,3,12.55217,41.87712,True,z,VIA DEI GORDIANI,VIA DEI GORDIANI,
2630778,20,2015-12-22T14:00:00,Strada Urbana,all'intersezione con,PONTE DUCA D'AOSTA,,Scontro laterale fra veicoli in marcia,Incrocio,Una carreggiata a senso unico di marcia,Asciutto,Asfaltata,Verticale ed orizzontale,Sereno,Normale,Buona,Ore Diurne,0,0,0,2,,,False,z,PIAZZA LAURO DE BOSIS,PIAZZA LAURO DE BOSIS,
2630046,9,2015-12-22T14:10:00,,da specificare,PIAZZA DEI RE DI ROMA,in prossimitíæ di VIA AOSTA,Scontro laterale fra veicoli in marcia,,,,,,,,,,0,0,0,1,12.51435,41.88243,False,z,,,
2630649,20,2015-12-22T14:15:00,Regionale entro l'abitato,all'intersezione con,VIA CASSIA,,Scontro frontale-laterale SX fra veicoli in marcia,Intersezione stradale segnalata,Una carreggiata a doppio senso,Asciutto,Asfaltata,Verticale ed orizzontale,Sereno,Intenso,Buona,Ore Diurne,0,0,0,2,,,False,z,VIA CAPENA,VIA CAPENA,
2630291,15,2015-12-22T14:40:00,Strada Urbana,in corrispondenza,VIA ALFREDO NOBEL,,Veicolo in marcia contro veicoli in arresto,Rettilineo,Una carreggiata a doppio senso,Asciutto,Asfaltata,Assente,Sereno,Scarso,Buona,Ore Diurne,0,0,0,3,12.4685,41.87197,True,z,del civico n.,,12
2630586,5,2015-12-22T14:40:00,Strada Urbana,all'intersezione con,VIA DI TOR CERVARA,,Tamponamento,Incrocio,Una carreggiata a doppio senso,Asciutto,Asfaltata,Assente,Sereno,Normale,Buona,Ore Diurne,0,0,0,1,,,False,z,VIA TIBURTINA,VIA TIBURTINA,
2631437,23,2015-12-22T14:55:00,Comunale extraurbana,in corrispondenza,VIA CRISTOFORO COLOMBO,,Scontro laterale fra veicoli in marcia,Rettilineo,Pií_ di due carreggiate,Asciutto,Asfaltata,Verticale ed orizzontale,Sereno,Normale,Buona,Ore Diurne,0,0,0,1,12.44704,41.80373,False,z,della chilometrica,,21.1
2630759,7,2015-12-22T15:15:00,,in corrispondenza,VIA PAPIRIA,,Scontro frontale-laterale SX fra veicoli in marcia,,,,,,,,,,0,0,0,3,,,False,z,del civico n.,,4
2630295,15,2015-12-22T15:30:00,Strada Urbana,in prossimitíæ,VIA LARI,,Veicolo in marcia contro veicolo in sosta,Rettilineo,Una carreggiata a doppio senso,Asciutto,Asfaltata,Verticale,Sereno,Scarso,Buona,Ore Diurne,0,0,0,1,12.46075,41.84819,False,z,del civico n.,,59
2630266,13,2015-12-22T15:50:00,Strada Urbana,all'intersezione semaforizzata con,VIA DEL MARE,,Scontro laterale fra veicoli in marcia,Intersezione semaforizzata,Una carreggiata a senso unico di marcia,Asciutto,Asfaltata,Verticale ed orizzontale,Sereno,Normale,Buona,Ore Diurne,0,0,0,2,12.30415,41.75916,False,z,VIA DI CASTEL FUSANO,VIA DI CASTEL FUSANO,
2629992,9,2015-12-22T15:50:00,Strada Urbana,all'intersezione semaforizzata con,VIA GELA,,Scontro frontale-laterale SX fra veicoli in marcia,Incrocio,Una carreggiata a doppio senso,Asciutto,Asfaltata,Verticale ed orizzontale,Sereno,Normale,Buona,Ore Diurne,0,0,0,2,,,False,z,VIA TUSCOLANA,VIA TUSCOLANA,
2630278,13,2015-12-22T15:50:00,,all'intersezione semaforizzata con,LUNGOMARE LUTAZIO CATULO,,Scontro laterale fra veicoli in marcia,,,,,,,,,,0,0,0,3,,,False,z,VIA DEI PESCATORI,VIA DEI PESCATORI,
2630078,6,2015-12-22T15:55:00,Strada Urbana,in corrispondenza,CIRCONVALLAZIONE CASILINA,,Veicolo in marcia contro veicolo in sosta,Rettilineo,Una carreggiata a senso unico di marcia,Asciutto,Asfaltata,Verticale ed orizzontale,Sereno,Normale,Buona,Ore Diurne,0,0,0,1,12.52721,41.88986,True,z,del civico n.,,52
2630598,5,2015-12-22T16:00:00,Strada Urbana,da specificare,VIA DANTE DA MAIANO,Alt. palo ACEA 16,Veicolo in marcia contro ostacolo fisso,Rettilineo,Una carreggiata a senso unico di marcia,Asciutto,Asfaltata,Assente,Sereno,Scarso,Buona,Ore Diurne,0,0,0,1,,,False,z,,,
2630871,4,2015-12-22T16:10:00,Strada Urbana,in prossimitíæ,VIA FRANCESCO COCCO ORTU,,Scontro frontale-laterale DX fra veicoli in marcia,Rettilineo,Una carreggiata a doppio senso,Asciutto,Asfaltata,Verticale ed orizzontale,Sereno,Normale,Buona,Ore Diurne,0,0,0,2,12.52206,41.95817,False,z,del civico n.,,6
2631047,16,2015-12-22T16:10:00,Strada Urbana,all'intersezione semaforizzata con,CIRCONVALLAZIONE GIANICOLENSE,,Scontro laterale fra veicoli in marcia,Intersezione semaforizzata,Pií_ di due carreggiate,Asciutto,Asfaltata,Verticale ed orizzontale,Sereno,Normale,Buona,Ore Diurne,0,0,0,4,,,False,z,VIA EDOARDO JENNER,VIA EDOARDO JENNER,
2631081,16,2015-12-22T16:35:00,,all'intersezione semaforizzata con,PIAZZALE EUGENIO MORELLI,,Scontro laterale fra veicoli in marcia,,,,,,,,,,0,0,0,3,,,False,z,VIALE DEI COLLI PORTUENSI,VIALE DEI COLLI PORTUENSI,
2632257,1,2015-12-22T16:40:00,Strada Urbana,in prossimitíæ,PIAZZA DELL'ARA COELI,,Veicolo in marcia contro ostacolo accidentale,Curva a visuale libera,Una carreggiata a senso unico di marcia,Viscido da liquidi oleosi,In cubetti di porfido,Verticale ed orizzontale,Sereno,Intenso,Sufficiente,Sufficiente,0,0,0,1,,,False,z,del civico n.,,5
2630684,19,2015-12-22T16:50:00,Strada Urbana,in prossimitíæ,VIA TRIONFALE,,Scontro laterale fra veicoli in marcia,Rettilineo,Una carreggiata a senso unico di marcia,Asciutto,Asfaltata,Verticale,Sereno,Intenso,Buona,Sufficiente,0,0,0,3,12.42824,41.93729,True,z,del civico n.,,8187
2631518,1,2015-12-22T17:00:00,Strada Urbana,in corrispondenza,VIA ARENULA,,Infortunio per sola frenata improvvisa,Rettilineo,Una carreggiata a doppio senso,Bagnato (umiditíæ in atto),In cubetti di porfido,Verticale ed orizzontale,Nuvoloso,Scarso,Buona,Ore Diurne,1,0,0,0,,,False,z,del civico n.,,27
2630675,20,2015-12-22T17:10:00,Strada Urbana,da specificare,LUNGOTEVERE DELLA VITTORIA,prossimitíæ fronte civico 31-A,Veicolo in marcia contro ostacolo fisso,Rettilineo,Una carreggiata a doppio senso,Asciutto,Asfaltata,Verticale ed orizzontale,Sereno,Scarso,Insufficiente,Sufficiente,1,0,0,0,,,False,z,,,
2632235,1,2015-12-22T17:15:00,Strada Urbana,all'intersezione con,CORSO VITTORIO EMANUELE II,,Scontro laterale fra veicoli in marcia,Incrocio,Una carreggiata a doppio senso,Bagnato (umiditíæ in atto),Asfaltata,Verticale ed orizzontale,Nuvoloso,Normale,Sufficiente,Sufficiente,2,0,0,1,12.46395,41.89852,False,z,PIAZZA SFORZA CESARINI,PIAZZA SFORZA CESARINI,
2630673,20,2015-12-22T17:25:00,,in corrispondenza,VIA CASSIA,,Tamponamento Multiplo,,,,,,,,,,1,0,0,4,,,False,z,del civico n.,,2154
2630674,7,2015-12-22T17:25:00,,all'intersezione con,VIA FILIPPO PARLATORE,,Infortunio per caduta del veicolo,,,,,,,,,,1,0,0,2,12.56446,41.89138,False,z,VIA FEDERICO DELPINO,VIA FEDERICO DELPINO,
2630269,12,2015-12-22T17:30:00,Strada Urbana,da specificare,VIA CRISTOFORO COLOMBO,Rampa uscita v.le delle Tre Fontane ,Veicolo in marcia contro ostacolo accidentale,Curva a visuale libera,Una carreggiata a senso unico di marcia,Asciutto,Asfaltata,Assente,Sereno,Scarso,Buona,Ore Diurne,0,0,0,1,12.47228,41.83827,False,z,,,
2631506,1,2015-12-22T17:30:00,Strada Urbana,all'intersezione con,PIAZZA VENEZIA,,Veicolo in marcia contro ostacolo accidentale,Rotatoria,Una carreggiata a senso unico di marcia,Viscido da liquidi oleosi,Acciotolata,Verticale ed orizzontale,Sereno,Intenso,Buona,Sufficiente,0,0,0,1,,,False,z,PIAZZA DI S. MARCO,PIAZZA DI S. MARCO,