_ID,_Gruppo,_DataOraIncidente,_Localizzazione1,_Localizzazione2,_Strada1,_DaSpecificare,_NaturaIncidente,_ParticolaritaStrade,_TipoStrada,_FondoStradale,_Pavimentazione,_Segnaletica,_CondizioneAtmosferica,_Traffico,_Visibilita,_Illuminazione,_NUM_FERITI,_NUM_RISERVATA,_NUM_MORTI,_NUM_ILLESI,_Longitudine,_Latitudine,_CONFERMATO,__prefix,_Strada02,_Strada2,_Chilometrica
2631261,1,2015-12-23T14:00:00,Strada Urbana,all'intersezione semaforizzata con,LUNGOTEVERE DE' CENCI,,Tamponamento,Intersezione semaforizzata,Una carreggiata a senso unico di marcia,Asciutto,Asfaltata,Verticale ed orizzontale,Sereno,Normale,Buona,Ore Diurne,1,0,0,1,12.47498,41.89187,False,z,PONTE GARIBALDI,PONTE GARIBALDI,
2632007,11,2015-12-23T14:10:00,,in corrispondenza,VIALE DEL PATTINAGGIO,,Scontro laterale fra veicoli in marcia,,,,,,,,,,1,0,0,2,,,False,z,del civico n.,,102
2658919,4,2015-12-23T14:15:00,Strada Urbana,in corrispondenza,VIA DELLA BUFALOTTA,,Scontro laterale fra veicoli in marcia,Rettilineo,Una carreggiata a doppio senso,Asciutto,Asfaltata,Assente,Sereno,Scarso,Buona,Ore Diurne,0,0,0,4,,,False,z,del civico n.,,1297
2631615,6,2015-12-23T14:30:00,Strada Urbana,all'intersezione con,VIA DELLA MARRANELLA,,Scontro frontale-laterale DX fra veicoli in marcia,Intersezione stradale segnalata,Una carreggiata a senso unico di marcia,Asciutto,Asfaltata,Verticale,Sereno,Normale,Buona,Ore Diurne,0,0,0,3,12.54221,41.88555,False,z,VIA BARTOLOMEO PERESTRELLO,VIA BARTOLOMEO PERESTRELLO,
2632083,19,2015-12-23T14:30:00,Strada Urbana,all'intersezione con,VIA VALLEBONA,,Investimento di pedone,Incrocio,Una carreggiata a doppio senso,Asciutto,Asfaltata,Orizzontale,Sereno,Normale,Buona,Ore Diurne,1,0,0,1,12.4199,41.93236,False,z,VIA DI TORREVECCHIA,VIA DI TORREVECCHIA,
2631683,16,2015-12-23T14:40:00,Strada Urbana,in corrispondenza,VIA DEL CASALETTO,,Tamponamento,Rettilineo,Una carreggiata a doppio senso,Asciutto,Asfaltata,Verticale ed orizzontale,Sereno,Normale,Buona,Ore Diurne,0,0,0,4,12.43877,41.86854,True,z,del civico n.,,269
2631958,8,2015-12-23T14:50:00,Strada Urbana,in corrispondenza,VIA RAOUL CHIODELLI,,Scontro laterale fra veicoli in marcia,Rettilineo,Una carreggiata a senso unico di marcia,Asciutto,Asfaltata,Verticale ed orizzontale,Sereno,Scarso,Buona,Ore Diurne,0,0,0,2,12.66216,41.90646,False,z,del palo luce n.,,16
2632595,16,2015-12-23T15:00:00,,in prossimitíæ,VIA FONTEIANA,,Scontro laterale fra veicoli in marcia,,,,,,,,,,0,0,0,3,,,False,z,del civico n.,,168
2632967,1,2015-12-23T15:15:00,Strada Urbana,in prossimitíæ,VIA LABICANA,,Scontro laterale fra veicoli in marcia,Rettilineo,Pií_ di due carreggiate,Asciutto,Asfaltata,Verticale ed orizzontale,Sereno,Intenso,Buona,Ore Diurne,0,0,0,2,,,False,z,del civico n.,,9
2632917,1,2015-12-23T15:55:00,Strada Urbana,da specificare,VIA QUATTRO NOVEMBRE,in prossimitíæ intersezione VIA NAZIONALE,Veicolo in marcia contro ostacolo accidentale,Rotatoria,Una carreggiata a senso unico di marcia,Viscido da liquidi oleosi,In cubetti di porfido,Verticale ed orizzontale,Sereno,Normale,Buona,Ore Diurne,0,0,0,1,,,False,z,,,
2632040,7,2015-12-23T16:00:00,Strada Urbana,all'intersezione con,VIA DI TOR CERVARA,,Scontro frontale-laterale DX fra veicoli in marcia,Incrocio,Una carreggiata a doppio senso,Asciutto,Asfaltata,Verticale ed orizzontale,Sereno,Normale,Buona,Ore Diurne,0,0,0,2,12.58877,41.9077,False,z,VIA SALVIATI,VIA SALVIATI,
2631967,13,2015-12-23T16:15:00,Strada Urbana,da specificare,VIA ISOLE DEL CAPO VERDE,PROSS. VIA CARLO M. DI MORIONDO,Veicolo in marcia contro veicoli in sosta,Rettilineo,Due carreggiate,Asciutto,Asfaltata,Orizzontale,Sereno,Normale,Buona,Sufficiente,0,0,0,2,12.27516,41.7384,False,z,,,
2631993,8,2015-12-23T16:30:00,,in corrispondenza,VIA DI SALONE,,Tamponamento,,,,,,,,,,0,0,0,2,,,False,z,del civico n.,,305
2634970,12,2015-12-23T16:30:00,,in prossimitíæ,VIA CRISTOFORO COLOMBO,,Tamponamento Multiplo,,,,,,,,,,0,0,0,5,12.44704,41.80373,False,z,della chilometrica,,10.7
2632028,11,2015-12-23T16:30:00,Strada Urbana,all'intersezione con,VIA ARDEATINA,,Scontro frontale fra veicoli in marcia,Incrocio,Una carreggiata a doppio senso,Asciutto,Asfaltata,Verticale ed orizzontale,Sereno,Normale,Buona,Ore Diurne,0,0,0,2,12.52822,41.80219,True,z,VIA ANTONIO CARRUCCIO,VIA ANTONIO CARRUCCIO,
2632401,1,2015-12-23T16:30:00,Strada Urbana,all'intersezione con,VIA VICENZA,,Scontro laterale fra veicoli in marcia,Incrocio,Una carreggiata a senso unico di marcia,Asciutto,Asfaltata,Verticale ed orizzontale,Sereno,Normale,Buona,Ore Diurne,1,0,0,2,,,False,z,VIA DEI MILLE,VIA DEI MILLE,
2635036,12,2015-12-23T16:30:00,Strada Urbana,all'intersezione con,VIA CRISTOFORO COLOMBO,,Scontro laterale fra veicoli in marcia,Intersezione semaforizzata,Pií_ di due carreggiate,Asciutto,Asfaltata,Verticale ed orizzontale,Sereno,Intenso,Buona,Ore Diurne,0,0,0,3,12.49717,41.86564,False,z,CIRCONVALLAZIONE OSTIENSE,CIRCONVALLAZIONE OSTIENSE,
2631850,9,2015-12-23T16:40:00,Strada Urbana,da specificare,VIA TUSCOLANA,altezza VIA PATRICA,Scontro frontale-laterale SX fra veicoli in marcia,Rettilineo,Pií_ di due carreggiate,Asciutto,Asfaltata,Verticale ed orizzontale,Sereno,Normale,Buona,Ore Diurne,1,0,0,2,12.54138,41.86685,False,z,,,
2631490,10,2015-12-23T17:00:00,Strada Urbana,in prossimitíæ,VIALE ANTONIO CIAMARRA,,Scontro laterale fra veicoli in marcia,Rettilineo,Due carreggiate,Asciutto,Asfaltata,Verticale ed orizzontale,Sereno,Normale,Buona,Sufficiente,1,0,0,1,12.59058,41.85288,False,z,del palo luce n.,,103
2634955,12,2015-12-23T17:00:00,,da specificare,PIAZZALE DELL'UMANESIMO,parcheggio interno S. Eugenio,Veicolo in marcia contro ostacolo fisso,,,,,,,,,,0,0,0,1,12.47179,41.82206,False,z,,,
2632208,2,2015-12-23T17:00:00,Strada Urbana,all'intersezione con,VIALE SOMALIA,,Scontro frontale-laterale DX fra veicoli in marcia,Incrocio,Una carreggiata a doppio senso,Asciutto,Asfaltata,Verticale ed orizzontale,Sereno,Intenso,Buona,Insufficiente,0,0,0,2,12.51585,41.93589,False,z,VIA PIETRO MASCAGNI,VIA PIETRO MASCAGNI,
2631968,8,2015-12-23T17:00:00,Strada Urbana,all'intersezione con,VIA DI ROCCA CENCIA,,Scontro laterale fra veicoli in marcia,Intersezione non regolata-non segnalata,Una carreggiata a doppio senso,Asciutto,Asfaltata,Verticale ed orizzontale,Sereno,Intenso,Sufficiente,Sufficiente,0,0,0,2,12.69598,41.887,False,z,VIA GUASILA,VIA GUASILA,
2635106,12,2015-12-23T17:15:00,Strada Urbana,da specificare,VIA DI DECIMA,prossimitíæ via Lo Presti,Scontro laterale fra veicoli in marcia,Rettilineo,Due carreggiate,Asciutto,Asfaltata,Verticale ed orizzontale,Sereno,Intenso,Buona,Ore Diurne,0,0,0,2,12.44421,41.82039,True,z,,,
2632034,8,2015-12-23T17:26:00,,in prossimitíæ,VIA GIORGIO GRAPPELLI,,Veicolo in marcia contro ostacolo accidentale,,,,,,,,,,0,0,0,1,,,False,z,del palo luce n.,,3
2631924,15,2015-12-23T17:30:00,,in corrispondenza,VIA DELLA MAGLIANA,,Investimento di pedone,,,,,,,,,,1,0,0,1,12.45934,41.85052,False,z,del civico n.,,185-d
2632003,5,2015-12-23T17:30:00,Strada Urbana,da specificare,VIA TIBURTINA,prossimitíæ VIA RAFFAELE MAJETTI,Veicolo in marcia contro ostacolo fisso,Rettilineo,Una carreggiata a doppio senso,Asciutto,Asfaltata,Orizzontale,Sereno,Normale,Buona,Ore Diurne,0,0,0,0,12.57735,41.93002,False,z,,,
2632036,8,2015-12-23T17:40:00,,in prossimitíæ,VIA GIORGIO GRAPPELLI,,Veicolo in marcia contro ostacolo accidentale,,,,,,,,,,0,0,0,1,,,False,z,del palo luce n.,,3
2632016,13,2015-12-23T17:50:00,Strada Urbana,all'intersezione con,VIA DEL CANALE DELLA LINGUA,,Scontro laterale fra veicoli in marcia,Incrocio,Una carreggiata a doppio senso,Asciutto,Asfaltata,Verticale ed orizzontale,Sereno,Normale,Buona,Sufficiente,1,0,0,2,12.33328,41.74748,False,z,VICOLO DEL CANALE DELLA LINGUA,VICOLO DEL CANALE DELLA LINGUA,
2632440,3,2015-12-23T18:00:00,Strada Urbana,da specificare,VIA DELLA MARSICA,in prossimitíæ Via Livorno,Tamponamento,Rettilineo,Due carreggiate,Asciutto,Asfaltata,Verticale ed orizzontale,Sereno,Normale,Sufficiente,Sufficiente,0,0,0,3,12.52583,41.91684,True,z,,,
2632004,8,2015-12-23T18:30:00,Strada Urbana,in prossimitíæ,VIA BOLOGNETTA,,Tamponamento,Rettilineo,Una carreggiata a doppio senso,Asciutto,Asfaltata,Verticale ed orizzontale,Sereno,Normale,Sufficiente,Sufficiente,0,0,0,3,,,False,z,del civico n.,,62
2632106,19,2015-12-23T18:40:00,Strada Urbana,in prossimitíæ,VIA TRIONFALE,,Veicolo in marcia contro ostacolo accidentale,Curva a visuale libera,Una carreggiata a senso unico di marcia,Bagnato (umiditíæ in atto),Asfaltata,Orizzontale,Sereno,Normale,Buona,Sufficiente,0,0,0,1,12.43449,41.93513,True,z,del civico n.,,7515
2635010,12,2015-12-23T19:00:00,Strada Urbana,da specificare,PIAZZALE EZIO TARANTELLI,area di parcheggio,Scontro frontale-laterale DX fra veicoli in marcia,Rotatoria,Una carreggiata a senso unico di marcia,Bagnato (umiditíæ in atto),Asfaltata,Assente,Sereno,Scarso,Sufficiente,Sufficiente,0,0,0,2,12.43639,41.81842,False,z,,,
2633795,9,2015-12-23T19:00:00,Strada Urbana,all'intersezione con,VIA GALLARATE,,Scontro laterale fra veicoli in marcia,Intersezione stradale segnalata,Una carreggiata a doppio senso,Asciutto,Asfaltata,Verticale ed orizzontale,Sereno,Normale,Sufficiente,Sufficiente,0,0,0,1,12.52189,41.88801,False,z,VIA CASILINA,VIA CASILINA,
2632675,16,2015-12-23T19:00:00,Strada Urbana,all'intersezione con,VIA ETTORE ROLLI,,Scontro laterale fra veicoli in marcia,Incrocio,Una carreggiata a doppio senso,Asciutto,Asfaltata,Verticale ed orizzontale,Sereno,Intenso,Buona,Sufficiente,0,0,0,2,12.46763,41.87431,True,z,VIA DEGLI STRADIVARI,VIA DEGLI STRADIVARI,
2645620,18,2015-12-23T19:15:00,Strada Urbana,all'intersezione con,VIA GREGORIO XI,,Scontro frontale-laterale DX fra veicoli in marcia,Intersezione stradale segnalata,Due carreggiate,Asciutto,Asfaltata,Verticale ed orizzontale,Sereno,Normale,Buona,Sufficiente,1,0,0,1,12.41108,41.89354,True,z,VIA LUCA PASSI,VIA LUCA PASSI,
2632037,8,2015-12-23T19:20:00,,in prossimitíæ,VIA GIORGIO GRAPPELLI,,Veicolo in marcia contro ostacolo accidentale,,,,,,,,,,0,0,0,1,,,False,z,del palo luce n.,,3
2631982,9,2015-12-23T19:30:00,,in prossimitíæ,VIA VETURIA,,Veicolo in marcia contro ostacolo accidentale,,,,,,,,,,1,0,0,0,12.52221,41.87641,False,z,del civico n.,,14
2631957,9,2015-12-23T19:30:00,,in prossimitíæ,VIA VETURIA,,Veicolo in marcia contro ostacolo fisso,,,,,,,,,,1,0,0,0,12.52221,41.87641,False,z,del civico n.,,14
2632058,6,2015-12-23T19:40:00,Strada Urbana,all'intersezione con,VIA PRENESTINA,,Tamponamento,Incrocio,Pií_ di due carreggiate,Asciutto,Asfaltata,Orizzontale,Sereno,Normale,Buona,Sufficiente,0,0,0,2,,,False,z,VIA ETTORE FIERAMOSCA,VIA ETTORE FIERAMOSCA,
2631907,9,2015-12-23T19:45:00,,da specificare,VIA DELLE CAPANNELLE,fronte civico 223,Scontro frontale-laterale SX fra veicoli in marcia,,,,,,,,,,1,0,0,2,12.57083,41.83506,False,z,,,
2632009,8,2015-12-23T19:50:00,,in corrispondenza,VIALE DUILIO CAMBELLOTTI,,Veicolo in marcia contro ostacolo accidentale,,,,,,,,,,0,0,0,2,,,False,z,del civico n.,,167
2632442,3,2015-12-23T20:00:00,,da specificare,VIA AMALIA BETTINI,snc,Veicolo in marcia contro ostacolo fisso,,,,,,,,,,1,0,0,1,,,False,z,,,
2632205,2,2015-12-23T20:15:00,Strada Urbana,in prossimitíæ,VIA RUGGERO LEONCAVALLO,,Veicolo in marcia contro veicolo in sosta,Rettilineo,Una carreggiata a senso unico di marcia,Asciutto,Asfaltata,Verticale ed orizzontale,Sereno,Scarso,Buona,Sufficiente,0,0,0,1,12.51254,41.93665,False,z,del civico n.,,8
2632449,16,2015-12-23T20:20:00,Strada Urbana,in prossimitíæ,VIA DI DONNA OLIMPIA,,Investimento di pedone,Rettilineo,Una carreggiata a doppio senso,Asciutto,Asfaltata,Verticale ed orizzontale,Sereno,Normale,Sufficiente,Sufficiente,0,1,0,1,12.45724,41.87361,False,z,del civico n.,,280
2632035,7,2015-12-23T20:20:00,,all'intersezione con,VIA MOLFETTA,,Scontro laterale fra veicoli in marcia,,,,,,,,,,2,0,0,1,12.57748,41.89001,False,z,VIA UGENTO,VIA UGENTO,
2632049,11,2015-12-23T20:30:00,Strada Urbana,all'intersezione con,VIA DELLA MAGLIANA,,Scontro frontale-laterale DX fra veicoli in marcia,Intersezione stradale segnalata,Una carreggiata a doppio senso,Asciutto,Asfaltata,Verticale ed orizzontale,Sereno,Normale,Buona,Sufficiente,0,0,0,3,12.42401,41.83394,False,z,VIA CITTA' DI PRATO,VIA CITTA' DI PRATO,
2632163,17,2015-12-23T20:40:00,Strada Urbana,in prossimitíæ,CIRCONVALLAZIONE CLODIA,,Tamponamento,Rettilineo,Due carreggiate,Asciutto,Asfaltata,Verticale ed orizzontale,Sereno,Normale,Buona,Sufficiente,0,0,0,4,12.45731,41.92063,False,z,del civico n.,,161
2632678,16,2015-12-23T21:00:00,,in prossimitíæ,VIA DI VAL TELLINA,,Scontro frontale-laterale SX fra veicoli in marcia,,,,,,,,,,1,0,0,3,,,False,z,del civico n.,,63
2632013,8,2015-12-23T21:05:00,,in prossimitíæ,VIALE DUILIO CAMBELLOTTI,,Veicolo in marcia contro ostacolo accidentale,,,,,,,,,,2,0,0,0,,,False,z,del civico n.,,167
2632023,8,2015-12-23T21:15:00,,in prossimitíæ,VIALE DUILIO CAMBELLOTTI,,Veicolo in marcia contro ostacolo accidentale,,,,,,,,,,0,0,0,1,,,False,z,del civico n.,,167
2632026,8,2015-12-23T21:30:00,,in prossimitíæ,VIALE DUILIO CAMBELLOTTI,,Veicolo in marcia contro ostacolo accidentale,,,,,,,,,,0,0,0,1,,,False,z,del civico n.,,167
2635061,12,2015-12-23T21:40:00,Strada Urbana,all'intersezione con,VIA CRISTOFORO COLOMBO,,Scontro frontale-laterale SX fra veicoli in marcia,Incrocio,Due carreggiate,Asciutto,Asfaltata,Verticale ed orizzontale,Sereno,Normale,Buona,Sufficiente,0,0,0,2,12.34551,41.73652,False,z,VICOLO DEL CANALE DELLA LINGUA,VICOLO DEL CANALE DELLA LINGUA,
2645968,18,2015-12-23T21:45:00,Strada Urbana,all'intersezione semaforizzata con,VIA DI BOCCEA,,Scontro laterale fra veicoli in marcia,Intersezione semaforizzata,Una carreggiata a doppio senso,Asciutto,Asfaltata,Verticale ed orizzontale,Sereno,Normale,Buona,Sufficiente,1,0,0,1,12.39377,41.91091,False,z,VIA DON CARLO GNOCCHI,VIA DON CARLO GNOCCHI,
2632686,16,2015-12-23T22:30:00,Strada Urbana,all'intersezione con,VIA DI VIGNA GIRELLI,,Scontro frontale-laterale DX fra veicoli in marcia,Incrocio,Una carreggiata a doppio senso,Asciutto,Asfaltata,Verticale,Sereno,Scarso,Buona,Sufficiente,0,0,0,2,12.42682,41.84186,False,z,VIA CASTIGLIONE DELLA PESCAIA,VIA CASTIGLIONE DELLA PESCAIA,
2632076,6,2015-12-23T23:00:00,Strada Urbana,in corrispondenza,VIALE PALMIRO TOGLIATTI,,Scontro laterale fra veicoli in marcia,Rettilineo,Pií_ di due carreggiate,Asciutto,Asfaltata,Orizzontale,Sereno,Scarso,Sufficiente,Sufficiente,0,0,0,2,12.57506,41.89431,False,z,del civico n.,,993
2632005,5,2015-12-23T23:00:00,Statale entro l'abitato,all'intersezione semaforizzata con,VIA CASILINA,,Veicolo in marcia contro ostacolo fisso,Incrocio,Una carreggiata a doppio senso,Asciutto,Asfaltata,Verticale ed orizzontale,Sereno,Scarso,Buona,Sufficiente,0,0,0,1,12.60933,41.86405,True,z,VIA DEI RUDERI DI TORRENOVA,VIA DEI RUDERI DI TORRENOVA,
2635001,4,2015-12-24T00:00:00,,in corrispondenza,VIA DELLA BUFALOTTA,,Veicoli in marcia contro veicoli fermi,,,,,,,,,,0,0,0,1,,,False,z,del civico n.,,151
2632158,13,2015-12-24T00:00:00,,all'intersezione con,VIA DELL'IDROSCALO,,Veicolo in marcia contro ostacolo fisso,,,,,,,,,,0,0,0,0,,,False,z,VIA DEGLI ATLANTICI,VIA DEGLI ATLANTICI,
2632051,11,2015-12-24T00:15:00,Strada Urbana,in prossimitíæ,VIA CILICIA,,Veicolo in marcia contro ostacolo fisso,Rettilineo,Due carreggiate,Asciutto,Asfaltata,Verticale ed orizzontale,Sereno,Normale,Buona,Sufficiente,0,0,0,1,12.50407,41.8717,False,z,del civico n.,,53
2632095,1,2015-12-24T00:25:00,Strada Urbana,in prossimitíæ,VIA LABICANA,,Veicolo in marcia contro ostacolo fisso,Rettilineo,Pií_ di due carreggiate,Asciutto,Asfaltata,Verticale ed orizzontale,Sereno,Scarso,Buona,Sufficiente,1,0,0,1,,,False,z,del civico n.,,95
2646800,18,2015-12-24T00:40:00,Strada Urbana,all'intersezione semaforizzata con,PIAZZA DEI GIURECONSULTI,,Veicolo in marcia contro ostacolo fisso,Intersezione semaforizzata,Una carreggiata a doppio senso,Asciutto,Asfaltata,Verticale ed orizzontale,Sereno,Scarso,Sufficiente,Sufficiente,1,0,0,0,,,False,z,CIRCONVALLAZIONE CORNELIA,CIRCONVALLAZIONE CORNELIA,
2632116,20,2015-12-24T03:45:00,Strada Urbana,da specificare,VIA CASSIA,prossimitíæ Via della Torre delle Cornacchie,Scontro frontale fra veicoli in marcia,Rettilineo,Una carreggiata a doppio senso,Asciutto,Asfaltata,Verticale ed orizzontale,Sereno,Scarso,Insufficiente,Sufficiente,4,1,0,0,,,False,z,,,
2632140,1,2015-12-24T05:15:00,Strada Urbana,in prossimitíæ,VIALE CARLO FELICE,,Veicolo in marcia contro veicoli in sosta,Rettilineo,Pií_ di due carreggiate,Asciutto,Asfaltata,Verticale ed orizzontale,Sereno,Scarso,Buona,Sufficiente,0,0,0,1,,,False,z,del civico n.,,95
2632055,1,2015-12-24T05:20:00,Strada Urbana,in prossimitíæ,VIALE DELLE TERME DI CARACALLA,,Veicolo in marcia contro ostacolo fisso,Rettilineo,Pií_ di due carreggiate,Asciutto,Asfaltata,Verticale ed orizzontale,Sereno,Scarso,Buona,Sufficiente,1,0,0,0,,,False,z,del palo luce n.,,112
2635147,4,2015-12-24T05:35:00,,da specificare,VIA SALARIA,altezza km. 13.900,Tamponamento,,,,,,,,,,0,0,0,2,,,False,z,,,
2635145,12,2015-12-24T07:00:00,Strada Urbana,all'intersezione con,VIALE DON PASQUINO BORGHI,,Veicolo in marcia contro veicoli in sosta,Incrocio,Una carreggiata a senso unico di marcia,Bagnato (umiditíæ in atto),Asfaltata,Verticale ed orizzontale,Nuvoloso,Scarso,Buona,Sufficiente,0,0,0,1,12.44343,41.81117,False,z,VIA S. ANDREA CORSINI,VIA S. ANDREA CORSINI,
2633662,19,2015-12-24T07:40:00,Strada Urbana,in corrispondenza,VIA DEI MONTI DI PRIMAVALLE,,Veicolo in marcia contro veicolo in sosta,Rettilineo,Una carreggiata a doppio senso,Bagnato (pioggia),Asfaltata,Orizzontale,Pioggia in atto,Normale,Buona,Ore Diurne,0,0,0,1,12.4133,41.91232,False,z,del civico n.,,61
2635028,4,2015-12-24T08:20:00,,da specificare,VIA DEI PRATI FISCALI,fronte via delle Cave Fiscali,Scontro frontale-laterale SX fra veicoli in marcia,,,,,,,,,,0,0,0,2,12.52477,41.94624,False,z,,,
2633504,11,2015-12-24T08:40:00,,da specificare,VIA ARDEATINA,prossimitíæ via di Tor Carbone,Tamponamento Multiplo,,,,,,,,,,1,0,0,4,,,False,z,,,
2632992,1,2015-12-24T08:40:00,Strada Urbana,all'intersezione con,VIALE MARCO POLO,,Tamponamento Multiplo,Incrocio,Due carreggiate,Bagnato (umiditíæ in atto),Asfaltata,Verticale ed orizzontale,Nuvoloso,Normale,Buona,Ore Diurne,0,0,0,3,,,False,z,VIA LUIGI RONCINOTTO,VIA LUIGI RONCINOTTO,
2633832,20,2015-12-24T08:45:00,,in prossimitíæ,VIA DEI DUE PONTI,,Ribaltamento senza urto contro ostacolo fisso,,,,,,,,,,0,1,0,1,,,False,z,del civico n.,,110
2635216,12,2015-12-24T09:00:00,Strada Urbana,da specificare,PIAZZALE CINA,area di parcheggio,Veicolo in marcia contro veicolo in sosta,Rotatoria,Una carreggiata a doppio senso,Asciutto,Asfaltata,Verticale ed orizzontale,Sereno,Normale,Sufficiente,Ore Diurne,0,0,0,1,12.43242,41.80782,True,z,,,
2632698,16,2015-12-24T09:00:00,,da specificare,CIRCONVALLAZIONE GIANICOLENSE,fronte palo acea 89,Infortunio per sola frenata improvvisa,,,,,,,,,,0,0,0,2,,,False,z,,,
2635131,12,2015-12-24T09:00:00,Strada Urbana,all'intersezione con,VIA DEL MASCHERINO,,Tamponamento,Intersezione stradale segnalata,Una carreggiata a doppio senso,Bagnato (umiditíæ in atto),In cubetti di porfido,Verticale ed orizzontale,Nuvoloso,Scarso,Buona,Ore Diurne,0,0,0,2,12.45865,41.90392,True,z,BORGO PIO,BORGO PIO,
2634165,13,2015-12-24T09:00:00,,all'intersezione con,VIA DOMENICO PURIFICATO,,Scontro frontale-laterale SX fra veicoli in marcia,,,,,,,,,,0,0,0,2,,,False,z,VIA FRANCO GENTILINI,VIA FRANCO GENTILINI,
2632981,1,2015-12-24T09:10:00,Strada Urbana,da specificare,PIAZZA DI S. MARCO,altezza albero n.6,Veicolo in marcia contro ostacolo accidentale,Curva a visuale libera,Una carreggiata a senso unico di marcia,Viscido da liquidi oleosi,In cubetti di porfido,Verticale ed orizzontale,Nuvoloso,Normale,Buona,Ore Diurne,1,0,0,0,,,False,z,,,
2632703,16,2015-12-24T09:10:00,Strada Urbana,all'intersezione semaforizzata con,CIRCONVALLAZIONE GIANICOLENSE,,Veicolo in marcia contro ostacolo accidentale,Intersezione semaforizzata,Pií_ di due carreggiate,Bagnato (pioggia),Asfaltata,Verticale ed orizzontale,Pioggia in atto,Normale,Buona,Ore Diurne,0,0,0,2,12.44265,41.87704,False,z,VIALE DEI COLLI PORTUENSI,VIALE DEI COLLI PORTUENSI,
2635342,12,2015-12-24T09:20:00,Strada Urbana,in prossimitíæ,VIA CINA,,Scontro laterale fra veicoli in marcia,Rettilineo,Una carreggiata a doppio senso,Bagnato (pioggia),Asfaltata,Verticale ed orizzontale,Nuvoloso,Normale,Buona,Ore Diurne,0,0,0,3,12.43623,41.81496,False,z,del civico n.,,78
2635057,1,2015-12-24T09:30:00,Strada Urbana,in corrispondenza,LUNGOTEVERE RAFFAELLO SANZIO,,Veicolo in marcia contro ostacolo accidentale,Rettilineo,Una carreggiata a senso unico di marcia,Viscido da liquidi oleosi,Asfaltata,Verticale ed orizzontale,Pioggia in atto,Scarso,Buona,Ore Diurne,1,0,0,0,,,False,z,del civico n.,,dall'1 all'8
2634894,5,2015-12-24T09:30:00,Strada Urbana,da specificare,VIA MONTELEONE DI FERMO,civico 23,Scontro frontale-laterale SX fra veicoli in marcia,Rettilineo,Una carreggiata a doppio senso,Bagnato (umiditíæ in atto),Asfaltata,Orizzontale,Nuvoloso,Scarso,Buona,Ore Diurne,0,0,0,2,,,False,z,,,
2635082,1,2015-12-24T09:32:00,,in prossimitíæ,LUNGOTEVERE RAFFAELLO SANZIO,,Veicolo in marcia contro ostacolo accidentale,,,,,,,,,,0,0,0,1,,,False,z,del civico n.,,8-Jan
2646708,18,2015-12-24T09:50:00,Strada Urbana,in prossimitíæ,VIA DELLE FORNACI,,Tamponamento,Rettilineo,Una carreggiata a senso unico di marcia,Bagnato (pioggia),Asfaltata,Verticale ed orizzontale,Pioggia in atto,Normale,Buona,Ore Diurne,0,0,0,2,,,False,z,del civico n.,,3
2632989,1,2015-12-24T09:55:00,Strada Urbana,in corrispondenza,LUNGOTEVERE DE' CENCI,,Veicolo in marcia contro ostacolo accidentale,Rettilineo,Una carreggiata a senso unico di marcia,Viscido da liquidi oleosi,Asfaltata,Verticale ed orizzontale,Nuvoloso,Normale,Buona,Ore Diurne,0,0,0,1,,,False,z,del civico n.,,3-A
2632189,6,2015-12-24T10:00:00,Strada Urbana,da specificare,VIA ROBERTO MALATESTA,fronte civico 253,Scontro laterale fra veicoli in marcia,Rettilineo,Due carreggiate,Bagnato (pioggia),Asfaltata,Orizzontale,Pioggia in atto,Normale,Buona,Ore Diurne,0,0,0,2,,,False,z,,,
2633107,1,2015-12-24T10:00:00,Strada Urbana,in prossimitíæ,PIAZZA DI S. MARCO,,Veicolo in marcia contro ostacolo accidentale,Curva a visuale libera,Una carreggiata a doppio senso,Bagnato (pioggia),In cubetti di porfido,Orizzontale,Nuvoloso,Normale,Buona,Ore Diurne,0,0,0,1,12.48186,41.89584,False,z,del civico n.,,47
2632984,1,2015-12-24T10:00:00,Strada Urbana,in corrispondenza,LUNGOTEVERE DE' CENCI,,Veicolo in marcia contro ostacolo accidentale,Rettilineo,Una carreggiata a senso unico di marcia,Viscido da liquidi oleosi,Asfaltata,Verticale ed orizzontale,Nuvoloso,Normale,Buona,Ore Diurne,0,0,0,1,,,False,z,del palo luce n.,,9
2656563,1,2015-12-24T10:01:00,Strada Urbana,da specificare,PIAZZA DI S. MARCO,PROSSIMITA' AREA VERDE DELIMITATA,Veicolo in marcia contro ostacolo accidentale,Rettilineo,Una carreggiata a doppio senso,Bagnato (pioggia),In cubetti di porfido,Verticale ed orizzontale,Nuvoloso,Normale,Buona,Ore Diurne,0,0,0,1,,,False,z,,,
2634180,13,2015-12-24T10:15:00,Strada Urbana,all'intersezione con,VIA MAR ROSSO,,Scontro frontale-laterale DX fra veicoli in marcia,Incrocio,Una carreggiata a doppio senso,Bagnato (pioggia),Asfaltata,Verticale ed orizzontale,Pioggia in atto,Normale,Buona,Ore Diurne,0,0,0,2,12.30023,41.73303,False,z,VIA MAR ARABICO,VIA MAR ARABICO,