_ID,_Gruppo,_DataOraIncidente,_Localizzazione1,_Localizzazione2,_Strada1,_DaSpecificare,_NaturaIncidente,_ParticolaritaStrade,_TipoStrada,_FondoStradale,_Pavimentazione,_Segnaletica,_CondizioneAtmosferica,_Traffico,_Visibilita,_Illuminazione,_NUM_FERITI,_NUM_RISERVATA,_NUM_MORTI,_NUM_ILLESI,_Longitudine,_Latitudine,_CONFERMATO,__prefix,_Strada02,_Strada2,_Chilometrica
2634969,16,2015-12-24T10:30:00,Strada Urbana,all'intersezione semaforizzata con,VIALE DEI QUATTRO VENTI,,Tamponamento,Incrocio,Una carreggiata a doppio senso,Bagnato (umiditíæ in atto),Asfaltata,Verticale ed orizzontale,Nuvoloso,Normale,Buona,Ore Diurne,0,0,0,2,12.45833,41.87775,True,z,PIAZZALE DEI QUATTRO VENTI,PIAZZALE DEI QUATTRO VENTI,
2634182,13,2015-12-24T10:30:00,,all'intersezione con,VIALE DI CASTEL PORZIANO,,Scontro laterale fra veicoli in marcia,,,,,,,,,,0,0,0,2,,,False,z,VIA SALORNO,VIA SALORNO,
2635121,2,2015-12-24T10:30:00,Strada Urbana,da specificare,VIA SALARIA,rampa d'ingresso Foro italico dir stadio.,Veicolo in marcia contro ostacolo fisso,Curva a visuale libera,Una carreggiata a senso unico di marcia,Asciutto,Asfaltata,Verticale ed orizzontale,Sereno,Scarso,Buona,Ore Diurne,0,0,0,1,12.50864,41.93901,False,z,,,
2632658,12,2015-12-24T10:30:00,Strada Urbana,da specificare,VIA DEL FOSSO DEL SALCETO,rotatoria via Ponte di Piscina Cupa,Scontro frontale-laterale SX fra veicoli in marcia,Curva a visuale libera,Una carreggiata a doppio senso,Bagnato (pioggia),Asfaltata,Verticale ed orizzontale,Nuvoloso,Scarso,Buona,Ore Diurne,1,0,0,2,12.44341,41.71432,False,z,,,
2635097,16,2015-12-24T10:50:00,,in prossimitíæ,VIA EDOARDO JENNER,,Veicolo in marcia contro veicolo in sosta,,,,,,,,,,0,0,0,1,12.44603,41.87022,False,z,del civico n.,,161a
2636751,23,2015-12-24T11:20:00,Strada Urbana,da specificare,PIAZZALE CRISTOFORO COLOMBO,lato lungomare l. catulo,Scontro frontale-laterale SX fra veicoli in marcia,Rotatoria,Una carreggiata a senso unico di marcia,Bagnato (umiditíæ in atto),Asfaltata,Orizzontale,Sereno,Normale,Buona,Ore Diurne,1,0,0,8,12.31898,41.7164,False,z,,,
2633649,19,2015-12-24T11:25:00,Strada Urbana,in corrispondenza,VIA DI TORREVECCHIA,,Tamponamento,Rettilineo,Una carreggiata a doppio senso,Asciutto,Asfaltata,Orizzontale,Sereno,Intenso,Buona,Ore Diurne,0,0,0,4,12.41863,41.93072,True,z,del civico n.,,190
2632315,9,2015-12-24T11:30:00,,in prossimitíæ,VIA NOCERA UMBRA,,Scontro laterale fra veicoli in marcia,,,,,,,,,,0,0,0,0,,,False,z,del civico n.,,3
2634994,1,2015-12-24T11:30:00,Strada Urbana,in corrispondenza,VIA ARENULA,,Veicolo in marcia contro ostacolo accidentale,Rettilineo,Due carreggiate,Sdrucciolevole (fango),Asfaltata,Verticale ed orizzontale,Nuvoloso,Intenso,Buona,Ore Diurne,1,0,0,0,,,False,z,del civico n.,,59
2632978,1,2015-12-24T11:45:00,Strada Urbana,in corrispondenza,VIA PRINCIPE AMEDEO,,Investimento di pedone,Rettilineo,Una carreggiata a senso unico di marcia,Bagnato (umiditíæ in atto),Asfaltata,Verticale ed orizzontale,Nuvoloso,Normale,Buona,Ore Diurne,1,0,0,1,,,False,z,del civico n.,,289
2635074,4,2015-12-24T11:45:00,,all'intersezione con,VIALE LINA CAVALIERI,,Scontro frontale-laterale SX fra veicoli in marcia,,,,,,,,,,0,0,0,2,,,False,z,VIA PIAN DI SCO,VIA PIAN DI SCO,
2635291,12,2015-12-24T12:00:00,Strada Urbana,all'intersezione con,VIA CINA,,Scontro laterale fra veicoli in marcia,Incrocio,Una carreggiata a doppio senso,Asciutto,Asfaltata,Verticale ed orizzontale,Nuvoloso,Intenso,Buona,Ore Diurne,0,0,0,3,12.43774,41.81633,False,z,PIAZZA AZOLINO HAZON,PIAZZA AZOLINO HAZON,
2633851,20,2015-12-24T12:00:00,,in corrispondenza,VIALE DELLE GALLINE BIANCHE,,Tamponamento,,,,,,,,,,0,0,0,2,,,False,z,del civico n.,,96
2632548,3,2015-12-24T12:00:00,Strada Urbana,in prossimitíæ,VIALE DI VILLA MASSIMO,,Scontro laterale fra veicoli in marcia,Rettilineo,Una carreggiata a senso unico di marcia,Asciutto,Asfaltata,Orizzontale,Sereno,Normale,Buona,Ore Diurne,0,0,0,2,12.51567,41.91354,False,z,del civico n.,,25
2635126,2,2015-12-24T12:00:00,Strada Urbana,all'intersezione con,VIA LUIGI BELLOTTI BON,,Scontro laterale fra veicoli in marcia,Incrocio,Una carreggiata a senso unico di marcia,Asciutto,Asfaltata,Verticale,Sereno,Normale,Buona,Ore Diurne,0,0,0,3,12.49188,41.92838,True,z,VIA ELEONORA DUSE,VIA ELEONORA DUSE,
2642767,12,2015-12-24T12:15:00,Strada Urbana,all'intersezione con,VIALE BEATA VERGINE DEL CARMELO,,Scontro frontale-laterale SX fra veicoli in marcia,Incrocio,Una carreggiata a doppio senso,Asciutto,Asfaltata,Verticale ed orizzontale,Sereno,Normale,Buona,Ore Diurne,0,0,0,2,12.44095,41.8072,True,z,VIA ILDEBRANDO VIVANTI,VIA ILDEBRANDO VIVANTI,
2633004,1,2015-12-24T12:20:00,Strada Urbana,in prossimitíæ,VIA MERULANA,,Scontro laterale fra veicoli in marcia,Rettilineo,Una carreggiata a doppio senso,Asciutto,Asfaltata,Orizzontale,Nuvoloso,Normale,Buona,Ore Diurne,1,0,0,1,,,False,z,del civico n.,,110
2634187,13,2015-12-24T12:30:00,,all'intersezione con,VIA DELLE FIAMME GIALLE,,Tamponamento,,,,,,,,,,0,0,0,5,,,False,z,PIAZZA DELLE FIAMME GIALLE,PIAZZA DELLE FIAMME GIALLE,
2635099,16,2015-12-24T12:35:00,,in corrispondenza,VIA FLORIDA,,Infortunio per caduta del veicolo,,,,,,,,,,0,0,0,1,,,False,z,del civico n.,,15
2635337,12,2015-12-24T12:50:00,Strada Urbana,all'intersezione con,VIALE UMBERTO TUPINI,,Scontro frontale-laterale DX fra veicoli in marcia,Intersezione stradale segnalata,Una carreggiata a doppio senso,Asciutto,Asfaltata,Verticale ed orizzontale,Sereno,Normale,Buona,Ore Diurne,0,0,0,2,12.46254,41.83424,True,z,VIA DELL'ELETTRONICA,VIA DELL'ELETTRONICA,
2632441,6,2015-12-24T12:50:00,Strada Urbana,all'intersezione con,PIAZZA SABAUDIA,,Scontro laterale fra veicoli in marcia,Intersezione stradale segnalata,Una carreggiata a senso unico di marcia,Asciutto,Asfaltata,Verticale ed orizzontale,Sereno,Normale,Buona,Ore Diurne,0,0,0,2,12.55679,41.89295,True,z,VIA BELLEGRA,VIA BELLEGRA,
2632608,2,2015-12-24T12:50:00,,all'intersezione con,LUNGOTEVERE FLAMINIO,,Scontro frontale-laterale SX fra veicoli in marcia,,,,,,,,,,1,0,0,1,,,False,z,VIA MASOLINO DA PANICALE,VIA MASOLINO DA PANICALE,
2632515,10,2015-12-24T13:00:00,Strada Urbana,all'intersezione con,CIRCONVALLAZIONE ORIENTALE,,Scontro laterale fra veicoli in marcia,Incrocio,Due carreggiate,Asciutto,Asfaltata,Verticale ed orizzontale,Sereno,Normale,Buona,Ore Diurne,0,0,0,2,12.58094,41.82259,True,z,VIA RANUCCIO BIANCHI BANDINELLI,VIA RANUCCIO BIANCHI BANDINELLI,
2632921,8,2015-12-24T13:00:00,Strada Urbana,in prossimitíæ,VIA DEI TUCANI,,Tamponamento,Rettilineo,Una carreggiata a doppio senso,Asciutto,Asfaltata,Verticale ed orizzontale,Sereno,Normale,Buona,Ore Diurne,0,0,0,3,12.59039,41.86845,True,z,del palo luce n.,,10
2635167,3,2015-12-24T13:30:00,,in prossimitíæ,VIALE REGINA ELENA,,Investimento di pedone,,,,,,,,,,0,0,0,2,,,False,z,del civico n.,,336
2633007,1,2015-12-24T13:40:00,Strada Urbana,in prossimitíæ,VIA FILIPPO TURATI,,Scontro laterale fra veicoli in marcia,Rettilineo,Una carreggiata a senso unico di marcia,Asciutto,Asfaltata,Verticale ed orizzontale,Sereno,Normale,Buona,Ore Diurne,0,0,0,2,,,False,z,del civico n.,,23
2632637,7,2015-12-24T14:15:00,Strada Urbana,all'intersezione semaforizzata con,VIA DEI CASTANI,,Scontro frontale-laterale SX fra veicoli in marcia,Intersezione semaforizzata,Una carreggiata a doppio senso,Asciutto,Asfaltata,Verticale ed orizzontale,Nuvoloso,Normale,Buona,Ore Diurne,1,0,0,1,,,False,z,VIA DELLE ACACIE,VIA DELLE ACACIE,
2632581,10,2015-12-24T14:45:00,Statale entro l'abitato,da specificare,VIA APPIA NUOVA,dir. rm centro 100 mt prima del GRA,Tamponamento Multiplo,Rettilineo,Una carreggiata a senso unico di marcia,Asciutto,Asfaltata,Orizzontale,Sereno,Intenso,Buona,Ore Diurne,1,0,0,3,,,False,z,,,
2633494,11,2015-12-24T15:00:00,Strada Urbana,in corrispondenza,VIA LAURENTINA,,Veicolo in marcia contro veicoli in sosta,Rettilineo,Una carreggiata a senso unico di marcia,Asciutto,Asfaltata,Verticale ed orizzontale,Sereno,Normale,Buona,Ore Diurne,0,0,0,1,12.47741,41.8511,False,z,del civico n.,,7-c
2646261,18,2015-12-24T15:00:00,Strada Urbana,all'intersezione semaforizzata con,VIA DELLE FORNACI,,Scontro laterale fra veicoli in marcia,Intersezione semaforizzata,Una carreggiata a senso unico di marcia,Asciutto,Asfaltata,Verticale ed orizzontale,Sereno,Scarso,Buona,Ore Diurne,0,0,0,2,12.45654,41.90032,True,z,LARGO DI PORTA CAVALLEGGERI,LARGO DI PORTA CAVALLEGGERI,
2634925,5,2015-12-24T15:20:00,,all'intersezione con,VIA MORROVALLE,,Scontro frontale-laterale DX fra veicoli in marcia,,,,,,,,,,1,0,0,0,,,False,z,VIA LORETO,VIA LORETO,
2633523,17,2015-12-24T15:54:00,Strada Urbana,in prossimitíæ,VIA DELLA GIULIANA,,Scontro frontale fra veicoli in marcia,Rettilineo,Una carreggiata a doppio senso,Bagnato (umiditíæ in atto),Asfaltata,Verticale ed orizzontale,Nuvoloso,Normale,Buona,Ore Diurne,0,0,0,2,12.45354,41.91529,False,z,del civico n.,,125
2634199,13,2015-12-24T15:55:00,Strada Urbana,in prossimitíæ,VIA COSTANTINO BESCHI,,Scontro frontale-laterale DX fra veicoli in marcia,Rettilineo,Una carreggiata a senso unico di marcia,Bagnato (umiditíæ in atto),Asfaltata,Assente,Nuvoloso,Scarso,Sufficiente,Ore Diurne,0,0,0,2,12.36837,41.7855,False,z,del civico n.,,38
2634960,4,2015-12-24T16:00:00,,all'intersezione con,VIA RENATO FUCINI,,Scontro frontale-laterale DX fra veicoli in marcia,,,,,,,,,,0,0,0,2,,,False,z,VIA LUIGI CAPUANA,VIA LUIGI CAPUANA,
2633637,19,2015-12-24T16:30:00,Strada Urbana,in corrispondenza,VIA DI CASAL DEL MARMO,,Veicolo in marcia contro veicolo fermo,Rettilineo,Una carreggiata a doppio senso,Asciutto,Asfaltata,Verticale ed orizzontale,Sereno,Normale,Buona,Ore Diurne,0,1,0,1,12.38001,41.92991,True,z,del palo luce n.,,133
2632924,8,2015-12-24T17:00:00,Strada Urbana,all'intersezione con,VIA BORGHESIANA,,Scontro frontale-laterale SX fra veicoli in marcia,Incrocio,Una carreggiata a doppio senso,Asciutto,Asfaltata,Orizzontale,Sereno,Normale,Sufficiente,Ore Diurne,0,0,0,4,12.67235,41.87821,False,z,VIA CINISI,VIA CINISI,
2635133,2,2015-12-24T17:35:00,,in corrispondenza,VIALE PARIOLI,,Scontro laterale fra veicoli in marcia,,,,,,,,,,1,0,0,1,12.49112,41.92354,False,z,del civico n.,,31
2632931,8,2015-12-24T18:45:00,Statale entro l'abitato,in prossimitíæ,VIA CASILINA,,Veicolo in marcia contro ostacolo fisso,Rettilineo,Una carreggiata a doppio senso,Asciutto,Asfaltata,Verticale ed orizzontale,Nuvoloso,Normale,Sufficiente,Insufficiente,0,0,0,4,12.63641,41.86371,False,z,del civico n.,,1604
2634065,15,2015-12-24T19:00:00,,in corrispondenza,VIA DELL'IMPRUNETA,,Investimento di pedone,,,,,,,,,,1,0,0,1,,,False,z,del civico n.,,1421
2633488,6,2015-12-24T19:00:00,,all'intersezione con,VIA DI ACQUA BULLICANTE,,Scontro frontale-laterale DX fra veicoli in marcia,,,,,,,,,,0,0,0,2,,,False,z,VIA SAN VITO ROMANO,VIA SAN VITO ROMANO,
2635092,7,2015-12-24T19:15:00,,in corrispondenza,VIA DELIA,,Veicolo in marcia contro veicolo fermo,,,,,,,,,,0,1,0,2,,,False,z,del civico n.,,15
2633033,1,2015-12-24T19:45:00,,in prossimitíæ,LUNGOTEVERE DEI VALLATI,,Veicolo in marcia contro ostacolo accidentale,,,,,,,,,,0,0,0,1,,,False,z,del civico n.,,16
2633971,9,2015-12-24T19:50:00,,da specificare,VIA APPIA NUOVA,PROSS. CIV. 1007,Tamponamento,,,,,,,,,,0,0,0,3,,,False,z,,,
2633626,19,2015-12-24T20:30:00,,in corrispondenza,VIA DELLA PINETA SACCHETTI,,Investimento di pedone,,,,,,,,,,1,0,0,2,,,False,z,del civico n.,,115-7
2633813,9,2015-12-24T21:20:00,,all'intersezione con,VIA CASILINA,,Scontro frontale-laterale DX fra veicoli in marcia,,,,,,,,,,1,0,0,2,,,False,z,VIA GIOVANNI DE AGOSTINI,VIA GIOVANNI DE AGOSTINI,
2634978,4,2015-12-24T22:40:00,,all'intersezione semaforizzata con,VIA VIRGILIO TALLI,,Veicolo in marcia contro ostacolo fisso,,,,,,,,,,0,0,0,1,12.51817,41.96476,False,z,VIALE TITINA DE FILIPPO,VIALE TITINA DE FILIPPO,
2634913,5,2015-12-24T22:45:00,Strada Urbana,da specificare,VIA TIBURTINA,ALTEZZA RAMPA G.R.A. DIREZIONE ROMA NAPOLI,Tamponamento,Rettilineo,Una carreggiata a doppio senso,Asciutto,Asfaltata,Verticale ed orizzontale,Sereno,Scarso,Insufficiente,Insufficiente,0,0,0,2,,,False,z,,,
2633028,1,2015-12-24T23:30:00,Strada Urbana,in prossimitíæ,VIA MARMORATA,,Veicolo in marcia contro ostacolo fisso,Rettilineo,Pií_ di due carreggiate,Asciutto,Asfaltata,Verticale ed orizzontale,Sereno,Scarso,Sufficiente,Sufficiente,1,0,0,0,,,False,z,del palo luce n.,,28
2635417,12,2015-12-25T00:20:00,Strada Urbana,all'intersezione con,VIALE UMBERTO TUPINI,,Veicolo in marcia contro ostacolo accidentale,Intersezione non regolata-non segnalata,Una carreggiata a doppio senso,Asciutto,Asfaltata,Verticale ed orizzontale,Sereno,Scarso,Buona,Sufficiente,0,0,0,2,12.46254,41.83419,False,z,VIA DELL'ELETTRONICA,VIA DELL'ELETTRONICA,
2646568,18,2015-12-25T01:00:00,Strada Urbana,in prossimitíæ,VIALE DI VALLE AURELIA,,Veicolo in marcia contro veicoli in sosta,Rettilineo,Due carreggiate,Asciutto,Asfaltata,Verticale ed orizzontale,Sereno,Scarso,Buona,Sufficiente,2,0,0,2,12.43784,41.90199,False,z,del civico n.,,62
2635111,1,2015-12-25T01:30:00,Strada Urbana,all'intersezione con,PIAZZA DI PORTA PORTESE,,Veicolo in marcia contro ostacolo accidentale,Incrocio,Una carreggiata a doppio senso,Asciutto,Asfaltata,Verticale,Sereno,Scarso,Buona,Ore Diurne,0,0,0,1,12.47473,41.88358,True,z,PONTE SUBLICIO,PONTE SUBLICIO,
2635436,16,2015-12-25T01:45:00,,in corrispondenza,VIA PORTUENSE,,Veicolo in marcia contro veicolo fermo,,,,,,,,,,1,0,0,2,12.42876,41.85098,False,z,del civico n.,,F.C.741
2633896,20,2015-12-25T01:50:00,Strada Urbana,in corrispondenza,VIA CASSIA,,Scontro laterale fra veicoli in marcia,Rettilineo,Una carreggiata a doppio senso,Bagnato (umiditíæ in atto),Asfaltata,Orizzontale,Nuvoloso,Scarso,Sufficiente,Sufficiente,0,0,0,3,,,False,z,del civico n.,,701
2634951,5,2015-12-25T02:00:00,Strada Urbana,da specificare,VIA ACAIA,FRONTE CIVICO 46,Tamponamento,Rettilineo,Una carreggiata a doppio senso,Asciutto,Asfaltata,Verticale ed orizzontale,Sereno,Scarso,Buona,Sufficiente,0,0,0,5,,,False,z,,,
2636822,23,2015-12-25T02:15:00,,in prossimitíæ,VIA LITORANEA,,Fuoriuscita dalla sede stradale,,,,,,,,,,0,0,0,5,,,False,z,della chilometrica,,2.93
2634225,13,2015-12-25T02:30:00,Strada Urbana,in prossimitíæ,VIALE DEI ROMAGNOLI,,Veicolo in marcia contro ostacolo fisso,Rettilineo,Una carreggiata a doppio senso,Bagnato (umiditíæ in atto),Asfaltata,Orizzontale,Nebbia,Scarso,Sufficiente,Inesistente,0,0,0,1,,,False,z,del civico n.,,1175
2632936,8,2015-12-25T02:35:00,,all'intersezione con,VIA CASILINA,,Tamponamento,,,,,,,,,,0,0,0,3,,,False,z,VIA DI ROCCA CENCIA,VIA DI ROCCA CENCIA,
2635117,2,2015-12-25T03:20:00,Strada Urbana,da specificare,CORSO DI FRANCIA,in pross. intersezione via Flaminia.,Tamponamento,Rettilineo,Due carreggiate,Asciutto,Asfaltata,Verticale ed orizzontale,Sereno,Scarso,Buona,Sufficiente,0,0,0,2,,,False,z,,,
2635179,4,2015-12-25T08:00:00,,in corrispondenza,VIA NOMENTANA,,Veicolo in marcia contro ostacolo fisso,,,,,,,,,,1,0,0,0,,,False,z,del civico n.,,925
2633540,17,2015-12-25T09:30:00,Strada Urbana,in prossimitíæ,VIA ANDREA DORIA,,Scontro frontale-laterale SX fra veicoli in marcia,Rettilineo,Una carreggiata a doppio senso,Asciutto,Asfaltata,Orizzontale,Sereno,Scarso,Buona,Ore Diurne,0,0,0,3,12.45243,41.90996,False,z,del civico n.,,34
2635177,3,2015-12-25T10:05:00,,in prossimitíæ,VIA TIBURTINA,,Scontro laterale fra veicoli in marcia,,,,,,,,,,0,0,0,1,,,False,z,del civico n.,,297
2635444,12,2015-12-25T12:00:00,Statale,da specificare,VIA DEL MARE,prox. svincolo immissione dal GRA,Tamponamento Multiplo,Rettilineo,Una carreggiata a senso unico di marcia,Asciutto,Asfaltata,Verticale ed orizzontale,Sereno,Intenso,Buona,Ore Diurne,0,0,0,6,12.48953,41.6643,False,z,,,
2635456,12,2015-12-25T12:30:00,Strada Urbana,da specificare,PIAZZA GUGLIELMO MARCONI,prox Obelisco direzione Gra,Scontro laterale fra veicoli in marcia,Curva a visuale libera,Due carreggiate,Asciutto,Asfaltata,Verticale ed orizzontale,Sereno,Normale,Buona,Ore Diurne,0,0,0,4,12.47081,41.83396,False,z,,,
2635058,8,2015-12-25T12:30:00,,all'intersezione con,VIA AMICO ASPERTINI,,Scontro frontale-laterale DX fra veicoli in marcia,,,,,,,,,,1,0,0,1,,,False,z,VIA DOMENICO PARASACCHI,VIA DOMENICO PARASACCHI,
2635378,12,2015-12-25T14:10:00,,in prossimitíæ,VIA DI TRIGORIA,,Scontro laterale fra veicoli in marcia,,,,,,,,,,1,0,0,3,12.47994,41.77267,False,z,del civico n.,,60
2634939,5,2015-12-25T17:30:00,,da specificare,VIALE BATTISTA BARDANZELLU,ALTEZZA CIVICO 128,Investimento di pedone,,,,,,,,,,1,0,0,0,,,False,z,,,
2633282,7,2015-12-25T17:35:00,Strada Urbana,in prossimitíæ,VIA DI TOR TRE TESTE,,Tamponamento,Rettilineo,Una carreggiata a doppio senso,Asciutto,Asfaltata,Orizzontale,Nuvoloso,Normale,Sufficiente,Sufficiente,0,0,0,2,12.59063,41.88808,True,z,del civico n.,,247
2634208,13,2015-12-25T18:00:00,Strada Urbana,all'intersezione con,VIA ERMANNO CARLOTTO,,Scontro frontale-laterale DX fra veicoli in marcia,Incrocio,Due carreggiate,Asciutto,Asfaltata,Verticale ed orizzontale,Sereno,Scarso,Sufficiente,Sufficiente,0,0,0,3,12.28724,41.73336,False,z,PIAZZA GREGORIO RONCA,PIAZZA GREGORIO RONCA,
2635409,12,2015-12-25T18:10:00,,da specificare,VIA OSTIENSE,pros. via Sarsina,Scontro frontale-laterale DX fra veicoli in marcia,,,,,,,,,,1,0,0,1,12.40628,41.79604,False,z,,,
2635175,1,2015-12-25T18:15:00,Strada Urbana,all'intersezione semaforizzata con,PIAZZA DEL COLOSSEO,,Scontro laterale fra veicoli in marcia,Intersezione semaforizzata,Una carreggiata a doppio senso,Asciutto,Asfaltata,Verticale ed orizzontale,Sereno,Normale,Sufficiente,Sufficiente,0,0,0,6,12.49441,41.89045,False,z,VIA LABICANA,VIA LABICANA,
2634068,15,2015-12-25T18:25:00,Strada Urbana,in corrispondenza,VIA DELLA MAGLIANA,,Veicolo in marcia contro veicolo arresto,Rettilineo,Una carreggiata a doppio senso,Asciutto,Asfaltata,Orizzontale,Sereno,Scarso,Sufficiente,Sufficiente,0,0,0,3,12.45849,41.84874,True,z,del civico n.,,223
2634069,15,2015-12-25T18:30:00,,in prossimitíæ,VIA DELLA MAGLIANA,,Veicolo in marcia contro veicoli fermi,,,,,,,,,,0,0,0,5,,,False,z,del civico n.,,191
2633711,19,2015-12-25T18:30:00,Strada Urbana,all'intersezione con,VIA VINCENZO CHIARUGI,,Scontro frontale fra veicoli in marcia,Incrocio,Una carreggiata a doppio senso,Asciutto,Asfaltata,Verticale ed orizzontale,Sereno,Normale,Sufficiente,Sufficiente,0,0,0,4,12.4203,41.94128,False,z,VIA TRIONFALE,VIA TRIONFALE,
2636832,23,2015-12-25T18:45:00,,all'intersezione semaforizzata con,VIA CRISTOFORO COLOMBO,,Tamponamento,,,,,,,,,,1,0,0,3,,,False,z,VIA DI MALAFEDE,VIA DI MALAFEDE,
2635115,12,2015-12-25T18:55:00,Provinciale,da specificare,VIA ARDEATINA,altezza civico 955,Scontro frontale-laterale DX fra veicoli in marcia,Rettilineo,Una carreggiata a doppio senso,Asciutto,Asfaltata,Verticale ed orizzontale,Sereno,Normale,Buona,Sufficiente,5,0,0,1,12.53578,41.79554,False,z,,,
2635065,8,2015-12-25T19:20:00,,da specificare,VIA BORGHESIANA,prossimitíæ Via Prenestina,Scontro frontale-laterale SX fra veicoli in marcia,,,,,,,,,,2,0,0,2,,,False,z,,,
2633536,17,2015-12-25T22:30:00,Strada Urbana,da specificare,PIAZZA GIUSEPPE MAZZINI,fronte Via Oslavia,Infortunio per sola frenata improvvisa,Rettilineo,Una carreggiata a senso unico di marcia,Bagnato (umiditíæ in atto),Asfaltata,Verticale ed orizzontale,Sereno,Scarso,Buona,Sufficiente,0,0,0,1,12.46314,41.91629,False,z,,,
2633528,17,2015-12-25T22:30:00,Strada Urbana,da specificare,PIAZZA GIUSEPPE MAZZINI,FRONTE VIA OSLAVIA,Infortunio per sola frenata improvvisa,Rettilineo,Una carreggiata a senso unico di marcia,Bagnato (umiditíæ in atto),Asfaltata,Verticale ed orizzontale,Sereno,Scarso,Buona,Sufficiente,0,0,0,1,12.46313,41.9163,True,z,,,
2635069,8,2015-12-25T22:30:00,,all'intersezione con,VIA ESPERIDE,,Veicolo in marcia contro veicoli in sosta,,,,,,,,,,0,0,0,2,,,False,z,VIA DEI CORIBANTI,VIA DEI CORIBANTI,
2633704,19,2015-12-25T22:40:00,Strada Urbana,all'intersezione con,VIA DELL'ACQUEDOTTO DEL PESCHIERA,,Scontro laterale fra veicoli in marcia,Incrocio,Una carreggiata a senso unico di marcia,Asciutto,Asfaltata,Verticale ed orizzontale,Sereno,Scarso,Buona,Sufficiente,0,0,0,2,12.42463,41.93792,True,z,VIALE MONFORTANI,VIALE MONFORTANI,
2638000,1,2015-12-25T23:30:00,Strada Urbana,in prossimitíæ,VIA NAZIONALE,,Veicolo in marcia contro ostacolo fisso,Rettilineo,Una carreggiata a doppio senso,Asciutto,In cubetti di porfido,Verticale ed orizzontale,Sereno,Normale,Sufficiente,Sufficiente,0,0,0,1,,,False,z,del civico n.,,69
2635192,3,2015-12-25T23:45:00,,da specificare,CIRCONVALLAZIONE NOMENTANA,FRONTE CIVICO 538,Veicolo in marcia contro ostacolo fisso,,,,,,,,,,0,0,0,1,,,False,z,,,
2634971,7,2015-12-25T23:45:00,Strada Urbana,da specificare,VIA PRENESTINA,altezza viale Ronchi,Tamponamento,Rettilineo,Due carreggiate,Asciutto,Asfaltata,Orizzontale,Sereno,Scarso,Buona,Sufficiente,0,0,0,4,12.54951,41.89377,False,z,,,
2635107,2,2015-12-26T00:00:00,,da specificare,PIAZZA EUCLIDE,frone ingresso Chiesa.,Veicolo in marcia contro veicolo in sosta,,,,,,,,,,0,0,0,0,12.48127,41.92675,False,z,,,
2633525,11,2015-12-26T00:30:00,Strada Urbana,da specificare,VIA DELLA CASETTA MATTEI,fr.civ.363,Scontro frontale-laterale SX fra veicoli in marcia,Rettilineo,Una carreggiata a doppio senso,Asciutto,Asfaltata,Orizzontale,Sereno,Scarso,Buona,Sufficiente,3,0,0,0,12.41945,41.85836,False,z,,,
2635139,7,2015-12-26T00:40:00,Strada Urbana,all'intersezione con,VIA DELLE ROBINIE,,Scontro frontale-laterale DX fra veicoli in marcia,Incrocio,Una carreggiata a doppio senso,Asciutto,Asfaltata,Verticale ed orizzontale,Sereno,Scarso,Buona,Sufficiente,0,0,0,6,12.56673,41.88266,False,z,VIA DEI NOCI,VIA DEI NOCI,
2635075,8,2015-12-26T01:10:00,,in prossimitíæ,VIA WALTER TOBAGI,,Veicolo in marcia contro ostacolo accidentale,,,,,,,,,,0,0,0,1,,,False,z,del civico n.,,86
2633913,20,2015-12-26T01:15:00,,da specificare,LARGO FERRARIS IV,appena oltre VIA MONTI DELLA FARNESINA,Veicolo in marcia contro ostacolo fisso,,,,,,,,,,0,0,0,1,,,False,z,,,
2633546,17,2015-12-26T01:20:00,Strada Urbana,all'intersezione con,VIA GREGORIO VII,,Tamponamento,Incrocio,Pií_ di due carreggiate,Bagnato (umiditíæ in atto),Asfaltata,Temporanea di cantiere,Sereno,Scarso,Buona,Sufficiente,0,0,0,4,12.44114,41.89481,False,z,VIA ANGELO DI PIETRO,VIA ANGELO DI PIETRO,
2635513,12,2015-12-26T02:20:00,Strada Urbana,all'intersezione con,VIA DEI GEORGOFILI,,Scontro frontale-laterale DX fra veicoli in marcia,Incrocio,Due carreggiate,Asciutto,Asfaltata,Verticale ed orizzontale,Sereno,Scarso,Buona,Sufficiente,0,0,0,2,12.49385,41.85192,False,z,VIA ANDREA MANTEGNA,VIA ANDREA MANTEGNA,
2633668,19,2015-12-26T10:00:00,,in prossimitíæ,VIA DI CASAL DEL MARMO,,Scontro frontale fra veicoli in marcia,,,,,,,,,,0,0,0,2,,,False,z,del civico n.,,588
2634251,13,2015-12-26T10:15:00,Strada Urbana,in prossimitíæ,VIA GIOVANNI ANTONIO ANTOLINI,,Veicolo in marcia contro ostacolo fisso,Rettilineo,Una carreggiata a doppio senso,Asciutto,Asfaltata,Assente,Sereno,Scarso,Buona,Ore Diurne,0,0,0,1,12.30422,41.76509,False,z,del civico n.,,1
2634954,5,2015-12-26T10:20:00,Strada Urbana,all'intersezione semaforizzata con,VIALE KANT,,Scontro frontale-laterale DX fra veicoli in marcia,Incrocio,Due carreggiate,Asciutto,Asfaltata,Verticale ed orizzontale,Sereno,Normale,Buona,Ore Diurne,0,0,0,0,,,False,z,VIA SPINOZA,VIA SPINOZA,
2634962,5,2015-12-26T10:30:00,,all'intersezione con,VIA JACOPO DELLA QUERCIA,,Scontro frontale-laterale SX fra veicoli in marcia,,,,,,,,,,2,0,0,0,,,False,z,VIA GIACOMO DEL DUCA,VIA GIACOMO DEL DUCA,