_ID,_Gruppo,_DataOraIncidente,_Localizzazione1,_Localizzazione2,_Strada1,_DaSpecificare,_NaturaIncidente,_ParticolaritaStrade,_TipoStrada,_FondoStradale,_Pavimentazione,_Segnaletica,_CondizioneAtmosferica,_Traffico,_Visibilita,_Illuminazione,_NUM_FERITI,_NUM_RISERVATA,_NUM_MORTI,_NUM_ILLESI,_Longitudine,_Latitudine,_CONFERMATO,__prefix,_Strada02,_Strada2,_Chilometrica
2635098,2,2015-12-26T10:30:00,Strada Urbana,da specificare,VIA ARCHIMEDE,fronte civ. 58,Veicolo in marcia contro veicolo in sosta,Rettilineo,Una carreggiata a senso unico di marcia,Asciutto,Asfaltata,Verticale ed orizzontale,Sereno,Normale,Buona,Ore Diurne,0,0,0,1,12.47897,41.92581,False,z,,,
2635196,1,2015-12-26T11:00:00,Strada Urbana,all'intersezione con,VIA ABRUZZI,,Scontro frontale-laterale DX fra veicoli in marcia,Intersezione stradale segnalata,Una carreggiata a senso unico di marcia,Asciutto,Asfaltata,Verticale ed orizzontale,Sereno,Scarso,Buona,Ore Diurne,0,0,0,2,12.49234,41.90933,False,z,VIA SARDEGNA,VIA SARDEGNA,
2635155,4,2015-12-26T11:00:00,,all'intersezione con,VIALE ADRIATICO,,Veicolo in marcia contro veicolo in sosta,,,,,,,,,,0,0,0,0,12.53613,41.9403,False,z,VIA PERALBA,VIA PERALBA,
2635087,2,2015-12-26T11:30:00,Strada Urbana,in corrispondenza,VIALE ETIOPIA,,Scontro frontale-laterale DX fra veicoli in marcia,Rettilineo,Una carreggiata a doppio senso,Asciutto,Asfaltata,Orizzontale,Sereno,Scarso,Buona,Ore Diurne,0,0,0,6,12.52255,41.93227,False,z,del civico n.,,18
2634967,7,2015-12-26T11:40:00,Strada Urbana,all'intersezione con,VIALE PALMIRO TOGLIATTI,,Scontro laterale fra veicoli in marcia,Incrocio,Due carreggiate,Asciutto,Asfaltata,Verticale ed orizzontale,Sereno,Normale,Buona,Ore Diurne,0,0,0,5,12.5703,41.87312,True,z,VIA CASILINA,VIA CASILINA,
2635537,16,2015-12-26T12:00:00,,in prossimitíæ,VIA DI BRAVETTA,,Investimento di pedone,,,,,,,,,,1,0,0,1,12.42329,41.8668,False,z,del civico n.,,790
2634914,11,2015-12-26T12:20:00,Strada Urbana,all'intersezione con,VIA MARIO RIGAMONTI,,Scontro frontale-laterale SX fra veicoli in marcia,Rotatoria,Una carreggiata a doppio senso,Asciutto,Asfaltata,Verticale ed orizzontale,Sereno,Normale,Buona,Ore Diurne,1,0,0,1,12.50359,41.83649,False,z,VIA MARIO BIANCHINI,VIA MARIO BIANCHINI,
2634927,10,2015-12-26T12:30:00,Strada Urbana,all'intersezione con,VIALE TITO LABIENO,,Scontro frontale-laterale SX fra veicoli in marcia,Incrocio,Due carreggiate,Asciutto,Asfaltata,Verticale ed orizzontale,Sereno,Scarso,Buona,Ore Diurne,0,0,0,2,12.56303,41.84996,True,z,VIA CAIO ATEIO CAPITONE,VIA CAIO ATEIO CAPITONE,
2635533,6,2015-12-26T12:43:00,Strada Urbana,in corrispondenza,VIA CASILINA,,Tamponamento,Rettilineo,Una carreggiata a senso unico di marcia,Asciutto,Asfaltata,Verticale ed orizzontale,Sereno,Scarso,Buona,Ore Diurne,1,0,0,2,,,False,z,del civico n.,,648
2633981,9,2015-12-26T12:50:00,Strada Urbana,all'intersezione con,VIA DELLA MARRANA,,Scontro frontale-laterale SX fra veicoli in marcia,Incrocio,Una carreggiata a doppio senso,Asciutto,Asfaltata,Verticale ed orizzontale,Sereno,Scarso,Buona,Ore Diurne,0,0,0,2,12.53094,41.87771,True,z,VIA PIEGARO,VIA PIEGARO,
2635587,1,2015-12-26T15:40:00,Strada Urbana,da specificare,LUNGOTEVERE TOR DI NONA,altezza Ponte S. ANGELO,Scontro laterale fra veicoli in marcia,Rettilineo,Una carreggiata a senso unico di marcia,Asciutto,Asfaltata,Verticale ed orizzontale,Sereno,Intenso,Buona,Ore Diurne,0,0,0,3,,,False,z,,,
2635619,1,2015-12-26T17:05:00,Strada Urbana,all'intersezione con,LUNGOTEVERE TOR DI NONA,,Scontro laterale fra veicoli in marcia,Incrocio,Una carreggiata a senso unico di marcia,Asciutto,Asfaltata,Verticale ed orizzontale,Sereno,Intenso,Buona,Sufficiente,0,0,0,3,,,False,z,PIAZZA DI PONTE S. ANGELO,PIAZZA DI PONTE S. ANGELO,
2635493,12,2015-12-26T17:14:00,Strada Urbana,in prossimitíæ,VIALE DELL'AERONAUTICA,,Scontro laterale fra veicoli in marcia,Rettilineo,Due carreggiate,Asciutto,Asfaltata,Verticale ed orizzontale,Sereno,Scarso,Buona,Sufficiente,0,0,0,4,12.47615,41.82613,True,z,del civico n.,,59
2633951,2,2015-12-26T17:15:00,Strada Urbana,in prossimitíæ,VIALE PARIOLI,,Scontro frontale-laterale DX fra veicoli in marcia,Rettilineo,Una carreggiata a doppio senso,Asciutto,Asfaltata,Verticale ed orizzontale,Sereno,Normale,Buona,Sufficiente,0,0,0,4,12.48607,41.92696,False,z,del civico n.,,79-M
2635154,3,2015-12-26T17:30:00,,in corrispondenza,VIA NOMENTANA,,Tamponamento,,,,,,,,,,0,0,0,2,,,False,z,del civico n.,,217
2634073,15,2015-12-26T17:45:00,,in corrispondenza,VIA DEL BOSCO DEGLI ARVALI,,Veicoli in marcia contro veicoli fermi,,,,,,,,,,0,0,0,0,,,False,z,del civico n.,,67
2635552,16,2015-12-26T17:55:00,Strada Urbana,all'intersezione con,VIA SILVESTRI,,Scontro laterale fra veicoli in marcia,Incrocio,Due carreggiate,Asciutto,Asfaltata,Verticale ed orizzontale,Sereno,Scarso,Buona,Sufficiente,0,0,0,7,12.61592,41.84841,False,z,VIA DEL FORTE BRAVETTA,VIA DEL FORTE BRAVETTA,
2633996,9,2015-12-26T18:00:00,,da specificare,VIA TARANTO,ALT. VIA ORVIETO,Scontro laterale fra veicoli in marcia,,,,,,,,,,0,0,0,2,,,False,z,,,
2635458,12,2015-12-26T18:00:00,Strada Urbana,in prossimitíæ,VIA DI TRIGORIA,,Veicolo in marcia contro ostacolo fisso,Rettilineo,Una carreggiata a doppio senso,Bagnato (umiditíæ in atto),Con buche,Assente,Sereno,Scarso,Insufficiente,Inesistente,0,0,0,1,12.45651,41.72208,False,z,del civico n.,,301
2634931,10,2015-12-26T18:40:00,,all'intersezione semaforizzata con,VIA TUSCOLANA,,Veicolo in marcia contro ostacolo fisso,,,,,,,,,,3,0,0,1,12.55274,41.8622,False,z,VIA SCRIBONIO CURIONE,VIA SCRIBONIO CURIONE,
2635148,8,2015-12-26T18:45:00,,da specificare,VIA CASILINA,rampa GRA immissione fuori Roma ,Tamponamento,,,,,,,,,,1,0,0,9,,,False,z,,,
2634998,5,2015-12-26T19:30:00,,da specificare,NUOVA CIRCONVALLAZIONE INTERNA,DA MONTI TIBURTINI DIREZIONE SAN GIOVANNI,Veicolo in marcia contro ostacolo fisso,,,,,,,,,,0,0,0,0,,,False,z,,,
2635039,5,2015-12-26T19:50:00,,da specificare,VIA TIBURTINA,DIREZIONE TIVOLI PROSSIMITA' G.R.A.,Scontro laterale fra veicoli in marcia,,,,,,,,,,1,0,0,0,,,False,z,,,
2646674,18,2015-12-26T20:00:00,Strada Urbana,in prossimitíæ,VIA DI BOCCEA,,Ribaltamento senza urto contro ostacolo fisso,Rettilineo,Una carreggiata a doppio senso,Asciutto,Asfaltata,Verticale ed orizzontale,Sereno,Scarso,Sufficiente,Sufficiente,1,0,0,1,12.34233,41.93253,False,z,del civico n.,,571
2634876,9,2015-12-26T20:00:00,Strada Urbana,all'intersezione semaforizzata con,VIALE S. GIOVANNI BOSCO,,Scontro laterale fra veicoli in marcia,Incrocio,Due carreggiate,Asciutto,Asfaltata,Verticale ed orizzontale,Sereno,Normale,Buona,Sufficiente,0,0,0,3,12.56089,41.86059,False,z,VIA CALPURNIO FIAMMA,VIA CALPURNIO FIAMMA,
2635149,8,2015-12-26T20:30:00,,da specificare,VIA DI TOR VERGATA,fronte via G. F. Pisani direzione Carrefour,Veicolo in marcia contro ostacolo accidentale,,,,,,,,,,0,0,0,4,,,False,z,,,
2635134,8,2015-12-26T20:30:00,,all'intersezione con,VIA DELLE CERQUETE,,Scontro frontale-laterale SX fra veicoli in marcia,,,,,,,,,,1,0,0,1,,,False,z,VIA SAN POLOMATESE,VIA SAN POLOMATESE,
2635565,1,2015-12-26T21:20:00,Strada Urbana,all'intersezione semaforizzata con,PIAZZA DELL'ESQUILINO,,Scontro frontale fra veicoli in marcia,Intersezione semaforizzata,Pií_ di due carreggiate,Asciutto,Asfaltata,Verticale ed orizzontale,Sereno,Scarso,Sufficiente,Sufficiente,1,0,0,1,,,False,z,VIA CAVOUR,VIA CAVOUR,
2635597,17,2015-12-26T23:00:00,Strada Urbana,in prossimitíæ,VIA IGEA,,Veicolo in marcia contro ostacolo accidentale,Rettilineo,Una carreggiata a doppio senso,Bagnato (umiditíæ in atto),Asfaltata,Verticale ed orizzontale,Sereno,Scarso,Buona,Sufficiente,0,0,0,1,12.44163,41.93441,True,z,del civico n.,,20
2634268,13,2015-12-26T23:20:00,Strada Urbana,da specificare,VIA EPAMINONDA,prossimitíæ VIA CANALE DELLA LINGUA,Scontro laterale fra veicoli in marcia,Rettilineo,Una carreggiata a doppio senso,Asciutto,Asfaltata,Assente,Sereno,Scarso,Insufficiente,Inesistente,0,0,0,4,12.33104,41.74869,False,z,,,
2635253,1,2015-12-27T00:00:00,Strada Urbana,all'intersezione con,VIALE DEL MURO TORTO,,Veicolo in marcia contro ostacolo fisso,Incrocio,Una carreggiata a senso unico di marcia,Bagnato (umiditíæ in atto),Asfaltata,Verticale ed orizzontale,Sereno,Scarso,Buona,Sufficiente,0,0,0,0,,,False,z,PORTA PINCIANA,PORTA PINCIANA,
2644939,18,2015-12-27T01:00:00,,in prossimitíæ,VIA AURELIA ANTICA,,Scontro laterale fra veicoli in marcia,,,,,,,,,,1,0,0,5,12.45572,41.88818,False,z,del civico n.,,12
2635285,4,2015-12-27T01:15:00,,da specificare,PONTE TAZIO,in prossimitíæ di c.so Sempione,Tamponamento Multiplo,,,,,,,,,,0,0,0,4,12.53348,41.93478,False,z,,,
2635187,3,2015-12-27T02:00:00,Strada Urbana,in prossimitíæ,LUNGOTEVERE FLAMINIO,,Investimento di pedone,Curva a visuale libera,Una carreggiata a doppio senso,Bagnato (umiditíæ in atto),Asfaltata,Verticale ed orizzontale,Sereno,Scarso,Buona,Sufficiente,1,0,0,1,,,False,z,del civico n.,,67
2635190,3,2015-12-27T03:37:00,Strada Urbana,da specificare,RAMPA USCITA G.R.A. CARREGGIATA INTERNA,verso Portonaccio A24  provenienza GRA ,Tamponamento,Curva a visuale libera,Una carreggiata a senso unico di marcia,Asciutto,Asfaltata,Verticale ed orizzontale,Sereno,Normale,Sufficiente,Sufficiente,0,0,0,1,,,False,z,,,
2634880,9,2015-12-27T05:10:00,,da specificare,VIA DEL QUADRARO,fronte civ.72,Veicolo in marcia contro veicolo fermo,,,,,,,,,,0,0,0,2,,,False,z,,,
2634911,11,2015-12-27T05:20:00,Strada Urbana,da specificare,VIA DEL PORTO FLUVIALE,fronte civico 24,Investimento di pedone,Rettilineo,Una carreggiata a doppio senso,Asciutto,Asfaltata,Verticale ed orizzontale,Sereno,Scarso,Sufficiente,Sufficiente,1,0,0,2,12.4763,41.87236,False,z,,,
2635156,8,2015-12-27T05:25:00,Statale entro l'abitato,da specificare,VIA CASILINA,rotatoria Via degli Orafi,Veicolo in marcia contro ostacolo fisso,Curva a visuale libera,Una carreggiata a doppio senso,Asciutto,Asfaltata,Verticale ed orizzontale,Sereno,Scarso,Buona,Sufficiente,0,0,0,1,12.60933,41.86405,True,z,,,
2635182,4,2015-12-27T05:35:00,,in corrispondenza,VIA RENATO FUCINI,,Veicolo in marcia contro veicolo in sosta,,,,,,,,,,0,0,0,1,12.5448,41.9531,False,z,del civico n.,,26
2634946,11,2015-12-27T06:03:00,,all'intersezione semaforizzata con,VIA LAURENTINA,,Veicolo in marcia contro ostacolo fisso,,,,,,,,,,0,0,0,1,12.47481,41.83864,False,z,VIA CRISTOFORO COLOMBO,VIA CRISTOFORO COLOMBO,
2635555,17,2015-12-27T06:40:00,Strada Urbana,all'intersezione semaforizzata con,VIA CRESCENZIO,,Scontro frontale-laterale DX fra veicoli in marcia,Intersezione semaforizzata,Una carreggiata a doppio senso,Bagnato (umiditíæ in atto),Acciotolata,Verticale ed orizzontale,Sereno,Scarso,Sufficiente,Sufficiente,2,0,0,0,12.46603,41.90559,False,z,VIA VIRGILIO,VIA VIRGILIO,
2635278,1,2015-12-27T07:50:00,Strada Urbana,in prossimitíæ,VIA EMANUELE FILIBERTO,,Scontro laterale fra veicoli in marcia,Rettilineo,Una carreggiata a doppio senso,Asciutto,Asfaltata,Verticale ed orizzontale,Sereno,Scarso,Buona,Ore Diurne,0,0,0,3,,,False,z,del civico n.,,190
2634328,2,2015-12-27T10:00:00,,all'intersezione semaforizzata con,LUNGOTEVERE FLAMINIO,,Scontro frontale-laterale SX fra veicoli in marcia,,,,,,,,,,1,0,0,1,12.46602,41.92376,False,z,PIAZZA GENTILE DA FABRIANO,PIAZZA GENTILE DA FABRIANO,
2635077,5,2015-12-27T10:20:00,,all'intersezione con,PIAZZA RICCARDO BALSAMO CRIVELLI,,Scontro frontale-laterale DX fra veicoli in marcia,,,,,,,,,,0,0,0,0,,,False,z,VIA SEBASTIANO SATTA,VIA SEBASTIANO SATTA,
2635026,20,2015-12-27T10:40:00,Strada Urbana,in corrispondenza,PIAZZALE DI PONTE MILVIO,,Scontro laterale fra veicoli in marcia,Rettilineo,Due carreggiate,Asciutto,Asfaltata,Verticale ed orizzontale,Sereno,Normale,Buona,Ore Diurne,0,0,0,5,,,False,z,del civico n.,,14
2635277,4,2015-12-27T11:00:00,,in prossimitíæ,VIA STELVIO,,Veicolo in marcia contro veicoli in sosta,,,,,,,,,,0,0,0,0,12.53623,41.94186,False,z,del civico n.,,19
2635269,4,2015-12-27T11:25:00,,in corrispondenza,VIA NOMENTANA,,Veicolo in marcia contro ostacolo fisso,,,,,,,,,,0,0,0,1,12.5962,41.96422,False,z,della chilometrica,,13
2634983,15,2015-12-27T11:25:00,,da specificare,PIAZZA DELLA RADIO,AREA DI PARCHEGGIO ALTEZZA VIA A. PACINOTTI ,Scontro laterale fra veicoli in marcia,,,,,,,,,,1,0,0,2,,,False,z,,,
2635652,1,2015-12-27T11:30:00,Strada Urbana,all'intersezione semaforizzata con,LUNGOTEVERE GIANICOLENSE,,Scontro laterale fra veicoli in marcia,Intersezione semaforizzata,Una carreggiata a senso unico di marcia,Asciutto,Asfaltata,Verticale ed orizzontale,Sereno,Normale,Buona,Ore Diurne,0,0,0,3,,,False,z,PONTE GIUSEPPE MAZZINI,PONTE GIUSEPPE MAZZINI,
2635536,17,2015-12-27T11:35:00,Strada Urbana,in prossimitíæ,VIA COLA DI RIENZO,,Infortunio per caduta del veicolo,Rettilineo,Una carreggiata a doppio senso,Asciutto,Asfaltata,Verticale ed orizzontale,Sereno,Normale,Buona,Ore Diurne,1,0,0,0,12.46543,41.90804,False,z,del civico n.,,142
2635164,8,2015-12-27T11:45:00,Strada Urbana,all'intersezione con,VIA SQUINZANO,,Scontro frontale-laterale DX fra veicoli in marcia,Incrocio,Una carreggiata a senso unico di marcia,Asciutto,Asfaltata,Verticale,Sereno,Normale,Buona,Ore Diurne,0,0,0,2,12.61594,41.88352,False,z,VIA MAGLIE,VIA MAGLIE,
2645440,2,2015-12-27T12:00:00,,da specificare,LUNGOTEVERE FLAMINIO,50 mt. dopo incrocio con P.ZZA G. DA FABRIANO,Tamponamento,,,,,,,,,,0,0,0,1,,,False,z,,,
2635251,2,2015-12-27T12:10:00,Strada Urbana,in prossimitíæ,VIA CHISIMAIO,,Veicolo in marcia contro veicolo fermo,Rettilineo,Una carreggiata a senso unico di marcia,Asciutto,Asfaltata,Verticale ed orizzontale,Sereno,Normale,Buona,Ore Diurne,0,0,0,2,,,False,z,del civico n.,,6
2634952,10,2015-12-27T12:30:00,Strada Urbana,in prossimitíæ,VIA DEL QUADRARO,,Veicolo in marcia contro ostacolo accidentale,Curva a visuale libera,Una carreggiata a doppio senso,Asciutto,Asfaltata,Assente,Sereno,Scarso,Buona,Ore Diurne,0,0,0,1,12.54929,41.85379,True,z,del civico n.,,208
2635158,8,2015-12-27T12:35:00,,in corrispondenza,VIA PRENESTINA,,Tamponamento Multiplo,,,,,,,,,,4,0,0,6,,,False,z,del palo luce n.,,483
2634959,20,2015-12-27T13:00:00,Regionale entro l'abitato,all'intersezione semaforizzata con,VIA CASSIA,,Tamponamento,Intersezione semaforizzata,Una carreggiata a doppio senso,Asciutto,Asfaltata,Verticale ed orizzontale,Sereno,Normale,Buona,Ore Diurne,1,0,0,1,,,False,z,LARGO DELLA GIUSTINIANA,LARGO DELLA GIUSTINIANA,
2635670,1,2015-12-27T13:45:00,Strada Urbana,in prossimitíæ,LUNGOTEVERE DEI SANGALLO,,Tamponamento,Rettilineo,Una carreggiata a senso unico di marcia,Asciutto,Asfaltata,Verticale ed orizzontale,Sereno,Normale,Buona,Ore Diurne,0,0,0,6,,,False,z,del palo luce n.,,5
2634888,9,2015-12-27T14:10:00,,in prossimitíæ,VIA CASILINA,,Infortunio per caduta del veicolo,,,,,,,,,,1,0,0,0,,,False,z,del civico n.,,125
2635541,12,2015-12-27T14:15:00,Strada Urbana,all'intersezione con,VIALE EGEO,,Scontro laterale fra veicoli in marcia,Intersezione semaforizzata,Una carreggiata a doppio senso,Asciutto,Asfaltata,Verticale ed orizzontale,Sereno,Scarso,Buona,Ore Diurne,0,0,0,4,,,False,z,VIA MONTE DEL FINOCCHIO,VIA MONTE DEL FINOCCHIO,
2634539,6,2015-12-27T15:45:00,Strada Urbana,all'intersezione con,VIALE PARTENOPE,,Scontro frontale-laterale DX fra veicoli in marcia,Incrocio,Due carreggiate,Asciutto,Asfaltata,Verticale ed orizzontale,Sereno,Scarso,Buona,Ore Diurne,0,0,0,3,12.55106,41.89131,False,z,VIA MONTEFORTE IRPINO,VIA MONTEFORTE IRPINO,
2634956,10,2015-12-27T15:50:00,Statale,da specificare,VIA APPIA NUOVA,FRONTE CIVICO 1244,Veicolo in marcia contro ostacolo fisso,Rettilineo,Due carreggiate,Asciutto,Asfaltata,Verticale ed orizzontale,Sereno,Scarso,Buona,Ore Diurne,0,0,0,1,12.5516,41.83656,True,z,,,
2635080,20,2015-12-27T16:10:00,Regionale entro l'abitato,da specificare,VIA FLAMINIA,"km 14,800 direzione centro interno galleria",Tamponamento,Galleria illuminata,Una carreggiata a senso unico di marcia,Asciutto,Asfaltata,Verticale ed orizzontale,Sereno,Normale,Buona,Ore Diurne,0,0,0,7,,,False,z,,,
2635700,1,2015-12-27T16:30:00,Strada Urbana,in corrispondenza,PIAZZA DI S. GIOVANNI DELLA MALVA,,Veicolo in marcia contro veicolo in sosta,Rettilineo,Una carreggiata a senso unico di marcia,Asciutto,In cubetti di porfido,Verticale ed orizzontale,Sereno,Normale,Buona,Ore Diurne,0,0,0,2,,,False,z,del civico n.,,1
2635019,15,2015-12-27T17:20:00,,da specificare,VIA DI MALNOME,PROSSIMITA' CENTRO TIRO A VOLO,Veicolo in marcia contro ostacolo fisso,,,,,,,,,,0,0,0,1,,,False,z,,,
2634884,9,2015-12-27T17:20:00,Strada Urbana,da specificare,PIAZZALE LABICANO,altezza cabina P.L.R.C,Scontro frontale-laterale SX fra veicoli in marcia,Rettilineo,Una carreggiata a senso unico di marcia,Asciutto,Asfaltata,Verticale ed orizzontale,Sereno,Normale,Buona,Sufficiente,0,0,0,5,12.51559,41.89125,False,z,,,
2635153,8,2015-12-27T17:30:00,,da specificare,VIA CASILINA,50 mt dopo Via F. Breda direzione Frosinone,Veicolo in marcia contro ostacolo accidentale,,,,,,,,,,0,0,0,1,,,False,z,,,
2635759,1,2015-12-27T17:50:00,Strada Urbana,all'intersezione con,VIA VENTIQUATTRO MAGGIO,,Veicolo in marcia contro ostacolo accidentale,Incrocio,Una carreggiata a doppio senso,Asciutto,Acciotolata,Verticale ed orizzontale,Sereno,Normale,Buona,Sufficiente,0,0,0,1,,,False,z,VIA QUATTRO NOVEMBRE,VIA QUATTRO NOVEMBRE,
2634944,13,2015-12-27T18:00:00,Strada Urbana,in corrispondenza,VIA ORAZIO VECCHI,,Veicolo in marcia contro veicolo arresto,Rettilineo,Una carreggiata a doppio senso,Asciutto,Asfaltata,Assente,Sereno,Scarso,Buona,Sufficiente,0,0,0,2,12.35537,41.73396,False,z,del civico n.,,1C
2635195,3,2015-12-27T18:15:00,,in prossimitíæ,CIRCONVALLAZIONE NOMENTANA,,Tamponamento Multiplo,,,,,,,,,,0,0,0,3,,,False,z,del civico n.,,251 bis
2635271,7,2015-12-27T18:16:00,,all'intersezione con,VIA DI TOR TRE TESTE,,Scontro frontale-laterale DX fra veicoli in marcia,,,,,,,,,,0,0,0,1,,,False,z,VIALE DELLA BELLA VILLA,VIALE DELLA BELLA VILLA,
2634910,8,2015-12-27T19:00:00,,da specificare,VIA VINCENZO BONIFATI,altezzza tunnel ferrovia,Tamponamento Multiplo,,,,,,,,,,4,0,0,1,,,False,z,,,
2635237,4,2015-12-27T19:15:00,,da specificare,VIA SALARIA,altezza km. 20400,Veicolo in marcia contro ostacolo fisso,,,,,,,,,,1,0,0,1,,,False,z,,,
2635170,16,2015-12-27T19:30:00,,in corrispondenza,VIA PORTUENSE,,Scontro frontale fra veicoli in marcia,,,,,,,,,,1,0,0,2,12.36051,41.82872,False,z,del civico n.,,874
2635746,1,2015-12-27T19:30:00,Strada Urbana,in prossimitíæ,VIA MERULANA,,Tamponamento Multiplo,Rettilineo,Una carreggiata a doppio senso,Asciutto,Asfaltata,Verticale ed orizzontale,Sereno,Normale,Sufficiente,Sufficiente,0,0,0,5,,,False,z,del civico n.,,172
2634891,9,2015-12-27T19:50:00,,in prossimitíæ,VIA APPIA NUOVA,,Investimento di pedone,,,,,,,,,,1,0,0,1,,,False,z,del civico n.,,559
2634968,7,2015-12-27T20:10:00,Strada Urbana,da specificare,VIA CASILINA,prossimitíæ piazza Sor Capanna,Scontro laterale fra veicoli in marcia,Rettilineo,Una carreggiata a senso unico di marcia,Asciutto,Asfaltata,Verticale ed orizzontale,Sereno,Scarso,Buona,Sufficiente,0,0,0,5,12.57902,41.87126,False,z,,,
2635245,2,2015-12-27T22:00:00,Strada Urbana,da specificare,VIA VALNERINA,pross. civ. 58,Veicolo in marcia contro veicoli in sosta,Curva a visuale libera,Una carreggiata a senso unico di marcia,Asciutto,Asfaltata,Verticale ed orizzontale,Sereno,Normale,Buona,Sufficiente,0,0,0,0,12.51873,41.93276,False,z,,,
2634932,11,2015-12-27T22:15:00,Strada Urbana,all'intersezione semaforizzata con,VIA LAURENTINA,,Scontro laterale fra veicoli in marcia,Incrocio,Due carreggiate,Asciutto,Asfaltata,Verticale ed orizzontale,Sereno,Scarso,Buona,Sufficiente,0,0,0,5,,,False,z,PIAZZALE ROBERTO ARDIGO',PIAZZALE ROBERTO ARDIGO',
2635160,8,2015-12-27T22:30:00,Strada Urbana,in prossimitíæ,VIA DEL PONTE DI NONA,,Veicolo in marcia contro ostacolo accidentale,Rettilineo,Una carreggiata a doppio senso,Asciutto,Asfaltata,Orizzontale,Sereno,Scarso,Sufficiente,Sufficiente,0,0,0,2,12.66686,41.89119,True,z,del civico n.,,81
2635525,12,2015-12-27T22:50:00,Strada Urbana,in prossimitíæ,VIALE SALVATORE REBECCHINI,,Scontro frontale-laterale SX fra veicoli in marcia,Rettilineo,Una carreggiata a doppio senso,Asciutto,Asfaltata,Verticale ed orizzontale,Sereno,Normale,Buona,Sufficiente,1,0,0,3,12.411,41.81615,False,z,del civico n.,,17
2635430,9,2015-12-28T00:45:00,,all'intersezione semaforizzata con,VIA TUSCOLANA,,Scontro frontale-laterale SX fra veicoli in marcia,,,,,,,,,,2,0,0,0,,,False,z,VIA BIAGIO PETROCELLI,VIA BIAGIO PETROCELLI,
2635217,10,2015-12-28T02:00:00,Strada Urbana,in corrispondenza,VIALE ANICIO GALLO,,Veicolo in marcia contro veicoli in sosta,Rettilineo,Due carreggiate,Asciutto,Asfaltata,Orizzontale,Sereno,Normale,Buona,Sufficiente,0,0,0,0,12.5609,41.85473,True,z,del civico n.,,3
2636307,4,2015-12-28T02:15:00,,all'intersezione con,VIA VAL DI LANZO,,Tamponamento Multiplo,,,,,,,,,,0,0,0,3,12.52479,41.94176,False,z,VIA VALLE VERMIGLIO,VIA VALLE VERMIGLIO,
2634974,20,2015-12-28T02:30:00,Regionale,da specificare,VIA FLAMINIA,direzione GRA altezza km 11,Veicolo in marcia contro ostacolo fisso,Curva a visuale libera,Due carreggiate,Asciutto,Asfaltata,Verticale ed orizzontale,Sereno,Scarso,Insufficiente,Inesistente,1,0,0,0,,,False,z,,,
2634965,11,2015-12-28T04:00:00,Strada Urbana,da specificare,VIALE GUGLIELMO MARCONI,prossimitíæ LARGO G. VERATTI,Scontro frontale-laterale DX fra veicoli in marcia,Rettilineo,Due carreggiate,Asciutto,Asfaltata,Verticale ed orizzontale,Sereno,Scarso,Buona,Sufficiente,0,0,0,4,12.47124,41.85748,False,z,,,
2635043,6,2015-12-28T04:25:00,,in prossimitíæ,VIALE PALMIRO TOGLIATTI,,Scontro frontale-laterale SX fra veicoli in marcia,,,,,,,,,,0,0,0,2,,,False,z,del civico n.,,954
2635024,20,2015-12-28T05:10:00,Strada Urbana,in prossimitíæ,VIA VINCENZO TIBERIO,,Veicolo in marcia contro veicoli in sosta,Curva a visuale libera,Una carreggiata a senso unico di marcia,Asciutto,Asfaltata,Assente,Sereno,Scarso,Sufficiente,Sufficiente,1,0,0,0,,,False,z,del civico n.,,58
2649057,18,2015-12-28T05:12:00,,in corrispondenza,VIA DI BOCCEA,,Veicolo in marcia contro ostacolo fisso,,,,,,,,,,1,0,0,0,12.41509,41.90339,False,z,del civico n.,,332
2635457,9,2015-12-28T06:00:00,,all'intersezione con,VIA DI ACQUA BULLICANTE,,Scontro laterale fra veicoli in marcia,,,,,,,,,,0,0,0,4,,,False,z,VIA GRAZIOSO BENINCASA,VIA GRAZIOSO BENINCASA,
2642541,12,2015-12-28T07:05:00,Strada Urbana,all'intersezione con,VIA ALFONSINE,,Scontro frontale-laterale SX fra veicoli in marcia,Incrocio,Una carreggiata a doppio senso,Asciutto,Asfaltata,Verticale ed orizzontale,Sereno,Normale,Buona,Ore Diurne,0,0,0,2,,,False,z,VIA DI MEZZOCAMMINO,VIA DI MEZZOCAMMINO,
2635129,7,2015-12-28T08:23:00,Strada Urbana,in corrispondenza,VIA LORENZO DELLEANI,,Investimento di pedone,Rettilineo,Una carreggiata a senso unico di marcia,Asciutto,Asfaltata,Assente,Sereno,Scarso,Buona,Ore Diurne,1,0,0,1,12.58935,41.90054,False,z,del civico n.,,14
2635274,19,2015-12-28T08:40:00,Strada Urbana,all'intersezione semaforizzata con,PIAZZA GIOVENALE,,Scontro laterale fra veicoli in marcia,Incrocio,Una carreggiata a senso unico di marcia,Asciutto,Asfaltata,Verticale ed orizzontale,Sereno,Normale,Buona,Ore Diurne,0,0,0,3,12.44178,41.91303,False,z,VIA MARZIALE,VIA MARZIALE,
2636209,20,2015-12-28T09:30:00,,in prossimitíæ,VIA RICCARDO ZANDONAI,,Veicolo in marcia contro veicolo in sosta,,,,,,,,,,0,0,0,0,,,False,z,del civico n.,,118