_ID,_Gruppo,_DataOraIncidente,_Localizzazione1,_Localizzazione2,_Strada1,_DaSpecificare,_NaturaIncidente,_ParticolaritaStrade,_TipoStrada,_FondoStradale,_Pavimentazione,_Segnaletica,_CondizioneAtmosferica,_Traffico,_Visibilita,_Illuminazione,_NUM_FERITI,_NUM_RISERVATA,_NUM_MORTI,_NUM_ILLESI,_Longitudine,_Latitudine,_CONFERMATO,__prefix,_Strada02,_Strada2,_Chilometrica
2636254,13,2015-12-28T09:45:00,,in prossimitíæ,PIAZZA GIOVANNI BATTISTA BOTTERO,,Scontro frontale-laterale DX fra veicoli in marcia,,,,,,,,,,0,0,0,2,,,False,z,del civico n.,,8
2636354,4,2015-12-28T10:00:00,,in corrispondenza,VIA MONTE BERICO,,Scontro laterale fra veicoli in marcia,,,,,,,,,,0,0,0,2,12.53834,41.94127,False,z,del civico n.,,3
2642563,12,2015-12-28T10:00:00,,all'intersezione con,VIALE DEI CADUTI PER LA RESISTENZA,,Scontro laterale fra veicoli in marcia,,,,,,,,,,1,0,0,3,,,False,z,VIA DEI CADUTI CIVILI,VIA DEI CADUTI CIVILI,
2636635,10,2015-12-28T10:05:00,,in prossimitíæ,VIA DEL QUADRARO,,Scontro frontale-laterale SX fra veicoli in marcia,,,,,,,,,,0,0,0,2,12.55404,41.85942,False,z,del civico n.,,15
2635776,1,2015-12-28T11:00:00,Strada Urbana,in prossimitíæ,PIAZZA DI PORTA S. GIOVANNI,,Veicolo in marcia contro ostacolo fisso,Rettilineo,Una carreggiata a senso unico di marcia,Asciutto,Asfaltata,Verticale ed orizzontale,Sereno,Normale,Buona,Ore Diurne,1,0,0,0,,,False,z,del civico n.,,78
2636286,10,2015-12-28T11:00:00,,da specificare,VIA ANAGNINA,altezza entrata ericsson,Tamponamento Multiplo,,,,,,,,,,0,0,0,4,,,False,z,,,
2636349,4,2015-12-28T11:00:00,,all'intersezione con,VIA RENATO FUCINI,,Scontro frontale-laterale SX fra veicoli in marcia,,,,,,,,,,0,0,0,1,12.54952,41.94986,False,z,VIA LUIGI CAPUANA,VIA LUIGI CAPUANA,
2636116,11,2015-12-28T11:15:00,Strada Urbana,all'intersezione con,VIA DEL GAZOMETRO,,Scontro frontale fra veicoli in marcia,Intersezione stradale segnalata,Una carreggiata a doppio senso,Asciutto,Asfaltata,Verticale ed orizzontale,Sereno,Normale,Buona,Ore Diurne,0,0,0,2,12.47891,41.87193,True,z,VIA DEI MAGAZZINI GENERALI,VIA DEI MAGAZZINI GENERALI,
2636152,5,2015-12-28T11:20:00,Strada Urbana,all'intersezione con,VIA MORROVALLE,,Scontro frontale-laterale SX fra veicoli in marcia,Incrocio,Due carreggiate,Asciutto,Asfaltata,Verticale ed orizzontale,Sereno,Normale,Buona,Ore Diurne,1,0,0,0,12.58602,41.93982,False,z,VIA FIUMINATA,VIA FIUMINATA,
2641701,18,2015-12-28T11:30:00,Strada Urbana,all'intersezione con,VIA DON CARLO GNOCCHI,,Scontro frontale fra veicoli in marcia,Intersezione stradale segnalata,Una carreggiata a doppio senso,Asciutto,Asfaltata,Verticale,Sereno,Scarso,Buona,Ore Diurne,1,0,0,1,12.39451,41.91321,False,z,LARGO BEATA TERESA VERZERI,LARGO BEATA TERESA VERZERI,
2635360,6,2015-12-28T11:40:00,Strada Urbana,in corrispondenza,VIALE DELLA PRIMAVERA,,Veicolo in marcia contro veicoli in sosta,Rettilineo,Due carreggiate,Asciutto,Asfaltata,Verticale ed orizzontale,Sereno,Normale,Buona,Ore Diurne,2,0,0,2,,,False,z,del civico n.,,345
2635353,10,2015-12-28T11:50:00,Strada Urbana,da specificare,VIALE BRUNO PELIZZI,prossimitíæ incrocio con via R. Vignali.,Tamponamento,Rettilineo,Due carreggiate,Asciutto,Asfaltata,Verticale ed orizzontale,Sereno,Normale,Buona,Ore Diurne,0,0,0,2,12.58131,41.85816,True,z,,,
2636122,6,2015-12-28T11:50:00,Strada Urbana,da specificare,VIA PRENESTINA,in prossimitíæ del f.c. 367,Investimento di pedone,Rettilineo,Due carreggiate,Asciutto,Asfaltata,Verticale ed orizzontale,Sereno,Scarso,Sufficiente,Sufficiente,0,0,0,2,,,False,z,,,
2636724,16,2015-12-28T12:30:00,Strada Urbana,in prossimitíæ,VIALE DEI QUATTRO VENTI,,Scontro frontale-laterale SX fra veicoli in marcia,Rettilineo,Una carreggiata a doppio senso,Asciutto,Asfaltata,Orizzontale,Sereno,Normale,Buona,Ore Diurne,0,0,0,2,12.4583,41.87888,True,z,del civico n.,,156
2636299,8,2015-12-28T12:30:00,Strada Urbana,in prossimitíæ,VIALE PAOLO FERDINANDO QUAGLIA,,Tamponamento,Rettilineo,Una carreggiata a doppio senso,Asciutto,Asfaltata,Verticale ed orizzontale,Sereno,Normale,Buona,Ore Diurne,0,0,0,4,12.64094,41.86838,True,z,del civico n.,,100
2649450,18,2015-12-28T12:45:00,Strada Urbana,in prossimitíæ,VIA PEVERAGNO,,Scontro frontale-laterale SX fra veicoli in marcia,Rettilineo,Una carreggiata a senso unico di marcia,Asciutto,Asfaltata,Verticale,Sereno,Scarso,Buona,Ore Diurne,0,0,0,2,,,False,z,del civico n.,,33
2636302,8,2015-12-28T13:00:00,Strada Urbana,in corrispondenza,VIA COLLATINA,,Veicolo in marcia contro ostacolo accidentale,Rettilineo,Una carreggiata a doppio senso,Asciutto,Con buche,Assente,Sereno,Normale,Buona,Ore Diurne,0,0,0,1,12.6647,41.9218,True,z,del civico n.,,960
2636287,20,2015-12-28T13:15:00,Strada Urbana,all'intersezione con,VIA CASSIA,,Scontro frontale-laterale SX fra veicoli in marcia,Incrocio,Una carreggiata a doppio senso,Asciutto,Asfaltata,Orizzontale,Sereno,Scarso,Buona,Ore Diurne,1,0,0,4,,,False,z,VIA LEONESSA,VIA LEONESSA,
2636422,4,2015-12-28T13:20:00,,da specificare,VIA NOMENTANA,fronte via G. Spaducci direzione Roma centro,Scontro frontale-laterale DX fra veicoli in marcia,,,,,,,,,,0,0,0,4,12.56037,41.9443,False,z,,,
2636188,5,2015-12-28T14:00:00,Strada Urbana,all'intersezione con,VIA DI CERVARA,,Scontro laterale fra veicoli in marcia,Intersezione non regolata-non segnalata,Una carreggiata a doppio senso,Asciutto,Strada pavimentata dissestata,Assente,Sereno,Normale,Buona,Ore Diurne,0,0,0,2,12.59956,41.91704,False,z,VIA MELIBEO,VIA MELIBEO,
2635835,2,2015-12-28T14:30:00,,all'intersezione con,VIALE DELLA MOSCHEA,,Fuoriuscita dalla sede stradale,,,,,,,,,,1,0,0,0,,,False,z,VIA DELL'AGONISTICA,VIA DELL'AGONISTICA,
2635589,9,2015-12-28T14:50:00,Strada Urbana,in corrispondenza,VIA GIOVANNI BOTERO,,Investimento di pedone,Rettilineo,Una carreggiata a doppio senso,Asciutto,Asfaltata,Assente,Sereno,Normale,Buona,Ore Diurne,1,0,0,1,,,False,z,del civico n.,,2
2646715,18,2015-12-28T15:00:00,Strada Urbana,in corrispondenza,VIA GREGORIO VII,,Scontro frontale-laterale DX fra veicoli in marcia,Rettilineo,Pií_ di due carreggiate,Asciutto,Asfaltata,Verticale ed orizzontale,Sereno,Normale,Buona,Ore Diurne,1,0,0,2,12.43276,41.8942,False,z,del civico n.,,466
2636371,2,2015-12-28T15:30:00,Strada Urbana,in corrispondenza,VIA GIOVANNI PACINI,,Tamponamento,Rettilineo,Una carreggiata a doppio senso,Asciutto,Asfaltata,Verticale ed orizzontale,Sereno,Normale,Buona,Ore Diurne,0,0,0,2,12.49626,41.9175,False,z,del civico n.,,21
2636194,5,2015-12-28T15:30:00,,in corrispondenza,VIA BALDASSARRE ORERO,,Scontro laterale fra veicoli in marcia,,,,,,,,,,1,0,0,0,12.53867,41.89822,False,z,del civico n.,,75
2636197,15,2015-12-28T15:30:00,Strada Urbana,all'intersezione con,VIA FRANCESCO GRIMALDI,,Tamponamento Multiplo,Incrocio,Due carreggiate,Asciutto,Asfaltata,Verticale ed orizzontale,Sereno,Intenso,Buona,Ore Diurne,0,0,0,5,12.46726,41.8648,False,z,VIA GIOVANNI ALDINI,VIA GIOVANNI ALDINI,
2636223,10,2015-12-28T15:45:00,,da specificare,VIA APPIA NUOVA,prossimitíæ GRA direzione RM,Scontro frontale-laterale SX fra veicoli in marcia,,,,,,,,,,1,0,0,5,,,False,z,,,
2635838,1,2015-12-28T15:50:00,Strada Urbana,all'intersezione semaforizzata con,LARGO DI S. SUSANNA,,Scontro laterale fra veicoli in marcia,Intersezione semaforizzata,Due carreggiate,Asciutto,Asfaltata,Verticale ed orizzontale,Sereno,Normale,Buona,Ore Diurne,0,0,0,2,12.49409,41.90442,False,z,PIAZZA S. BERNARDO,PIAZZA S. BERNARDO,
2636206,1,2015-12-28T16:00:00,,in prossimitíæ,CORSO VITTORIO EMANUELE II,,Veicolo in marcia contro ostacolo fisso,,,,,,,,,,0,0,0,1,,,False,z,del civico n.,,343
2636526,10,2015-12-28T16:40:00,Strada Urbana,in corrispondenza,VIA GIUSEPPE SAREDO,,Veicolo in marcia contro veicoli in sosta,Rettilineo,Una carreggiata a senso unico di marcia,Asciutto,Asfaltata,Assente,Sereno,Scarso,Buona,Ore Diurne,0,0,0,1,12.57238,41.86224,False,z,del civico n.,,73
2636263,15,2015-12-28T16:40:00,,all'intersezione con,LUNGOTEVERE DELLA MAGLIANA,,Scontro frontale-laterale DX fra veicoli in marcia,,,,,,,,,,1,0,0,1,,,False,z,VIA SESTO FIORENTINO,VIA SESTO FIORENTINO,
2636386,4,2015-12-28T16:50:00,,in corrispondenza,VIA SALARIA,,Veicolo in marcia contro veicoli in sosta,,,,,,,,,,0,0,0,1,12.50758,41.94201,False,z,del civico n.,,665
2636226,20,2015-12-28T17:15:00,Regionale entro l'abitato,in corrispondenza,VIA CASSIA,,Scontro frontale-laterale DX fra veicoli in marcia,Rettilineo,Una carreggiata a doppio senso,Asciutto,Asfaltata,Orizzontale,Sereno,Normale,Sufficiente,Sufficiente,1,0,0,4,,,False,z,del civico n.,,849
2635837,13,2015-12-28T17:25:00,Strada Urbana,in corrispondenza,VIA DELLE BALENIERE,,Veicolo in marcia contro veicolo fermo,Rettilineo,Una carreggiata a doppio senso,Asciutto,Asfaltata,Orizzontale,Sereno,Normale,Buona,Sufficiente,0,0,0,3,12.27993,41.73905,False,z,del civico n.,,169
2646781,18,2015-12-28T17:30:00,Strada Urbana,in prossimitíæ,VIA DI BOCCEA,,Fuoriuscita dalla sede stradale,Rettilineo,Una carreggiata a doppio senso,Asciutto,Asfaltata,Verticale ed orizzontale,Sereno,Normale,Buona,Sufficiente,1,0,0,1,12.37592,41.92053,False,z,del civico n.,,631
2636470,20,2015-12-28T17:45:00,Strada Urbana,da specificare,VIA DELLA VILLA DI LIVIA,area parcheggio farmacia civico 90,Scontro laterale fra veicoli in marcia,Rettilineo,Una carreggiata a doppio senso,Asciutto,Asfaltata,Assente,Sereno,Scarso,Buona,Sufficiente,0,0,0,2,,,False,z,,,
2636278,5,2015-12-28T17:45:00,Strada Urbana,da specificare,VIA DI MARCO SIMONE,all'intersezione con Via L. Muratori (Guidonia),Scontro frontale-laterale DX fra veicoli in marcia,Rettilineo,Una carreggiata a doppio senso,Asciutto,Asfaltata,Verticale ed orizzontale,Sereno,Normale,Buona,Sufficiente,1,0,0,1,12.64482,41.94436,False,z,,,
2635815,9,2015-12-28T17:55:00,Strada Urbana,all'intersezione con,VIA APPIA NUOVA,,Scontro laterale fra veicoli in marcia,Incrocio,Due carreggiate,Asciutto,Asfaltata,Verticale ed orizzontale,Sereno,Intenso,Sufficiente,Sufficiente,1,0,0,1,,,False,z,VIA RAFFAELE DE CESARE,VIA RAFFAELE DE CESARE,
2636343,13,2015-12-28T18:00:00,Strada Urbana,all'intersezione con,VIA VALFLORIANA,,Scontro frontale-laterale SX fra veicoli in marcia,Incrocio,Una carreggiata a doppio senso,Asciutto,Asfaltata,Verticale ed orizzontale,Sereno,Scarso,Buona,Sufficiente,3,0,0,1,12.37595,41.73131,False,z,VIA DOBBIACO,VIA DOBBIACO,
2636373,19,2015-12-28T18:05:00,,in corrispondenza,VIA ANTONIO PANIZZI,,Investimento di pedone,,,,,,,,,,2,0,0,0,,,False,z,del civico n.,,67
2636284,4,2015-12-28T18:05:00,,in prossimitíæ,PIAZZA PIER CARLO TALENTI,,Tamponamento,,,,,,,,,,1,0,0,2,12.54746,41.9439,False,z,del civico n.,,8
2636304,8,2015-12-28T18:20:00,Strada Urbana,in corrispondenza,VIA COLLATINA,,Veicolo in marcia contro ostacolo accidentale,Rettilineo,Una carreggiata a doppio senso,Asciutto,Asfaltata,Assente,Sereno,Normale,Insufficiente,Inesistente,0,0,0,1,12.6647,41.9218,True,z,del civico n.,,960
2636308,8,2015-12-28T18:20:00,Strada Urbana,all'intersezione con,VIA RAVANUSA,,Veicolo in marcia contro veicoli in sosta,Intersezione stradale segnalata,Una carreggiata a senso unico di marcia,Asciutto,Asfaltata,Verticale,Sereno,Normale,Sufficiente,Sufficiente,0,0,0,1,12.6518,41.86799,False,z,VIA NARO,VIA NARO,
2636356,4,2015-12-28T18:40:00,,da specificare,VIA DEI PRATI FISCALI,200 mt. prima dello svincolo per Via Salaria,Veicolo in marcia contro ostacolo accidentale,,,,,,,,,,0,0,0,1,12.5161,41.94608,False,z,,,
2636447,17,2015-12-28T18:50:00,Strada Urbana,all'intersezione con,VIA ANDREA DORIA,,Investimento di pedone,Incrocio,Una carreggiata a doppio senso,Asciutto,Asfaltata,Verticale ed orizzontale,Sereno,Normale,Buona,Insufficiente,2,0,0,1,12.45318,41.90998,False,z,VIA SANTAMAURA,VIA SANTAMAURA,
2636182,1,2015-12-28T19:00:00,Strada Urbana,all'intersezione con,VIA GARIBALDI,,Investimento di pedone,Intersezione stradale segnalata,Una carreggiata a doppio senso,Asciutto,Asfaltata,Verticale ed orizzontale,Sereno,Normale,Buona,Sufficiente,1,0,0,1,,,False,z,VIA GOFFREDO MAMELI,VIA GOFFREDO MAMELI,
2636241,20,2015-12-28T19:00:00,Strada Urbana,all'intersezione con,VIA RICCARDO ZANDONAI,,Tamponamento,Intersezione stradale segnalata,Una carreggiata a doppio senso,Asciutto,Asfaltata,Verticale ed orizzontale,Sereno,Scarso,Buona,Sufficiente,0,0,0,3,,,False,z,VIA DELLA FARNESINA,VIA DELLA FARNESINA,
2636325,4,2015-12-28T19:10:00,,in prossimitíæ,PIAZZA SEMPIONE,,Scontro laterale fra veicoli in marcia,,,,,,,,,,0,0,0,2,12.53411,41.93518,False,z,del civico n.,,20
2636499,10,2015-12-28T19:15:00,Strada Urbana,in prossimitíæ,VIA TUSCOLANA,,Scontro laterale fra veicoli in marcia,Rettilineo,Due carreggiate,Asciutto,Asfaltata,Verticale ed orizzontale,Sereno,Normale,Buona,Sufficiente,0,0,0,9,12.57407,41.84939,False,z,del civico n.,,1480
2649928,18,2015-12-28T19:30:00,Strada Urbana,da specificare,VIA DI BOCCEA,PROSSIMITA' VIA BRA,Investimento di pedone,Pendenza,Una carreggiata a doppio senso,Asciutto,Asfaltata,Verticale ed orizzontale,Sereno,Scarso,Insufficiente,Sufficiente,1,0,0,1,12.41315,41.90305,False,z,,,
2636379,12,2015-12-28T19:40:00,Provinciale,in prossimitíæ,VIA LAURENTINA,,Veicolo in marcia contro ostacolo accidentale,Rettilineo,Due carreggiate,Asciutto,Asfaltata,Verticale ed orizzontale,Sereno,Scarso,Buona,Ore Diurne,0,0,0,1,12.48013,41.77928,True,z,della chilometrica,,12.8
2636301,13,2015-12-28T20:20:00,,da specificare,VIA CARLO MARENCO DI MORIONDO,pross. Via Isole Capoverde,Investimento di pedone,,,,,,,,,,0,0,0,2,,,False,z,,,
2635564,12,2015-12-28T20:30:00,Provinciale entro l'abitato,in corrispondenza,VIA DEL MARE,,Fuoriuscita dalla sede stradale,Rettilineo,Una carreggiata a doppio senso,Asciutto,Asfaltata,Verticale ed orizzontale,Sereno,Scarso,Sufficiente,Sufficiente,0,0,0,1,12.44141,41.93411,False,z,della chilometrica,,10.5
2636125,11,2015-12-28T20:30:00,Strada Urbana,in prossimitíæ,VIA DEL PORTO FLUVIALE,,Scontro frontale-laterale SX fra veicoli in marcia,Rettilineo,Una carreggiata a doppio senso,Asciutto,Asfaltata,Verticale ed orizzontale,Sereno,Normale,Buona,Sufficiente,1,0,0,4,12.47257,41.87204,False,z,del civico n.,,71
2636347,2,2015-12-28T20:45:00,Strada Urbana,in corrispondenza,VIA DI PRISCILLA,,Veicolo in marcia contro ostacolo accidentale,Rettilineo,Una carreggiata a doppio senso,Asciutto,Asfaltata,Assente,Sereno,Scarso,Buona,Sufficiente,0,0,0,1,12.51035,41.93071,False,z,del civico n.,,59
2636310,8,2015-12-28T20:50:00,Strada Urbana,all'intersezione con,VIA DI TOR VERGATA,,Scontro frontale-laterale SX fra veicoli in marcia,Intersezione stradale segnalata,Due carreggiate,Asciutto,Asfaltata,Verticale ed orizzontale,Sereno,Normale,Insufficiente,Insufficiente,1,0,0,1,12.62201,41.84133,False,z,VIALE LUIGI SCHIAVONETTI,VIALE LUIGI SCHIAVONETTI,
2636400,12,2015-12-28T21:00:00,,da specificare,VIA ALBERESE,altezza rampa proveniente da VIA I.Newton,Scontro frontale-laterale SX fra veicoli in marcia,,,,,,,,,,1,0,0,1,,,False,z,,,
2636327,8,2015-12-28T21:00:00,Strada Urbana,all'intersezione con,VIALE DEI ROMANISTI,,Veicolo in marcia contro ostacolo accidentale,Intersezione stradale segnalata,Due carreggiate,Asciutto,Asfaltata,Verticale ed orizzontale,Sereno,Scarso,Buona,Sufficiente,0,0,0,1,12.57728,41.86773,True,z,VIA FILIPPO CESARE ANNESSI,VIA FILIPPO CESARE ANNESSI,
2636336,2,2015-12-28T21:30:00,,da specificare,VIA DEL FORO ITALICO,alt. via Salaria (rampa accesso) dir. s. giovanni,Scontro laterale fra veicoli in marcia,,,,,,,,,,0,0,0,2,12.48104,41.94025,False,z,,,
2636293,5,2015-12-28T21:30:00,Strada Urbana,in corrispondenza,VIA PIAN DI SCO,,Tamponamento,Rettilineo,Una carreggiata a doppio senso,Asciutto,Asfaltata,Verticale ed orizzontale,Sereno,Scarso,Buona,Sufficiente,0,0,0,2,12.51842,41.96049,False,z,del civico n.,,25
2636294,13,2015-12-28T21:40:00,Strada Urbana,all'intersezione con,VIA ERMANNO WOLF FERRARI,,Scontro frontale-laterale SX fra veicoli in marcia,Incrocio,Una carreggiata a doppio senso,Asciutto,Asfaltata,Verticale ed orizzontale,Sereno,Normale,Buona,Insufficiente,0,0,0,4,12.37794,41.74817,False,z,VIA DEGLI STRAUSS,VIA DEGLI STRAUSS,
2636306,20,2015-12-28T22:15:00,Strada Urbana,all'intersezione semaforizzata con,VIA FLAMINIA NUOVA,,Scontro frontale-laterale DX fra veicoli in marcia,Intersezione semaforizzata,Una carreggiata a doppio senso,Asciutto,Asfaltata,Verticale ed orizzontale,Sereno,Scarso,Buona,Sufficiente,1,0,0,1,,,False,z,VIA TUSCANIA,VIA TUSCANIA,
2637446,3,2015-12-28T22:30:00,,all'intersezione con,VIA LIVORNO,,Scontro frontale-laterale SX fra veicoli in marcia,,,,,,,,,,0,0,0,2,,,False,z,VIA GIUSEPPE PITRE',VIA GIUSEPPE PITRE',
2636175,6,2015-12-28T23:00:00,Strada Urbana,in corrispondenza,VIALE PALMIRO TOGLIATTI,,Tamponamento,Rettilineo,Pií_ di due carreggiate,Asciutto,Asfaltata,Assente,Sereno,Normale,Sufficiente,Sufficiente,1,0,0,1,12.5743,41.89031,False,z,del civico n.,,888
2636766,16,2015-12-28T23:45:00,Strada Urbana,in prossimitíæ,VIALE GUGLIELMO MARCONI,,Veicolo in marcia contro ostacolo accidentale,Rettilineo,Due carreggiate,Asciutto,Asfaltata,Orizzontale,Sereno,Scarso,Sufficiente,Sufficiente,0,0,0,1,12.47564,41.84648,False,z,del civico n.,,700
2636461,12,2015-12-29T00:40:00,Strada Urbana,all'intersezione con,VIA PORTUENSE,,Veicolo in marcia contro veicolo arresto,Incrocio,Una carreggiata a doppio senso,Asciutto,Asfaltata,Verticale ed orizzontale,Sereno,Scarso,Buona,Sufficiente,0,0,0,3,12.45772,41.86465,False,z,VIA DI VIGNA PIA,VIA DI VIGNA PIA,
2636281,19,2015-12-29T01:30:00,Strada Urbana,in corrispondenza,VIA DELL'ACQUEDOTTO DEL PESCHIERA,,Scontro laterale fra veicoli in marcia,Rettilineo,Una carreggiata a senso unico di marcia,Asciutto,Asfaltata,Verticale ed orizzontale,Sereno,Scarso,Buona,Sufficiente,0,0,0,2,12.42496,41.93697,False,z,del civico n.,,192
2636505,12,2015-12-29T02:30:00,,all'intersezione con,VIA CRISTOFORO COLOMBO,,Scontro frontale-laterale DX fra veicoli in marcia,,,,,,,,,,1,0,0,4,,,False,z,VIA GIOVANNI GENOCCHI,VIA GIOVANNI GENOCCHI,
2637407,7,2015-12-29T05:40:00,Strada Urbana,all'intersezione con,VIA GIACOMO BRESADOLA,,Veicolo in marcia contro ostacolo fisso,Intersezione stradale segnalata,Una carreggiata a doppio senso,Bagnato (umiditíæ in atto),Asfaltata,Verticale ed orizzontale,Sereno,Scarso,Buona,Sufficiente,1,0,0,0,12.56106,41.89384,False,z,VIA FILIPPO SMALDONE,VIA FILIPPO SMALDONE,
2637440,8,2015-12-29T06:40:00,,in prossimitíæ,VIA PRENESTINA,,Tamponamento Multiplo,,,,,,,,,,1,0,0,3,,,False,z,del civico n.,,1159
2636984,18,2015-12-29T08:00:00,Strada Urbana,in prossimitíæ,VIA DI BOCCEA,,Scontro laterale fra veicoli in marcia,Rettilineo,Una carreggiata a doppio senso,Asciutto,Asfaltata,Assente,Sereno,Normale,Buona,Ore Diurne,2,0,0,1,12.37676,41.91964,True,z,del civico n.,,623
2636282,6,2015-12-29T08:10:00,Strada Urbana,all'intersezione semaforizzata con,VIA DI ACQUA BULLICANTE,,Scontro frontale-laterale DX fra veicoli in marcia,Intersezione semaforizzata,Una carreggiata a doppio senso,Asciutto,Asfaltata,Verticale ed orizzontale,Sereno,Normale,Buona,Ore Diurne,0,0,0,3,12.54239,41.88882,True,z,VIA LUCHINO DAL VERME,VIA LUCHINO DAL VERME,
2636748,8,2015-12-29T08:30:00,,da specificare,VIA AMICO ASPERTINI,alt.za imm.one da Via O. Borgianni dir. F. Sacro,Investimento di pedone,,,,,,,,,,1,0,0,1,,,False,z,,,
2637052,13,2015-12-29T09:30:00,Strada Urbana,in corrispondenza,VIA DI MACCHIA SAPONARA,,Scontro frontale-laterale DX fra veicoli in marcia,Rettilineo,Una carreggiata a doppio senso,Asciutto,Asfaltata,Orizzontale,Sole radente,Normale,Buona,Ore Diurne,0,0,0,3,12.36398,41.75923,False,z,del civico n.,,247
2636412,6,2015-12-29T09:50:00,Strada Urbana,da specificare,LARGO DEI SAVORGNAN,fronte civ. 4,Scontro frontale-laterale DX fra veicoli in marcia,Pianeggiante,Una carreggiata a doppio senso,Asciutto,Asfaltata,Assente,Sereno,Scarso,Buona,Ore Diurne,0,0,0,2,12.53754,41.87821,True,z,,,
2637426,20,2015-12-29T09:53:00,Strada Urbana,in prossimitíæ,PIAZZA DELLA VISIONE,,Veicolo in marcia contro veicoli in arresto,Rettilineo,Una carreggiata a doppio senso,Asciutto,Asfaltata,Verticale ed orizzontale,Sereno,Normale,Buona,Ore Diurne,0,0,0,2,,,False,z,del civico n.,,19-B
2637524,12,2015-12-29T10:00:00,Strada Urbana,in corrispondenza,VIA ALFONSINE,,Tamponamento,Rettilineo,Una carreggiata a doppio senso,Asciutto,Asfaltata,Verticale ed orizzontale,Sereno,Normale,Buona,Ore Diurne,1,0,0,3,,,False,z,del civico n.,,15
2637056,13,2015-12-29T10:05:00,,all'intersezione con,VIA PADRE MASSARUTI,,Scontro laterale fra veicoli in marcia,,,,,,,,,,0,0,0,3,12.35376,41.76283,False,z,VIA ALBERICO CRESCITELLI,VIA ALBERICO CRESCITELLI,
2637616,12,2015-12-29T10:25:00,Strada Urbana,da specificare,VIALE FILIPPO TOMMASO MARINETTI,prossimitíæ Via Sapori,Tamponamento,Rotatoria,Due carreggiate,Asciutto,Asfaltata,Verticale ed orizzontale,Sereno,Scarso,Buona,Ore Diurne,0,0,0,2,12.47495,41.80742,False,z,,,
2637384,5,2015-12-29T10:30:00,Strada Urbana,in prossimitíæ,VIA DEL FLAUTO,,Scontro laterale fra veicoli in marcia,Curva a visuale libera,Una carreggiata a doppio senso,Asciutto,Asfaltata,Assente,Sereno,Normale,Buona,Ore Diurne,0,0,0,2,12.56929,41.90437,False,z,del civico n.,,40
2636789,1,2015-12-29T10:40:00,Strada Urbana,all'intersezione con,VIA GIOVANNI BRANCA,,Scontro frontale-laterale DX fra veicoli in marcia,Incrocio,Una carreggiata a doppio senso,Asciutto,Asfaltata,Verticale,Sereno,Scarso,Buona,Ore Diurne,0,0,0,2,12.47336,41.87929,True,z,VIA FLORIO,VIA FLORIO,
2637537,19,2015-12-29T11:00:00,Strada Urbana,all'intersezione con,VIA DI TORREVECCHIA,,Investimento di pedone,Intersezione semaforizzata,Una carreggiata a doppio senso,Asciutto,Asfaltata,Verticale ed orizzontale,Sereno,Normale,Buona,Ore Diurne,1,0,0,1,12.4123,41.92339,True,z,VIA DELLA VALLE DEI FONTANILI,VIA DELLA VALLE DEI FONTANILI,
2645250,18,2015-12-29T11:15:00,Strada Urbana,da specificare,CIRCONVALLAZIONE AURELIA,prossimitíæ civico 66,Scontro frontale-laterale DX fra veicoli in marcia,Rettilineo,Pií_ di due carreggiate,Asciutto,Asfaltata,Verticale ed orizzontale,Sereno,Normale,Buona,Ore Diurne,0,0,0,2,12.42852,41.89705,True,z,,,
2637368,11,2015-12-29T11:15:00,Strada Urbana,in prossimitíæ,VIA POMPONIA GRECINA,,Scontro laterale fra veicoli in marcia,Rettilineo,Una carreggiata a doppio senso,Asciutto,Asfaltata,Assente,Sereno,Scarso,Buona,Ore Diurne,0,0,0,2,12.48525,41.86009,False,z,del civico n.,,27
2645629,18,2015-12-29T11:30:00,Statale entro l'abitato,da specificare,VIA AURELIA,FRONTE CIVICO 470,Scontro frontale fra veicoli in marcia,Rettilineo,Una carreggiata a doppio senso,Asciutto,Asfaltata,Verticale ed orizzontale,Sereno,Normale,Buona,Ore Diurne,0,0,0,3,12.4138,41.89218,False,z,,,
2636755,1,2015-12-29T11:30:00,Strada Urbana,in corrispondenza,PIAZZA D'ARACOELI,,Investimento di pedone,Curva a visuale libera,Una carreggiata a senso unico di marcia,Asciutto,In cubetti di porfido,Orizzontale,Nuvoloso,Normale,Buona,Ore Diurne,2,0,0,0,12.48115,41.89449,False,z,del palo luce n.,,10
2637054,13,2015-12-29T11:40:00,,in corrispondenza,VIA MERANO,,Veicolo in marcia contro veicoli in arresto,,,,,,,,,,0,0,0,2,12.38518,41.73916,False,z,del civico n.,,27
2636554,9,2015-12-29T12:00:00,Strada Urbana,da specificare,VIA SIBARI,fronte via Elea,Tamponamento,Rettilineo,Una carreggiata a senso unico di marcia,Asciutto,Asfaltata,Assente,Sereno,Normale,Buona,Ore Diurne,0,0,0,6,,,False,z,,,