_ID,_Gruppo,_DataOraIncidente,_Localizzazione1,_Localizzazione2,_Strada1,_DaSpecificare,_NaturaIncidente,_ParticolaritaStrade,_TipoStrada,_FondoStradale,_Pavimentazione,_Segnaletica,_CondizioneAtmosferica,_Traffico,_Visibilita,_Illuminazione,_NUM_FERITI,_NUM_RISERVATA,_NUM_MORTI,_NUM_ILLESI,_Longitudine,_Latitudine,_CONFERMATO,__prefix,_Strada02,_Strada2,_Chilometrica
2637532,13,2015-12-29T12:00:00,,all'intersezione con,VIA CREMOSANO,,Scontro frontale-laterale DX fra veicoli in marcia,,,,,,,,,,0,0,0,2,,,False,z,VIA CASTELLUCCHIO,VIA CASTELLUCCHIO,
2637442,8,2015-12-29T12:10:00,Strada Urbana,da specificare,VIALE DUILIO CAMBELLOTTI,inversione di marcia 200 mt prima di via Balbiani,Scontro laterale fra veicoli in marcia,Rettilineo,Due carreggiate,Asciutto,Asfaltata,Verticale ed orizzontale,Sereno,Normale,Buona,Ore Diurne,0,0,0,2,,,False,z,,,
2637906,17,2015-12-29T12:55:00,Strada Urbana,in prossimitíæ,VIA DEL FALCO,,Veicolo in marcia contro veicolo in sosta,Rettilineo,Una carreggiata a senso unico di marcia,Asciutto,Asfaltata,Verticale ed orizzontale,Sereno,Scarso,Buona,Ore Diurne,0,0,0,1,12.45974,41.90528,True,z,del civico n.,,1-B
2637357,11,2015-12-29T13:00:00,,in prossimitíæ,VIALE FERDINANDO BALDELLI,,Infortunio per caduta del veicolo,,,,,,,,,,1,0,0,0,,,False,z,del civico n.,,41
2638003,16,2015-12-29T13:05:00,Strada Urbana,all'intersezione con,PIAZZA FRANCESCO CUCCHI,,Scontro frontale-laterale SX fra veicoli in marcia,Intersezione stradale segnalata,Una carreggiata a senso unico di marcia,Asciutto,Asfaltata,Verticale ed orizzontale,Sereno,Scarso,Buona,Ore Diurne,0,0,0,2,12.4584,41.88532,True,z,VIA ALESSANDRO ALGARDI,VIA ALESSANDRO ALGARDI,
2649964,18,2015-12-29T13:10:00,Strada Urbana,all'intersezione con,VIA DI BOCCEA,,Veicolo in marcia contro ostacolo accidentale,Incrocio,Una carreggiata a doppio senso,Asciutto,Asfaltata,Orizzontale,Sereno,Normale,Buona,Ore Diurne,0,0,0,1,12.41641,41.90354,True,z,VIA DI VAL CANNUTA,VIA DI VAL CANNUTA,
2638018,1,2015-12-29T13:30:00,Strada Urbana,all'intersezione con,VIA LUCA DELLA ROBBIA,,Scontro frontale-laterale SX fra veicoli in marcia,Incrocio,Una carreggiata a senso unico di marcia,Asciutto,Asfaltata,Verticale ed orizzontale,Sereno,Scarso,Buona,Ore Diurne,0,0,0,2,12.4776,41.87944,False,z,PIAZZA TESTACCIO,PIAZZA TESTACCIO,
2638034,1,2015-12-29T13:40:00,Strada Urbana,all'intersezione con,VICOLO DELL'ARCACCIO,,Scontro frontale fra veicoli in marcia,Incrocio,Una carreggiata a doppio senso,Asciutto,Acciotolata,Verticale ed orizzontale,Sereno,Normale,Buona,Ore Diurne,0,0,0,2,,,False,z,PIAZZA S. VINCENZO PALLOTTI,PIAZZA S. VINCENZO PALLOTTI,
2637500,12,2015-12-29T13:40:00,Strada Urbana,da specificare,VIA CRISTOFORO COLOMBO, lat. dir. Roma svincolo con via del Pattinaggio,Fuoriuscita dalla sede stradale,Curva a visuale libera,Una carreggiata a senso unico di marcia,Asciutto,Asfaltata,Verticale ed orizzontale,Sereno,Scarso,Buona,Ore Diurne,0,0,0,4,12.47421,41.8392,False,z,,,
2637889,17,2015-12-29T13:55:00,Strada Urbana,da specificare,LUNGOTEVERE VATICANO,rampa direzione lungotevere in sassia,Scontro laterale fra veicoli in marcia,Rettilineo,Una carreggiata a senso unico di marcia,Asciutto,Asfaltata,Verticale ed orizzontale,Sereno,Normale,Buona,Ore Diurne,0,0,0,2,12.46383,41.90165,False,z,,,
2636969,2,2015-12-29T14:00:00,Strada Urbana,all'intersezione con,VIALE ERITREA,,Scontro laterale fra veicoli in marcia,Incrocio,Due carreggiate,Asciutto,Asfaltata,Verticale ed orizzontale,Sereno,Normale,Buona,Ore Diurne,1,0,0,2,,,False,z,PIAZZA ANNIBALIANO,PIAZZA ANNIBALIANO,
2636826,19,2015-12-29T14:15:00,Strada Urbana,in corrispondenza,VIA ELIO DONATO,,Veicolo in marcia contro veicolo in sosta,Rettilineo,Una carreggiata a senso unico di marcia,Asciutto,Asfaltata,Orizzontale,Sereno,Normale,Buona,Ore Diurne,0,0,0,1,12.44292,41.91285,False,z,del civico n.,,29
2637515,17,2015-12-29T14:40:00,,da specificare,VIA DELLA CONCILIAZIONE,altezza vicolo del campanile fronte civ. 16,Veicolo in marcia contro veicoli in sosta,,,,,,,,,,0,0,0,0,12.46201,41.9025,False,z,,,
2637439,20,2015-12-29T14:40:00,Strada Urbana,all'intersezione con,VIA DI BACCANELLO,,Scontro frontale-laterale SX fra veicoli in marcia,Intersezione non regolata-non segnalata,Una carreggiata a doppio senso,Asciutto,Asfaltata,Verticale ed orizzontale,Sereno,Normale,Buona,Ore Diurne,3,0,0,0,,,False,z,VIA DI COLLE FEBBRARO,VIA DI COLLE FEBBRARO,
2637376,15,2015-12-29T15:00:00,Strada Urbana,all'intersezione con,VIA OCCIMIANO,,Scontro frontale-laterale SX fra veicoli in marcia,Intersezione stradale segnalata,Una carreggiata a doppio senso,Asciutto,Asfaltata,Assente,Sereno,Scarso,Buona,Ore Diurne,0,0,0,4,12.30452,41.82376,True,z,VIA CONZANO,VIA CONZANO,
2637414,13,2015-12-29T15:25:00,Strada Urbana,all'intersezione con,VIA FRANCESCO CILEA,,Scontro frontale-laterale SX fra veicoli in marcia,Incrocio,Una carreggiata a doppio senso,Asciutto,Asfaltata,Verticale,Sereno,Normale,Buona,Ore Diurne,1,0,0,1,12.37518,41.74478,False,z,VIALE DI CASTEL PORZIANO,VIALE DI CASTEL PORZIANO,
2637585,7,2015-12-29T15:30:00,Strada Urbana,all'intersezione con,PIAZZA TEOFRASTO,,Scontro frontale fra veicoli in marcia,Incrocio,Una carreggiata a doppio senso,Asciutto,Asfaltata,Verticale ed orizzontale,Sereno,Scarso,Buona,Ore Diurne,0,0,0,2,12.56427,41.89145,False,z,VIA FEDERICO DELPINO,VIA FEDERICO DELPINO,
2637535,4,2015-12-29T15:30:00,,in prossimitíæ,VIA DELLE VIGNE NUOVE,,Tamponamento,,,,,,,,,,0,0,0,2,12.53569,41.95661,False,z,del civico n.,,503
2638062,1,2015-12-29T15:30:00,Strada Urbana,all'intersezione con,VIA AMERIGO VESPUCCI,,Scontro frontale-laterale DX fra veicoli in marcia,Intersezione stradale segnalata,Una carreggiata a senso unico di marcia,Asciutto,In cubetti di porfido,Verticale ed orizzontale,Sereno,Scarso,Buona,Ore Diurne,0,0,0,2,,,False,z,VIA GUSTAVO BIANCHI,VIA GUSTAVO BIANCHI,
2637554,4,2015-12-29T15:40:00,,in prossimitíæ,VIA RAPAGNANO,,Tamponamento,,,,,,,,,,0,0,0,3,12.51326,41.98409,False,z,del civico n.,,6
2637529,20,2015-12-29T15:50:00,Strada Urbana,all'intersezione con,VIA CASSIA,,Scontro laterale fra veicoli in marcia,Incrocio,Una carreggiata a doppio senso,Asciutto,Asfaltata,Verticale ed orizzontale,Sereno,Normale,Buona,Ore Diurne,0,0,0,2,,,False,z,VIALE CORTINA D'AMPEZZO,VIALE CORTINA D'AMPEZZO,
2638032,16,2015-12-29T16:00:00,Strada Urbana,da specificare,VIA LUIGI ZAMBARELLI,in prossimitíæ fronte civico 8,Scontro frontale-laterale DX fra veicoli in marcia,Rettilineo,Una carreggiata a doppio senso,Asciutto,Asfaltata,Verticale ed orizzontale,Sereno,Normale,Buona,Ore Diurne,0,0,0,3,12.44505,41.87605,True,z,,,
2637058,19,2015-12-29T16:10:00,Strada Urbana,all'intersezione con,VIA GALLICANO NEL LAZIO,,Veicolo in marcia contro veicolo fermo,Incrocio,Una carreggiata a senso unico di marcia,Asciutto,Asfaltata,Verticale ed orizzontale,Sereno,Normale,Buona,Ore Diurne,0,0,0,3,12.40683,41.96597,False,z,VIA IPOGEO DEGLI OTTAVI,VIA IPOGEO DEGLI OTTAVI,
2637523,7,2015-12-29T16:15:00,Strada Urbana,da specificare,VIALE PALMIRO TOGLIATTI,altezza Via dell'Edera,Scontro laterale fra veicoli in marcia,Rettilineo,Due carreggiate,Asciutto,Asfaltata,Verticale ed orizzontale,Sereno,Normale,Buona,Ore Diurne,0,0,0,2,12.57045,41.87465,False,z,,,
2637576,4,2015-12-29T16:20:00,,in corrispondenza,VIA STELVIO,,Investimento di pedone,,,,,,,,,,1,0,0,1,12.53623,41.94186,False,z,del civico n.,,19
2637398,18,2015-12-29T16:40:00,Strada Urbana,da specificare,VIA DEL QUARTACCIO,in prossimitíæ del fronte civico 51,Tamponamento,Rettilineo,Una carreggiata a doppio senso,Asciutto,Asfaltata,Verticale ed orizzontale,Sereno,Normale,Buona,Sufficiente,1,0,0,1,12.39028,41.91766,False,z,,,
2637478,12,2015-12-29T17:00:00,Strada Urbana,in prossimitíæ,VIA DI DECIMA,,Veicolo in marcia contro ostacolo accidentale,Rettilineo,Una carreggiata a doppio senso,Asciutto,Asfaltata,Verticale ed orizzontale,Sereno,Scarso,Buona,Sufficiente,0,0,0,1,,,False,z,del palo luce n.,,67
2637388,10,2015-12-29T17:00:00,Strada Urbana,all'intersezione con,VIA DI TOR VERGATA,,Tamponamento,Rotatoria,Una carreggiata a senso unico di marcia,Asciutto,Asfaltata,Verticale ed orizzontale,Sereno,Intenso,Buona,Sufficiente,0,0,0,3,12.62261,41.84739,True,z,VIA SANDRO PENNA,VIA SANDRO PENNA,
2637445,8,2015-12-29T17:15:00,,all'intersezione con,VIA PRENESTINA,,Veicolo in marcia contro ostacolo accidentale,,,,,,,,,,0,0,0,1,,,False,z,VIA OLLOLAI,VIA OLLOLAI,
2637572,7,2015-12-29T17:15:00,Strada Urbana,all'intersezione con,VIA PAPIRIA,,Scontro frontale-laterale SX fra veicoli in marcia,Incrocio,Una carreggiata a doppio senso,Asciutto,Asfaltata,Verticale ed orizzontale,Sereno,Normale,Buona,Sufficiente,0,0,0,2,12.56712,41.86242,True,z,VIALE MARCO FULVIO NOBILIORE,VIALE MARCO FULVIO NOBILIORE,
2638230,16,2015-12-29T17:15:00,Strada Urbana,all'intersezione con,VIA FEDERICO OZANAM,,Scontro frontale-laterale DX fra veicoli in marcia,Incrocio,Una carreggiata a doppio senso,Asciutto,Asfaltata,Verticale ed orizzontale,Sereno,Normale,Sufficiente,Sufficiente,0,0,0,2,12.44872,41.87657,True,z,VIA FRANCESCO CATEL,VIA FRANCESCO CATEL,
2637451,13,2015-12-29T17:20:00,Strada Urbana,in prossimitíæ,VIA TORCEGNO,,Veicolo in marcia contro ostacolo fisso,Rettilineo,Una carreggiata a doppio senso,Asciutto,Asfaltata,Assente,Sereno,Normale,Buona,Sufficiente,2,0,0,0,12.37579,41.73105,False,z,del civico n.,,119
2637393,10,2015-12-29T18:05:00,,da specificare,VIA TORRE DI MEZZAVIA,fronte civ. 121,Scontro frontale-laterale DX fra veicoli in marcia,,,,,,,,,,1,0,0,2,12.59528,41.83753,False,z,,,
2637541,12,2015-12-29T18:30:00,Strada Urbana,in prossimitíæ,VIA DI TRIGORIA,,Veicolo in marcia contro ostacolo accidentale,Rettilineo,Una carreggiata a doppio senso,Asciutto,Con buche,Orizzontale,Sereno,Scarso,Insufficiente,Inesistente,0,0,0,1,12.4775,41.76576,False,z,del civico n.,,131
2637404,10,2015-12-29T18:35:00,Strada Urbana,da specificare,VIA TUSCOLANA,altezza terminal Anagnina,Scontro frontale-laterale DX fra veicoli in marcia,Rettilineo,Due carreggiate,Asciutto,Asfaltata,Verticale ed orizzontale,Sereno,Normale,Buona,Sufficiente,0,0,0,3,12.57887,41.84638,False,z,,,
2637462,8,2015-12-29T18:40:00,,da specificare,PIAZZALE DELLE PARADISEE,100 mt dopo incrocio via Ruderi di Casa Calda ,Veicolo in marcia contro ostacolo accidentale,,,,,,,,,,0,0,0,1,,,False,z,,,
2638242,16,2015-12-29T18:40:00,,all'intersezione con,VIA ANTONIO PIGNATELLI,,Scontro laterale fra veicoli in marcia,,,,,,,,,,1,0,0,2,12.45365,41.87303,False,z,VIA MARCANTONIO ODESCALCHI,VIA MARCANTONIO ODESCALCHI,
2637412,10,2015-12-29T19:15:00,,all'intersezione semaforizzata con,VIA ANAGNINA,,Tamponamento Multiplo,,,,,,,,,,1,0,0,5,12.64461,41.79971,False,z,VICOLO ANAGNINO,VICOLO ANAGNINO,
2637385,15,2015-12-29T19:30:00,Strada Urbana,da specificare,VIA PORTUENSE,prossimitíæ Via Siamanna,Veicolo in marcia contro ostacolo accidentale,Rettilineo,Una carreggiata a doppio senso,Asciutto,Asfaltata,Assente,Sereno,Scarso,Buona,Sufficiente,0,0,0,1,12.40939,41.84342,True,z,,,
2637418,18,2015-12-29T19:35:00,Strada Urbana,da specificare,VIA LUCA PASSI,fronte civico 30,Ribaltamento senza urto contro ostacolo fisso,Rettilineo,Due carreggiate,Asciutto,Asfaltata,Verticale ed orizzontale,Sereno,Scarso,Sufficiente,Sufficiente,1,0,0,0,,,False,z,,,
2637466,8,2015-12-29T19:40:00,Strada Urbana,in prossimitíæ,VIALE PAOLO FERDINANDO QUAGLIA,,Scontro frontale-laterale SX fra veicoli in marcia,Rettilineo,Una carreggiata a doppio senso,Asciutto,Asfaltata,Orizzontale,Sereno,Normale,Sufficiente,Sufficiente,1,0,0,1,12.64094,41.86838,False,z,del civico n.,,89
2637512,12,2015-12-29T19:45:00,Strada Urbana,all'intersezione con,VIALE DELL'OCEANO PACIFICO,,Scontro laterale fra veicoli in marcia,Incrocio,Una carreggiata a doppio senso,Asciutto,Asfaltata,Verticale ed orizzontale,Sereno,Normale,Buona,Sufficiente,0,0,0,2,12.45586,41.82552,False,z,VIALE CITTA' D'EUROPA,VIALE CITTA' D'EUROPA,
2637373,11,2015-12-29T20:15:00,Strada Urbana,all'intersezione con,VIA DEL PORTO FLUVIALE,,Scontro frontale-laterale SX fra veicoli in marcia,Intersezione stradale segnalata,Una carreggiata a doppio senso,Asciutto,Asfaltata,Verticale ed orizzontale,Sereno,Normale,Sufficiente,Sufficiente,0,0,0,2,12.4775,41.87237,False,z,VIA GIUSEPPE ACERBI,VIA GIUSEPPE ACERBI,
2637581,4,2015-12-29T20:45:00,,in corrispondenza,VIA TUSCOLANA,,Investimento di pedone,,,,,,,,,,1,0,0,1,12.55565,41.86033,False,z,del civico n.,,1026
2637452,20,2015-12-29T21:15:00,Strada Urbana,in prossimitíæ,LARGO DI VIGNA STELLUTI,,Scontro laterale fra veicoli in marcia,Rettilineo,Una carreggiata a doppio senso,Asciutto,Asfaltata,Orizzontale,Sereno,Normale,Buona,Sufficiente,0,0,0,6,,,False,z,del civico n.,,180
2638256,16,2015-12-29T21:30:00,,all'intersezione semaforizzata con,CIRCONVALLAZIONE GIANICOLENSE,,Investimento di pedone,,,,,,,,,,1,0,0,1,12.44647,41.87512,False,z,PIAZZA S. GIOVANNI DI DIO,PIAZZA S. GIOVANNI DI DIO,
2637560,2,2015-12-29T21:45:00,Strada Urbana,all'intersezione con,LUNGOTEVERE SALVO D'ACQUISTO,,Scontro frontale-laterale SX fra veicoli in marcia,Incrocio,Una carreggiata a doppio senso,Asciutto,Asfaltata,Orizzontale,Sereno,Scarso,Sufficiente,Sufficiente,0,0,0,3,12.46968,41.93506,True,z,VIA URUGUAY,VIA URUGUAY,
2637449,13,2015-12-29T22:10:00,,all'intersezione con,VIA CARLO CASINI,,Scontro frontale-laterale SX fra veicoli in marcia,,,,,,,,,,0,0,0,3,,,False,z,VIA DOMENICO DA PONZO,VIA DOMENICO DA PONZO,
2637471,20,2015-12-29T22:20:00,Strada Urbana,da specificare,VIA DEL FORO ITALICO,altezza fermata busl n. 73975,Veicolo in marcia contro ostacolo fisso,Rettilineo,Pií_ di due carreggiate,Asciutto,Asfaltata,Verticale ed orizzontale,Sereno,Normale,Sufficiente,Sufficiente,0,0,0,1,,,False,z,,,
2641506,17,2015-12-30T00:10:00,Strada Urbana,all'intersezione semaforizzata con,VIA GREGORIO VII,,Scontro frontale-laterale SX fra veicoli in marcia,Incrocio,Pií_ di due carreggiate,Asciutto,Asfaltata,Verticale ed orizzontale,Sereno,Scarso,Buona,Sufficiente,1,0,0,1,12.44042,41.89603,False,z,VIA S. DAMASO,VIA S. DAMASO,
2638262,16,2015-12-30T02:30:00,,in prossimitíæ,VIA DEL CASALETTO,,Veicolo in marcia contro ostacolo fisso,,,,,,,,,,1,0,0,1,12.44053,41.87714,False,z,del civico n.,,58
2638545,6,2015-12-30T03:45:00,Strada Urbana,da specificare,PIAZZALE PINO PASCALI,altezza Palo Acea n. 13,Investimento di pedone,Rettilineo,Una carreggiata a doppio senso,Asciutto,Asfaltata,Assente,Sereno,Scarso,Buona,Sufficiente,0,0,0,1,,,False,z,,,
2638117,1,2015-12-30T04:30:00,Strada Urbana,in corrispondenza,VIALE CARLO FELICE,,Veicolo in marcia contro veicoli in sosta,Rettilineo,Pií_ di due carreggiate,Asciutto,Asfaltata,Verticale ed orizzontale,Sereno,Scarso,Insufficiente,Insufficiente,0,0,0,1,,,False,z,del civico n.,,35
2637543,19,2015-12-30T06:30:00,Strada Urbana,in prossimitíæ,VIA GIUSEPPE BENEDETTO DUSMET,,Veicolo in marcia contro veicolo in sosta,Rettilineo,Una carreggiata a senso unico di marcia,Asciutto,Asfaltata,Assente,Sereno,Normale,Buona,Ore Diurne,0,0,0,1,12.41889,41.92261,False,z,del civico n.,,26
2637659,9,2015-12-30T06:40:00,Strada Urbana,in corrispondenza,VIA TARANTO,,Veicolo in marcia contro ostacolo fisso,Rettilineo,Una carreggiata a doppio senso,Asciutto,Asfaltata,Verticale ed orizzontale,Sereno,Normale,Buona,Ore Diurne,0,1,0,0,12.51743,41.88393,False,z,del civico n.,,104-A
2638310,8,2015-12-30T07:05:00,Strada Urbana,all'intersezione con,VIALE DEI ROMANISTI,,Scontro frontale-laterale SX fra veicoli in marcia,Intersezione semaforizzata,Due carreggiate,Asciutto,Asfaltata,Verticale ed orizzontale,Sereno,Normale,Sufficiente,Sufficiente,1,0,0,2,12.57733,41.86753,False,z,VIA GIOVANNI CAMILLO PERESIO,VIA GIOVANNI CAMILLO PERESIO,
2638200,19,2015-12-30T07:40:00,Strada Urbana,da specificare,VIA ANTONIO BERTOLOTTI,fronte civico 28,Veicolo in marcia contro veicolo in sosta,Rettilineo,Una carreggiata a doppio senso,Asciutto,Asfaltata,Assente,Sereno,Normale,Buona,Ore Diurne,0,0,0,1,12.41163,41.95829,False,z,,,
2638301,1,2015-12-30T08:45:00,Strada Urbana,in prossimitíæ,PIAZZA DELL'ORATORIO,,Veicolo in marcia contro veicolo in sosta,Rettilineo,Una carreggiata a doppio senso,Asciutto,In cubetti di porfido,Verticale ed orizzontale,Sereno,Scarso,Buona,Ore Diurne,0,0,0,1,,,False,z,del civico n.,,59 A
2638081,1,2015-12-30T08:45:00,Strada Urbana,all'intersezione semaforizzata con,VIALE DELLE TERME DI CARACALLA,,Veicolo in marcia contro ostacolo accidentale,Intersezione semaforizzata,Pií_ di due carreggiate,Bagnato (umiditíæ in atto),Asfaltata,Verticale ed orizzontale,Sereno,Normale,Buona,Ore Diurne,0,0,0,1,12.49568,41.87968,False,z,PIAZZALE NUMA POMPILIO,PIAZZALE NUMA POMPILIO,
2640732,23,2015-12-30T08:50:00,,da specificare,LUNGOTEVERE DEI FIORENTINI,altezza via mola dei fiorentini,Infortunio per sola frenata improvvisa,,,,,,,,,,0,0,0,2,,,False,z,,,
2637693,9,2015-12-30T08:55:00,Strada Urbana,in prossimitíæ,VIA DELL'ARCO DI TRAVERTINO,,Tamponamento Multiplo,Rettilineo,Una carreggiata a senso unico di marcia,Asciutto,Asfaltata,Orizzontale,Sereno,Normale,Buona,Ore Diurne,1,0,0,2,12.53558,41.86733,False,z,del civico n.,,56
2638580,7,2015-12-30T08:55:00,Strada Urbana,all'intersezione semaforizzata con,VIALE PALMIRO TOGLIATTI,,Scontro frontale-laterale DX fra veicoli in marcia,Intersezione semaforizzata,Due carreggiate,Asciutto,Asfaltata,Verticale ed orizzontale,Sereno,Normale,Buona,Ore Diurne,1,0,0,1,12.57438,41.89025,False,z,VIA MOLFETTA,VIA MOLFETTA,
2638531,11,2015-12-30T09:00:00,Strada Urbana,all'intersezione con,VIA GIULIO ARISTIDE SARTORIO,,Tamponamento,Intersezione stradale segnalata,Una carreggiata a doppio senso,Asciutto,Asfaltata,Verticale ed orizzontale,Sereno,Normale,Buona,Ore Diurne,0,0,0,2,12.51319,41.85336,True,z,PORTA ARDEATINA,PORTA ARDEATINA,
2637615,2,2015-12-30T09:15:00,Strada Urbana,all'intersezione con,PIAZZALE DON GIOVANNI MINZONI,,Tamponamento,Incrocio,Una carreggiata a doppio senso,Asciutto,Asfaltata,Verticale ed orizzontale,Sereno,Normale,Buona,Ore Diurne,0,0,0,3,12.48056,41.92077,False,z,VIALE BRUNO BUOZZI,VIALE BRUNO BUOZZI,
2638521,20,2015-12-30T09:30:00,Strada Urbana,da specificare,VIA DEL FORO ITALICO,prossimitíæ galleria Giovanni XXIII,Tamponamento,Rettilineo,Due carreggiate,Asciutto,Asfaltata,Verticale ed orizzontale,Nuvoloso,Scarso,Buona,Ore Diurne,0,0,0,4,,,False,z,,,
2638253,5,2015-12-30T10:00:00,,all'intersezione con,VIA PIER SILVERIO LEICHT,,Scontro frontale-laterale DX fra veicoli in marcia,,,,,,,,,,1,0,0,0,12.58417,41.94865,False,z,VIA DONATO MENICHELLA,VIA DONATO MENICHELLA,
2650035,18,2015-12-30T10:15:00,Strada Urbana,all'intersezione con,VIA DI BOCCEA,,Veicolo in marcia contro veicolo in sosta,Incrocio,Una carreggiata a doppio senso,Asciutto,Asfaltata,Verticale ed orizzontale,Sereno,Intenso,Sufficiente,Ore Diurne,0,0,0,1,12.42415,41.90241,False,z,VIA CARDINALE OREGLIA,VIA CARDINALE OREGLIA,
2638311,8,2015-12-30T10:20:00,,in prossimitíæ,VIA CASILINA,,Tamponamento,,,,,,,,,,2,0,0,0,,,False,z,del civico n.,,1672
2638090,1,2015-12-30T10:30:00,Strada Urbana,in corrispondenza,VIA NICOLA ZABAGLIA,,Investimento di pedone,Rettilineo,Una carreggiata a doppio senso,Asciutto,Asfaltata,Verticale ed orizzontale,Sereno,Normale,Buona,Ore Diurne,2,0,0,1,,,False,z,del civico n.,,1
2638551,7,2015-12-30T10:45:00,Strada Urbana,in corrispondenza,VIA DELLE ROBINIE,,Scontro laterale fra veicoli in marcia,Rettilineo,Una carreggiata a doppio senso,Asciutto,Asfaltata,Orizzontale,Sereno,Normale,Buona,Ore Diurne,0,0,0,2,12.56746,41.88264,False,z,del civico n.,,65
2638532,20,2015-12-30T10:45:00,Strada Urbana,in corrispondenza,VIA DI VIGNA STELLUTI,,Investimento di pedone,Rettilineo,Una carreggiata a doppio senso,Asciutto,Asfaltata,Verticale ed orizzontale,Sereno,Intenso,Buona,Ore Diurne,1,0,0,1,,,False,z,del civico n.,,22
2638602,7,2015-12-30T11:15:00,,all'intersezione con,VIA ACHILLE VERTUNNI,,Scontro frontale-laterale SX fra veicoli in marcia,,,,,,,,,,0,0,0,2,,,False,z,VIA SILENO,VIA SILENO,
2638615,7,2015-12-30T12:00:00,,in corrispondenza,VIA COLLATINA,,Scontro frontale-laterale SX fra veicoli in marcia,,,,,,,,,,0,0,0,2,,,False,z,del civico n.,,321
2638150,13,2015-12-30T12:10:00,Strada Urbana,da specificare,VIA DI MACCHIA SAPONARA,altezza ferrovia,Scontro laterale fra veicoli in marcia,Rettilineo,Una carreggiata a doppio senso,Asciutto,Asfaltata,Verticale ed orizzontale,Sereno,Normale,Buona,Ore Diurne,0,0,0,3,12.35779,41.76722,False,z,,,
2638541,4,2015-12-30T12:15:00,,in prossimitíæ,VIA DEI PRATI FISCALI,,Scontro laterale fra veicoli in marcia,,,,,,,,,,0,0,0,3,12.52308,41.94634,False,z,del civico n.,,48
2638313,8,2015-12-30T12:15:00,Strada Urbana,da specificare,VIA DI ROCCA CENCIA,altezza Via Bovalino,Tamponamento,Rettilineo,Una carreggiata a doppio senso,Asciutto,Asfaltata,Verticale ed orizzontale,Sereno,Normale,Buona,Ore Diurne,0,0,0,4,12.69113,41.8735,False,z,,,
2638164,13,2015-12-30T12:15:00,Strada Urbana,all'intersezione con,VIALE GORGIA DI LEONTINI,,Veicolo in marcia contro ostacolo fisso,Incrocio,Due carreggiate,Bagnato (pioggia),Asfaltata,Orizzontale,Sereno,Normale,Buona,Ore Diurne,2,0,0,1,12.35937,41.75099,False,z,VIA STASINO,VIA STASINO,
2638033,10,2015-12-30T12:25:00,Strada Urbana,in corrispondenza,VIA TUSCOLANA,,Scontro laterale fra veicoli in marcia,Rettilineo,Una carreggiata a senso unico di marcia,Asciutto,Asfaltata,Orizzontale,Sereno,Normale,Buona,Ore Diurne,0,0,0,2,12.57001,41.8521,True,z,del civico n.,,1520
2637868,9,2015-12-30T12:25:00,Strada Urbana,in corrispondenza,VIA CASILINA,,Scontro laterale fra veicoli in marcia,Rettilineo,Due carreggiate,Asciutto,Asfaltata,Verticale ed orizzontale,Sereno,Normale,Buona,Ore Diurne,0,0,0,4,,,False,z,del civico n.,,fr. 71
2638520,19,2015-12-30T12:30:00,Altra strada,in prossimitíæ,VIA DI CASAL DEL MARMO,,Tamponamento,Rettilineo,Una carreggiata a doppio senso,Asciutto,Asfaltata,Assente,Sereno,Scarso,Buona,Ore Diurne,0,0,0,2,12.3827,41.93556,True,z,del civico n.,,616
2638581,1,2015-12-30T12:30:00,Strada Urbana,in prossimitíæ,LARGO DI S. SUSANNA,,Scontro laterale fra veicoli in marcia,Rettilineo,Una carreggiata a senso unico di marcia,Asciutto,Asfaltata,Verticale ed orizzontale,Sereno,Normale,Buona,Ore Diurne,0,0,0,3,,,False,z,del civico n.,,102
2638503,8,2015-12-30T12:45:00,Strada Urbana,all'intersezione con,VIA BRONTE,,Scontro frontale-laterale SX fra veicoli in marcia,Incrocio,Una carreggiata a senso unico di marcia,Asciutto,Asfaltata,Verticale ed orizzontale,Sereno,Normale,Sufficiente,Ore Diurne,0,0,0,3,,,False,z,VIA CASTELVETRANO,VIA CASTELVETRANO,
2650424,18,2015-12-30T12:45:00,,all'intersezione con,VIA MARTINO V,,Scontro frontale fra veicoli in marcia,,,,,,,,,,0,0,0,2,12.42265,41.90498,False,z,VIA PIO IX,VIA PIO IX,
2638260,5,2015-12-30T13:00:00,Strada Urbana,da specificare,VIA DEL CASALE DI S. BASILIO,altezza VIA SARNANO in direzione VIA NOMENTANA,Scontro frontale-laterale SX fra veicoli in marcia,Rettilineo,Una carreggiata a doppio senso,Asciutto,Asfaltata,Verticale ed orizzontale,Sereno,Normale,Buona,Ore Diurne,0,0,0,5,12.57782,41.93892,False,z,,,
2641617,16,2015-12-30T13:15:00,,all'intersezione con,VIA DI MALAGROTTA,,Tamponamento,,,,,,,,,,1,0,0,1,12.32935,41.86468,False,z,VIA DEL CASALE LUMBROSO,VIA DEL CASALE LUMBROSO,
2638564,4,2015-12-30T13:20:00,,in prossimitíæ,VIA DELLE VIGNE NUOVE,,Scontro laterale fra veicoli in marcia,,,,,,,,,,1,0,0,2,12.53569,41.95661,False,z,del civico n.,,503