_ID,_Gruppo,_DataOraIncidente,_Localizzazione1,_Localizzazione2,_Strada1,_DaSpecificare,_NaturaIncidente,_ParticolaritaStrade,_TipoStrada,_FondoStradale,_Pavimentazione,_Segnaletica,_CondizioneAtmosferica,_Traffico,_Visibilita,_Illuminazione,_NUM_FERITI,_NUM_RISERVATA,_NUM_MORTI,_NUM_ILLESI,_Longitudine,_Latitudine,_CONFERMATO,__prefix,_Strada02,_Strada2,_Chilometrica
2637982,10,2015-12-30T13:30:00,Strada Urbana,in prossimitíæ,VIA MARCO PAPIO,,Scontro frontale-laterale SX fra veicoli in marcia,Rettilineo,Una carreggiata a doppio senso,Asciutto,Asfaltata,Assente,Sereno,Scarso,Buona,Ore Diurne,0,0,0,3,,,False,z,del civico n.,,29
2637893,6,2015-12-30T13:30:00,Strada Urbana,da specificare,VIA ETTORE FIERAMOSCA,Sottovia Ferroviario,Veicolo in marcia contro ostacolo fisso,Rettilineo,Una carreggiata a doppio senso,Asciutto,Asfaltata,Verticale,Sereno,Normale,Buona,Ore Diurne,1,0,0,0,,,False,z,,,
2637979,9,2015-12-30T13:50:00,Strada Urbana,all'intersezione semaforizzata con,VIA APPIA NUOVA,,Scontro frontale-laterale DX fra veicoli in marcia,Intersezione semaforizzata,Due carreggiate,Asciutto,Asfaltata,Verticale ed orizzontale,Sereno,Normale,Buona,Ore Diurne,1,0,0,3,,,False,z,PIAZZA CESARE CANTU',PIAZZA CESARE CANTU',
2638527,19,2015-12-30T14:00:00,Strada Urbana,in prossimitíæ,VIA FRANCESCO MARCONI,,Veicolo in marcia contro veicolo in sosta,Rettilineo,Una carreggiata a doppio senso,Asciutto,Asfaltata,Verticale ed orizzontale,Sereno,Normale,Buona,Ore Diurne,0,0,0,1,12.42289,41.92624,True,z,del civico n.,,65
2638506,10,2015-12-30T14:15:00,,in prossimitíæ,VIA CAIO SULPICIO,,Scontro laterale fra veicoli in marcia,,,,,,,,,,0,0,0,3,,,False,z,del civico n.,,2
2638719,12,2015-12-30T14:30:00,Strada Urbana,da specificare,VIA ELIO CHIANESI,ALT. CIVICO 53,Scontro laterale fra veicoli in marcia,Curva a visuale libera,Una carreggiata a doppio senso,Asciutto,Asfaltata,Verticale ed orizzontale,Sereno,Normale,Buona,Ore Diurne,0,0,0,2,12.44764,41.80088,False,z,,,
2638091,7,2015-12-30T14:30:00,Strada Urbana,in prossimitíæ,VIA PUBLIO DE TOMMASI,,Tamponamento,Rettilineo,Una carreggiata a doppio senso,Asciutto,Asfaltata,Verticale ed orizzontale,Sereno,Normale,Buona,Ore Diurne,1,0,0,2,12.61446,41.90979,False,z,del palo luce n.,,5
2642210,17,2015-12-30T14:50:00,Strada Urbana,in prossimitíæ,PIAZZA GIUSEPPE MAZZINI,,Scontro laterale fra veicoli in marcia,Rotatoria,Una carreggiata a senso unico di marcia,Asciutto,Asfaltata,Verticale ed orizzontale,Sereno,Normale,Buona,Ore Diurne,0,0,0,3,12.4629,41.91538,False,z,del civico n.,,22
2641689,16,2015-12-30T14:50:00,,all'intersezione con,VIA DELLA PISANA,,Scontro frontale-laterale SX fra veicoli in marcia,,,,,,,,,,0,0,0,2,12.39764,41.85757,False,z,VIA DEL CASALE NINFEO,VIA DEL CASALE NINFEO,
2638292,1,2015-12-30T15:00:00,Strada Urbana,all'intersezione con,PIAZZA DELLA ROVERE,,Scontro frontale-laterale SX fra veicoli in marcia,Incrocio,Una carreggiata a senso unico di marcia,Asciutto,Asfaltata,Verticale ed orizzontale,Sereno,Normale,Buona,Ore Diurne,0,0,0,2,,,False,z,VIA DELLA LUNGARA,VIA DELLA LUNGARA,
2638501,20,2015-12-30T15:30:00,Strada Urbana,all'intersezione semaforizzata con,LUNGOTEVERE MARESCIALLO DIAZ,,Scontro frontale-laterale SX fra veicoli in marcia,Intersezione semaforizzata,Due carreggiate,Asciutto,Asfaltata,Verticale ed orizzontale,Sereno,Normale,Buona,Ore Diurne,2,0,0,1,,,False,z,LARGO MARESCIALLO DIAZ,LARGO MARESCIALLO DIAZ,
2638285,1,2015-12-30T15:40:00,Strada Urbana,in prossimitíæ,PIAZZA DI PORTA S. GIOVANNI,,Scontro laterale fra veicoli in marcia,Rettilineo,Una carreggiata a doppio senso,Asciutto,Asfaltata,Verticale ed orizzontale,Sereno,Intenso,Buona,Ore Diurne,1,0,0,1,,,False,z,del civico n.,,62
2638747,5,2015-12-30T15:45:00,,all'intersezione con,VIA DEI LAGHI SPORTIVI,,Tamponamento,,,,,,,,,,0,0,0,0,,,False,z,VIA DI TOR CERVARA,VIA DI TOR CERVARA,
2638264,15,2015-12-30T15:55:00,Strada Urbana,all'intersezione con,VIA PORTUENSE,,Veicolo in marcia contro veicolo fermo,Incrocio,Una carreggiata a doppio senso,Asciutto,Asfaltata,Verticale ed orizzontale,Sereno,Normale,Buona,Ore Diurne,0,0,0,2,12.40939,41.84342,False,z,VIA DEI SILVESTRINI,VIA DEI SILVESTRINI,
2638513,13,2015-12-30T15:55:00,Strada Urbana,in prossimitíæ,VIA ISOLE DEL CAPO VERDE,,Scontro laterale fra veicoli in marcia,Rettilineo,Due carreggiate,Asciutto,Asfaltata,Assente,Sereno,Normale,Buona,Ore Diurne,0,0,0,1,12.27877,41.73808,False,z,del civico n.,,13
2650493,18,2015-12-30T15:55:00,Strada Urbana,da specificare,VIA DI PORTA PERTUSA,viale vaticano,Scontro laterale fra veicoli in marcia,Curva senza visuale libera,Una carreggiata a doppio senso,Asciutto,Asfaltata,Verticale ed orizzontale,Sereno,Normale,Buona,Ore Diurne,1,0,0,1,12.44607,41.90146,False,z,,,
2638504,8,2015-12-30T16:00:00,,in prossimitíæ,VIA DEL PONTE DI NONA,,Veicolo in marcia contro ostacolo accidentale,,,,,,,,,,0,0,0,1,,,False,z,del civico n.,,81
2638314,8,2015-12-30T16:05:00,Strada Urbana,all'intersezione con,VIA AMICO ASPERTINI,,Scontro frontale-laterale SX fra veicoli in marcia,Intersezione stradale segnalata,Una carreggiata a doppio senso,Asciutto,Asfaltata,Verticale ed orizzontale,Sereno,Normale,Buona,Ore Diurne,0,0,0,4,12.6299,41.87275,True,z,VIA ORAZIO BORGIANNI,VIA ORAZIO BORGIANNI,
2641640,16,2015-12-30T16:15:00,Strada Urbana,da specificare,PIAZZA ROSOLINO PILO,prossimitíæ Via A.G. Barrili,Veicolo in marcia contro veicolo arresto,Rettilineo,Una carreggiata a doppio senso,Asciutto,Asfaltata,Verticale ed orizzontale,Sereno,Normale,Buona,Ore Diurne,0,0,0,2,12.46087,41.88196,True,z,,,
2638500,11,2015-12-30T16:30:00,Strada Urbana,in corrispondenza,VIA DELLA STAZIONE OSTIENSE,,Scontro laterale fra veicoli in marcia,Rettilineo,Una carreggiata a senso unico di marcia,Asciutto,Asfaltata,Verticale ed orizzontale,Sereno,Normale,Buona,Ore Diurne,0,0,0,3,12.48048,41.87336,False,z,del civico n.,,29
2638538,19,2015-12-30T16:30:00,Strada Urbana,in prossimitíæ,VIA STRESA,,Scontro frontale-laterale SX fra veicoli in marcia,Rettilineo,Una carreggiata a senso unico di marcia,Asciutto,Asfaltata,Orizzontale,Sereno,Normale,Buona,Ore Diurne,0,0,0,5,12.43674,41.93645,True,z,del civico n.,,15
2638868,12,2015-12-30T16:35:00,Provinciale entro l'abitato,da specificare,VIA LAURENTINA,alt. isola ecologica pross. Via di Tor Pagnotta,Scontro laterale fra veicoli in marcia,Rettilineo,Due carreggiate,Asciutto,Asfaltata,Verticale ed orizzontale,Sereno,Intenso,Buona,Ore Diurne,0,0,0,3,12.48076,41.79975,False,z,,,
2641667,17,2015-12-30T16:40:00,Strada Urbana,all'intersezione semaforizzata con,PIAZZALE DEGLI EROI,,Tamponamento,Intersezione semaforizzata,Due carreggiate,Asciutto,Asfaltata,Verticale ed orizzontale,Sereno,Normale,Buona,Ore Diurne,0,0,0,0,12.44847,41.90904,False,z,CIRCONVALLAZIONE TRIONFALE,CIRCONVALLAZIONE TRIONFALE,
2642560,17,2015-12-30T17:15:00,,da specificare,LUNGOTEVERE IN SASSIA,ospedale s.spririto area antistante ai locali del ,Investimento di pedone,,,,,,,,,,1,0,0,1,,,False,z,,,
2638605,4,2015-12-30T17:20:00,,all'intersezione con,VIA DELLA BUFALOTTA,,Scontro frontale-laterale DX fra veicoli in marcia,,,,,,,,,,0,0,0,0,,,False,z,VIA AUGUSTO CAMERINI,VIA AUGUSTO CAMERINI,
2638823,12,2015-12-30T17:30:00,Strada Urbana,all'intersezione con,VIA CRISTOFORO COLOMBO,,Tamponamento,Incrocio,Due carreggiate,Asciutto,Asfaltata,Verticale ed orizzontale,Sereno,Intenso,Buona,Sufficiente,0,0,0,4,12.42473,41.78847,False,z,VIA DI MEZZOCAMMINO,VIA DI MEZZOCAMMINO,
2642588,17,2015-12-30T17:50:00,,all'intersezione semaforizzata con,VIA TRIONFALE,,Scontro frontale-laterale SX fra veicoli in marcia,,,,,,,,,,0,0,0,2,,,False,z,VIALE DEI CAVALIERI DI VITTORIO VENETO,VIALE DEI CAVALIERI DI VITTORIO VENETO,
2638556,20,2015-12-30T18:00:00,Strada Urbana,all'intersezione con,VIA GHISALBA,,Scontro frontale fra veicoli in marcia,Intersezione stradale segnalata,Una carreggiata a doppio senso,Asciutto,Asfaltata,Verticale ed orizzontale,Sereno,Normale,Buona,Sufficiente,0,0,0,3,,,False,z,VIA BISUSCHIO,VIA BISUSCHIO,
2638509,8,2015-12-30T18:00:00,,in prossimitíæ,VIA DEL PONTE DI NONA,,Veicolo in marcia contro ostacolo accidentale,,,,,,,,,,0,0,0,1,,,False,z,del palo luce n.,,57
2638505,8,2015-12-30T18:15:00,,in prossimitíæ,VIA DEL PONTE DI NONA,,Veicolo in marcia contro ostacolo accidentale,,,,,,,,,,0,0,0,2,,,False,z,del civico n.,,81
2638596,19,2015-12-30T18:15:00,,da specificare,VIA TRIONFALE,altezza giovanni della casa,Scontro frontale fra veicoli in marcia,,,,,,,,,,0,0,0,4,,,False,z,,,
2638497,13,2015-12-30T18:15:00,Strada Urbana,all'intersezione con,VIALE DEI PROMONTORI,,Scontro frontale-laterale SX fra veicoli in marcia,Incrocio,Una carreggiata a senso unico di marcia,Asciutto,Asfaltata,Verticale ed orizzontale,Sereno,Normale,Sufficiente,Sufficiente,3,0,0,1,12.29343,41.73694,False,z,VIALE GIUSEPPE GENOESE ZERBI,VIALE GIUSEPPE GENOESE ZERBI,
2638572,4,2015-12-30T18:20:00,,da specificare,VIA MAIELLA,Pross. P.zza . Agrippa,Scontro laterale fra veicoli in marcia,,,,,,,,,,0,0,0,2,12.53465,41.93511,False,z,,,
2638268,6,2015-12-30T18:30:00,Strada Urbana,in corrispondenza,VIA OLEVANO ROMANO,,Veicolo in marcia contro veicoli in sosta,Rettilineo,Due carreggiate,Asciutto,Asfaltata,Orizzontale,Sereno,Normale,Sufficiente,Sufficiente,0,0,0,1,,,False,z,del civico n.,,192
2638568,20,2015-12-30T18:30:00,Strada Urbana,da specificare,VIA VALLOMBROSA,prossimitíæ fronte civico 32,Veicolo in marcia contro veicolo in sosta,Curva senza visuale libera,Una carreggiata a senso unico di marcia,Asciutto,Asfaltata,Verticale ed orizzontale,Sereno,Scarso,Buona,Sufficiente,0,0,0,0,,,False,z,,,
2638510,15,2015-12-30T18:45:00,,in prossimitíæ,VIA QUIRINO MAJORANA,,Investimento di pedone,,,,,,,,,,1,0,0,1,,,False,z,del civico n.,,6
2638539,11,2015-12-30T19:00:00,Strada Urbana,in prossimitíæ,LUNGOTEVERE DI S. PAOLO,,Tamponamento,Rettilineo,Una carreggiata a doppio senso,Asciutto,Asfaltata,Verticale ed orizzontale,Sereno,Normale,Buona,Sufficiente,0,0,0,2,12.4751,41.86018,False,z,del palo luce n.,,44
2638507,8,2015-12-30T19:10:00,,in prossimitíæ,VIA DEL PONTE DI NONA,,Veicolo in marcia contro ostacolo accidentale,,,,,,,,,,0,0,0,2,,,False,z,del civico n.,,81
2638680,7,2015-12-30T19:20:00,Provinciale entro l'abitato,da specificare,VIA PRENESTINA,a 20 metri da Via dei Larici,Scontro laterale fra veicoli in marcia,Rettilineo,Due carreggiate,Asciutto,Asfaltata,Verticale ed orizzontale,Nuvoloso,Intenso,Sufficiente,Sufficiente,1,0,0,1,12.6069,41.89378,True,z,,,
2641519,2,2015-12-30T19:20:00,,all'intersezione con,PIAZZA DI S. EMERENZIANA,,Investimento di pedone,,,,,,,,,,1,0,0,1,,,False,z,VIALE ERITREA,VIALE ERITREA,
2638699,12,2015-12-30T20:00:00,Provinciale entro l'abitato,da specificare,VIA OSTIENSE,dir. Ostia alt. svincolo G.R.A,Tamponamento Multiplo,Rettilineo,Una carreggiata a senso unico di marcia,Asciutto,Asfaltata,Verticale,Sereno,Normale,Buona,Sufficiente,0,0,0,5,12.39235,41.81819,False,z,,,
2638517,10,2015-12-30T20:45:00,,all'intersezione con,VIA BERNARDINO ALIMENA,,Tamponamento,,,,,,,,,,1,0,0,1,,,False,z,VIALE LUIGI SCHIAVONETTI,VIALE LUIGI SCHIAVONETTI,
2638489,5,2015-12-30T21:00:00,,all'intersezione semaforizzata con,VIA APPIA NUOVA,,Scontro laterale fra veicoli in marcia,,,,,,,,,,0,0,0,0,,,False,z,VIA AL QUARTO MIGLIO,VIA AL QUARTO MIGLIO,
2638499,11,2015-12-30T21:00:00,Strada Urbana,da specificare,VIA CRISTOFORO COLOMBO,VIA GIOVANNI GENOCCHI,Tamponamento Multiplo,Rettilineo,Pií_ di due carreggiate,Asciutto,Asfaltata,Verticale ed orizzontale,Sereno,Normale,Buona,Sufficiente,0,0,0,7,12.44704,41.80373,False,z,,,
2638511,8,2015-12-30T21:40:00,,in corrispondenza,VIA SAN BIAGIO PLATANI,,Investimento di pedone,,,,,,,,,,1,0,0,1,,,False,z,del civico n.,,123
2638635,7,2015-12-30T21:45:00,Strada Urbana,in prossimitíæ,VIA COLLATINA,,Veicolo in marcia contro ostacolo accidentale,Rettilineo,Una carreggiata a doppio senso,Asciutto,Asfaltata,Assente,Sereno,Scarso,Sufficiente,Sufficiente,0,0,0,2,12.61128,41.90458,True,z,del civico n.,,443
2638621,7,2015-12-30T22:30:00,,in prossimitíæ,VIA FILOMUSI GUELFI,,Veicolo in marcia contro veicoli in sosta,,,,,,,,,,1,0,0,1,,,False,z,del civico n.,,79
2641626,16,2015-12-30T23:50:00,,all'intersezione semaforizzata con,VIALE DEI COLLI PORTUENSI,,Tamponamento Multiplo,,,,,,,,,,0,0,0,3,12.44348,41.86279,False,z,LARGO NOSTRA SIGNORA DI COROMOTO,LARGO NOSTRA SIGNORA DI COROMOTO,
2638543,10,2015-12-31T00:10:00,,all'intersezione semaforizzata con,PIAZZA CAMILLO FINOCCHIARO APRILE,,Scontro frontale-laterale DX fra veicoli in marcia,,,,,,,,,,2,0,0,1,,,False,z,VIA APPIA NUOVA,VIA APPIA NUOVA,
2650642,18,2015-12-31T00:30:00,Strada Urbana,in prossimitíæ,VIA DELLA MAGLIANA,,Scontro frontale-laterale DX fra veicoli in marcia,Rettilineo,Una carreggiata a doppio senso,Asciutto,Asfaltata,Verticale ed orizzontale,Sereno,Scarso,Sufficiente,Sufficiente,1,0,0,1,12.40575,41.82397,False,z,del civico n.,,856
2638570,13,2015-12-31T01:00:00,Strada Urbana,all'intersezione con,VIA DI ACILIA,,Scontro frontale-laterale SX fra veicoli in marcia,Incrocio,Una carreggiata a doppio senso,Asciutto,Asfaltata,Verticale ed orizzontale,Sereno,Scarso,Buona,Sufficiente,1,0,0,1,12.37142,41.7737,False,z,VIA ANGELO CANEVARI,VIA ANGELO CANEVARI,
2638514,8,2015-12-31T01:40:00,,all'intersezione con,VIA DELLA MARRANELLA,,Scontro frontale-laterale SX fra veicoli in marcia,,,,,,,,,,1,0,0,2,,,False,z,VIA VISCONTE MAGGIOLO,VIA VISCONTE MAGGIOLO,
2641677,16,2015-12-31T03:30:00,,in prossimitíæ,VIA QUIRINO MAJORANA,,Veicolo in marcia contro ostacolo fisso,,,,,,,,,,0,0,0,1,12.46208,41.86846,False,z,del palo luce n.,,5
2638606,1,2015-12-31T05:20:00,Strada Urbana,da specificare,VIA ANTONINIANA,a circa 100mt. da P.zzale Numa Pompilio,Scontro frontale fra veicoli in marcia,Curva a visuale libera,Una carreggiata a doppio senso,Asciutto,Asfaltata,Assente,Sereno,Scarso,Buona,Sufficiente,0,0,0,3,,,False,z,,,
2639889,8,2015-12-31T05:50:00,,all'intersezione con,VIA DEL FOSSO DI S. MAURA,,Scontro frontale-laterale SX fra veicoli in marcia,,,,,,,,,,2,0,0,0,,,False,z,VIALE ANTONIO CIAMARRA,VIALE ANTONIO CIAMARRA,
2639886,8,2015-12-31T08:10:00,Strada Urbana,in corrispondenza,VIA DEL TORRACCIO DI TORRENOVA,,Veicolo in marcia contro veicolo in sosta,Rettilineo,Una carreggiata a doppio senso,Asciutto,Asfaltata,Assente,Sereno,Scarso,Buona,Ore Diurne,0,0,0,2,12.6194,41.87343,False,z,del civico n.,,228
2638620,1,2015-12-31T08:10:00,Strada Urbana,all'intersezione con,PIAZZALE UGO LA MALFA,,Scontro laterale fra veicoli in marcia,Incrocio,Una carreggiata a doppio senso,Asciutto,Asfaltata,Verticale ed orizzontale,Nuvoloso,Scarso,Buona,Ore Diurne,0,0,0,3,12.48431,41.88569,False,z,VIA DEL CIRCO MASSIMO,VIA DEL CIRCO MASSIMO,
2640286,13,2015-12-31T09:30:00,Strada Urbana,all'intersezione con,LUNGOMARE LUTAZIO CATULO,,Scontro frontale-laterale DX fra veicoli in marcia,Intersezione semaforizzata,Due carreggiate,Asciutto,Asfaltata,Verticale ed orizzontale,Nuvoloso,Normale,Buona,Ore Diurne,0,0,0,2,12.31385,41.71626,False,z,VIA DEI PESCATORI,VIA DEI PESCATORI,
2640251,7,2015-12-31T09:40:00,Strada Urbana,in prossimitíæ,VIA DELLE BETULLE,,Veicolo in marcia contro veicoli in sosta,Rettilineo,Una carreggiata a senso unico di marcia,Asciutto,Asfaltata,Verticale ed orizzontale,Sereno,Scarso,Buona,Ore Diurne,0,0,0,0,12.56302,41.88957,False,z,del civico n.,,61
2641614,3,2015-12-31T09:50:00,Strada Urbana,all'intersezione con,VIA DEI RAMNI,,Scontro frontale-laterale SX fra veicoli in marcia,Intersezione stradale segnalata,Due carreggiate,Asciutto,Asfaltata,Verticale ed orizzontale,Sereno,Normale,Buona,Ore Diurne,0,0,0,2,12.51235,41.89978,True,z,VIA DEI LIBURNI,VIA DEI LIBURNI,
2640304,13,2015-12-31T10:20:00,Strada Urbana,in corrispondenza,VIALE FRA' ANDREA DI GIOVANNI,,Scontro laterale fra veicoli in marcia,Rettilineo,Due carreggiate,Asciutto,Asfaltata,Verticale ed orizzontale,Nuvoloso,Scarso,Buona,Ore Diurne,0,0,0,2,12.34597,41.77917,False,z,del civico n.,,16
2638685,9,2015-12-31T10:30:00,Strada Urbana,in corrispondenza,VIA CILICIA,,Tamponamento Multiplo,Rettilineo,Due carreggiate,Asciutto,Asfaltata,Orizzontale,Nuvoloso,Normale,Buona,Ore Diurne,0,0,0,1,,,False,z,del civico n.,,35
2641510,2,2015-12-31T10:50:00,Strada Urbana,in corrispondenza,VIA LUISA DI SAVOIA,,Veicolo in marcia contro ostacolo accidentale,Rettilineo,Due carreggiate,Asciutto,Asfaltata,Verticale,Sereno,Normale,Buona,Ore Diurne,0,0,0,3,12.47419,41.91135,False,z,del civico n.,,f.c. 8-A
2640723,10,2015-12-31T11:30:00,,in prossimitíæ,VIA ORAZIO RAIMONDO,,Investimento di pedone,,,,,,,,,,1,0,0,1,12.59804,41.84987,False,z,del civico n.,,8
2639892,8,2015-12-31T11:30:00,Strada Urbana,all'intersezione con,VIA AMICO ASPERTINI,,Veicolo in marcia contro ostacolo fisso,Intersezione stradale segnalata,Una carreggiata a doppio senso,Asciutto,Asfaltata,Orizzontale,Nuvoloso,Normale,Buona,Ore Diurne,0,0,0,3,12.6299,41.87275,False,z,VIA DEL FUOCO SACRO,VIA DEL FUOCO SACRO,
2639746,15,2015-12-31T11:35:00,,all'intersezione con,VIA DELLA MAGLIANA,,Scontro frontale-laterale SX fra veicoli in marcia,,,,,,,,,,0,0,0,2,,,False,z,VIA DI GENEROSA,VIA DI GENEROSA,
2639826,11,2015-12-31T12:00:00,Strada Urbana,in prossimitíæ,VIA ARISTIDE LEONORI,,Veicolo in marcia contro veicoli in arresto,Rettilineo,Una carreggiata a senso unico di marcia,Asciutto,Asfaltata,Orizzontale,Nuvoloso,Scarso,Buona,Ore Diurne,0,0,0,2,12.49051,41.84717,False,z,del civico n.,,104
2641422,9,2015-12-31T12:15:00,,in prossimitíæ,PIAZZA ZAMA,,Scontro laterale fra veicoli in marcia,,,,,,,,,,0,0,0,2,,,False,z,del civico n.,,19
2641537,19,2015-12-31T12:15:00,Strada Urbana,all'intersezione con,VIA DI BOCCEA,,Scontro frontale-laterale DX fra veicoli in marcia,Incrocio,Una carreggiata a doppio senso,Asciutto,Asfaltata,Verticale ed orizzontale,Sereno,Normale,Buona,Ore Diurne,0,0,0,2,12.36171,41.92556,False,z,VIA MORSASCO,VIA MORSASCO,
2640729,10,2015-12-31T12:30:00,Strada Urbana,da specificare,VIA TERZILIO CARDINALI,in prossimita' del palo acea n.4,Veicolo in marcia contro veicolo in sosta,Rettilineo,Due carreggiate,Asciutto,Asfaltata,Assente,Nuvoloso,Scarso,Buona,Ore Diurne,0,0,0,1,12.59236,41.84974,False,z,,,
2640074,4,2015-12-31T12:50:00,,in prossimitíæ,VIA MONTE CERVIALTO,,Tamponamento Multiplo,,,,,,,,,,0,0,0,3,12.52386,41.95619,False,z,del civico n.,,144
2640368,13,2015-12-31T13:00:00,,all'intersezione semaforizzata con,VIA CRISTOFORO COLOMBO,,Scontro frontale-laterale DX fra veicoli in marcia,,,,,,,,,,0,0,0,5,,,False,z,VIA DEL CANALE DELLA LINGUA,VIA DEL CANALE DELLA LINGUA,
2644696,12,2015-12-31T13:35:00,,in prossimitíæ,VIALE DELL'ARTE,,Veicolo in marcia contro veicolo fermo,,,,,,,,,,1,0,0,1,12.4733,41.82762,False,z,del civico n.,,71
2639418,20,2015-12-31T13:45:00,Statale entro l'abitato,in corrispondenza,VIA CASSIA,,Scontro frontale-laterale SX fra veicoli in marcia,Rettilineo,Una carreggiata a doppio senso,Asciutto,Asfaltata,Verticale ed orizzontale,Nuvoloso,Intenso,Buona,Ore Diurne,2,0,0,1,,,False,z,del civico n.,,1961
2640305,13,2015-12-31T13:45:00,,da specificare,VIALE DELLA VILLA DI PLINIO,alt. 2ŒÁtraversa per inversione direz. V. Colombo,Scontro frontale-laterale SX fra veicoli in marcia,,,,,,,,,,0,0,0,2,,,False,z,,,
2641515,12,2015-12-31T14:00:00,Strada Urbana,da specificare,VIA CRISTOFORO COLOMBO,altezza largo pella,Scontro laterale fra veicoli in marcia,Curva senza visuale libera,Due carreggiate,Asciutto,Asfaltata,Verticale ed orizzontale,Nuvoloso,Normale,Buona,Ore Diurne,0,0,0,4,12.46146,41.81474,False,z,,,
2640334,13,2015-12-31T14:00:00,Provinciale,da specificare,VIALE DEI ROMAGNOLI,in prossimitíæ di VIA DI DRAGONE,Investimento di pedone,Rettilineo,Una carreggiata a doppio senso,Asciutto,Asfaltata,Verticale ed orizzontale,Nuvoloso,Normale,Buona,Ore Diurne,1,0,0,1,12.34118,41.77623,False,z,,,
2639838,6,2015-12-31T14:05:00,,in corrispondenza,PIAZZA DELLA MARRANELLA,,Scontro frontale-laterale DX fra veicoli in marcia,,,,,,,,,,0,0,0,3,,,False,z,del civico n.,,12
2640238,1,2015-12-31T15:00:00,Strada Urbana,all'intersezione semaforizzata con,VIA CRISTOFORO COLOMBO,,Tamponamento,Incrocio,Una carreggiata a doppio senso,Asciutto,Asfaltata,Verticale ed orizzontale,Sereno,Normale,Sufficiente,Ore Diurne,0,0,0,3,12.49642,41.87321,False,z,PORTA ARDEATINA,PORTA ARDEATINA,
2641797,18,2015-12-31T15:20:00,Strada Urbana,in prossimitíæ,VIA GREGORIO VII,,Scontro frontale-laterale DX fra veicoli in marcia,Rettilineo,Pií_ di due carreggiate,Asciutto,Asfaltata,Verticale,Sereno,Normale,Buona,Ore Diurne,0,0,0,2,12.4506,41.89737,True,z,del civico n.,,63
2640997,16,2015-12-31T15:45:00,Strada Urbana,in corrispondenza,VIA DI BRAVETTA,,Scontro laterale fra veicoli in marcia,Rettilineo,Una carreggiata a doppio senso,Asciutto,Asfaltata,Verticale ed orizzontale,Sereno,Normale,Buona,Ore Diurne,0,0,0,3,12.4259,41.87652,True,z,del civico n.,,376
2641511,12,2015-12-31T16:00:00,,in prossimitíæ,VIALE CAMILLO SABATINI,,Investimento di pedone,,,,,,,,,,1,0,0,1,,,False,z,del civico n.,,132
2639420,20,2015-12-31T16:15:00,Strada Urbana,da specificare,VIA MANFREDI AZZARITA,prossimitíæ Via Cassia,Scontro frontale fra veicoli in marcia,Rettilineo,Una carreggiata a doppio senso,Asciutto,Asfaltata,Verticale ed orizzontale,Nuvoloso,Scarso,Sufficiente,Sufficiente,0,0,0,3,,,False,z,,,
2639846,11,2015-12-31T17:00:00,Strada Urbana,da specificare,VIA CRISTOFORO COLOMBO,prossimitíæ V.le Giustiniano Imperatore,Tamponamento,Rettilineo,Pií_ di due carreggiate,Asciutto,Asfaltata,Verticale ed orizzontale,Nuvoloso,Normale,Buona,Sufficiente,0,0,0,4,12.48952,41.85368,False,z,,,
2639893,8,2015-12-31T18:15:00,,da specificare,VIA MARIO PASTORE,10 mt ca dopo via F. Tensi dir. GRA,Tamponamento,,,,,,,,,,0,0,0,2,,,False,z,,,
2639840,11,2015-12-31T18:20:00,Strada Urbana,in prossimitíæ,VIA ACCADEMIA DEGLI AGIATI,,Veicolo in marcia contro veicolo fermo,Rettilineo,Una carreggiata a senso unico di marcia,Asciutto,Asfaltata,Verticale ed orizzontale,Sereno,Scarso,Sufficiente,Sufficiente,1,0,0,1,12.49008,41.85097,False,z,del civico n.,,51
2640200,1,2015-12-31T18:20:00,Strada Urbana,in corrispondenza,VIA EMANUELE FILIBERTO,,Tamponamento,Rettilineo,Una carreggiata a doppio senso,Asciutto,Asfaltata,Verticale ed orizzontale,Nuvoloso,Normale,Buona,Sufficiente,1,0,0,1,,,False,z,del civico n.,,7
2640110,4,2015-12-31T19:55:00,,all'intersezione con,VIA UGO OJETTI,,Scontro frontale-laterale DX fra veicoli in marcia,,,,,,,,,,0,0,0,2,12.55461,41.94712,False,z,VIA LUIGI CHIARELLI,VIA LUIGI CHIARELLI,
2640191,1,2015-12-31T20:00:00,Strada Urbana,in prossimitíæ,VIALE DI TRASTEVERE,,Tamponamento,Rettilineo,Pií_ di due carreggiate,Asciutto,Asfaltata,Verticale ed orizzontale,Sereno,Normale,Buona,Sufficiente,1,0,0,2,,,False,z,del civico n.,,141
2641000,16,2015-12-31T20:00:00,,in corrispondenza,VIA OTTAVIO GASPARRI,,Veicolo in marcia contro veicoli fermi,,,,,,,,,,0,0,0,2,12.44236,41.87789,False,z,del civico n.,,32
2640733,10,2015-12-31T20:50:00,,all'intersezione con,VIA LUCIO SESTIO,,Scontro frontale-laterale SX fra veicoli in marcia,,,,,,,,,,0,0,0,4,,,False,z,VIA FABRIZIO LUSCINO,VIA FABRIZIO LUSCINO,
2640419,13,2015-12-31T21:00:00,,all'intersezione semaforizzata con,VIA ERMANNO WOLF FERRARI,,Scontro frontale-laterale DX fra veicoli in marcia,,,,,,,,,,0,0,0,5,,,False,z,VIA CRISTOFORO COLOMBO,VIA CRISTOFORO COLOMBO,
2641501,2,2015-12-31T22:15:00,,da specificare,SOTTOVIA IGNAZIO GUIDI,alt. biforcazione Termini-Castro Pretorio,Veicolo in marcia contro ostacolo fisso,,,,,,,,,,0,0,0,0,,,False,z,,,